country,state,city,pollutant_id,pollutant_min,pollutant_max,pollutant_avg,AQI,AQI_Bucket,Temperature_C,Humidity_%,Wind_Speed_kmh
India,Andhra Pradesh,Kadapa,OZONE,39,41,40,20,Good,23.8,68.2,10.6
India,Andhra Pradesh,Machilipatnam,NO2,13,33,18,15,Good,30.6,60.3,19.1
India,Andhra Pradesh,Machilipatnam,NH3,3,5,4,1,Good,28.4,44.3,8.8
India,Andhra Pradesh,Nellore,PM10,45,106,66,96,Moderate,39.6,38.9,2.5
India,Andhra Pradesh,Rajamahendravaram,PM2.5,5,19,11,12,Good,21.4,47.7,28.3
India,Andhra Pradesh,Tirumala,SO2,4,10,6,21,Good,15.9,46.9,16.4
India,Andhra Pradesh,Tirumala,CO,12,22,17,3,Good,37.8,34.3,4.8
India,Andhra Pradesh,Tirupati,PM2.5,32,46,37,37,Good,31.3,86.2,21.8
India,Andhra Pradesh,Tirupati,PM10,55,66,59,64,Moderate,26.6,92.5,14.1
India,Andhra Pradesh,Vijayawada,PM2.5,47,87,65,67,Moderate,31.2,76.2,7.8
India,Andhra Pradesh,Vijayawada,PM10,48,87,66,56,Moderate,23.2,69.2,13.5
India,Andhra Pradesh,Vijayawada,NO2,14,23,17,22,Good,36,38,18.9
India,Andhra Pradesh,Vijayawada,NH3,3,5,4,39,Good,26.9,65,11.3
India,Andhra Pradesh,Vijayawada,NH3,4,6,5,19,Good,31.3,31,19.1
India,Andhra Pradesh,Visakhapatnam,PM2.5,13,97,44,25,Good,16.4,36.9,13.2
India,Andhra Pradesh,Visakhapatnam,NH3,3,3,3,27,Good,24.7,69.4,15.9
India,Arunachal Pradesh,Naharlagun,NH3,1,1,1,25,Good,25,71.4,3.2
India,Arunachal Pradesh,Naharlagun,SO2,10,17,12,27,Good,30.2,58.9,0.3
India,Assam,Byrnihat,PM10,58,120,80,74,Moderate,30.2,40.9,29.8
India,Assam,Guwahati,CO,36,45,40,46,Good,36.6,56.2,26.8
India,Assam,Guwahati,NO2,3,3,3,19,Good,18.1,69.1,2.4
India,Assam,Guwahati,NO2,1,3,2,47,Good,19.7,46.4,18.7
India,Assam,Guwahati,NH3,5,5,5,16,Good,26,63.3,20.1
India,Assam,Guwahati,SO2,40,43,41,10,Good,25.6,88.2,27.3
India,Assam,Guwahati,OZONE,1,16,6,13,Good,23.2,55.8,9.6
India,Assam,Guwahati,NH3,1,1,1,21,Good,23.1,85.4,21.7
India,Assam,Guwahati,SO2,29,32,31,31,Good,39.2,90.5,19.2
India,Assam,Nagaon,PM2.5,43,77,63,98,Moderate,38.3,55.5,20
India,Assam,Nagaon,NO2,1,5,1,36,Good,21.4,31.7,18.1
India,Assam,Silchar,NO2,17,17,17,49,Good,25.4,41.8,13.3
India,Chhattisgarh,Tumidih,PM10,15,104,32,50,Good,32.2,65.1,12
India,Chhattisgarh,Tumidih,NH3,1,2,1,48,Good,34.1,64.1,19.9
India,Delhi,Delhi,NO2,,,,452,Hazardous,25.8,39.5,2.4
India,Delhi,Delhi,SO2,2,4,3,47,Good,28.2,81.3,13.2
India,Delhi,Delhi,PM10,13,141,84,64,Moderate,20.4,45.6,5.8
India,Delhi,Delhi,NH3,0,8,2,0,Good,36.6,81.9,17.2
India,Delhi,Delhi,SO2,2,4,3,10,Good,26.2,91.4,2.2
India,Delhi,Delhi,NH3,6,14,9,37,Good,21.4,52.6,0.4
India,Delhi,Delhi,PM2.5,42,105,76,58,Moderate,38.4,33.1,23.2
India,Delhi,Delhi,PM10,52,119,89,82,Moderate,22.3,52,9.9
India,Delhi,Delhi,NH3,0,8,3,6,Good,26.2,54.7,28.5
India,Delhi,Delhi,NO2,19,65,27,10,Good,27.9,85.6,3.6
India,Delhi,Delhi,PM10,81,152,113,101,Unhealthy for Sensitive Groups,22.5,36,20.8
India,Assam,Sivasagar,PM2.5,10,17,13,42,Good,28.6,62,14.5
India,Assam,Sivasagar,PM10,24,38,28,45,Good,38.2,48.7,7.7
India,Assam,Sivasagar,OZONE,26,50,36,1,Good,18.8,90.8,6.7
India,Bihar,Araria,PM2.5,42,140,63,75,Moderate,26.2,62.1,26.1
India,Bihar,Arrah,PM2.5,20,110,62,60,Moderate,24.5,38.6,7.5
India,Bihar,Arrah,NO2,6,9,7,12,Good,19.4,66.4,7
India,Bihar,Arrah,NH3,2,2,2,14,Good,23.7,37.6,16.5
India,Bihar,Aurangabad,PM2.5,,,,314,Hazardous,17.7,89.5,7.8
India,Bihar,Begusarai,PM2.5,15,50,32,36,Good,39.3,87.2,17.5
India,Bihar,Begusarai,PM10,23,133,80,65,Moderate,33,58.9,7.8
India,Bihar,Bhagalpur,NH3,0,5,2,16,Good,35.5,57.1,15.4
India,Bihar,Bhagalpur,OZONE,6,75,22,32,Good,18,31,9.3
India,Bihar,Bhagalpur,SO2,9,38,24,46,Good,19,89.6,15.9
India,Bihar,Muzaffarpur,NH3,0,0,0,25,Good,38.9,84,14.8
India,Bihar,Patna,NH3,9,10,9,38,Good,27.9,53.4,11.6
India,Bihar,Patna,CO,38,48,42,27,Good,23.5,79.6,3
India,Bihar,Patna,OZONE,11,28,15,16,Good,19.8,47,0.3
India,Bihar,Patna,SO2,6,12,8,50,Good,32.7,41,16.2
India,Bihar,Patna,NH3,,,,488,Hazardous,30.6,68.2,6.5
India,Bihar,Patna,SO2,14,22,18,25,Good,26.8,51.8,26.8
India,Bihar,Patna,OZONE,59,60,59,72,Moderate,24.1,75.7,15.2
India,Bihar,Patna,NO2,17,18,18,24,Good,17,68.4,19.1
India,Bihar,Patna,PM2.5,,,,326,Hazardous,29.9,35.3,0.5
India,Bihar,Patna,PM10,,,,415,Hazardous,30.4,66.2,24.7
India,Bihar,Patna,SO2,,,,317,Hazardous,30.2,46.2,28.6
India,Bihar,Patna,OZONE,16,94,55,72,Moderate,30.7,54.1,13
India,Bihar,Rajgir,OZONE,15,45,29,18,Good,33,63.1,18.6
India,Bihar,Samastipur,CO,2,4,3,48,Good,39.2,66.9,27.4
India,Bihar,Samastipur,OZONE,6,9,8,19,Good,23,78.5,24
India,Bihar,Siwan,PM2.5,7,78,50,43,Good,37.2,44.4,4.3
India,Bihar,Siwan,NO2,2,2,2,5,Good,33.5,35.3,9.5
India,Chandigarh,Chandigarh,PM10,,,,327,Hazardous,31.5,87.3,8.8
India,Chandigarh,Chandigarh,SO2,,,,373,Hazardous,38.5,76.4,18.3
India,Chandigarh,Chandigarh,OZONE,4,32,20,4,Good,15.7,53.2,29.3
India,Chandigarh,Chandigarh,PM2.5,5,68,17,36,Good,28.3,56.8,24.6
India,Chandigarh,Chandigarh,SO2,4,7,6,22,Good,32.5,45.2,30
India,Chhattisgarh,Bhilai,PM10,8,25,13,16,Good,34.9,89.9,12.7
India,Chhattisgarh,Bhilai,NH3,1,2,1,42,Good,17.9,64.6,27
India,Chhattisgarh,Bhilai,CO,5,12,9,35,Good,22.6,91.6,0.3
India,Bihar,Katihar,CO,70,85,78,75,Moderate,22.7,85.1,21.5
India,Bihar,Kishanganj,NO2,7,8,7,44,Good,38.6,85.6,13.5
India,Bihar,Kishanganj,OZONE,33,37,34,6,Good,30.9,34.8,4
India,Bihar,Manguraha,NO2,2,7,4,48,Good,25.4,80.1,5
India,Bihar,Manguraha,NH3,,,,343,Hazardous,20.8,56.2,26
India,Bihar,Motihari,PM2.5,,,,473,Hazardous,18.3,61.9,3.2
India,Bihar,Motihari,SO2,3,3,3,44,Good,26.1,84.4,15.7
India,Bihar,Motihari,OZONE,53,57,55,59,Moderate,22.5,72.9,28
India,Bihar,Munger,NH3,3,3,3,5,Good,21.1,78.9,27
India,Bihar,Munger,SO2,25,33,29,23,Good,26.3,64.5,29.5
India,Bihar,Munger,OZONE,1,6,2,42,Good,19.6,46.4,2.7
India,Bihar,Bihar Sharif,OZONE,1,2,2,32,Good,30.6,87.8,12.3
India,Bihar,Buxar,PM2.5,17,500,151,198,Unhealthy,39.6,46.2,28.9
India,Bihar,Chhapra,NO2,2,3,2,1,Good,37,74.9,10
India,Bihar,Chhapra,SO2,21,23,21,45,Good,19.5,86.8,13.6
India,Bihar,Chhapra,CO,83,103,99,66,Moderate,20.1,86.4,29.1
India,Bihar,Gaya,OZONE,28,28,28,33,Good,30.8,50.2,14.3
India,Bihar,Gaya,SO2,7,9,8,45,Good,34.3,48,29.3
India,Bihar,Gaya,PM2.5,10,87,39,9,Good,26.6,66.1,14.8
India,Bihar,Gaya,NH3,0,1,1,14,Good,17.7,55.8,29.9
India,Andhra Pradesh,Amaravati,PM10,26,103,52,68,Moderate,16.5,60.8,24.9
India,Andhra Pradesh,Amaravati,OZONE,26,36,31,30,Good,37.8,88.3,29.9
India,Andhra Pradesh,Anantapur,NO2,14,29,18,32,Good,37.2,91.5,12.7
India,Andhra Pradesh,Anantapur,NH3,3,6,3,38,Good,31.9,37.4,3.7
India,Andhra Pradesh,Anantapur,CO,24,29,27,12,Good,35.4,94.1,6.8
India,Andhra Pradesh,Eluru,PM10,54,71,64,94,Moderate,38.6,74.1,2.4
India,Andhra Pradesh,Eluru,NH3,3,7,5,14,Good,17.3,55.5,24.2
India,Andhra Pradesh,Eluru,SO2,7,16,12,12,Good,23.4,58.1,13.5
India,Andhra Pradesh,Kadapa,PM10,44,56,53,99,Moderate,21.7,44.9,21
India,Andhra Pradesh,Kadapa,NO2,28,35,31,44,Good,27.7,31.2,7.1
India,Chhattisgarh,Bilaspur,NO2,15,19,17,16,Good,38,84.7,18.1
India,Chhattisgarh,Bilaspur,NH3,,,,374,Hazardous,24.9,74.5,27.6
India,Chhattisgarh,Kunjemura,PM2.5,12,27,19,40,Good,33.7,67.5,25
India,Chhattisgarh,Kunjemura,NO2,5,17,8,26,Good,21.3,30.3,18.2
India,Chhattisgarh,Kunjemura,SO2,0,17,8,25,Good,15.8,60.6,7.4
India,Chhattisgarh,Kunjemura,CO,25,28,26,48,Good,20,93.2,18.8
India,Chhattisgarh,Raipur,PM2.5,9,17,12,11,Good,21.8,90.8,23.4
India,Chhattisgarh,Raipur,CO,17,17,17,8,Good,24.2,81,26.6
India,Chhattisgarh,Raipur,CO,10,13,11,23,Good,21.4,53.8,26
India,Delhi,Delhi,OZONE,27,62,46,31,Good,21.8,51.3,28.1
India,Delhi,Delhi,PM2.5,18,136,66,74,Moderate,19.3,37.2,7.2
India,Delhi,Delhi,OZONE,9,98,51,86,Moderate,31.5,45.7,21.1
India,Delhi,Delhi,SO2,,,,385,Hazardous,21,69.7,24.7
India,Delhi,Delhi,PM2.5,8,92,60,59,Moderate,39.9,48.6,15.9
India,Delhi,Delhi,OZONE,29,103,61,53,Moderate,24.3,67.6,21.8
India,Gujarat,Ahmedabad,NH3,1,1,1,10,Good,16,47.8,20.3
India,Gujarat,Ahmedabad,SO2,0,1,1,8,Good,18.8,77.3,13.3
India,Gujarat,Ahmedabad,PM10,45,99,74,91,Moderate,31.2,44,17.8
India,Gujarat,Ahmedabad,NO2,13,81,21,36,Good,20,53.8,11.5
India,Gujarat,Ahmedabad,NH3,3,4,3,41,Good,19.5,79.3,7.9
India,Gujarat,Ahmedabad,SO2,16,37,24,44,Good,37.2,66,19.2
India,Gujarat,Ahmedabad,OZONE,11,18,14,12,Good,23.7,42.4,28.6
India,Gujarat,Ahmedabad,PM10,57,129,85,73,Moderate,39.7,78.1,21.3
India,Gujarat,Ahmedabad,SO2,12,56,29,7,Good,21.5,90.4,7.6
India,Gujarat,Ahmedabad,OZONE,5,24,13,1,Good,22.2,81.1,16.9
India,Gujarat,Ahmedabad,PM2.5,20,47,33,33,Good,31,85.5,23
India,Delhi,Delhi,SO2,1,4,3,7,Good,27.6,36.2,9.4
India,Delhi,Delhi,NH3,3,16,6,31,Good,18.8,87.6,17.7
India,Delhi,Delhi,CO,24,34,28,4,Good,38.6,91.6,22.3
India,Delhi,Delhi,SO2,6,19,12,48,Good,26.4,38.1,12
India,Delhi,Delhi,CO,44,80,57,55,Moderate,37.6,51.7,6.2
India,Delhi,Delhi,NO2,21,62,34,45,Good,25.8,34.6,17.5
India,Delhi,Delhi,CO,28,43,33,40,Good,21.3,64.9,13.5
India,Delhi,Delhi,NO2,16,64,29,2,Good,16,33.8,12.3
India,Delhi,Delhi,CO,69,93,74,79,Moderate,38.4,68.1,22.4
India,Delhi,Delhi,NO2,15,37,21,5,Good,15.2,77.1,1.6
India,Delhi,Delhi,NH3,3,14,10,18,Good,33.4,71.7,16.8
India,Delhi,Delhi,SO2,0,8,3,39,Good,21.7,65.6,17.1
India,Delhi,Delhi,PM2.5,28,93,59,77,Moderate,23.2,40.1,14.3
India,Delhi,Delhi,PM10,52,127,95,71,Moderate,24.2,51.1,30
India,Delhi,Delhi,NO2,12,53,24,42,Good,30.5,45,11.5
India,Delhi,Delhi,SO2,8,113,43,39,Good,25.4,90.1,16.8
India,Delhi,Delhi,PM10,66,150,115,109,Unhealthy for Sensitive Groups,37.8,85.9,24.5
India,Delhi,Delhi,CO,47,67,54,83,Moderate,35.9,93.5,23.2
India,Delhi,Delhi,OZONE,1,12,6,11,Good,16.6,54.2,18.3
India,Delhi,Delhi,OZONE,8,11,9,31,Good,24.2,88.9,12.4
India,Delhi,Delhi,NO2,46,92,71,88,Moderate,33.1,72.7,7.7
India,Delhi,Delhi,NH3,1,3,2,31,Good,29.7,91.5,3.7
India,Delhi,Delhi,SO2,6,26,15,48,Good,19.7,73.3,27.6
India,Delhi,Delhi,CO,105,108,107,141,Unhealthy for Sensitive Groups,22.4,72.9,24.7
India,Delhi,Delhi,CO,35,52,42,29,Good,24.3,53.8,5.8
India,Delhi,Delhi,PM2.5,37,217,78,96,Moderate,39.4,44.2,0.4
India,Delhi,Delhi,PM10,58,115,84,62,Moderate,25.4,88.2,23.6
India,Gujarat,Vadodara,NH3,2,2,2,24,Good,31.7,81.9,26.8
India,Gujarat,Vadodara,OZONE,2,5,4,37,Good,24.3,46.1,23
India,Gujarat,Vapi,PM10,,,,313,Hazardous,36.1,32.4,22.3
India,Gujarat,Vatva,SO2,18,38,27,43,Good,31.4,38.1,17.2
India,Gujarat,Vatva,CO,13,14,13,21,Good,21.9,65,1.5
India,Haryana,Ambala,PM2.5,29,72,47,0,Good,15,41.5,27.5
India,Haryana,Bahadurgarh,NH3,8,9,8,39,Good,33.1,91.6,25.4
India,Haryana,Bhiwani,PM2.5,134,197,152,179,Unhealthy,36.7,86,3.7
India,Haryana,Bhiwani,NO2,7,10,8,25,Good,37.5,90.8,21.5
India,Haryana,Bhiwani,NH3,1,3,2,49,Good,29.6,50.7,8.7
India,Haryana,Bhiwani,SO2,12,13,13,46,Good,18.3,69,9.9
India,Gujarat,Gandhinagar,PM2.5,22,65,39,44,Good,34.9,42.4,13.7
India,Gujarat,Gandhinagar,NO2,9,16,12,46,Good,15.5,57.7,9.2
India,Gujarat,Mehsana,PM10,21,106,54,63,Moderate,24.1,49.6,11.3
India,Gujarat,Nandesari,NH3,,,,454,Hazardous,30.2,30.9,5.2
India,Gujarat,Rajkot,CO,82,90,85,75,Moderate,38.9,78.7,8.8
India,Gujarat,Surat,PM2.5,6,90,26,22,Good,26.6,81.6,11.8
India,Gujarat,Surat,PM10,16,121,35,18,Good,37.4,46.3,4.2
India,Gujarat,Surat,NO2,2,4,3,15,Good,35.5,44.2,29.6
India,Gujarat,Surat,NH3,,,,443,Hazardous,19.7,40.2,19.7
India,Gujarat,Surat,CO,39,48,42,35,Good,35.5,35.1,14.6
India,Gujarat,Surat,OZONE,,,,477,Hazardous,29.1,83.8,1.8
India,Delhi,Delhi,PM2.5,50,95,71,53,Moderate,26.4,81.8,17.6
India,Delhi,Delhi,PM2.5,52,187,97,66,Moderate,15.6,88.9,20.5
India,Delhi,Delhi,PM10,64,116,93,74,Moderate,32.9,58.9,9.4
India,Delhi,Delhi,NH3,3,5,4,19,Good,23.4,60.7,4.9
India,Delhi,Delhi,SO2,23,50,39,1,Good,21.2,66.4,13
India,Delhi,Delhi,NH3,4,6,5,32,Good,30.8,67.4,19.9
India,Delhi,Delhi,SO2,29,76,52,87,Moderate,38.8,31.3,14
India,Delhi,Delhi,PM2.5,53,134,82,69,Moderate,16.7,72.3,4.3
India,Delhi,Delhi,OZONE,8,33,18,16,Good,24.1,58.8,7.9
India,Delhi,Delhi,PM2.5,48,98,79,65,Moderate,32.6,41.7,9.6
India,Delhi,Delhi,PM10,56,117,92,85,Moderate,37.8,31,9.2
India,Haryana,Charkhi Dadri,NH3,5,8,6,48,Good,31.5,71.2,27.4
India,Haryana,Dharuhera,PM10,70,134,100,90,Moderate,34.1,40.9,2.8
India,Haryana,Dharuhera,NO2,14,72,47,3,Good,33.1,65.9,17.8
India,Haryana,Dharuhera,CO,64,79,72,56,Moderate,33.2,84.9,8.5
India,Haryana,Faridabad,NO2,30,33,32,20,Good,20,75.5,5.1
India,Haryana,Faridabad,NH3,5,5,5,17,Good,33.7,92.3,10.5
India,Haryana,Faridabad,PM2.5,33,149,84,53,Moderate,35.5,90.5,3.3
India,Haryana,Gurugram,NH3,,,,464,Hazardous,36.9,77.3,12
India,Haryana,Gurugram,OZONE,27,54,44,36,Good,32,51.6,9.4
India,Gujarat,Ahmedabad,NH3,1,1,1,48,Good,21.1,30.1,6.8
India,Gujarat,Ahmedabad,SO2,8,10,9,25,Good,22,33.4,19.6
India,Gujarat,Ahmedabad,CO,10,22,17,30,Good,31.7,38.9,13.9
India,Gujarat,Ankleshwar,PM10,,,,375,Hazardous,39,72.9,25.1
India,Gujarat,Ankleshwar,NH3,,,,301,Hazardous,25.5,88.7,0.2
India,Gujarat,Bhavnagar,PM2.5,0,29,16,39,Good,19.5,91.3,17
India,Gujarat,Bhavnagar,PM10,27,194,98,93,Moderate,15.1,63.5,15.8
India,Gujarat,Gandhinagar,PM2.5,18,57,37,48,Good,23.6,50.6,15.5
India,Delhi,Delhi,PM10,21,196,123,121,Unhealthy for Sensitive Groups,27.3,59.4,22.5
India,Delhi,Delhi,PM10,77,139,110,123,Unhealthy for Sensitive Groups,16.2,65.9,12.4
India,Delhi,Delhi,NH3,6,13,9,7,Good,37.4,92.4,29.8
India,Delhi,Delhi,NO2,15,113,57,84,Moderate,39.4,35.7,25.7
India,Delhi,Delhi,NH3,,,,367,Hazardous,39,61.5,2.7
India,Delhi,Delhi,SO2,,,,427,Hazardous,38.4,77.6,16.2
India,Delhi,Delhi,OZONE,3,72,37,38,Good,33.1,61.9,3.8
India,Delhi,Delhi,OZONE,24,44,35,38,Good,20.2,36.1,6.6
India,Karnataka,Koppal,PM2.5,,,,333,Hazardous,32.9,92.2,4
India,Karnataka,Koppal,PM10,,,,303,Hazardous,15.2,70.8,19.4
India,Karnataka,Koppal,NH3,2,8,8,33,Good,31.1,45.5,3.5
India,Karnataka,Mangalore,PM10,24,30,27,25,Good,31.9,49.4,1.7
India,Karnataka,Mangalore,NO2,1,6,3,50,Good,28.6,91.4,29
India,Karnataka,Mysuru,PM10,17,83,44,25,Good,37.9,71.8,15.6
India,Karnataka,Mysuru,OZONE,19,55,33,40,Good,29.7,36.5,15.7
India,Karnataka,Ramanagara,CO,18,33,26,11,Good,28.8,40.3,29.5
India,Karnataka,Shivamogga,PM10,33,50,42,47,Good,18.6,88.6,6.6
India,Karnataka,Shivamogga,NO2,20,29,24,20,Good,15.6,46.1,5.1
India,Karnataka,Shivamogga,OZONE,42,64,48,11,Good,28.2,32.2,11.8
India,Karnataka,Vijayapura,PM10,35,39,37,17,Good,15.3,46.8,21.4
India,Karnataka,Vijayapura,CO,11,30,21,30,Good,36.9,85.3,4.9
India,Karnataka,Vijayapura,OZONE,16,16,16,48,Good,23.1,63.7,25.4
India,Karnataka,Yadgir,PM2.5,2,17,7,0,Good,27.7,80.5,5
India,Karnataka,Yadgir,NO2,16,22,18,33,Good,21,34.4,24.1
India,Karnataka,Yadgir,OZONE,11,29,21,39,Good,24.6,93.5,21.3
India,Haryana,Gurugram,PM2.5,116,345,214,265,Very Unhealthy,38.7,66.1,27.7
India,Haryana,Hisar,PM2.5,92,280,147,108,Unhealthy for Sensitive Groups,27.3,57,20.7
India,Haryana,Jind,PM2.5,75,305,137,109,Unhealthy for Sensitive Groups,29.8,54.4,29
India,Haryana,Jind,NO2,13,27,19,42,Good,38.7,50,10.5
India,Haryana,Karnal,PM10,3,375,163,186,Unhealthy,37.2,32.3,1.6
India,Haryana,Karnal,NH3,6,7,6,22,Good,18.2,88.3,10.3
India,Haryana,Karnal,SO2,12,13,13,24,Good,25.7,63.6,11.3
India,Haryana,Kurukshetra,CO,20,35,25,22,Good,33.5,86.3,29.3
India,Haryana,Manesar,PM2.5,75,172,118,125,Unhealthy for Sensitive Groups,36.3,49.7,10.1
India,Haryana,Manesar,PM10,79,165,129,144,Unhealthy for Sensitive Groups,17.6,94.1,11.5
India,Haryana,Manesar,NO2,27,32,30,10,Good,29.8,66.8,15.2
India,Haryana,Manesar,NH3,7,11,9,5,Good,17.6,91.1,10.9
India,Haryana,Narnaul,NH3,8,10,9,14,Good,15.6,76.4,22.4
India,Haryana,Narnaul,SO2,6,7,7,23,Good,39.2,84.6,6.2
India,Haryana,Narnaul,OZONE,13,55,25,41,Good,35.2,84.3,7.7
India,Haryana,Palwal,PM2.5,27,63,33,48,Good,18.1,81.6,19.8
India,Haryana,Palwal,CO,16,54,28,26,Good,17.4,74.3,3.5
India,Haryana,Panchgaon,PM2.5,,,,386,Hazardous,28.1,37.5,2.1
India,Haryana,Panchgaon,CO,41,59,47,22,Good,26.1,67.6,26
India,Haryana,Panchkula,NH3,,,,348,Hazardous,20.3,62.9,7.8
India,Haryana,Panchkula,SO2,,,,489,Hazardous,36.9,75,29
India,Haryana,Panipat,NH3,7,7,7,34,Good,21.3,34.8,8.3
India,Haryana,Rohtak,SO2,8,12,10,26,Good,19.9,38.1,27.9
India,Haryana,Sonipat,PM2.5,3,483,160,156,Unhealthy,26.5,49.6,21.6
India,Haryana,Sonipat,NO2,6,8,7,18,Good,25.2,92.8,14.5
India,Haryana,Sonipat,OZONE,66,190,121,104,Unhealthy for Sensitive Groups,21.8,88.2,3.6
India,Haryana,Yamuna Nagar,NO2,45,60,53,58,Moderate,20.7,73.6,10.6
India,Haryana,Yamuna Nagar,SO2,10,15,11,38,Good,32.7,34.4,6.1
India,Haryana,Yamuna Nagar,CO,23,41,32,13,Good,27.2,56.6,24.9
India,Himachal Pradesh,Baddi,NO2,7,28,16,12,Good,37.5,39.9,26.6
India,Jammu and Kashmir,Pampore,OZONE,,,,364,Hazardous,28.3,48.4,29.1
India,Jharkhand,Jorapokhar,OZONE,3,5,4,34,Good,33.6,87.4,11.6
India,Karnataka,Bagalkot,NH3,1,1,1,28,Good,38.3,54.2,26.7
India,Karnataka,Bengaluru,PM10,23,96,43,43,Good,24.1,32.3,6.9
India,Karnataka,Bengaluru,PM2.5,,,,321,Hazardous,39.1,39.7,3.6
India,Karnataka,Bengaluru,SO2,13,15,15,6,Good,37,35.7,8.6
India,Kerala,Kollam,SO2,1,4,2,46,Good,29.3,56.7,6.6
India,Kerala,Thiruvananthapuram,PM2.5,45,49,47,46,Good,26.6,31.2,8.8
India,Kerala,Thrissur,PM10,44,65,56,57,Moderate,17.8,85.6,27.1
India,Madhya Pradesh,Bhopal,NO2,11,21,15,47,Good,18.2,89.8,21.9
India,Madhya Pradesh,Bhopal,SO2,13,24,17,18,Good,29.4,91.2,25.1
India,Madhya Pradesh,Bhopal,SO2,22,32,27,37,Good,36.1,47.1,30
India,Madhya Pradesh,Bhopal,CO,36,60,46,24,Good,38.9,82.1,13.7
India,Madhya Pradesh,Bhopal,NH3,3,5,4,37,Good,34.6,62.1,29.5
India,Karnataka,Bengaluru,NH3,,,,375,Hazardous,37.1,80.4,11.6
India,Karnataka,Bengaluru,OZONE,28,41,35,43,Good,20.1,56.9,26.7
India,Karnataka,Bengaluru,NH3,3,3,3,50,Good,37,37.4,10.7
India,Karnataka,Bengaluru,PM2.5,9,46,24,35,Good,19.5,49,2.7
India,Karnataka,Bengaluru,PM10,29,114,80,87,Moderate,22.8,48.1,5.9
India,Karnataka,Bengaluru,NO2,6,13,9,29,Good,18.3,89.4,26.3
India,Karnataka,Bengaluru,CO,2,18,11,0,Good,16.5,66.7,1.1
India,Karnataka,Bengaluru,NH3,1,1,1,47,Good,23.6,83.1,29.5
India,Karnataka,Chamarajanagar,SO2,4,5,4,21,Good,39.7,58.4,8.8
India,Karnataka,Chikkaballapur,OZONE,36,47,42,9,Good,34.1,56.4,27.3
India,Karnataka,Gadag,NH3,3,4,3,35,Good,36.6,85.6,29.5
India,Karnataka,Hubballi,PM10,45,49,47,24,Good,15.7,82.3,7.1
India,Karnataka,Hubballi,NO2,7,9,8,34,Good,26.6,90.2,7.4
India,Karnataka,Hubballi,NH3,1,2,2,2,Good,31.8,55.7,7.1
India,Karnataka,Hubballi,OZONE,21,22,22,24,Good,19,80.1,6.6
India,Karnataka,Kalaburagi,PM2.5,14,39,29,6,Good,21.2,57.4,27
India,Karnataka,Kalaburagi,NH3,2,3,2,8,Good,39,50.4,7.1
India,Madhya Pradesh,Damoh,PM2.5,9,33,21,8,Good,19.4,65.1,21.7
India,Madhya Pradesh,Damoh,PM10,18,61,29,26,Good,31.6,51.8,28.8
India,Madhya Pradesh,Damoh,NH3,,,,388,Hazardous,20.4,78,21.8
India,Madhya Pradesh,Dewas,CO,27,39,32,5,Good,27.7,74.7,21.8
India,Madhya Pradesh,Dewas,OZONE,5,14,11,21,Good,17,86.3,15
India,Madhya Pradesh,Gwalior,PM10,4,109,36,29,Good,32.6,35,20.5
India,Madhya Pradesh,Gwalior,PM10,9,40,22,28,Good,32.9,84.1,3
India,Madhya Pradesh,Indore,OZONE,5,5,5,32,Good,39.1,45.3,17.6
India,Madhya Pradesh,Indore,SO2,10,16,13,23,Good,25.6,71.4,3.5
India,Maharashtra,Nashik,PM2.5,8,25,16,43,Good,33.3,40.2,5.4
India,Maharashtra,Nashik,SO2,1,5,3,42,Good,27.9,59.5,18.6
India,Maharashtra,Nashik,CO,21,22,21,8,Good,32.3,65.4,8.6
India,Maharashtra,Navi Mumbai,NO2,,,,499,Hazardous,39.5,55,6.4
India,Maharashtra,Navi Mumbai,SO2,,,,336,Hazardous,19.2,36.9,25.5
India,Maharashtra,Navi Mumbai,PM10,21,31,26,26,Good,18.7,31.3,11.7
India,Maharashtra,Navi Mumbai,PM10,36,57,47,13,Good,29.8,87.4,3.3
India,Maharashtra,Navi Mumbai,PM10,9,35,20,18,Good,26.5,33.7,9.2
India,Maharashtra,Navi Mumbai,NO2,42,43,43,40,Good,16.4,80.2,23.1
India,Maharashtra,Navi Mumbai,SO2,17,17,17,24,Good,38.7,51.4,13.6
India,Maharashtra,Navi Mumbai,OZONE,9,16,13,27,Good,27,83.7,12.6
India,Maharashtra,Navi Mumbai,PM10,16,31,23,28,Good,27.7,93.4,28.4
India,Maharashtra,Navi Mumbai,SO2,19,25,25,41,Good,28.3,53,2.6
India,Maharashtra,Parbhani,NH3,3,5,4,2,Good,19.4,62.2,28.2
India,Maharashtra,Pimpri-Chinchwad,NH3,2,2,2,11,Good,25.4,83.3,3.2
India,Maharashtra,Pimpri-Chinchwad,NO2,13,21,15,41,Good,22.9,67.1,29.7
India,Maharashtra,Amravati,OZONE,6,14,10,11,Good,35.8,62.3,11.2
India,Maharashtra,Amravati,PM10,20,71,39,21,Good,26.2,37.3,23
India,Maharashtra,Amravati,OZONE,2,17,9,10,Good,39.4,67.7,26.7
India,Maharashtra,Aurangabad,PM2.5,3,52,19,39,Good,18.2,71.3,3.4
India,Maharashtra,Aurangabad,OZONE,9,19,11,20,Good,26.8,58.3,5.5
India,Maharashtra,Aurangabad,PM10,,,,435,Hazardous,25.7,78.9,24.6
India,Maharashtra,Aurangabad,NO2,4,29,12,10,Good,20.6,58.4,6.2
India,Maharashtra,Badlapur,CO,18,21,20,45,Good,32.5,83.5,8.5
India,Maharashtra,Badlapur,OZONE,18,44,28,2,Good,31.5,46.5,5.2
India,Maharashtra,Beed,PM2.5,2,251,27,26,Good,28,86.6,12.9
India,Maharashtra,Beed,CO,17,27,22,37,Good,39.9,30.4,23.9
India,Maharashtra,Belapur,PM2.5,10,17,13,46,Good,31.5,72.9,25.2
India,Maharashtra,Belapur,PM10,15,25,19,40,Good,32,92.7,24.8
India,Maharashtra,Belapur,CO,6,14,10,3,Good,15.2,60.9,24.3
India,Maharashtra,Bhiwandi,PM10,36,55,44,21,Good,35.8,34.2,12
India,Maharashtra,Bhiwandi,OZONE,17,49,28,29,Good,27.5,48.5,20.2
India,Maharashtra,Kolhapur,SO2,0,2,1,31,Good,26.1,49.6,5.4
India,Maharashtra,Kolhapur,OZONE,28,35,30,32,Good,24.1,64.3,5.7
India,Maharashtra,Kolhapur,NO2,1,26,13,8,Good,38.2,30.4,21.8
India,Maharashtra,Kolhapur,SO2,0,1,1,50,Good,32,82.6,21.6
India,Maharashtra,Latur,PM10,6,31,18,30,Good,16.2,82.9,5.3
India,Maharashtra,Latur,NH3,1,6,3,8,Good,19.4,43.2,27.6
India,Maharashtra,Latur,SO2,3,5,4,47,Good,31.1,88.5,25.7
India,Maharashtra,Mahad,PM10,33,44,37,35,Good,27.4,32.4,16.3
India,Maharashtra,Mahad,NO2,6,20,14,38,Good,35.2,38.7,25.2
India,Maharashtra,Mahad,NH3,3,3,3,19,Good,27.1,48.7,19.6
India,Maharashtra,Mahad,SO2,1,6,3,6,Good,15.1,72.6,22.1
India,Maharashtra,Malegaon,PM2.5,10,42,28,22,Good,33,42.3,5.6
India,Maharashtra,Malegaon,NO2,15,27,19,28,Good,18.8,38.2,10.7
India,Maharashtra,Malegaon,SO2,1,1,1,9,Good,29.9,84,11.8
India,Maharashtra,Malegaon,CO,14,34,24,49,Good,32.1,32.2,29.9
India,Maharashtra,Mira-Bhayandar,NH3,4,4,4,47,Good,37.2,91.8,29
India,Madhya Pradesh,Indore,NH3,0,0,0,45,Good,21.6,39.5,25.7
India,Madhya Pradesh,Indore,OZONE,12,13,12,19,Good,25,69.1,24.5
India,Madhya Pradesh,Indore,SO2,3,5,3,5,Good,34.7,94.4,6.5
India,Madhya Pradesh,Jabalpur,PM2.5,18,35,25,47,Good,19.3,92.9,9.8
India,Madhya Pradesh,Jabalpur,NO2,9,17,12,47,Good,30.3,65,10.2
India,Madhya Pradesh,Jabalpur,SO2,3,12,9,12,Good,27.8,39.5,17.8
India,Madhya Pradesh,Jabalpur,OZONE,3,16,6,37,Good,26.7,86.6,18.6
India,Madhya Pradesh,Jabalpur,PM10,27,79,44,39,Good,38.4,68.4,10.2
India,Madhya Pradesh,Jabalpur,NO2,11,14,13,18,Good,23.7,36.9,29.4
India,Madhya Pradesh,Jabalpur,SO2,3,10,8,32,Good,24.6,76,8.3
India,Madhya Pradesh,Jabalpur,CO,54,109,81,69,Moderate,23.8,55,14.6
India,Madhya Pradesh,Katni,PM10,49,117,73,64,Moderate,21.3,55,4.3
India,Madhya Pradesh,Maihar,PM10,3,55,23,37,Good,36.7,34.3,26.2
India,Madhya Pradesh,Sagar,SO2,6,12,8,37,Good,15.4,93.8,12.9
India,Madhya Pradesh,Satna,NH3,,,,387,Hazardous,18.3,71.6,3.8
India,Madhya Pradesh,Satna,CO,16,36,26,45,Good,30,61.5,18.5
India,Madhya Pradesh,Ujjain,NO2,5,25,10,35,Good,19.7,57.7,6.6
India,Madhya Pradesh,Ujjain,NH3,4,9,7,9,Good,39.7,88.3,16.3
India,Maharashtra,Ahmednagar,NH3,,,,472,Hazardous,27.6,38.5,18.8
India,Maharashtra,Akola,PM10,52,78,65,65,Moderate,15.1,75.3,4
India,Maharashtra,Akola,CO,24,30,26,34,Good,38.9,92.9,28.4
India,Maharashtra,Ambernath,CO,8,18,11,21,Good,15.2,80.8,9.6
India,Maharashtra,Amravati,NH3,2,2,2,10,Good,29.4,50.6,27.5
India,Maharashtra,Mumbai,NH3,7,14,9,8,Good,33.5,33,13.9
India,Maharashtra,Nagpur,OZONE,5,14,11,17,Good,18.6,36.4,23.7
India,Maharashtra,Nagpur,PM10,13,88,42,47,Good,34.2,53.8,28.3
India,Maharashtra,Nagpur,SO2,3,11,5,17,Good,36.8,77.8,22.1
India,Maharashtra,Nagpur,CO,15,101,46,31,Good,30.4,75.8,26.2
India,Maharashtra,Nashik,CO,1,1,1,43,Good,25.1,32.9,14.7
India,Maharashtra,Nashik,PM2.5,1,42,24,22,Good,17.9,65.8,3.3
India,Maharashtra,Nashik,NO2,3,6,4,14,Good,26.3,92.6,7.2
India,Maharashtra,Nashik,OZONE,13,24,17,35,Good,24.6,62,18.5
India,Maharashtra,Chandrapur,PM2.5,3,48,29,24,Good,32.2,40.7,28.6
India,Maharashtra,Chandrapur,NO2,19,21,21,2,Good,38.4,77.2,6.5
India,Maharashtra,Dombivli,CO,13,30,20,33,Good,15.5,62.8,23.4
India,Maharashtra,Dombivli,OZONE,5,352,94,93,Moderate,35.9,74.2,8
India,Maharashtra,Jalgaon,PM2.5,14,34,23,9,Good,22.8,86.2,26
India,Maharashtra,Jalgaon,NH3,3,8,4,38,Good,19.1,69.5,1.9
India,Maharashtra,Jalna,NH3,1,6,4,6,Good,19.4,43.5,25.2
India,Maharashtra,Jalna,SO2,4,6,5,10,Good,30.4,43.2,2.7
India,Maharashtra,Kolhapur,NO2,15,21,17,6,Good,38,43.5,17.7
India,Maharashtra,Mumbai,SO2,,,,440,Hazardous,28.1,66.4,28.8
India,Maharashtra,Mumbai,PM10,12,28,21,31,Good,15,65.8,10.4
India,Maharashtra,Mumbai,SO2,7,8,7,38,Good,23.1,73.7,18.2
India,Maharashtra,Mumbai,NO2,7,40,21,1,Good,30.2,36.9,15.6
India,Maharashtra,Mumbai,SO2,0,14,7,48,Good,22.5,75.3,9.8
India,Maharashtra,Mumbai,PM2.5,,,,420,Hazardous,26.3,36.8,6.2
India,Maharashtra,Mumbai,PM2.5,1,36,17,44,Good,24.6,31,20.3
India,Maharashtra,Mumbai,SO2,,,,461,Hazardous,23,67.8,27.1
India,Maharashtra,Mumbai,PM2.5,,,,311,Hazardous,16.6,35.8,16.6
India,Maharashtra,Mumbai,OZONE,7,13,10,50,Good,20.1,54,16.6
India,Maharashtra,Mumbai,PM2.5,10,15,12,24,Good,28,74.7,5.6
India,Maharashtra,Mumbai,PM2.5,2,12,5,39,Good,19.9,93,10.4
India,Maharashtra,Mumbai,NH3,2,3,3,4,Good,26.6,91.3,23.2
India,Maharashtra,Mumbai,CO,22,30,26,15,Good,23.8,91.6,19.1
India,Maharashtra,Mumbai,NH3,4,4,4,4,Good,23.5,52.2,0.1
India,Odisha,Rourkela,NO2,15,15,15,38,Good,18,47.2,11.8
India,Odisha,Rourkela,NH3,1,2,1,22,Good,31.4,60.3,13.8
India,Odisha,Rourkela,SO2,2,7,5,50,Good,29.8,74.7,1.2
India,Odisha,Rourkela,OZONE,3,25,11,26,Good,24.1,85.2,17.5
India,Odisha,Suakati,PM2.5,18,37,27,14,Good,18.5,54.6,22.2
India,Odisha,Suakati,PM10,27,54,35,42,Good,18.4,32.5,28.5
India,Odisha,Suakati,NO2,17,18,18,44,Good,20.3,35.1,10.9
India,Odisha,Talcher,PM10,0,109,53,75,Moderate,34.2,56,21.2
India,Odisha,Talcher,NO2,26,53,35,1,Good,27.2,83.3,0.5
India,Odisha,Talcher,NH3,5,9,6,24,Good,30.4,31.4,17.6
India,Odisha,Talcher,OZONE,10,17,14,34,Good,34.8,89.3,11.4
India,Puducherry,Puducherry,NO2,11,40,20,45,Good,29,85.9,14.2
India,Puducherry,Puducherry,NH3,2,9,4,36,Good,34.5,42.8,6.9
India,Punjab,Amritsar,SO2,10,13,12,50,Good,23.4,40.8,14.5
India,Punjab,Bathinda,PM2.5,,,,392,Hazardous,16.8,33,29.6
India,Punjab,Jalandhar,PM10,33,230,68,64,Moderate,19,48.2,23.9
India,Punjab,Khanna,PM10,74,77,76,56,Moderate,16.6,67.4,8.2
India,Punjab,Khanna,CO,52,54,53,67,Moderate,26.3,40,28.7
India,Punjab,Ludhiana,NO2,37,44,41,12,Good,32.9,75.4,19.8
India,Punjab,Mandi Gobindgarh,PM10,90,111,100,63,Moderate,21.5,86.8,2.8
India,Rajasthan,Churu,PM10,91,418,183,169,Unhealthy,17.9,71.9,17.9
India,Rajasthan,Churu,CO,28,52,37,39,Good,20.9,41.3,9.4
India,Rajasthan,Dausa,NO2,14,47,27,16,Good,34.6,87.5,25.4
India,Rajasthan,Dausa,CO,18,64,37,17,Good,20.7,32.8,19.5
India,Rajasthan,Dholpur,PM2.5,,,,372,Hazardous,27.3,43.4,29.1
India,Rajasthan,Dholpur,NH3,5,10,7,5,Good,32.3,33.6,19
India,Rajasthan,Dholpur,SO2,2,15,9,42,Good,35.5,93.5,1.6
India,Rajasthan,Dungarpur,PM2.5,17,78,33,5,Good,36.1,84.2,0
India,Rajasthan,Jaipur,OZONE,35,55,43,14,Good,17.5,39.5,12.3
India,Rajasthan,Jaipur,PM10,53,138,96,99,Moderate,31.9,92.9,18.9
India,Rajasthan,Jaipur,PM10,45,114,83,89,Moderate,33.5,82.1,24.8
India,Rajasthan,Jaipur,NH3,4,15,9,12,Good,37.5,83.4,27.4
India,Rajasthan,Jaipur,SO2,10,20,14,31,Good,20.2,77.4,16.4
India,Rajasthan,Jaipur,PM2.5,47,88,65,85,Moderate,16.4,31.5,8.1
India,Rajasthan,Jaipur,NO2,10,56,21,9,Good,18,34.3,16.5
India,Rajasthan,Jaipur,NH3,4,9,5,48,Good,29.3,55.6,4.5
India,Rajasthan,Jaipur,CO,35,52,44,8,Good,21.8,78.5,28.9
India,Punjab,Mandi Gobindgarh,CO,,,,450,Hazardous,20.9,63.8,10.4
India,Punjab,Patiala,PM2.5,27,72,40,8,Good,38.7,63.4,10
India,Punjab,Patiala,PM10,54,141,74,60,Moderate,39.8,90.9,22.3
India,Punjab,Patiala,NO2,16,19,18,6,Good,17.1,45.1,1.2
India,Punjab,Rupnagar,NH3,,,,350,Hazardous,31.9,31.8,0.2
India,Rajasthan,Ajmer,PM2.5,32,82,52,84,Moderate,23.9,80,29.7
India,Rajasthan,Ajmer,PM10,79,144,104,135,Unhealthy for Sensitive Groups,39.5,71.9,18.2
India,Rajasthan,Ajmer,SO2,21,27,25,19,Good,18.7,74.7,20
India,Rajasthan,Banswara,NO2,14,46,28,31,Good,25.4,82.8,3.6
India,Rajasthan,Banswara,SO2,2,41,5,0,Good,36.2,60.5,26.7
India,Rajasthan,Banswara,OZONE,27,56,45,36,Good,36.5,63.6,3.8
India,Rajasthan,Baran,CO,42,48,45,38,Good,18.1,55,27.7
India,Rajasthan,Barmer,NH3,3,5,3,33,Good,24.3,59.4,29
India,Rajasthan,Barmer,SO2,,,,435,Hazardous,27.5,38.1,6.7
India,Rajasthan,Bharatpur,PM2.5,2,29,12,1,Good,26,93.8,27.8
India,Rajasthan,Jaipur,OZONE,27,70,52,75,Moderate,27.7,86,14.3
India,Rajasthan,Jaipur,CO,21,38,29,25,Good,31,73.7,1.1
India,Rajasthan,Jaipur,OZONE,19,36,26,39,Good,26.5,54.6,18.3
India,Rajasthan,Jaipur,PM2.5,12,47,30,8,Good,35,89.5,3.2
India,Rajasthan,Jaisalmer,NH3,5,9,7,31,Good,34.4,74.3,17.8
India,Rajasthan,Jaisalmer,CO,7,11,10,25,Good,30.4,65.6,24.5
India,Rajasthan,Jalore,NH3,4,6,4,15,Good,30.9,42.7,3
India,Rajasthan,Jhunjhunu,NH3,5,10,7,11,Good,23.4,62.9,1.6
India,Rajasthan,Jodhpur,PM2.5,8,47,24,47,Good,29.1,41.6,18.3
India,Rajasthan,Jodhpur,PM2.5,13,52,23,20,Good,33.6,55.5,3
India,Rajasthan,Jodhpur,CO,16,21,18,36,Good,22.7,42.3,1.9
India,Rajasthan,Jodhpur,NO2,12,27,22,2,Good,34.4,40.3,6.5
India,Odisha,Barbil,SO2,6,13,9,13,Good,16.4,78.6,2.7
India,Odisha,Bhubaneswar,PM2.5,23,42,34,40,Good,28.4,65.2,17.5
India,Odisha,Bhubaneswar,PM10,21,64,36,39,Good,29.1,39.6,3.8
India,Odisha,Bhubaneswar,CO,56,70,63,86,Moderate,18.1,46.5,9.8
India,Odisha,Brajrajnagar,PM2.5,8,48,25,7,Good,18.5,50.1,14.3
India,Odisha,Brajrajnagar,OZONE,43,47,44,24,Good,35.5,50.7,6.4
India,Odisha,Byasanagar,NH3,0,2,1,9,Good,16.6,40.7,29.9
India,Odisha,Keonjhar,NO2,13,17,15,34,Good,16.7,70.2,1.1
India,Odisha,Rairangpur,PM10,46,68,58,92,Moderate,22.9,57,17.1
India,Odisha,Rourkela,CO,14,92,30,7,Good,22.8,35.5,8.1
India,Meghalaya,Byrnihat,SO2,,,,374,Hazardous,34,71.9,19.3
India,Meghalaya,Byrnihat,OZONE,,,,380,Hazardous,26.3,36.7,26.6
India,Meghalaya,Shillong,NO2,0,2,0,29,Good,28.7,64.6,18
India,Meghalaya,Shillong,CO,10,20,14,25,Good,39.1,55,9.8
India,Meghalaya,Shillong,SO2,,,,475,Hazardous,27.4,64.4,3.6
India,Meghalaya,Shillong,CO,13,75,34,8,Good,38.5,37.1,5.9
India,Mizoram,Aizawl,NH3,0,0,0,8,Good,35.1,43.4,11.9
India,Nagaland,Kohima,PM10,4,20,10,28,Good,33,50.6,21.2
India,Nagaland,Kohima,NO2,3,4,3,45,Good,24.2,43.1,0.7
India,Odisha,Balasore,PM2.5,2,47,23,25,Good,32.3,79,2
India,Odisha,Balasore,NO2,2,45,13,18,Good,20.6,49.8,17.8
India,Maharashtra,Pune,PM10,17,56,35,8,Good,36.5,58.2,27.8
India,Maharashtra,Sangli,PM2.5,5,20,13,40,Good,27.8,34,22.3
India,Maharashtra,Sangli,NO2,6,9,7,45,Good,19.2,88.1,27.5
India,Maharashtra,Satara,PM10,1,69,27,11,Good,34.2,38.1,13.7
India,Maharashtra,Solapur,PM10,,,,387,Hazardous,34.2,93.9,13.6
India,Maharashtra,Solapur,NH3,,,,433,Hazardous,23.3,34.7,23
India,Maharashtra,Solapur,SO2,,,,460,Hazardous,25,50.1,4.4
India,Maharashtra,Solapur,CO,19,37,30,40,Good,21.5,87.8,10.3
India,Maharashtra,Ulhasnagar,PM2.5,18,42,30,23,Good,18.7,55.6,14
India,Maharashtra,Ulhasnagar,PM10,24,57,40,7,Good,31,79,14.1
India,Maharashtra,Ulhasnagar,OZONE,13,42,25,45,Good,28.7,72,2.1
India,Maharashtra,Pimpri-Chinchwad,NH3,2,16,11,12,Good,36.4,67.2,18.8
India,Maharashtra,Pimpri-Chinchwad,PM10,26,42,34,41,Good,18.9,36.4,2.8
India,Maharashtra,Pimpri-Chinchwad,NO2,,,,352,Hazardous,25.5,33.7,9.8
India,Maharashtra,Pune,PM2.5,11,34,19,46,Good,17.7,33.7,7.5
India,Maharashtra,Pune,CO,20,41,29,3,Good,36.5,38.7,1.4
India,Maharashtra,Pune,PM2.5,8,10,9,49,Good,38.8,92.8,13.7
India,Maharashtra,Pune,PM2.5,,,,401,Hazardous,31.1,63.6,9.6
India,Maharashtra,Pune,NO2,3,21,18,46,Good,39.3,80,1.9
India,Maharashtra,Pune,NH3,,,,369,Hazardous,17.6,41,27.4
India,Maharashtra,Pune,NO2,,,,438,Hazardous,23.3,43.6,20.8
India,Rajasthan,Bharatpur,NO2,1,21,8,37,Good,16.2,50.4,28.7
India,Rajasthan,Bharatpur,OZONE,26,77,50,25,Good,20.3,81.1,20.8
India,Rajasthan,Bhilwara,PM10,44,116,87,61,Moderate,23.9,66.3,8.9
India,Rajasthan,Bhiwadi,PM10,54,175,101,107,Unhealthy for Sensitive Groups,23.4,69.3,1.1
India,Rajasthan,Bhiwadi,OZONE,6,31,14,14,Good,37.5,53.2,28.1
India,Rajasthan,Bhiwadi,PM2.5,42,500,225,251,Very Unhealthy,36.6,82.5,1.4
India,Rajasthan,Bikaner,OZONE,21,45,33,38,Good,23.9,57.8,16.9
India,Rajasthan,Chittorgarh,PM2.5,10,98,48,21,Good,31.1,34.4,24.2
India,Telangana,Hyderabad,NO2,10,15,12,8,Good,21,57.9,26.3
India,Telangana,Hyderabad,SO2,7,12,9,49,Good,24.7,56,29.8
India,Telangana,Hyderabad,CO,27,34,29,16,Good,39.4,68.8,13.1
India,Telangana,Hyderabad,PM10,,,,364,Hazardous,34.1,49.3,0.8
India,Telangana,Hyderabad,NO2,34,42,38,35,Good,29.1,50.5,11.6
India,Telangana,Hyderabad,CO,32,40,36,50,Good,37.9,88.6,28
India,Telangana,Hyderabad,PM2.5,,,,304,Hazardous,23.6,94.5,27.2
India,Telangana,Hyderabad,OZONE,14,34,23,12,Good,38.8,62.6,22.9
India,Telangana,Hyderabad,PM2.5,2,16,9,4,Good,27.1,51.1,2.7
India,Telangana,Hyderabad,NH3,1,2,1,26,Good,27.9,92.8,17.4
India,Telangana,Hyderabad,NO2,6,8,7,6,Good,33.8,30.2,20.5
India,Telangana,Hyderabad,OZONE,22,24,23,22,Good,28.5,51.8,1.8
India,Telangana,Hyderabad,PM10,56,67,64,74,Moderate,21.5,46,24.6
India,Telangana,Hyderabad,PM2.5,29,59,44,16,Good,27,63,16.4
India,Telangana,Hyderabad,SO2,11,16,13,31,Good,40,30.4,26.5
India,Telangana,Hyderabad,OZONE,16,26,20,6,Good,34.8,53.2,27.5
India,Telangana,Hyderabad,OZONE,20,27,23,38,Good,38.2,71.8,23.5
India,Uttar Pradesh,Jhansi,SO2,15,22,17,16,Good,21.6,54.3,12.8
India,Uttar Pradesh,Kanpur,PM10,30,77,51,96,Moderate,39.6,89.9,9.7
India,Uttar Pradesh,Kanpur,NH3,2,2,2,48,Good,18.1,66.5,21.1
India,Uttar Pradesh,Khora,SO2,8,8,8,10,Good,15.1,39.7,27.3
India,Uttar Pradesh,Khurja,NO2,12,13,12,32,Good,38.3,47.8,27.4
India,Uttar Pradesh,Khurja,OZONE,22,23,22,46,Good,39.9,64.3,20.9
India,Uttar Pradesh,Lucknow,PM10,41,81,62,77,Moderate,27.4,55.1,29
India,Uttar Pradesh,Lucknow,NO2,28,35,30,20,Good,24.4,87.4,16.3
India,Uttar Pradesh,Lucknow,CO,2,61,26,7,Good,15.8,67.6,22.8
India,Uttar Pradesh,Lucknow,OZONE,35,85,55,100,Moderate,28.2,82.1,29.8
India,Uttar Pradesh,Lucknow,PM2.5,13,62,36,7,Good,19.3,39.4,16.9
India,Uttar Pradesh,Lucknow,CO,39,40,39,1,Good,20.1,49.9,21.9
India,Uttar Pradesh,Lucknow,PM2.5,19,195,44,46,Good,37.3,48.7,12.1
India,Uttar Pradesh,Lucknow,NO2,,,,346,Hazardous,25,33.2,17.7
India,Rajasthan,Jodhpur,SO2,3,18,8,17,Good,24.6,93,3.5
India,Rajasthan,Jodhpur,NH3,3,4,3,8,Good,22.8,89.5,8.3
India,Rajasthan,Jodhpur,OZONE,32,48,44,38,Good,26.4,49.7,21.1
India,Rajasthan,Khairthal,PM2.5,70,164,112,125,Unhealthy for Sensitive Groups,25.6,65.8,17.9
India,Rajasthan,Khairthal,NH3,2,5,4,45,Good,20.7,50.2,21.4
India,Rajasthan,Khairthal,OZONE,26,29,28,1,Good,30.5,34.3,26.5
India,Rajasthan,Kota,NO2,5,32,16,10,Good,16.4,33.3,27.4
India,Rajasthan,Kota,CO,24,41,31,44,Good,18,68.5,21.8
India,Rajasthan,Kota,SO2,9,19,12,30,Good,28.2,57.2,21.4
India,Rajasthan,Kota,CO,23,43,33,19,Good,24.2,41.9,14.8
India,Rajasthan,Kota,OZONE,8,10,9,35,Good,39.4,50.5,7.8
India,Rajasthan,Nagaur,OZONE,21,49,34,21,Good,26.9,33.8,22.9
India,Rajasthan,Pali,CO,16,17,16,16,Good,27.5,38.3,6.7
India,Rajasthan,Pratapgarh,PM10,32,227,77,66,Moderate,15.2,64.7,10.5
India,Rajasthan,Rajsamand,CO,1,6,4,44,Good,25.3,30.1,12.6
India,Rajasthan,Rajsamand,OZONE,32,84,59,98,Moderate,26.8,37.2,29.4
India,Rajasthan,Sawai Madhopur,NH3,2,3,2,15,Good,29.1,72.5,0.1
India,Rajasthan,Sawai Madhopur,OZONE,15,64,45,19,Good,26,85.1,18
India,Rajasthan,Sikar,PM2.5,47,93,72,80,Moderate,39.7,78.9,14.7
India,Rajasthan,Sikar,NO2,3,14,8,38,Good,27.1,68.4,8.1
India,Rajasthan,Sikar,CO,5,26,16,28,Good,36.7,92.8,15.1
India,Rajasthan,Sri Ganganagar,SO2,4,7,5,34,Good,35.5,68.3,1.7
India,Rajasthan,Tonk,NH3,4,20,10,30,Good,39.8,62.6,3.3
India,Uttar Pradesh,Ghaziabad,CO,18,52,35,50,Good,23.9,73.6,1.3
India,Uttar Pradesh,Ghaziabad,OZONE,16,41,31,2,Good,18.9,50.7,14.3
India,Uttar Pradesh,Ghaziabad,OZONE,17,50,32,49,Good,38,68.4,22.9
India,Uttar Pradesh,Ghaziabad,OZONE,18,29,23,18,Good,23.6,37.9,9.2
India,Uttar Pradesh,Gorakhpur,PM2.5,33,62,46,25,Good,31.8,43.4,8.2
India,Uttar Pradesh,Gorakhpur,NH3,1,1,1,18,Good,24.1,69.7,19
India,Uttar Pradesh,Greater Noida,PM2.5,39,78,59,83,Moderate,29.1,58.5,8.1
India,Uttar Pradesh,Greater Noida,CO,2,2,2,30,Good,23.1,71.4,27.3
India,Uttar Pradesh,Greater Noida,CO,25,28,26,30,Good,35,43.5,20
India,Uttar Pradesh,Hapur,OZONE,8,34,19,24,Good,29.6,51.8,0.8
India,Uttar Pradesh,Agra,NH3,4,8,8,9,Good,17.8,48.4,9.3
India,Uttar Pradesh,Agra,SO2,13,15,14,0,Good,22.3,34.6,2.1
India,Uttar Pradesh,Agra,CO,10,16,12,30,Good,34.9,62.9,3.2
India,Uttar Pradesh,Baghpat,PM2.5,27,66,46,0,Good,38,72.1,10.5
India,Uttar Pradesh,Bareilly,OZONE,10,29,18,6,Good,28.2,84.5,27.3
India,Uttar Pradesh,Firozabad,PM2.5,17,37,26,41,Good,28.1,94.5,13.5
India,Uttar Pradesh,Firozabad,PM10,24,54,38,33,Good,30.9,84.4,23.3
India,Uttar Pradesh,Firozabad,OZONE,0,0,0,41,Good,33.7,60.7,16.1
India,Uttar Pradesh,Firozabad,PM10,,,,373,Hazardous,29.8,73.9,23.4
India,Tamil Nadu,Chennai,NO2,12,16,14,22,Good,32.5,62,8.5
India,Tamil Nadu,Coimbatore,SO2,,,,479,Hazardous,35.1,55.3,19.5
India,Tamil Nadu,Cuddalore,NO2,,,,441,Hazardous,20,79.3,8.8
India,Tamil Nadu,Cuddalore,SO2,,,,464,Hazardous,26.6,76.4,20.5
India,Tamil Nadu,Gummidipoondi,PM2.5,30,224,83,68,Moderate,17.1,65.4,26.5
India,Tamil Nadu,Gummidipoondi,CO,,,,473,Hazardous,35.9,67.2,26.4
India,Tamil Nadu,Madurai,SO2,,,,339,Hazardous,34.3,32.6,28.8
India,Tamil Nadu,Madurai,OZONE,0,1,1,46,Good,30.9,83.8,28.4
India,Tamil Nadu,Thoothukudi,OZONE,26,35,31,41,Good,16.9,57,29.9
India,Rajasthan,Udaipur,SO2,1,30,12,5,Good,26.9,88,14.6
India,Rajasthan,Udaipur,OZONE,15,31,23,37,Good,21.6,66.1,19.5
India,Sikkim,Gangtok,PM2.5,,,,429,Hazardous,30.2,94.3,9.7
India,Sikkim,Gangtok,PM10,,,,326,Hazardous,21.1,30.6,21
India,Tamil Nadu,Chennai,OZONE,28,37,31,48,Good,23,76.4,20.8
India,Tamil Nadu,Chennai,NH3,3,4,4,17,Good,30.7,66.8,22.1
India,Tamil Nadu,Chennai,CO,,,,355,Hazardous,32.3,88.7,3.7
India,Tamil Nadu,Chennai,OZONE,,,,392,Hazardous,17,93.7,14.1
India,Tamil Nadu,Chennai,NO2,,,,432,Hazardous,31.2,67.9,24.2
India,Telangana,Hyderabad,NH3,2,3,2,47,Good,34.7,77.3,5.7
India,Tripura,Agartala,CO,30,38,33,43,Good,39,89.6,3.9
India,Uttar Pradesh,Agra,NO2,8,10,9,40,Good,23.3,67,28.2
India,Uttar Pradesh,Agra,CO,19,20,20,14,Good,20.2,35.1,15.4
India,Uttar Pradesh,Agra,CO,10,21,15,5,Good,22.1,37.8,3.1
India,Uttar Pradesh,Agra,OZONE,10,11,11,5,Good,26.8,49.5,10.3
India,Uttar Pradesh,Lucknow,NH3,9,14,11,32,Good,19.1,59.1,10.7
India,Uttar Pradesh,Lucknow,CO,4,87,43,49,Good,38.3,83.2,3.1
India,Uttar Pradesh,Mathura,PM10,,,,385,Hazardous,17.1,57.4,26.9
India,Uttar Pradesh,Mathura,NO2,3,11,6,46,Good,37.2,63.2,18.7
India,Uttar Pradesh,Mathura,NH3,1,2,2,0,Good,15.6,73.8,21.4
India,Uttar Pradesh,Meerut,NH3,7,32,15,32,Good,36,30.3,26
India,Uttar Pradesh,Modinagar,PM10,35,89,57,76,Moderate,17.7,73.8,0.7
India,Uttar Pradesh,Modinagar,NH3,3,3,3,8,Good,19.3,37.7,17.7
India,Uttar Pradesh,Moradabad,NH3,5,12,9,26,Good,34.9,42,3.9
India,Uttar Pradesh,Moradabad,SO2,5,19,9,2,Good,32.2,94.8,21.7
India,Uttar Pradesh,Moradabad,OZONE,2,48,25,13,Good,27.3,81.9,25.4
India,Uttar Pradesh,Moradabad,PM2.5,12,42,24,17,Good,24.2,55,3.2
India,Uttar Pradesh,Moradabad,NO2,28,29,29,18,Good,38.6,53.2,15.4
India,Uttar Pradesh,Moradabad,OZONE,20,79,39,7,Good,15.1,65.1,20.7
India,Uttar Pradesh,Moradabad,PM2.5,16,51,31,32,Good,21.1,53.4,21.9
India,Uttar Pradesh,Moradabad,PM2.5,20,63,39,33,Good,16.4,85.2,26.4
India,Uttar Pradesh,Moradabad,CO,28,43,36,42,Good,26.7,34.1,5.3
India,Uttar Pradesh,Noida,PM10,70,141,97,97,Moderate,22.5,51.3,13.6
India,Uttar Pradesh,Noida,OZONE,16,36,28,12,Good,16.3,60.9,2.1
India,Uttar Pradesh,Noida,PM10,46,111,82,60,Moderate,24.2,61,4.2
India,Uttar Pradesh,Prayagraj,PM2.5,14,30,20,7,Good,30,85.9,15.6
India,Uttar Pradesh,Prayagraj,NO2,5,5,5,14,Good,21.4,45.1,22.6
India,Uttar Pradesh,Prayagraj,NH3,7,19,9,16,Good,22.5,81.6,26.5
India,Uttar Pradesh,Prayagraj,NO2,6,6,6,43,Good,35.1,33.6,7.9
India,Uttar Pradesh,Raebareli,NO2,16,23,19,8,Good,35.8,42.9,4.6
India,Uttar Pradesh,Varanasi,CO,14,23,18,27,Good,18.4,94.7,4.9
India,Uttar Pradesh,Varanasi,CO,12,20,13,49,Good,20.7,54.9,19.2
India,Uttar Pradesh,Vrindavan,NO2,27,28,27,33,Good,22,81.5,10.8
India,Uttarakhand,Dehradun,NO2,1,4,2,24,Good,30.8,48.9,11.9
India,Uttarakhand,Dehradun,SO2,0,1,1,18,Good,19.7,67.7,26.2
India,Uttarakhand,Dehradun,OZONE,1,4,3,13,Good,36.6,41.9,17.1
India,Uttarakhand,Kashipur,PM10,37,56,46,22,Good,28.4,64.1,3.6
India,Uttarakhand,Kashipur,NO2,10,45,20,24,Good,25,89.7,18.5
India,Uttarakhand,Kashipur,CO,20,40,30,41,Good,21.8,35,22.9
India,Uttarakhand,Rishikesh,NH3,25,25,25,26,Good,26.3,81,22.1
India,Uttarakhand,Rishikesh,CO,37,37,37,7,Good,36,83.6,23.3
India,West Bengal,Asansol,OZONE,18,36,27,44,Good,21.7,30.6,14.2
India,West Bengal,Asansol,NH3,0,2,0,10,Good,18.7,81.1,21.6
India,West Bengal,Asansol,SO2,,,,385,Hazardous,25.1,79.8,20.6
India,West Bengal,Asansol,CO,10,26,20,35,Good,26.6,51.8,5.9
India,West Bengal,Durgapur,SO2,10,11,11,30,Good,23.1,40.4,22.9
India,West Bengal,Durgapur,OZONE,31,60,44,24,Good,19.7,31.2,25.3
India,West Bengal,Haldia,NH3,4,6,6,8,Good,15.5,33.4,25.4
India,West Bengal,Howrah,PM2.5,1,79,26,13,Good,30,59.8,18.3
India,West Bengal,Howrah,PM2.5,33,55,44,33,Good,27.6,71.9,24.2
India,West Bengal,Howrah,NO2,31,70,48,30,Good,18.4,85.2,11.3
India,West Bengal,Howrah,CO,21,46,36,26,Good,27.4,89.7,8
India,West Bengal,Howrah,OZONE,18,44,30,26,Good,24.7,54.7,26.2
India,West Bengal,Kolkata,PM10,41,94,54,58,Moderate,23.6,87.9,23.2
India,West Bengal,Kolkata,NO2,19,36,24,26,Good,38.2,78.1,29.4
India,West Bengal,Kolkata,OZONE,17,40,27,11,Good,32.2,66,8.2
India,West Bengal,Kolkata,NO2,22,33,25,16,Good,25.4,68.8,1.7
India,West Bengal,Kolkata,NH3,7,8,8,20,Good,31.1,36.9,27.5
India,West Bengal,Kolkata,PM2.5,12,41,31,17,Good,37.4,69.4,14.6
India,West Bengal,Kolkata,PM10,21,33,27,34,Good,38.7,88.6,27.2
India,West Bengal,Kolkata,PM2.5,15,36,23,26,Good,31.4,85.3,21.2
India,West Bengal,Kolkata,PM10,34,48,42,36,Good,32.4,60,24.2
India,West Bengal,Kolkata,NO2,11,15,14,35,Good,21.5,55.7,9.3
India,West Bengal,Kolkata,SO2,8,9,8,47,Good,20.4,63.8,27.5
India,West Bengal,Siliguri,OZONE,22,28,24,21,Good,16.2,42.8,8.6
India,Chhattisgarh,Bhilai,SO2,2,12,7,22,Good,16.2,72.3,23.2
India,Chhattisgarh,Bhilai,OZONE,16,30,23,38,Good,33.5,32,17.3
India,Chhattisgarh,Bilaspur,PM10,15,46,32,1,Good,18.2,53.2,26.1
India,Chhattisgarh,Bilaspur,SO2,8,22,16,0,Good,38.6,53.6,0.1
India,Chhattisgarh,Bilaspur,CO,24,33,29,36,Good,17.4,55.6,1.1
India,Chhattisgarh,Chhal,NO2,4,18,8,28,Good,32.2,36.7,29.4
India,Chhattisgarh,Korba,CO,8,24,13,28,Good,17.5,58,17.5
India,Chhattisgarh,Korba,SO2,8,22,13,35,Good,32.8,36.6,0.3
India,Chhattisgarh,Korba,CO,12,16,14,49,Good,39.3,48.8,3.7
India,Chhattisgarh,Kunjemura,PM10,29,57,43,34,Good,24.5,64.8,0.5
India,Chhattisgarh,Milupara,PM10,35,79,54,92,Moderate,17.8,32.4,26.2
India,Chhattisgarh,Milupara,NH3,1,2,1,0,Good,37.5,45.5,15.1
India,Chhattisgarh,Milupara,OZONE,130,130,130,131,Unhealthy for Sensitive Groups,34.6,93.7,11.3
India,Chhattisgarh,Raipur,NO2,2,9,6,8,Good,28,74.3,2.8
India,Chhattisgarh,Raipur,NH3,4,4,4,29,Good,15.8,88.2,9.7
India,Chhattisgarh,Raipur,NO2,,,,476,Hazardous,36.7,85.6,29.2
India,Chhattisgarh,Raipur,NO2,0,8,3,23,Good,28.4,47.9,1.2
India,Andhra Pradesh,Machilipatnam,SO2,13,19,15,46,Good,36.5,51.3,29.9
India,Andhra Pradesh,Nellore,PM2.5,45,60,51,71,Moderate,21.3,34.4,22.4
India,Andhra Pradesh,Rajamahendravaram,NH3,0,1,1,39,Good,21.9,59.4,3.4
India,Andhra Pradesh,Tirumala,PM10,12,24,18,45,Good,24.2,72.8,13.1
India,Andhra Pradesh,Tirumala,OZONE,13,20,17,23,Good,35.3,42.9,2.5
India,Andhra Pradesh,Tirupati,SO2,11,17,15,20,Good,26,31.6,29.5
India,Andhra Pradesh,Vijayawada,NO2,25,30,28,36,Good,37.9,76.8,8
India,Andhra Pradesh,Vijayawada,PM10,63,84,72,95,Moderate,25.1,85.3,2.3
India,Andhra Pradesh,Vijayawada,CO,19,37,26,2,Good,24,54.7,7.7
India,Andhra Pradesh,Vijayawada,PM10,56,74,62,76,Moderate,18.5,32.6,13.1
India,Andhra Pradesh,Vijayawada,NO2,15,25,18,23,Good,32.9,84.9,21.7
India,Andhra Pradesh,Visakhapatnam,SO2,1,34,10,39,Good,34.7,63.6,24.4
India,Chhattisgarh,Raipur,PM2.5,4,13,8,18,Good,27.7,35.6,18.6
India,Chhattisgarh,Raipur,PM10,17,35,23,30,Good,39.3,59.3,21.9
India,Chhattisgarh,Raipur,CO,18,34,24,35,Good,38.6,92.4,14.7
India,Chhattisgarh,Tumidih,OZONE,27,27,27,35,Good,39.2,42.3,26.7
India,Delhi,Delhi,CO,33,45,38,42,Good,31.2,30.9,5.4
India,Delhi,Delhi,PM2.5,11,39,26,2,Good,27.9,86.5,2
India,Delhi,Delhi,PM2.5,17,99,60,77,Moderate,31.2,91.2,16.4
India,Delhi,Delhi,NO2,5,33,14,4,Good,31.6,43.8,4.2
India,Delhi,Delhi,PM2.5,31,80,53,78,Moderate,30.9,45.3,3.6
India,Delhi,Delhi,NO2,14,28,19,31,Good,18.6,71.6,19.1
India,Delhi,Delhi,SO2,7,68,13,31,Good,31.8,67.2,12.8
India,Delhi,Delhi,SO2,2,4,3,50,Good,23.3,36.6,18
India,Delhi,Delhi,PM2.5,19,59,35,40,Good,38.5,64,26.9
India,Andhra Pradesh,Amaravati,NH3,2,4,3,33,Good,32,83.6,12
India,Andhra Pradesh,Amaravati,SO2,11,19,15,48,Good,34.8,37.1,21.1
India,Andhra Pradesh,Amaravati,CO,4,17,9,30,Good,28.2,57.3,20.4
India,Andhra Pradesh,Anantapur,SO2,9,24,13,14,Good,37.9,73.1,28.9
India,Andhra Pradesh,Chittoor,NO2,29,44,39,2,Good,39.3,43.9,2.3
India,Andhra Pradesh,Chittoor,SO2,11,15,13,30,Good,34.8,51.7,12.3
India,Andhra Pradesh,Eluru,CO,26,37,30,40,Good,39.5,31.9,0.1
India,Andhra Pradesh,Eluru,OZONE,6,17,10,20,Good,23.9,82.3,9.3
India,Andhra Pradesh,Guntur,NO2,22,61,33,23,Good,39.7,92.4,28.6
India,Andhra Pradesh,Kadapa,PM2.5,45,57,55,82,Moderate,33.2,68.5,22.2
India,Andhra Pradesh,Machilipatnam,PM10,59,175,78,85,Moderate,30.3,92.8,19.7
India,Arunachal Pradesh,Naharlagun,PM10,4,61,34,22,Good,31.9,59.9,24.7
India,Arunachal Pradesh,Naharlagun,CO,7,12,10,6,Good,33.7,37.3,5.4
India,Assam,Byrnihat,CO,15,59,45,42,Good,21.4,34.3,11.1
India,Assam,Byrnihat,OZONE,19,35,24,40,Good,36.8,30.7,15.6
India,Assam,Guwahati,PM2.5,19,74,52,78,Moderate,26.4,95,23.6
India,Assam,Guwahati,NO2,11,26,15,49,Good,29,34,25.9
India,Assam,Guwahati,NH3,1,1,1,34,Good,23.2,30.7,4.3
India,Assam,Guwahati,PM10,7,37,18,8,Good,34.6,91.7,16.5
India,Assam,Guwahati,CO,18,30,24,35,Good,32.2,40.7,18.4
India,Assam,Silchar,NH3,1,1,1,42,Good,22.3,31.3,16.7
India,Assam,Silchar,CO,37,55,45,11,Good,38.1,82.2,10.8
India,Assam,Sivasagar,CO,16,22,19,3,Good,28.7,49.7,7
India,Bihar,Araria,SO2,52,66,57,64,Moderate,38.9,73.4,3.7
India,Bihar,Arrah,PM10,28,103,65,51,Moderate,15.8,55.4,8.6
India,Bihar,Arrah,SO2,5,5,5,9,Good,26.4,57.9,28.8
India,Bihar,Aurangabad,PM10,,,,355,Hazardous,37.5,68.5,7.2
India,Bihar,Aurangabad,CO,28,103,93,88,Moderate,32.4,39.1,10.6
India,Bihar,Bettiah,CO,28,41,33,46,Good,30.7,33.4,23.8
India,Bihar,Bettiah,OZONE,20,23,22,6,Good,37.3,90.6,25.7
India,Bihar,Bhagalpur,PM2.5,13,197,40,27,Good,23.3,38.6,9.5
India,Bihar,Bhagalpur,SO2,6,40,22,11,Good,28.1,93.2,28.1
India,Bihar,Bhagalpur,CO,22,49,36,37,Good,20.7,46.2,5.6
India,Bihar,Samastipur,SO2,,,,463,Hazardous,16.7,49,1.7
India,Bihar,Sasaram,PM2.5,,,,452,Hazardous,37.6,79.3,3.7
India,Bihar,Sasaram,NH3,,,,438,Hazardous,38.3,53,19.7
India,Bihar,Sasaram,OZONE,9,19,15,16,Good,31.5,82.7,12
India,Bihar,Siwan,NH3,1,1,1,7,Good,27.2,49.9,7.8
India,Chandigarh,Chandigarh,PM2.5,,,,403,Hazardous,36.9,80.5,2.5
India,Chandigarh,Chandigarh,NO2,,,,324,Hazardous,18.1,47.2,24.7
India,Chandigarh,Chandigarh,NH3,,,,472,Hazardous,28,93,5.2
India,Chandigarh,Chandigarh,CO,34,57,45,40,Good,15.9,40.4,28
India,Chhattisgarh,Bhilai,PM2.5,1,23,7,7,Good,26.1,93.2,23.4
India,Chhattisgarh,Bhilai,SO2,9,32,11,3,Good,21.3,40.6,3
India,Bihar,Patna,PM2.5,23,117,48,10,Good,32,53.8,14.8
India,Bihar,Patna,PM2.5,43,63,51,56,Moderate,26.3,82.9,4.3
India,Bihar,Patna,NO2,29,32,31,37,Good,29.7,47.7,4.8
India,Bihar,Patna,PM2.5,62,66,64,71,Moderate,28.6,54,4.6
India,Bihar,Patna,NH3,,,,478,Hazardous,31.3,45.6,5.8
India,Bihar,Patna,CO,46,53,49,28,Good,32,43.2,28.4
India,Bihar,Rajgir,PM2.5,25,120,59,91,Moderate,15,76.6,5.4
India,Bihar,Rajgir,SO2,3,3,3,50,Good,15.4,78.3,20.8
India,Bihar,Rajgir,CO,37,46,42,45,Good,17,79.9,3.7
India,Bihar,Saharsa,PM2.5,,,,331,Hazardous,30.4,51.7,25.9
India,Bihar,Chhapra,PM2.5,42,73,64,62,Moderate,27.9,55.8,13.9
India,Bihar,Gaya,CO,11,12,12,3,Good,35.6,44.9,2
India,Bihar,Gaya,PM2.5,23,68,43,29,Good,17.3,50.7,11
India,Bihar,Gaya,PM10,31,70,46,42,Good,32.5,93.2,19.3
India,Bihar,Gaya,NO2,16,24,20,16,Good,20.5,31.7,12.5
India,Bihar,Gaya,PM10,17,135,67,52,Moderate,38.5,82.4,21.9
India,Bihar,Gaya,CO,28,28,28,34,Good,36.6,89.1,6.3
India,Bihar,Hajipur,NO2,7,22,12,1,Good,34.9,47.5,25.9
India,Bihar,Kishanganj,NH3,3,3,3,11,Good,33,77.1,17.1
India,Bihar,Manguraha,PM10,,,,463,Hazardous,33.8,40.9,7.8
India,Bihar,Munger,PM10,9,68,33,0,Good,34.5,38.5,20.5
India,Bihar,Muzaffarpur,PM10,58,96,75,69,Moderate,21.2,60.3,19
India,Bihar,Muzaffarpur,NH3,6,9,8,5,Good,30.5,75.5,18.4
India,Bihar,Muzaffarpur,CO,20,32,25,39,Good,33.3,43.8,14.6
India,Bihar,Muzaffarpur,NH3,,,,415,Hazardous,30.8,65.5,14.5
India,Delhi,Delhi,SO2,,,,394,Hazardous,31.1,38.5,16.1
India,Delhi,Delhi,CO,44,69,54,87,Moderate,37.8,70.4,25.8
India,Delhi,Delhi,PM10,32,114,84,82,Moderate,35.7,45.1,3.8
India,Delhi,Delhi,NO2,6,27,12,41,Good,35.6,90.5,7.9
India,Delhi,Delhi,NH3,,,,455,Hazardous,28.9,38,1.3
India,Gujarat,Ahmedabad,PM2.5,27,83,50,3,Good,28.2,87.7,20.4
India,Gujarat,Ahmedabad,OZONE,18,40,27,22,Good,27.1,36.7,14.6
India,Gujarat,Ahmedabad,SO2,13,55,21,20,Good,39.3,39.1,29.8
India,Gujarat,Ahmedabad,CO,23,27,25,15,Good,37.7,34.6,3.1
India,Gujarat,Ahmedabad,NH3,,,,312,Hazardous,33.1,50.8,7.2
India,Gujarat,Ahmedabad,SO2,4,124,72,90,Moderate,27,50.2,3.4
India,Gujarat,Ahmedabad,PM10,37,145,80,52,Moderate,32,69.2,16.9
India,Gujarat,Ahmedabad,CO,19,31,26,20,Good,36,30,22.3
India,Gujarat,Ahmedabad,NH3,1,2,1,27,Good,20.2,84.9,10.3
India,Gujarat,Vadodara,SO2,6,7,7,3,Good,17.4,89.1,0.7
India,Gujarat,Vadodara,CO,94,97,95,69,Moderate,39.8,88.1,4.4
India,Gujarat,Vapi,PM2.5,,,,418,Hazardous,35.4,90.5,20.7
India,Gujarat,Vapi,SO2,,,,370,Hazardous,18.4,50.5,7.6
India,Gujarat,Vatva,PM2.5,61,204,94,58,Moderate,20.7,83,12.5
India,Gujarat,Vatva,NH3,2,2,2,14,Good,31.1,69.9,1.4
India,Haryana,Bahadurgarh,PM2.5,73,285,148,106,Unhealthy for Sensitive Groups,28,55,25.2
India,Haryana,Bahadurgarh,CO,44,49,47,6,Good,21.2,53,0.6
India,Haryana,Ballabgarh,PM10,58,220,114,108,Unhealthy for Sensitive Groups,33.8,37.6,1.3
India,Haryana,Ballabgarh,NH3,4,5,4,50,Good,24.8,43.1,20.3
India,Haryana,Bhiwani,CO,1,5,3,42,Good,34.9,40.8,22.3
India,Haryana,Bhiwani,OZONE,11,19,15,25,Good,34.1,67.6,4.6
India,Haryana,Charkhi Dadri,PM10,55,153,96,89,Moderate,36.4,33,28.9
India,Haryana,Charkhi Dadri,CO,10,16,13,1,Good,24.3,82.6,9.3
India,Haryana,Charkhi Dadri,OZONE,21,35,28,30,Good,19.1,50.7,5.1
India,Haryana,Dharuhera,NH3,9,20,13,49,Good,25.4,89.7,24.4
India,Haryana,Faridabad,PM10,11,274,130,145,Unhealthy for Sensitive Groups,18.4,80.2,24.8
India,Haryana,Faridabad,NH3,11,12,11,3,Good,24.1,67.7,15.4
India,Haryana,Faridabad,NH3,10,12,11,44,Good,36.7,79,1.3
India,Haryana,Fatehabad,PM10,,,,467,Hazardous,17.6,61.7,1.7
India,Haryana,Fatehabad,OZONE,22,41,32,22,Good,32.1,57.5,14.6
India,Haryana,Gurugram,PM2.5,,,,482,Hazardous,31,32.3,17.3
India,Haryana,Gurugram,PM2.5,55,346,157,171,Unhealthy,23.1,40.4,20.6
India,Delhi,Delhi,SO2,13,20,15,42,Good,20.5,44.4,4
India,Delhi,Delhi,CO,37,43,40,27,Good,32.8,89,14.4
India,Delhi,Delhi,PM10,79,191,131,127,Unhealthy for Sensitive Groups,29.1,90.3,11
India,Delhi,Delhi,NH3,6,10,9,25,Good,36.3,76.5,11.4
India,Delhi,Delhi,OZONE,29,35,32,16,Good,19.2,60.7,10.7
India,Delhi,Delhi,PM10,41,197,116,146,Unhealthy for Sensitive Groups,34.3,65.8,14.8
India,Delhi,Delhi,SO2,0,12,4,24,Good,31.1,33.8,13.3
India,Delhi,Delhi,NO2,13,23,17,17,Good,16.2,38.4,21.8
India,Delhi,Delhi,CO,11,19,15,46,Good,39.5,71.8,22.2
India,Delhi,Delhi,PM10,30,122,83,54,Moderate,34.6,34.7,26.9
India,Delhi,Delhi,NO2,6,20,12,13,Good,17.1,31.7,15.8
India,Delhi,Delhi,OZONE,22,84,49,50,Good,19.5,44.3,16.3
India,Delhi,Delhi,CO,41,50,46,18,Good,15.7,56.1,24.4
India,Delhi,Delhi,PM2.5,38,331,109,128,Unhealthy for Sensitive Groups,28,66.1,22.7
India,Delhi,Delhi,NO2,8,27,15,31,Good,21.4,31.2,7.5
India,Delhi,Delhi,PM2.5,12,60,37,17,Good,36.1,39.6,5.2
India,Delhi,Delhi,PM10,40,111,82,55,Moderate,29.8,93.4,12.5
India,Delhi,Delhi,NO2,24,74,38,8,Good,18.2,55.7,8.3
India,Delhi,Delhi,PM10,68,149,119,123,Unhealthy for Sensitive Groups,34.5,71,15.6
India,Delhi,Delhi,NH3,14,24,18,18,Good,32.4,62.4,13.1
India,Delhi,Delhi,PM2.5,40,97,68,84,Moderate,18.4,61.2,21.6
India,Delhi,Delhi,CO,30,103,79,52,Moderate,28.9,82.8,22.3
India,Delhi,Delhi,PM2.5,28,94,64,75,Moderate,20.4,44.5,14.1
India,Delhi,Delhi,NO2,14,42,23,42,Good,26.8,83.3,1.1
India,Delhi,Delhi,NH3,8,15,11,47,Good,31.2,36.8,6.9
India,Delhi,Delhi,PM2.5,18,96,70,51,Moderate,35.3,74.1,0.5
India,Delhi,Delhi,NO2,29,82,52,94,Moderate,25.8,53.5,9.9
India,Delhi,Delhi,CO,12,18,15,5,Good,24.8,72.4,9.3
India,Delhi,Delhi,PM2.5,36,95,69,66,Moderate,32.1,31.9,13.1
India,Delhi,Delhi,NO2,7,16,10,18,Good,36.9,76.6,3.1
India,Delhi,Delhi,CO,28,33,30,12,Good,17.9,58.1,18.8
India,Gujarat,Gandhinagar,PM10,82,126,113,138,Unhealthy for Sensitive Groups,22.1,35.9,25.8
India,Gujarat,Gandhinagar,PM10,41,81,59,68,Moderate,16.6,40.2,13.7
India,Gujarat,Mehsana,NH3,0,1,0,30,Good,37.9,61.9,7.3
India,Gujarat,Mehsana,SO2,12,14,13,25,Good,24.2,61.7,7.1
India,Gujarat,Nandesari,CO,23,86,38,36,Good,31.8,62.4,26.1
India,Gujarat,Nandesari,OZONE,,,,416,Hazardous,17.4,87.2,8.1
India,Gujarat,Surat,PM10,17,129,69,60,Moderate,38.7,55.4,10.8
India,Gujarat,Surat,NO2,12,84,39,17,Good,22.5,84.8,2.7
India,Delhi,Delhi,CO,48,66,57,68,Moderate,16.4,55.8,8.1
India,Delhi,Delhi,NH3,3,11,5,29,Good,38.7,82.8,5.3
India,Delhi,Delhi,SO2,10,21,15,12,Good,22.4,51.8,11.9
India,Delhi,Delhi,OZONE,9,29,20,1,Good,20.1,50,1.3
India,Delhi,Delhi,NO2,19,68,32,6,Good,24.5,52.8,16.4
India,Delhi,Delhi,PM2.5,38,114,59,87,Moderate,20.3,88.4,18.6
India,Gujarat,Ahmedabad,PM10,36,85,48,17,Good,27.5,84.8,8.4
India,Gujarat,Ankleshwar,PM2.5,,,,356,Hazardous,21.3,84.6,20.9
India,Gujarat,Gandhinagar,CO,12,22,18,28,Good,17.6,41.5,26.4
India,Gujarat,Gandhinagar,OZONE,6,35,19,48,Good,31.4,40.2,8.8
India,Jammu and Kashmir,Pampore,PM2.5,29,91,58,93,Moderate,21.1,43.9,16.7
India,Jammu and Kashmir,Pampore,PM10,42,119,81,77,Moderate,22.6,73.1,29.2
India,Jammu and Kashmir,Pampore,CO,,,,403,Hazardous,31.4,56.7,3.9
India,Jammu and Kashmir,Srinagar,PM10,40,68,49,22,Good,24.8,89.6,12.9
India,Jammu and Kashmir,Srinagar,NO2,19,20,19,41,Good,37.9,90.3,29.1
India,Jammu and Kashmir,Srinagar,PM2.5,2,331,45,16,Good,21.8,74.9,9.6
India,Jammu and Kashmir,Srinagar,NO2,0,25,20,21,Good,33,82.9,9.5
India,Jharkhand,Dhanbad,PM2.5,,,,365,Hazardous,35,83.7,8.2
India,Jharkhand,Dhanbad,PM10,4,500,266,226,Very Unhealthy,17.7,42.5,2.9
India,Jharkhand,Dhanbad,NO2,90,111,96,70,Moderate,26.6,64.3,11.9
India,Jharkhand,Jorapokhar,NO2,8,8,8,11,Good,30.4,80.1,17.3
India,Jharkhand,Jorapokhar,CO,38,40,39,32,Good,21.6,62.2,12
India,Karnataka,Bagalkot,CO,12,43,27,1,Good,18.5,41.7,24
India,Karnataka,Bengaluru,NH3,,,,413,Hazardous,22,53.9,7.3
India,Karnataka,Bengaluru,OZONE,,,,443,Hazardous,20.8,83.8,11.5
India,Haryana,Gurugram,NH3,4,8,6,24,Good,28.4,84.5,7.5
India,Haryana,Gurugram,SO2,5,39,17,19,Good,37.7,35.8,3.4
India,Haryana,Gurugram,PM10,92,205,128,129,Unhealthy for Sensitive Groups,15.2,61,8.9
India,Haryana,Gurugram,CO,43,48,46,45,Good,16.8,92.6,19.7
India,Haryana,Hisar,PM10,108,222,129,121,Unhealthy for Sensitive Groups,34.8,56.5,11.3
India,Haryana,Jind,CO,2,116,22,29,Good,39.5,31.8,13.9
India,Haryana,Karnal,OZONE,5,5,5,25,Good,29.3,80.6,24.7
India,Haryana,Kurukshetra,PM2.5,48,105,69,86,Moderate,39.4,63.5,29
India,Haryana,Kurukshetra,NO2,14,17,15,4,Good,19.6,68.5,9.5
India,Haryana,Mandikhera,NO2,20,23,21,14,Good,39.4,52.2,17.3
India,Haryana,Manesar,SO2,6,38,11,14,Good,23.2,88.2,28.4
India,Karnataka,Bengaluru,PM2.5,34,47,38,42,Good,20.4,63.7,17.9
India,Karnataka,Bengaluru,CO,34,35,34,16,Good,21.4,85.2,22.4
India,Karnataka,Bengaluru,PM10,40,58,46,16,Good,39.1,88.1,3.3
India,Karnataka,Bengaluru,OZONE,24,25,25,41,Good,32.7,44.1,23.3
India,Karnataka,Bengaluru,PM10,7,47,26,49,Good,36.5,79.9,6.8
India,Karnataka,Bengaluru,PM2.5,10,40,21,6,Good,33.9,47.9,28.4
India,Karnataka,Bengaluru,PM10,13,57,29,36,Good,32.6,79.2,15.4
India,Karnataka,Chamarajanagar,PM2.5,29,38,31,43,Good,32.4,52.9,24.1
India,Karnataka,Chamarajanagar,PM10,44,50,46,35,Good,20.4,53.6,13.2
India,Karnataka,Chamarajanagar,OZONE,25,38,29,27,Good,39.2,63.8,8
India,Karnataka,Chikkaballapur,PM2.5,9,31,16,23,Good,22.8,49.3,22.8
India,Karnataka,Chikkaballapur,CO,23,33,29,22,Good,39.5,78.4,8.5
India,Haryana,Palwal,NH3,8,9,9,21,Good,15.3,33.4,13.2
India,Haryana,Palwal,OZONE,10,10,10,50,Good,35.2,42.5,7.3
India,Haryana,Panipat,SO2,35,35,35,41,Good,30.4,59.8,23.8
India,Haryana,Panipat,CO,20,31,28,50,Good,19,52.6,9
India,Haryana,Rohtak,PM2.5,28,95,67,51,Moderate,15.8,68.5,17.5
India,Haryana,Sirsa,SO2,0,20,7,24,Good,39.5,71.6,25
India,Haryana,Sonipat,SO2,34,38,36,4,Good,39.6,46.8,14.4
India,Haryana,Sonipat,CO,10,17,13,9,Good,21.3,35.1,23.4
India,Haryana,Yamuna Nagar,PM2.5,41,392,113,105,Unhealthy for Sensitive Groups,20.8,46.6,3.7
India,Haryana,Yamuna Nagar,PM10,43,387,101,133,Unhealthy for Sensitive Groups,35.9,47.3,3.5
India,Haryana,Yamuna Nagar,OZONE,15,22,17,20,Good,37.5,87.6,15.5
India,Kerala,Kollam,NH3,1,1,1,10,Good,31.3,73.5,25.6
India,Kerala,Thiruvananthapuram,NO2,,,,427,Hazardous,33.1,43.7,10.4
India,Kerala,Thiruvananthapuram,NO2,6,7,6,3,Good,25.8,90.1,12.9
India,Kerala,Thrissur,NH3,0,0,0,25,Good,15.9,30.6,17.8
India,Kerala,Thrissur,SO2,0,1,0,7,Good,23.6,93.6,2.2
India,Kerala,Thrissur,CO,10,19,14,15,Good,34.7,43.6,11.3
India,Madhya Pradesh,Bhopal,CO,13,17,15,3,Good,29.3,53.1,13.2
India,Madhya Pradesh,Bhopal,PM10,7,71,37,34,Good,37.8,68.2,10.4
India,Madhya Pradesh,Bhopal,PM2.5,,,,496,Hazardous,18.2,39.5,24.9
India,Karnataka,Dharwad,NH3,5,6,6,26,Good,20.2,86.5,19.9
India,Karnataka,Gadag,NO2,0,1,0,5,Good,36,76.5,20.3
India,Karnataka,Gadag,CO,9,13,10,4,Good,21.2,48,6.8
India,Karnataka,Hubballi,CO,10,13,12,45,Good,25,71.1,13.8
India,Karnataka,Kalaburagi,NO2,10,17,14,28,Good,20.2,43.8,18.4
India,Karnataka,Karwar,PM2.5,,,,463,Hazardous,24.1,48.8,4
India,Karnataka,Karwar,SO2,,,,333,Hazardous,33.4,78.7,18.1
India,Madhya Pradesh,Indore,PM10,6,28,17,27,Good,29.2,90.7,29
India,Madhya Pradesh,Indore,NO2,,,,340,Hazardous,32.9,61,1.3
India,Madhya Pradesh,Indore,NO2,58,100,75,81,Moderate,21.5,91.8,4.2
India,Madhya Pradesh,Indore,CO,22,30,27,26,Good,17.6,39.8,21.8
India,Madhya Pradesh,Indore,OZONE,19,29,24,38,Good,33.7,35.1,13.3
India,Madhya Pradesh,Indore,NH3,0,1,0,23,Good,25.6,64.8,3.2
India,Madhya Pradesh,Indore,PM2.5,8,41,20,48,Good,19,94.3,6.5
India,Madhya Pradesh,Dewas,NO2,,,,464,Hazardous,34,34.4,13.5
India,Madhya Pradesh,Dewas,SO2,,,,390,Hazardous,27.9,56,25.1
India,Madhya Pradesh,Gwalior,PM2.5,3,63,23,26,Good,36.8,33.5,4.1
India,Madhya Pradesh,Gwalior,PM10,6,101,50,15,Good,29.1,52.2,17.8
India,Madhya Pradesh,Gwalior,CO,30,69,47,40,Good,27.6,53.3,9.8
India,Karnataka,Mangalore,PM2.5,19,24,22,31,Good,24.3,45,25
India,Karnataka,Mangalore,SO2,,,,353,Hazardous,21.4,45.8,9.7
India,Karnataka,Mysuru,SO2,0,5,3,44,Good,17.7,82.1,13.9
India,Karnataka,Yadgir,NH3,0,1,1,41,Good,35.6,48.7,7.9
India,Madhya Pradesh,Mandideep,SO2,3,49,12,4,Good,39.9,75.3,9.4
India,Madhya Pradesh,Mandideep,OZONE,25,59,38,26,Good,21.8,83.9,23.4
India,Madhya Pradesh,Pithampur,PM2.5,3,58,27,16,Good,38.6,60.9,4.9
India,Madhya Pradesh,Pithampur,NO2,3,31,12,15,Good,34.1,70.6,24.3
India,Madhya Pradesh,Pithampur,SO2,3,28,11,38,Good,32.3,41.5,21.2
India,Madhya Pradesh,Ratlam,PM2.5,0,60,32,41,Good,27.6,52.7,25.5
India,Madhya Pradesh,Ratlam,NH3,,,,448,Hazardous,29.3,40.7,9.4
India,Madhya Pradesh,Ratlam,OZONE,,,,442,Hazardous,19.8,73.1,20.5
India,Madhya Pradesh,Sagar,NO2,,,,475,Hazardous,24.1,40.8,11.2
India,Madhya Pradesh,Sagar,NH3,6,6,6,8,Good,18.8,34.2,11.7
India,Madhya Pradesh,Sagar,CO,32,44,37,15,Good,23,72.8,10.3
India,Madhya Pradesh,Satna,PM2.5,49,52,50,9,Good,20.9,37.4,2.8
India,Madhya Pradesh,Satna,NO2,12,13,13,31,Good,19.7,59.1,22.3
India,Madhya Pradesh,Singrauli,PM10,22,128,65,57,Moderate,26.4,88.2,7.8
India,Madhya Pradesh,Singrauli,SO2,33,75,44,27,Good,25.4,92.4,28.8
India,Madhya Pradesh,Singrauli,CO,23,45,30,50,Good,32.6,32.9,20.9
India,Madhya Pradesh,Ujjain,PM2.5,3,77,35,27,Good,32.9,50.5,17.8
India,Maharashtra,Ahmednagar,PM2.5,4,28,12,21,Good,25.9,74.9,5
India,Maharashtra,Ahmednagar,PM10,11,27,18,39,Good,35.6,61.5,14.4
India,Maharashtra,Ahmednagar,NO2,5,22,13,31,Good,32.1,35.7,7
India,Maharashtra,Akola,NO2,5,16,8,33,Good,32.8,42.3,23.3
India,Maharashtra,Akola,OZONE,15,33,23,17,Good,20.6,69.3,10.9
India,Maharashtra,Ambernath,NO2,11,40,23,24,Good,22.4,85.5,23.3
India,Maharashtra,Ambernath,SO2,3,9,6,18,Good,22.3,38.9,17.4
India,Maharashtra,Amravati,PM10,13,72,32,8,Good,19.8,59.5,7.1
India,Maharashtra,Nashik,OZONE,10,13,11,43,Good,16.7,94.3,24.7
India,Maharashtra,Navi Mumbai,CO,19,41,31,12,Good,19.1,50,24.4
India,Maharashtra,Navi Mumbai,PM2.5,3,21,6,23,Good,31.6,38.8,20.8
India,Maharashtra,Navi Mumbai,NH3,,,,388,Hazardous,24.9,68.1,11.5
India,Maharashtra,Navi Mumbai,NH3,6,10,8,31,Good,26.1,37.2,12.8
India,Maharashtra,Navi Mumbai,SO2,3,4,3,0,Good,29.2,39.1,24.2
India,Maharashtra,Navi Mumbai,PM2.5,,,,377,Hazardous,31.3,47.4,11.2
India,Maharashtra,Navi Mumbai,CO,,,,334,Hazardous,20.7,54.8,13.2
India,Maharashtra,Navi Mumbai,NO2,3,11,7,18,Good,37,44,26.7
India,Maharashtra,Parbhani,PM2.5,18,31,24,43,Good,23,40.3,7.4
India,Maharashtra,Parbhani,OZONE,6,8,7,43,Good,34,63.6,16.2
India,Maharashtra,Pimpri-Chinchwad,SO2,0,3,2,23,Good,30.8,54.8,7.1
India,Maharashtra,Pimpri-Chinchwad,OZONE,13,18,16,29,Good,21.9,58.7,19.2
India,Maharashtra,Pimpri-Chinchwad,PM2.5,,,,374,Hazardous,29.1,56.4,26.7
India,Maharashtra,Mumbai,NH3,2,11,4,17,Good,29.3,73,12.9
India,Maharashtra,Mumbai,SO2,0,3,1,16,Good,36.4,83.5,8.6
India,Maharashtra,Mumbai,PM10,10,44,22,49,Good,39.8,50.2,18
India,Maharashtra,Mumbai,CO,,,,303,Hazardous,24.3,69.5,14
India,Maharashtra,Mumbai,PM2.5,,,,452,Hazardous,31.5,63.3,18.6
India,Maharashtra,Mumbai,PM10,,,,466,Hazardous,19,55.9,5
India,Maharashtra,Mumbai,NO2,37,40,38,48,Good,23.3,56.6,3.4
India,Maharashtra,Mumbai,NH3,6,7,6,0,Good,36.6,63.1,9.9
India,Maharashtra,Mumbai,SO2,,,,417,Hazardous,29.8,37.7,17.8
India,Maharashtra,Mumbai,OZONE,,,,417,Hazardous,23.7,43.3,20.9
India,Maharashtra,Mumbai,OZONE,4,10,7,29,Good,34.8,86.3,23.3
India,Maharashtra,Mumbai,NO2,,,,431,Hazardous,38.6,50.9,17
India,Maharashtra,Mumbai,SO2,18,41,22,4,Good,20.4,86.2,26
India,Maharashtra,Mumbai,PM10,12,29,19,28,Good,17.2,65.9,4.6
India,Maharashtra,Mumbai,NH3,,,,461,Hazardous,31,73,17.1
India,Maharashtra,Mumbai,SO2,,,,367,Hazardous,25.7,53,12.5
India,Maharashtra,Mumbai,CO,16,19,18,14,Good,16.7,33.9,12
India,Maharashtra,Mumbai,PM10,17,93,47,23,Good,24.8,72.9,12.5
India,Maharashtra,Mumbai,NH3,0,9,1,28,Good,26.7,79.8,26.2
India,Maharashtra,Mumbai,CO,38,41,39,45,Good,20.3,49.4,13.8
India,Maharashtra,Mumbai,SO2,1,16,6,12,Good,24.9,50.7,29.1
India,Maharashtra,Mumbai,OZONE,32,38,34,47,Good,26.2,38.8,28.8
India,Maharashtra,Mumbai,PM10,18,48,28,41,Good,21.7,39.6,18.4
India,Maharashtra,Mumbai,OZONE,7,16,13,0,Good,28.9,88.5,22.9
India,Maharashtra,Mumbai,PM10,29,45,35,41,Good,20.9,57.3,12.2
India,Maharashtra,Mumbai,SO2,0,68,12,5,Good,39.1,36.5,1.3
India,Maharashtra,Mumbai,PM2.5,5,30,14,15,Good,37.5,45.5,20
India,Maharashtra,Mumbai,NO2,4,14,11,7,Good,18.1,77.8,29.5
India,Maharashtra,Mumbai,NH3,1,3,2,24,Good,22.2,38.5,26.6
India,Maharashtra,Mumbai,SO2,7,11,9,19,Good,27.9,70.7,20.2
India,Maharashtra,Boisar,NH3,1,8,5,42,Good,20.5,67.9,1.3
India,Maharashtra,Boisar,CO,6,26,13,16,Good,33.4,80.5,24.9
India,Maharashtra,Boisar,OZONE,6,15,10,16,Good,22.2,81.4,16.9
India,Maharashtra,Chandrapur,NH3,2,2,2,47,Good,25.3,72.5,11.4
India,Maharashtra,Chandrapur,PM2.5,18,28,20,31,Good,36.5,76.9,25.3
India,Maharashtra,Chandrapur,SO2,3,25,7,11,Good,38,89.2,26.9
India,Maharashtra,Hingoli,OZONE,18,37,28,0,Good,17,71.6,11.5
India,Maharashtra,Jalgaon,PM10,18,70,35,25,Good,15.4,31.4,14
India,Maharashtra,Jalgaon,NO2,9,19,12,30,Good,30.5,66.8,0.1
India,Maharashtra,Jalgaon,CO,30,50,37,20,Good,17,41,11.1
India,Maharashtra,Kalyan,OZONE,12,12,12,0,Good,29.7,60.1,0.4
India,Maharashtra,Kolhapur,PM10,6,41,20,39,Good,19.7,30.6,10.3
India,Maharashtra,Mumbai,NO2,6,25,15,37,Good,36.9,77,26.1
India,Maharashtra,Mumbai,CO,4,13,8,1,Good,18.1,89,25.4
India,Maharashtra,Nagpur,CO,10,48,19,18,Good,34.8,94.8,0.5
India,Maharashtra,Nagpur,PM2.5,15,65,32,49,Good,28.5,80.3,29.5
India,Maharashtra,Nagpur,NO2,7,33,13,46,Good,22.4,72.4,24.7
India,Maharashtra,Nanded,NH3,3,5,4,16,Good,39.2,48.5,26
India,Maharashtra,Nashik,OZONE,12,17,14,17,Good,38.1,75.7,1.5
India,Maharashtra,Nashik,NH3,2,3,3,15,Good,31.9,87,28.2
India,Maharashtra,Nashik,PM2.5,5,11,7,39,Good,26.5,59.7,6.8
India,Maharashtra,Nashik,NH3,3,4,4,21,Good,35.8,70.4,11.1
India,Maharashtra,Nashik,PM10,9,27,18,38,Good,36.4,63.4,15.7
India,Madhya Pradesh,Jabalpur,CO,10,17,14,43,Good,34.2,68,27.8
India,Madhya Pradesh,Jabalpur,NO2,17,39,26,27,Good,28.2,30.9,3.8
India,Madhya Pradesh,Jabalpur,CO,60,71,64,75,Moderate,18.2,67.9,15.9
India,Madhya Pradesh,Jabalpur,OZONE,39,65,54,58,Moderate,34.2,60.1,27.9
India,Madhya Pradesh,Jabalpur,PM2.5,19,53,36,22,Good,16.4,91.4,26.6
India,Madhya Pradesh,Jabalpur,NH3,2,2,2,40,Good,29,58,5.4
India,Madhya Pradesh,Jabalpur,OZONE,2,3,3,7,Good,18.2,88.6,11
India,Madhya Pradesh,Jabalpur,PM10,9,73,28,48,Good,20.9,67.9,11.4
India,Madhya Pradesh,Maihar,SO2,6,6,6,6,Good,20.9,70.4,3.5
India,Madhya Pradesh,Maihar,CO,20,21,21,1,Good,27.3,92.6,12.6
India,Madhya Pradesh,Mandideep,PM2.5,2,79,32,43,Good,17.3,40.8,0.4
India,Madhya Pradesh,Mandideep,NH3,9,10,10,50,Good,35.9,90.6,28.5
India,Maharashtra,Aurangabad,NH3,2,3,2,48,Good,32.9,39.4,12.1
India,Maharashtra,Aurangabad,NH3,7,8,7,26,Good,30,36.9,18.6
India,Maharashtra,Aurangabad,CO,29,41,35,35,Good,15.8,89.6,11.1
India,Maharashtra,Aurangabad,OZONE,10,15,13,20,Good,26.1,80.5,10.8
India,Maharashtra,Aurangabad,SO2,5,10,7,50,Good,27,92.5,23.1
India,Maharashtra,Badlapur,NO2,10,29,20,18,Good,31.6,41.3,28.3
India,Maharashtra,Beed,PM10,3,267,40,30,Good,28.3,56.1,23.4
India,Maharashtra,Beed,NO2,7,28,14,11,Good,20.7,45.4,19.4
India,Maharashtra,Beed,SO2,3,6,4,24,Good,15.5,93.2,25.8
India,Maharashtra,Belapur,SO2,0,7,4,26,Good,38.5,77.4,8.9
India,Maharashtra,Bhiwandi,NO2,17,34,25,22,Good,34.8,45.5,8.6
India,Maharashtra,Kolhapur,CO,15,26,21,42,Good,19.9,72.5,17.8
India,Maharashtra,Mahad,CO,24,42,34,46,Good,25.1,75.4,24.1
India,Maharashtra,Mahad,OZONE,20,43,33,25,Good,33.8,42.3,12.3
India,Maharashtra,Mira-Bhayandar,OZONE,6,16,12,17,Good,27.6,89.5,28.1
India,Maharashtra,Mumbai,PM10,10,27,18,27,Good,25.6,37.6,22.3
India,Maharashtra,Mumbai,CO,23,32,28,24,Good,22.1,43.7,15.7
India,Maharashtra,Mumbai,OZONE,14,23,18,8,Good,22.6,58.9,7.3
India,Maharashtra,Mumbai,NO2,6,7,7,4,Good,36.2,64.2,8.4
India,Odisha,Rourkela,PM10,56,98,66,71,Moderate,20.4,88.3,27.5
India,Odisha,Rourkela,SO2,6,12,11,27,Good,27.4,54.5,16.3
India,Odisha,Rourkela,CO,30,42,35,7,Good,39.4,81.1,14.4
India,Odisha,Tensa,SO2,,,,321,Hazardous,38.2,57,18.4
India,Odisha,Tensa,CO,,,,375,Hazardous,33.7,41,27.9
India,Puducherry,Puducherry,SO2,5,12,8,50,Good,15.8,59.9,2.2
India,Punjab,Amritsar,PM10,94,102,97,54,Moderate,27.2,69.1,21.7
India,Punjab,Amritsar,NO2,14,58,31,23,Good,27.4,55.5,2
India,Punjab,Bathinda,NH3,,,,448,Hazardous,31.7,42.4,20.7
India,Punjab,Bathinda,SO2,,,,407,Hazardous,34,37.8,3.3
India,Punjab,Bathinda,CO,24,52,47,14,Good,20.5,61,12.8
India,Punjab,Jalandhar,PM2.5,36,348,88,62,Moderate,18.8,89.2,0.5
India,Punjab,Jalandhar,NO2,25,30,28,14,Good,18.3,91.3,28.6
India,Punjab,Jalandhar,CO,50,54,52,95,Moderate,22.5,32.6,22.9
India,Punjab,Jalandhar,OZONE,42,46,45,22,Good,20,81.4,26.7
India,Punjab,Khanna,NO2,26,29,28,13,Good,29.9,47.8,26.2
India,Punjab,Khanna,NH3,7,8,7,48,Good,30.8,55.2,19.2
India,Punjab,Ludhiana,PM2.5,67,92,78,80,Moderate,27.3,65.5,15.4
India,Punjab,Ludhiana,NH3,8,10,9,10,Good,19.9,78.9,18.9
India,Rajasthan,Jaipur,NO2,7,159,31,39,Good,31.6,90.1,12
India,Rajasthan,Jaipur,NH3,2,3,2,33,Good,22,91.2,23.2
India,Rajasthan,Jaipur,NH3,9,10,10,37,Good,25.7,55.6,27.3
India,Rajasthan,Jaipur,OZONE,30,141,68,63,Moderate,34,73,23.2
India,Rajasthan,Jaisalmer,PM10,42,183,108,139,Unhealthy for Sensitive Groups,15.4,94.1,26.9
India,Rajasthan,Jalore,SO2,4,10,5,50,Good,33.3,71.5,23.3
India,Rajasthan,Jalore,CO,13,25,18,37,Good,27.1,81.1,7.9
India,Rajasthan,Jhalawar,OZONE,41,59,50,13,Good,20,40.6,24.3
India,Rajasthan,Jhunjhunu,PM2.5,10,103,43,30,Good,39.7,64.3,23.4
India,Rajasthan,Jhunjhunu,PM10,49,197,129,129,Unhealthy for Sensitive Groups,22.7,50.4,10.8
India,Rajasthan,Jodhpur,PM2.5,7,68,33,10,Good,26.4,37.3,6.2
India,Rajasthan,Jodhpur,NH3,2,3,2,38,Good,28.8,90.5,11.4
India,Rajasthan,Jodhpur,SO2,1,6,2,20,Good,30.9,67.6,15.1
India,Rajasthan,Jodhpur,NO2,9,17,11,27,Good,32.2,63.4,16.8
India,Rajasthan,Jodhpur,OZONE,40,68,55,94,Moderate,33.9,38.7,22
India,Maharashtra,Pune,OZONE,1,6,3,18,Good,36.6,61.4,10.7
India,Maharashtra,Pune,PM2.5,,,,452,Hazardous,31.1,89.5,1.7
India,Maharashtra,Pune,NH3,,,,333,Hazardous,21.3,94.4,20.1
India,Maharashtra,Pune,OZONE,3,16,13,47,Good,16.7,62.9,6.8
India,Maharashtra,Pune,PM2.5,10,44,23,15,Good,36.6,84.1,13.3
India,Maharashtra,Satara,OZONE,38,47,42,15,Good,27.6,78.7,7.4
India,Maharashtra,Solapur,NH3,7,15,10,6,Good,27.3,30.5,0.2
India,Maharashtra,Solapur,SO2,0,9,2,3,Good,19,78,18.8
India,Maharashtra,Solapur,OZONE,8,12,10,28,Good,30.5,70.9,25.7
India,Maharashtra,Thane,PM2.5,11,24,17,24,Good,25.3,74.3,26.6
India,Maharashtra,Thane,OZONE,8,20,14,6,Good,27.1,30.9,3.8
India,Maharashtra,Thane,PM10,10,35,25,20,Good,35.3,40.1,9.6
India,Maharashtra,Thane,NO2,17,59,29,7,Good,15.6,46.2,12
India,Maharashtra,Thane,CO,7,19,13,7,Good,21.6,67.9,1.7
India,Maharashtra,Ulhasnagar,NH3,,,,379,Hazardous,18.1,37.5,15.8
India,Rajasthan,Bundi,SO2,2,8,4,15,Good,38.7,80.8,20.4
India,Rajasthan,Bundi,CO,18,45,31,39,Good,19.1,32.5,15.3
India,Rajasthan,Chittorgarh,PM10,24,81,59,57,Moderate,21.8,74.3,28.5
India,Rajasthan,Chittorgarh,OZONE,50,74,66,78,Moderate,30.5,72,29.7
India,Rajasthan,Churu,PM2.5,9,89,36,27,Good,17.6,76.7,10.5
India,Rajasthan,Churu,NO2,4,27,9,5,Good,33.9,75.8,17.6
India,Rajasthan,Dausa,SO2,0,3,1,2,Good,15.9,60.4,26.5
India,Rajasthan,Dholpur,PM10,,,,356,Hazardous,33,81.4,15.2
India,Rajasthan,Dungarpur,NO2,4,11,5,49,Good,19.5,37.7,21.8
India,Rajasthan,Dungarpur,CO,31,37,34,17,Good,26.6,33.1,16
India,Rajasthan,Jaipur,OZONE,15,39,30,11,Good,24.5,57.8,2.1
India,Rajasthan,Jaipur,PM2.5,70,107,79,94,Moderate,25.8,63.3,24.6
India,Rajasthan,Jaipur,CO,40,101,60,74,Moderate,17.4,37.4,7.7
India,Punjab,Ludhiana,CO,14,35,25,40,Good,26.2,79.7,6.1
India,Punjab,Patiala,SO2,5,15,9,40,Good,26.3,70.4,26.2
India,Punjab,Patiala,CO,24,30,27,15,Good,26.8,93.4,18.5
India,Punjab,Patiala,OZONE,21,46,31,46,Good,31.2,69.1,24.8
India,Punjab,Rupnagar,PM10,21,116,62,97,Moderate,24.8,41.3,19.2
India,Punjab,Rupnagar,CO,50,60,54,52,Moderate,30.1,91.5,5.3
India,Rajasthan,Ajmer,OZONE,13,20,17,32,Good,30.2,51,3.8
India,Rajasthan,Alwar,OZONE,18,85,45,48,Good,29.5,73.7,23.6
India,Rajasthan,Baran,PM10,23,110,57,100,Moderate,26.7,76.9,22.2
India,Rajasthan,Baran,SO2,8,11,9,43,Good,22.9,56.2,7.9
India,Rajasthan,Barmer,CO,12,23,17,47,Good,38.4,92.5,22.1
India,Rajasthan,Bharatpur,PM10,5,74,39,20,Good,38.2,55.8,8.7
India,Odisha,Balasore,SO2,3,5,4,27,Good,32.2,93.4,2.8
India,Odisha,Barbil,OZONE,13,50,30,24,Good,33,88.6,24
India,Odisha,Bhubaneswar,OZONE,24,62,36,8,Good,37.9,57.8,21.1
India,Odisha,Bhubaneswar,SO2,4,4,4,16,Good,33.8,60.1,18.3
India,Odisha,Bileipada,NO2,14,15,14,34,Good,16.4,82.4,12.8
India,Odisha,Bileipada,CO,25,38,30,38,Good,24.4,72.1,14.5
India,Odisha,Brajrajnagar,NO2,22,23,23,41,Good,36.2,66.3,27.3
India,Odisha,Byasanagar,PM2.5,2,62,30,33,Good,37,63.8,11.7
India,Odisha,Byasanagar,CO,20,51,38,10,Good,18.2,42.8,1.8
India,Odisha,Rairangpur,PM2.5,13,36,20,5,Good,25.9,45.3,26.9
India,Odisha,Rairangpur,NH3,3,3,3,6,Good,16.4,59.4,27.3
India,Odisha,Rairangpur,SO2,7,15,11,13,Good,17.7,55.4,3.2
India,Maharashtra,Ulhasnagar,NH3,4,8,6,49,Good,35.4,76.2,18.7
India,Maharashtra,Ulhasnagar,SO2,2,8,6,34,Good,17.8,70.4,5
India,Maharashtra,Virar,PM10,,,,319,Hazardous,19.5,79.6,7.8
India,Maharashtra,Virar,NH3,,,,396,Hazardous,38.5,59.3,21.3
India,Meghalaya,Shillong,PM2.5,,,,481,Hazardous,27.1,85.2,10.6
India,Meghalaya,Shillong,NO2,,,,436,Hazardous,15.1,44.1,25.6
India,Mizoram,Aizawl,PM2.5,,,,405,Hazardous,15.2,41.8,1
India,Nagaland,Kohima,CO,1,7,5,15,Good,25.7,84.6,12.1
India,Nagaland,Kohima,OZONE,0,0,0,43,Good,16.2,46.9,16.7
India,Odisha,Angul,NO2,8,15,11,50,Good,22.4,66.8,3
India,Odisha,Angul,CO,52,74,60,71,Moderate,15.6,45.1,2.5
India,Odisha,Balasore,NH3,2,11,3,12,Good,16.7,55.5,20.9
India,Maharashtra,Pimpri-Chinchwad,OZONE,10,11,10,46,Good,18.6,35.1,0.7
India,Maharashtra,Pimpri-Chinchwad,PM10,45,63,53,59,Moderate,17.5,56.1,29.8
India,Maharashtra,Pimpri-Chinchwad,NO2,10,56,21,32,Good,22.3,39.4,29.9
India,Maharashtra,Pimpri-Chinchwad,SO2,1,2,2,29,Good,25,43.1,26.8
India,Maharashtra,Pimpri-Chinchwad,NO2,6,34,18,45,Good,26.8,49.1,0.5
India,Maharashtra,Pimpri-Chinchwad,CO,18,28,26,44,Good,19.8,84.9,13.7
India,Maharashtra,Pimpri-Chinchwad,SO2,1,2,1,37,Good,37.9,41.9,17.2
India,Maharashtra,Pune,NO2,10,28,18,41,Good,35.9,86.6,12.1
India,Rajasthan,Bhiwadi,PM2.5,32,232,92,60,Moderate,31.6,89.2,17.6
India,Rajasthan,Bhiwadi,OZONE,25,37,32,23,Good,39.8,47.5,12.6
India,Rajasthan,Bikaner,PM10,97,198,135,111,Unhealthy for Sensitive Groups,30.6,31.6,17.1
India,Rajasthan,Pali,NH3,1,3,2,18,Good,21.7,89.4,20.5
India,Rajasthan,Pratapgarh,SO2,1,4,3,10,Good,28.8,61.8,19.7
India,Rajasthan,Pratapgarh,CO,10,16,13,26,Good,37.7,56.1,17.2
India,Rajasthan,Rajsamand,PM2.5,15,43,25,33,Good,33.9,77,18.8
India,Rajasthan,Rajsamand,NO2,7,26,15,28,Good,26.6,79.2,0.8
India,Rajasthan,Sikar,NH3,6,6,6,11,Good,17.3,65.6,0.1
India,Rajasthan,Sikar,SO2,0,2,1,34,Good,15,53,21.3
India,Rajasthan,Sikar,OZONE,55,66,62,73,Moderate,39.3,84.5,22.7
India,Rajasthan,Sirohi,PM2.5,10,55,23,0,Good,39.4,51,12.2
India,Rajasthan,Sirohi,PM10,55,190,78,99,Moderate,33.3,37.3,5.8
India,Rajasthan,Sri Ganganagar,PM10,87,170,124,136,Unhealthy for Sensitive Groups,20.1,94.8,26.3
India,Rajasthan,Tonk,NO2,8,25,15,27,Good,30.2,78.8,6.7
India,Rajasthan,Tonk,SO2,1,3,2,30,Good,33.4,63.8,10.1
India,Rajasthan,Tonk,OZONE,1,68,40,0,Good,21.9,51.3,11.8
India,Rajasthan,Udaipur,PM10,43,105,76,51,Moderate,19,56.2,11.7
India,Telangana,Hyderabad,PM2.5,3,28,15,46,Good,17.9,52.2,4
India,Telangana,Hyderabad,NO2,,,,446,Hazardous,40,70.7,1.9
India,Telangana,Hyderabad,CO,27,34,30,20,Good,23.5,66.1,3.8
India,Telangana,Hyderabad,PM2.5,2,16,10,24,Good,35.9,40.3,1.8
India,Telangana,Hyderabad,NH3,1,4,2,5,Good,28.5,78.3,13.8
India,Telangana,Hyderabad,PM10,18,35,27,28,Good,36.8,69.8,20.3
India,Telangana,Hyderabad,CO,18,19,19,50,Good,28.1,75.7,13.1
India,Telangana,Hyderabad,SO2,1,2,2,27,Good,20.1,78.7,5.1
India,Telangana,Hyderabad,CO,30,54,41,0,Good,24.4,62.8,11.1
India,Telangana,Hyderabad,CO,26,27,26,47,Good,32.6,67.1,28.8
India,Telangana,Hyderabad,NH3,4,7,5,38,Good,28.5,58.3,4.6
India,Telangana,Hyderabad,PM10,56,377,84,62,Moderate,26.1,51,24.3
India,Telangana,Hyderabad,SO2,9,40,14,48,Good,23.3,79.7,0.6
India,Telangana,Hyderabad,PM2.5,2,24,12,10,Good,30.5,43.8,0.8
India,Telangana,Hyderabad,NH3,2,2,2,4,Good,29,91,10.2
India,Uttar Pradesh,Jhansi,OZONE,5,8,6,13,Good,19.5,38.1,21
India,Uttar Pradesh,Kanpur,PM10,25,52,37,2,Good,34.7,48,8.3
India,Uttar Pradesh,Kanpur,NO2,45,48,47,46,Good,35.2,34,28.6
India,Uttar Pradesh,Kanpur,SO2,10,13,12,47,Good,18.9,62.3,9.3
India,Uttar Pradesh,Kanpur,PM2.5,13,62,32,7,Good,36.4,82.1,6.6
India,Uttar Pradesh,Kanpur,SO2,23,25,23,27,Good,27.5,70.1,20.3
India,Uttar Pradesh,Kanpur,CO,23,26,24,2,Good,34.2,82.3,1.3
India,Uttar Pradesh,Kanpur,OZONE,19,20,20,13,Good,23.4,63.3,13.5
India,Uttar Pradesh,Khora,PM2.5,83,384,154,180,Unhealthy,23.5,70.3,24.3
India,Uttar Pradesh,Khora,CO,101,104,103,115,Unhealthy for Sensitive Groups,26.4,44.3,12.5
India,Uttar Pradesh,Lucknow,SO2,0,44,12,8,Good,31.5,80.1,5.6
India,Uttar Pradesh,Lucknow,NO2,9,10,9,47,Good,38,52.9,4.9
India,Uttar Pradesh,Lucknow,NH3,,,,476,Hazardous,37.1,72.9,3.6
India,Uttar Pradesh,Lucknow,SO2,14,15,14,34,Good,35.7,48.2,5.1
India,Uttar Pradesh,Lucknow,CO,11,16,14,12,Good,17.2,53.4,19
India,Rajasthan,Jodhpur,OZONE,15,24,19,29,Good,38.9,67.2,2.1
India,Rajasthan,Jodhpur,PM2.5,10,62,23,4,Good,34,69.2,17.9
India,Rajasthan,Karauli,PM2.5,13,38,23,46,Good,18.9,78.7,29.1
India,Rajasthan,Karauli,SO2,1,6,4,30,Good,16.2,74,24
India,Rajasthan,Karauli,OZONE,24,81,49,42,Good,21.1,61.8,22.7
India,Rajasthan,Kota,PM2.5,28,60,44,27,Good,28.3,35.4,23.2
India,Rajasthan,Kota,NH3,2,5,4,6,Good,18.2,78.8,11.8
India,Rajasthan,Kota,PM2.5,23,53,37,30,Good,33.2,92.4,19.7
India,Rajasthan,Kota,NO2,18,40,26,41,Good,21.7,34.7,21.1
India,Rajasthan,Kota,NO2,12,17,14,25,Good,20,54.8,18.1
India,Rajasthan,Pali,PM2.5,64,134,98,68,Moderate,27.6,51.7,9.1
India,Rajasthan,Pali,PM10,73,128,99,71,Moderate,25.6,64,1
India,Tamil Nadu,Chennai,NH3,,,,437,Hazardous,21.9,59.2,25.6
India,Tamil Nadu,Chennai,OZONE,7,13,10,35,Good,23,87.1,29.4
India,Tamil Nadu,Coimbatore,NO2,,,,487,Hazardous,23.3,56.5,5.4
India,Tamil Nadu,Coimbatore,NH3,,,,486,Hazardous,33.4,39.4,20
India,Tamil Nadu,Madurai,PM10,,,,310,Hazardous,17.8,65.7,24.4
India,Tamil Nadu,Madurai,CO,35,36,36,2,Good,28.2,39,9.2
India,Tamil Nadu,Thoothukudi,PM10,22,120,52,72,Moderate,24.1,52.6,1.9
India,Tamil Nadu,Thoothukudi,NO2,12,22,17,28,Good,35.8,36.8,16.3
India,Tamil Nadu,Thoothukudi,SO2,2,19,13,29,Good,28.6,49.8,25.7
India,Tamil Nadu,Thoothukudi,CO,24,37,30,44,Good,21.1,76.9,17.9
India,Telangana,Hyderabad,PM2.5,19,33,26,7,Good,35.5,59.5,1.3
India,Uttar Pradesh,Ghaziabad,NO2,13,27,20,50,Good,20.9,44.2,15.8
India,Uttar Pradesh,Ghaziabad,NO2,6,58,27,17,Good,16.3,94,1.9
India,Uttar Pradesh,Ghaziabad,NH3,8,16,11,21,Good,32.4,41.6,2.5
India,Uttar Pradesh,Ghaziabad,NO2,19,40,23,36,Good,16.9,32.9,7.7
India,Uttar Pradesh,Ghaziabad,NH3,6,11,8,4,Good,16.1,91.2,23.7
India,Uttar Pradesh,Ghaziabad,CO,108,112,109,137,Unhealthy for Sensitive Groups,19.7,68.1,29.9
India,Uttar Pradesh,Greater Noida,PM10,120,314,181,180,Unhealthy,35.7,67.5,20.6
India,Uttar Pradesh,Hapur,SO2,17,29,22,12,Good,33.9,46.4,25.3
India,Telangana,Hyderabad,PM10,43,75,59,69,Moderate,22.5,59.9,22.7
India,Telangana,Hyderabad,NO2,11,16,13,49,Good,17.4,61.5,22
India,Tripura,Agartala,PM2.5,28,74,46,32,Good,32,86.7,4.3
India,Tripura,Agartala,NO2,17,24,18,50,Good,17.8,63.2,25.2
India,Tripura,Agartala,OZONE,3,8,6,45,Good,20.8,42.3,29.2
India,Uttar Pradesh,Agra,OZONE,32,54,40,47,Good,17.1,63.3,21.6
India,Uttar Pradesh,Agra,PM10,34,174,103,148,Unhealthy for Sensitive Groups,17.7,89.5,7.9
India,Uttar Pradesh,Agra,NH3,,,,499,Hazardous,25.5,44.9,3
India,Uttar Pradesh,Bareilly,PM2.5,25,41,30,37,Good,25.1,88.2,19
India,Uttar Pradesh,Bareilly,PM10,26,44,31,4,Good,16.1,72.3,14
India,Uttar Pradesh,Bulandshahr,NH3,7,14,9,10,Good,33.2,67.6,29
India,Uttar Pradesh,Bulandshahr,OZONE,6,16,11,2,Good,20.2,40.1,9.2
India,Uttar Pradesh,Firozabad,NO2,15,15,15,38,Good,19.1,92.6,0.4
India,Uttar Pradesh,Firozabad,SO2,2,4,4,23,Good,35.6,78.9,11.6
India,Uttar Pradesh,Firozabad,NH3,2,2,2,39,Good,31.4,37,18.6
India,Uttar Pradesh,Ghaziabad,PM2.5,,,,486,Hazardous,23.6,79.3,2.2
India,Sikkim,Gangtok,SO2,1,1,1,30,Good,22.3,57.2,18.3
India,Sikkim,Gangtok,OZONE,15,22,19,49,Good,31.1,61.6,7.6
India,Tamil Nadu,Chennai,PM10,12,79,47,44,Good,17.7,94.5,1.1
India,Tamil Nadu,Chennai,NO2,11,16,14,35,Good,29.4,41.1,24
India,Tamil Nadu,Chennai,NH3,3,5,4,35,Good,15.5,89,21.2
India,Tamil Nadu,Chennai,PM10,47,126,86,56,Moderate,36.3,35.1,4
India,Tamil Nadu,Chennai,SO2,1,2,2,41,Good,31.7,81.6,13.1
India,Tamil Nadu,Chennai,PM10,16,47,30,48,Good,34.4,49.6,16.3
India,Uttar Pradesh,Lucknow,SO2,0,17,7,42,Good,16.9,44.5,2.1
India,Uttar Pradesh,Lucknow,PM10,49,111,71,68,Moderate,33.4,92.3,20.2
India,Uttar Pradesh,Meerut,NH3,2,6,4,1,Good,17.5,73,7
India,Uttar Pradesh,Meerut,PM2.5,11,42,24,34,Good,16.4,78.3,16.6
India,Uttar Pradesh,Meerut,PM10,18,144,73,56,Moderate,25.6,92.1,22.6
India,Uttar Pradesh,Meerut,PM2.5,2,37,15,35,Good,18.9,38.6,25.4
India,Uttar Pradesh,Meerut,OZONE,22,30,27,47,Good,28.4,82,11.4
India,Uttar Pradesh,Meerut,NO2,22,49,28,2,Good,29.5,36.3,6.5
India,Uttar Pradesh,Meerut,CO,38,62,53,72,Moderate,22.9,81.6,19.2
India,Uttar Pradesh,Meerut,OZONE,26,100,72,59,Moderate,17.8,63.7,4.9
India,Uttar Pradesh,Modinagar,CO,65,129,97,91,Moderate,16.8,67.1,29.4
India,Uttar Pradesh,Moradabad,SO2,26,27,27,46,Good,39.4,77.4,10.3
India,Uttar Pradesh,Moradabad,SO2,31,60,52,59,Moderate,22.2,55.9,17.7
India,Uttar Pradesh,Moradabad,OZONE,18,21,19,41,Good,35.8,58.9,25.1
India,Uttar Pradesh,Moradabad,NO2,24,25,24,44,Good,26.4,40.9,8.1
India,Uttar Pradesh,Moradabad,OZONE,14,67,40,25,Good,26.2,61.4,19.1
India,Uttar Pradesh,Moradabad,OZONE,30,33,32,24,Good,17.5,76.5,9.1
India,Uttar Pradesh,Muzaffarnagar,PM10,24,133,60,71,Moderate,29.9,90.8,4.2
India,Uttar Pradesh,Muzaffarnagar,NO2,18,51,33,33,Good,22.1,34.6,12.7
India,Uttar Pradesh,Noida,NH3,11,20,14,30,Good,15.4,92.2,9.4
India,Uttar Pradesh,Noida,SO2,14,27,21,26,Good,28,84.8,22.4
India,Uttar Pradesh,Noida,NO2,24,82,41,45,Good,35,70.2,23.7
India,Uttar Pradesh,Noida,SO2,7,26,13,32,Good,15.4,76.4,9.9
India,Uttar Pradesh,Prayagraj,PM2.5,11,59,20,35,Good,18.5,59.6,8.2
India,Uttar Pradesh,Prayagraj,SO2,16,94,46,28,Good,16.2,49.2,14.4
India,Uttar Pradesh,Prayagraj,NH3,5,6,6,3,Good,25.1,89.6,21.4
India,Uttar Pradesh,Prayagraj,OZONE,24,42,32,20,Good,21.8,40.5,29.1
India,Uttar Pradesh,Raebareli,NH3,8,12,9,33,Good,33.2,68.3,21.4
India,Uttar Pradesh,Raebareli,SO2,,,,356,Hazardous,37.4,75.5,19.3
India,Uttar Pradesh,Raebareli,OZONE,18,29,23,40,Good,25.8,31.7,8.1
India,Uttar Pradesh,Varanasi,PM2.5,28,70,43,43,Good,39.2,88.2,22.6
India,Uttar Pradesh,Varanasi,NH3,0,0,0,30,Good,22.4,81.3,22.8
India,Uttar Pradesh,Varanasi,SO2,30,32,30,32,Good,30,31,17
India,Uttar Pradesh,Varanasi,OZONE,3,7,6,50,Good,34.3,81.1,4.8
India,Uttar Pradesh,Varanasi,NH3,,,,436,Hazardous,23.1,30.4,2.9
India,Uttar Pradesh,Varanasi,CO,1,3,2,7,Good,37.4,91,15.2
India,Uttar Pradesh,Varanasi,NO2,7,8,8,48,Good,17.7,68.2,11.3
India,Uttarakhand,Dehradun,PM10,11,48,27,0,Good,31.3,76.9,11.1
India,Uttarakhand,Dehradun,NH3,,,,398,Hazardous,32,51.4,7.7
India,Uttarakhand,Dehradun,CO,12,23,18,41,Good,17.1,93.7,19
India,Uttarakhand,Kashipur,PM2.5,37,55,46,31,Good,18,63.1,28
India,West Bengal,Asansol,NO2,8,31,16,40,Good,28.6,82.7,8.7
India,West Bengal,Asansol,NH3,6,9,7,24,Good,18.7,71,23.6
India,West Bengal,Asansol,OZONE,6,14,10,14,Good,34.4,89.7,20
India,West Bengal,Asansol,NO2,2,8,3,8,Good,24.3,88.9,24.7
India,West Bengal,Asansol,CO,28,37,34,42,Good,32.6,60,20
India,West Bengal,Asansol,PM2.5,22,75,45,37,Good,22.9,71,28.1
India,West Bengal,Asansol,NH3,2,5,3,24,Good,26.4,40,3.8
India,West Bengal,Asansol,OZONE,31,57,42,8,Good,27.6,75.9,23.3
India,West Bengal,Barrackpore,OZONE,2,17,10,20,Good,28.5,49.9,18.8
India,West Bengal,Durgapur,CO,28,34,31,50,Good,37.4,94.1,8.2
India,West Bengal,Durgapur,SO2,12,12,12,21,Good,39.2,54.6,1.5
India,West Bengal,Durgapur,CO,25,31,28,7,Good,17.5,43.4,19.8
India,West Bengal,Durgapur,OZONE,16,41,30,26,Good,28.7,50.7,24.8
India,West Bengal,Haldia,PM10,19,58,35,18,Good,17.6,91.8,0.8
India,West Bengal,Haldia,SO2,12,13,12,32,Good,21.6,30.1,19.4
India,West Bengal,Howrah,SO2,10,11,11,32,Good,19.8,53,15.8
India,West Bengal,Howrah,PM2.5,19,33,27,19,Good,30,56.3,17.4
India,West Bengal,Howrah,NO2,18,81,38,21,Good,34.8,73.1,24.7
India,West Bengal,Howrah,NH3,10,14,11,27,Good,22.9,57.4,24
India,West Bengal,Howrah,PM2.5,41,69,53,74,Moderate,37.3,30.7,1.7
India,West Bengal,Kolkata,NO2,22,50,32,38,Good,21.5,64.3,3.1
India,West Bengal,Kolkata,SO2,5,6,5,35,Good,17.2,32.1,10.1
India,West Bengal,Kolkata,PM2.5,68,84,76,97,Moderate,36.3,74.5,5
India,West Bengal,Kolkata,PM10,81,100,91,73,Moderate,16.4,72.2,2.8
India,West Bengal,Kolkata,SO2,13,23,17,37,Good,39.6,31.5,4.7
India,West Bengal,Kolkata,CO,48,62,55,52,Moderate,27.5,65.1,13.7
India,West Bengal,Kolkata,NH3,6,8,7,4,Good,18.8,67.7,28.3
India,West Bengal,Kolkata,OZONE,17,63,39,33,Good,29.3,56.2,24.5
India,West Bengal,Kolkata,PM10,20,39,27,11,Good,37.2,88.8,6.1
India,West Bengal,Kolkata,NO2,17,42,26,46,Good,39,61.5,21.1
India,West Bengal,Kolkata,SO2,7,8,7,39,Good,32.3,61.1,7.4
India,West Bengal,Kolkata,OZONE,8,21,14,8,Good,38.9,65.3,5.9
India,West Bengal,Siliguri,SO2,11,14,13,17,Good,30.1,66.1,15.7
India,Andhra Pradesh,Vijayawada,CO,17,33,23,26,Good,38.9,49.5,6.9
India,Andhra Pradesh,Visakhapatnam,NO2,31,94,57,83,Moderate,15.9,51.9,13.8
India,Andhra Pradesh,Visakhapatnam,CO,9,47,25,24,Good,22.8,63.8,22.7
India,Andhra Pradesh,Visakhapatnam,OZONE,6,31,16,16,Good,38.1,90,12.9
India,Arunachal Pradesh,Naharlagun,OZONE,7,10,8,12,Good,19.9,33,3.7
India,Assam,Byrnihat,PM2.5,59,167,89,68,Moderate,16.2,62.4,1.7
India,Assam,Guwahati,SO2,7,15,11,47,Good,28.5,90.8,12.7
India,Assam,Guwahati,OZONE,27,46,37,33,Good,28.7,32.7,18
India,Assam,Guwahati,PM10,12,55,36,35,Good,20.4,34.2,8.4
India,Assam,Guwahati,OZONE,29,64,38,14,Good,39.1,36.2,16.6
India,Assam,Guwahati,PM2.5,5,40,20,16,Good,35.9,78.9,15.7
India,Assam,Guwahati,PM2.5,,,,402,Hazardous,31.1,76.4,14.8
India,Assam,Guwahati,NO2,0,0,0,37,Good,22.3,85.1,7.2
India,Assam,Nagaon,PM10,37,70,56,94,Moderate,20.6,60.1,29.7
India,Bihar,Patna,SO2,4,5,4,22,Good,24.5,91.5,19.6
India,Bihar,Patna,OZONE,14,35,22,24,Good,24.4,41.1,5.9
India,Bihar,Patna,NO2,,,,416,Hazardous,31.1,75.9,0.3
India,Bihar,Purnia,NO2,4,6,6,9,Good,33.1,61.9,7.9
India,Bihar,Purnia,SO2,15,17,16,43,Good,38.8,81.8,0.1
India,Bihar,Purnia,CO,53,56,55,60,Moderate,33.5,88.6,3.8
India,Bihar,Purnia,OZONE,14,44,25,8,Good,27.7,40.1,7.9
India,Bihar,Saharsa,SO2,,,,447,Hazardous,16.5,54.6,1.6
India,Bihar,Samastipur,PM10,24,258,73,89,Moderate,27.6,74.4,24.6
India,Bihar,Sasaram,SO2,,,,407,Hazardous,27.7,84.7,18.1
India,Bihar,Siwan,PM10,6,76,48,27,Good,39.7,90.5,11.8
India,Chandigarh,Chandigarh,CO,21,38,29,26,Good,36.9,54.6,12.5
India,Chandigarh,Chandigarh,NH3,19,27,21,48,Good,20.7,41.9,15.8
India,Chandigarh,Chandigarh,PM10,12,54,28,41,Good,15.6,34.1,27.9
India,Chandigarh,Chandigarh,OZONE,6,21,13,28,Good,35,72,23.7
India,Chhattisgarh,Bhilai,OZONE,8,17,12,7,Good,36.8,31.6,27.1
India,Chhattisgarh,Bhilai,NO2,15,16,16,2,Good,36.4,83.7,29.2
India,Chhattisgarh,Bhilai,CO,20,28,25,15,Good,29.4,35.6,18.7
India,Chhattisgarh,Bhilai,OZONE,10,14,12,3,Good,24.8,46.9,20.4
India,Chhattisgarh,Bhilai,PM10,10,79,23,48,Good,16.4,82.2,11.3
India,Chhattisgarh,Bhilai,NO2,3,15,8,13,Good,21.8,37.8,16.8
India,Chhattisgarh,Bhilai,NH3,3,4,3,32,Good,37.9,47.9,23.3
India,Chhattisgarh,Chhal,NH3,3,3,3,6,Good,36.1,81.8,16.5
India,Chhattisgarh,Chhal,OZONE,,,,341,Hazardous,23,88.1,1.9
India,Chhattisgarh,Korba,PM2.5,,,,474,Hazardous,25.5,46.3,19.8
India,Chhattisgarh,Korba,NH3,,,,421,Hazardous,33.1,61.9,15.1
India,Chhattisgarh,Korba,SO2,,,,338,Hazardous,29.2,33.1,2.7
India,Chhattisgarh,Kunjemura,NH3,2,2,2,49,Good,17.5,64.4,22.2
India,Chhattisgarh,Milupara,CO,16,16,16,28,Good,32.9,94.1,24
India,Chhattisgarh,Raipur,PM10,11,27,17,30,Good,20.2,70,11.1
India,Chhattisgarh,Raipur,SO2,4,6,5,30,Good,22.4,73,12.5
India,Chhattisgarh,Raipur,OZONE,5,17,10,24,Good,40,32,0.6
India,Chhattisgarh,Raipur,OZONE,3,12,7,3,Good,19.6,89.1,26.3
India,Chhattisgarh,Raipur,OZONE,1,12,5,35,Good,20.5,68.8,26
India,Chhattisgarh,Raipur,OZONE,3,5,4,42,Good,39,78.7,0.5
India,Chhattisgarh,Tumidih,PM2.5,15,64,32,31,Good,16.2,66.2,9.1
India,Chhattisgarh,Tumidih,CO,18,51,25,0,Good,24.7,69.1,26.1
India,Delhi,Delhi,NH3,,,,310,Hazardous,37.3,54.9,8
India,Delhi,Delhi,OZONE,5,154,75,93,Moderate,19.8,88.8,29.5
India,Delhi,Delhi,SO2,0,2,1,18,Good,32,75.2,13.5
India,Andhra Pradesh,Guntur,OZONE,29,53,44,10,Good,38.3,86.3,1.8
India,Andhra Pradesh,Kadapa,CO,25,31,27,14,Good,27.4,42.2,21.4
India,Andhra Pradesh,Machilipatnam,CO,22,46,31,38,Good,33,93.2,26.7
India,Andhra Pradesh,Nellore,SO2,5,15,10,14,Good,39.4,90.7,23.7
India,Andhra Pradesh,Rajamahendravaram,PM10,7,37,25,35,Good,16.2,83.5,18.9
India,Andhra Pradesh,Rajamahendravaram,OZONE,10,18,13,36,Good,29.4,84.5,26.4
India,Andhra Pradesh,Tirupati,NH3,4,6,5,34,Good,19.8,43.7,23
India,Andhra Pradesh,Vijayawada,NH3,3,8,5,46,Good,24.8,77.4,25.7
India,Andhra Pradesh,Vijayawada,SO2,11,15,12,44,Good,34.1,87.2,25.5
India,Bihar,Bhagalpur,OZONE,18,20,19,34,Good,31.6,84.1,27.9
India,Bihar,Bihar Sharif,PM10,24,45,32,47,Good,26.2,32.6,24.6
India,Bihar,Bihar Sharif,NO2,9,10,9,11,Good,29.6,73,7.5
India,Bihar,Bihar Sharif,SO2,5,63,31,3,Good,24.8,35.4,26.7
India,Bihar,Buxar,NH3,3,3,3,50,Good,19.2,30.3,0.9
India,Bihar,Buxar,CO,22,27,25,37,Good,26.6,55,15.5
India,Bihar,Chhapra,PM10,105,109,109,138,Unhealthy for Sensitive Groups,22.6,55,1.9
India,Bihar,Chhapra,NH3,3,4,4,11,Good,37.2,43.1,23.5
India,Bihar,Chhapra,OZONE,3,6,4,13,Good,39.1,59.1,24.7
India,Bihar,Gaya,SO2,7,7,7,1,Good,24.6,53.6,28.8
India,Bihar,Gaya,CO,23,37,29,29,Good,26.2,40.9,23.2
India,Assam,Silchar,SO2,4,7,5,21,Good,36,82.8,24.9
India,Assam,Sivasagar,NO2,5,15,10,24,Good,30.7,62.8,17.8
India,Bihar,Araria,NO2,8,20,14,25,Good,34.5,45.8,3.1
India,Bihar,Araria,NH3,5,6,5,30,Good,20.5,92.8,17.9
India,Bihar,Araria,CO,19,24,22,25,Good,35.5,82.6,6.4
India,Bihar,Araria,OZONE,9,11,10,19,Good,28.5,86.3,12.1
India,Bihar,Begusarai,SO2,18,25,22,6,Good,19.3,46.7,18.9
India,Bihar,Bettiah,PM2.5,,,,346,Hazardous,31.7,68.7,28.5
India,Bihar,Bettiah,PM10,,,,357,Hazardous,27.8,47,25.1
India,Bihar,Bettiah,NO2,,,,372,Hazardous,18.9,65.7,27.2
India,Bihar,Bettiah,NH3,,,,486,Hazardous,33.5,78.7,2
India,Bihar,Gaya,NO2,10,13,12,37,Good,34.1,90.5,9.4
India,Bihar,Hajipur,SO2,5,12,8,7,Good,20.7,38.9,21.6
India,Bihar,Hajipur,CO,7,11,9,41,Good,18.1,59.2,26.5
India,Bihar,Katihar,NH3,1,1,1,32,Good,26.5,37.6,13.6
India,Bihar,Kishanganj,PM10,61,113,77,58,Moderate,24,78,16.7
India,Bihar,Kishanganj,CO,13,16,14,32,Good,35.3,78.9,13.7
India,Bihar,Manguraha,OZONE,31,32,32,46,Good,39.3,65.5,8.1
India,Bihar,Motihari,NO2,2,3,3,24,Good,34.1,51,3.6
India,Bihar,Motihari,NH3,3,3,3,14,Good,27.4,53.1,6.1
India,Bihar,Motihari,CO,11,14,13,26,Good,19.5,92.3,5.7
India,Bihar,Munger,PM2.5,12,85,41,4,Good,17.7,79.2,24.1
India,Bihar,Muzaffarpur,NO2,11,23,17,12,Good,24.5,67.1,5.3
India,Bihar,Muzaffarpur,OZONE,8,99,34,16,Good,18.3,87.2,5.7
India,Bihar,Muzaffarpur,SO2,4,11,6,39,Good,29.9,71.1,29.4
India,Bihar,Muzaffarpur,PM10,37,66,50,49,Good,34.5,77.7,1.8
India,Bihar,Muzaffarpur,OZONE,29,71,52,55,Moderate,34.1,50.3,6.6
India,Bihar,Patna,OZONE,31,34,33,9,Good,27,43.5,6.6
India,Andhra Pradesh,Amaravati,NO2,12,23,16,20,Good,15.7,54.8,19.8
India,Andhra Pradesh,Anantapur,PM2.5,37,308,82,77,Moderate,16.2,62.8,6.2
India,Andhra Pradesh,Chittoor,PM2.5,56,65,61,81,Moderate,28.9,48.1,11.6
India,Andhra Pradesh,Chittoor,NH3,6,9,8,42,Good,17.5,36,16.5
India,Andhra Pradesh,Chittoor,OZONE,28,31,29,1,Good,15,50.6,24.2
India,Andhra Pradesh,Guntur,PM2.5,56,71,63,88,Moderate,22.3,46.3,10.5
India,Andhra Pradesh,Guntur,PM10,55,75,64,57,Moderate,20.3,85.3,29.2
India,Andhra Pradesh,Guntur,NH3,4,12,7,16,Good,20.4,53.9,25.5
India,Delhi,Delhi,OZONE,12,32,22,29,Good,36.5,93.6,12.1
India,Delhi,Delhi,PM2.5,69,140,92,96,Moderate,29.3,41.3,10.4
India,Delhi,Delhi,NO2,16,27,19,4,Good,19.4,82,9.3
India,Delhi,Delhi,OZONE,10,46,30,9,Good,24.8,85.3,13.2
India,Delhi,Delhi,NH3,12,19,14,17,Good,35.1,55.7,23.2
India,Delhi,Delhi,NH3,4,12,11,4,Good,38.9,83.7,7
India,Delhi,Delhi,SO2,28,56,44,29,Good,37.7,67,14.9
India,Delhi,Delhi,PM2.5,5,87,44,31,Good,18.9,33.1,5.4
India,Delhi,Delhi,NH3,5,7,6,47,Good,35,30.7,17.5
India,Delhi,Delhi,CO,16,22,19,1,Good,33.6,36.8,2.4
India,Delhi,Delhi,SO2,5,13,9,10,Good,39,76.9,18.3
India,Delhi,Delhi,OZONE,2,19,10,36,Good,37.6,79.2,25
India,Delhi,Delhi,NO2,16,46,26,42,Good,39.2,62.4,1.4
India,Delhi,Delhi,CO,40,59,46,12,Good,23.1,73.5,8.6
India,Delhi,Delhi,PM10,59,137,100,83,Moderate,39.7,31.6,8.1
India,Delhi,Delhi,NH3,5,6,6,31,Good,30.5,34.7,18
India,Delhi,Delhi,OZONE,7,34,22,30,Good,27,34.4,12.5
India,Delhi,Delhi,PM10,21,115,94,61,Moderate,37.8,86.5,22.5
India,Delhi,Delhi,CO,45,72,62,76,Moderate,27.2,87.4,19
India,Delhi,Delhi,OZONE,17,18,18,47,Good,35.9,33.4,28.6
India,Delhi,Delhi,PM2.5,15,111,58,83,Moderate,38.3,72.9,1.6
India,Delhi,Delhi,NH3,,,,384,Hazardous,19.4,83.8,1.5
India,Delhi,Delhi,NO2,9,29,16,8,Good,15.5,38.7,27.9
India,Delhi,Delhi,CO,72,84,76,95,Moderate,16.2,40.6,14
India,Delhi,Delhi,PM2.5,30,91,63,82,Moderate,19.7,78.5,15.6
India,Delhi,Delhi,SO2,,,,391,Hazardous,39.6,31.6,10
India,Delhi,Delhi,PM10,35,160,101,143,Unhealthy for Sensitive Groups,26.2,49,23.6
India,Delhi,Delhi,CO,38,47,43,23,Good,32.1,87.9,12.8
India,Delhi,Delhi,OZONE,15,51,32,4,Good,26.5,59.7,0
India,Delhi,Delhi,SO2,,,,334,Hazardous,24.8,32.7,0.7
India,Delhi,Delhi,CO,30,34,32,26,Good,30,39.9,15.3
India,Delhi,Delhi,OZONE,3,13,7,12,Good,28.9,69.5,20.4
India,Delhi,Delhi,PM2.5,57,163,103,101,Unhealthy for Sensitive Groups,27.6,33.3,23.4
India,Delhi,Delhi,OZONE,5,10,7,49,Good,29,60,14.7
India,Delhi,Delhi,PM2.5,12,87,40,5,Good,27.1,84.7,28.5
India,Delhi,Delhi,PM10,70,134,103,150,Unhealthy for Sensitive Groups,32.2,69.7,21.9
India,Delhi,Delhi,PM2.5,33,97,64,65,Moderate,26.1,66.2,1.8
India,Delhi,Delhi,NH3,9,13,11,46,Good,15.7,91.5,14.6
India,Delhi,Delhi,PM10,64,161,105,131,Unhealthy for Sensitive Groups,36,31.3,3.1
India,Delhi,Delhi,PM2.5,3,203,56,95,Moderate,17.8,51.2,3.6
India,Delhi,Delhi,PM10,80,149,111,102,Unhealthy for Sensitive Groups,19.2,39.7,22.7
India,Delhi,Delhi,NH3,7,8,7,28,Good,32.6,88.5,10.7
India,Delhi,Delhi,NO2,19,83,43,38,Good,37.5,87.9,18.8
India,Delhi,Delhi,OZONE,16,22,19,31,Good,31.6,91.4,4.4
India,Delhi,Delhi,NO2,0,7,2,40,Good,18.5,70.6,16.6
India,Delhi,Delhi,NH3,10,13,11,48,Good,31.4,93.5,25.8
India,Delhi,Delhi,NO2,13,39,20,2,Good,22.8,64.6,15.5
India,Delhi,Delhi,NH3,2,6,4,17,Good,27.5,40.5,13.7
India,Delhi,Delhi,CO,38,46,41,32,Good,30.8,31.2,20.5
India,Delhi,Delhi,OZONE,11,41,24,0,Good,39.8,88.1,6.9
India,Delhi,Delhi,NH3,1,7,2,6,Good,18.3,82.2,5.7
India,Delhi,Delhi,NH3,1,17,5,34,Good,19.2,91.6,11.6
India,Delhi,Delhi,OZONE,36,76,58,92,Moderate,23.5,87.9,1.9
India,Delhi,Delhi,PM10,57,153,97,100,Moderate,18.5,79.3,27.6
India,Delhi,Delhi,CO,101,105,103,136,Unhealthy for Sensitive Groups,33.3,41,3.9
India,Gujarat,Rajkot,NO2,61,76,68,81,Moderate,38.2,92.9,11.7
India,Gujarat,Rajkot,NH3,2,2,2,48,Good,16.4,70.8,24.7
India,Gujarat,Rajkot,OZONE,6,8,7,48,Good,31.9,72.2,10.5
India,Gujarat,Surat,SO2,6,9,7,38,Good,33.6,75.5,0.5
India,Gujarat,Vadodara,NO2,11,13,12,15,Good,19.5,82.1,17.3
India,Gujarat,Vapi,CO,,,,401,Hazardous,19,73.2,8.7
India,Haryana,Ambala,NH3,2,11,7,18,Good,20.2,46.6,23.5
India,Haryana,Bahadurgarh,PM10,57,133,93,86,Moderate,29.4,78.6,18.7
India,Haryana,Bahadurgarh,OZONE,22,26,24,33,Good,22.7,65.5,0.9
India,Gujarat,Gandhinagar,PM10,52,101,73,87,Moderate,33.6,92.1,14.1
India,Gujarat,Gandhinagar,NO2,7,12,10,32,Good,30.4,87.2,18.2
India,Gujarat,Gandhinagar,NO2,29,56,41,15,Good,32.1,82.3,23.3
India,Gujarat,Gandhinagar,CO,30,44,38,47,Good,35.5,94.8,17.4
India,Gujarat,Gandhinagar,OZONE,12,42,25,39,Good,24.4,36.2,26.2
India,Gujarat,Mehsana,PM2.5,8,51,26,42,Good,25.6,46.5,26.1
India,Gujarat,Mehsana,NO2,7,9,8,4,Good,28.6,72.5,13.2
India,Gujarat,Nandesari,PM10,50,100,67,51,Moderate,22.5,91.8,9.6
India,Gujarat,Ahmedabad,PM10,41,123,71,91,Moderate,34.4,34.7,9.7
India,Gujarat,Ahmedabad,SO2,2,3,3,36,Good,30.6,93.9,6.3
India,Gujarat,Ahmedabad,CO,19,48,37,38,Good,33.5,45.4,24.8
India,Gujarat,Ahmedabad,OZONE,37,65,50,4,Good,23.6,72.6,27.6
India,Gujarat,Ahmedabad,PM2.5,,,,459,Hazardous,39.4,37.9,20.5
India,Gujarat,Ahmedabad,PM10,,,,428,Hazardous,30.7,74.6,11.5
India,Gujarat,Ahmedabad,CO,12,52,33,49,Good,34.3,34.7,5.6
India,Gujarat,Ahmedabad,NO2,8,16,11,49,Good,17,56.8,10.4
India,Gujarat,Ahmedabad,OZONE,5,18,11,50,Good,19.6,53.4,11.7
India,Haryana,Ballabgarh,SO2,3,5,4,22,Good,15.4,84.6,1.8
India,Haryana,Ballabgarh,CO,53,62,58,78,Moderate,37.8,41.6,27.7
India,Haryana,Charkhi Dadri,NO2,9,22,15,43,Good,35.4,32,5.4
India,Haryana,Charkhi Dadri,SO2,9,11,10,11,Good,38.6,43.2,8.9
India,Haryana,Dharuhera,SO2,7,16,11,18,Good,32.8,89.5,28.2
India,Haryana,Faridabad,PM2.5,33,321,121,135,Unhealthy for Sensitive Groups,31.4,50.6,26.2
India,Haryana,Faridabad,SO2,4,10,7,46,Good,16.6,56.7,26.4
India,Delhi,Delhi,NH3,7,13,10,49,Good,33.2,46.8,20.9
India,Delhi,Delhi,CO,46,57,50,7,Good,22.7,44.1,25.3
India,Delhi,Delhi,NO2,12,92,37,24,Good,16.2,39.8,17.3
India,Delhi,Delhi,NH3,6,8,7,49,Good,21,63.1,6.4
India,Delhi,Delhi,SO2,2,6,4,32,Good,25.7,76.1,17.5
India,Delhi,Delhi,OZONE,15,39,27,9,Good,39.2,51.2,0.6
India,Delhi,Delhi,NH3,4,8,6,32,Good,27.2,52.8,25.2
India,Delhi,Delhi,OZONE,4,17,11,30,Good,29.7,74.2,23.6
India,Haryana,Karnal,CO,13,14,14,50,Good,38.8,74.3,14.5
India,Haryana,Kurukshetra,OZONE,24,61,44,47,Good,19.2,52.9,19
India,Haryana,Mandikhera,CO,33,50,47,34,Good,22.9,76,22.5
India,Haryana,Manesar,OZONE,10,43,18,9,Good,28.8,46.7,12.4
India,Haryana,Palwal,NO2,23,25,24,46,Good,32.7,75.2,16
India,Haryana,Panchgaon,NH3,3,22,9,11,Good,15.9,76.6,23.7
India,Haryana,Panchkula,OZONE,38,42,41,7,Good,18.5,31.7,6.3
India,Haryana,Panipat,PM2.5,24,500,205,209,Very Unhealthy,31.3,37.1,13.9
India,Haryana,Panipat,OZONE,37,38,37,11,Good,25.5,72.1,24.4
India,Haryana,Rohtak,PM10,57,116,88,65,Moderate,27.8,77.1,16.4
India,Haryana,Rohtak,NO2,7,11,9,26,Good,19.2,60.7,4.9
India,Haryana,Rohtak,CO,46,52,49,6,Good,35.1,93,23
India,Haryana,Sirsa,NH3,12,14,13,47,Good,16.1,34,1.5
India,Haryana,Faridabad,OZONE,14,19,16,50,Good,37.9,44,22.5
India,Haryana,Gurugram,NO2,6,24,8,26,Good,30.7,59.2,19.9
India,Haryana,Gurugram,PM10,,,,364,Hazardous,34.5,85.1,4.7
India,Haryana,Gurugram,NH3,,,,367,Hazardous,27.8,71.4,28.8
India,Haryana,Gurugram,OZONE,18,59,35,49,Good,20.8,32,26.5
India,Haryana,Gurugram,PM10,81,298,148,111,Unhealthy for Sensitive Groups,38.2,51.4,21.7
India,Haryana,Gurugram,OZONE,8,26,12,22,Good,25.8,43.5,6.7
India,Haryana,Gurugram,OZONE,11,44,21,23,Good,29.8,69.8,7.1
India,Haryana,Hisar,SO2,8,15,11,21,Good,34.3,72.1,15.6
India,Haryana,Jind,PM10,64,153,96,53,Moderate,29.1,47.7,4.6
India,Haryana,Jind,OZONE,47,63,57,94,Moderate,24,76.5,17.6
India,Haryana,Karnal,PM2.5,3,376,217,259,Very Unhealthy,32.5,55.4,28.7
India,Karnataka,Bengaluru,OZONE,44,52,47,28,Good,21.5,89.6,24.7
India,Karnataka,Bengaluru,NO2,9,24,16,43,Good,31.1,71.2,25.8
India,Karnataka,Bengaluru,OZONE,26,33,30,34,Good,31.1,38.6,10.6
India,Karnataka,Chamarajanagar,NO2,24,30,29,30,Good,36,71.6,13.9
India,Karnataka,Chamarajanagar,CO,22,23,23,42,Good,29.5,44.8,24.2
India,Karnataka,Chikkaballapur,NH3,1,1,1,2,Good,20.9,40.2,7.8
India,Karnataka,Chikkamagaluru,PM10,23,45,32,50,Good,23.5,49.5,11.6
India,Karnataka,Chikkamagaluru,CO,11,28,14,45,Good,16.8,55.1,17.4
India,Karnataka,Dharwad,NO2,23,26,25,40,Good,39.4,94.5,2.5
India,Karnataka,Kalaburagi,PM10,19,49,37,31,Good,37.7,36.5,9.1
India,Karnataka,Kalaburagi,SO2,2,5,4,0,Good,19.1,48.7,13.6
India,Madhya Pradesh,Bhopal,PM2.5,3,38,16,18,Good,33.6,63.6,3
India,Madhya Pradesh,Bhopal,OZONE,24,32,27,36,Good,35.5,73.3,24.6
India,Madhya Pradesh,Bhopal,NH3,5,5,5,23,Good,36,65.8,13.3
India,Madhya Pradesh,Bhopal,OZONE,21,31,26,48,Good,23.8,92.7,6.8
India,Madhya Pradesh,Bhopal,NO2,9,28,17,45,Good,21.2,65.5,1.3
India,Madhya Pradesh,Bhopal,CO,5,11,7,16,Good,22.9,73.3,22
India,Madhya Pradesh,Bhopal,OZONE,16,35,24,33,Good,29.3,85.6,29.6
India,Madhya Pradesh,Damoh,SO2,45,58,50,22,Good,16.1,48.6,28.4
India,Madhya Pradesh,Dewas,PM2.5,,,,471,Hazardous,27,88.8,23.5
India,Madhya Pradesh,Dewas,NH3,,,,402,Hazardous,26.6,62.6,20.5
India,Madhya Pradesh,Gwalior,PM2.5,3,73,24,35,Good,31.9,84.1,14.5
India,Madhya Pradesh,Gwalior,SO2,6,26,11,3,Good,23.8,94.4,1.1
India,Madhya Pradesh,Gwalior,OZONE,11,19,16,34,Good,29.7,61.8,9.5
India,Karnataka,Shivamogga,PM2.5,22,32,28,8,Good,24.4,31.6,10
India,Karnataka,Shivamogga,CO,22,28,25,12,Good,30.7,52.7,11.4
India,Karnataka,Vijayapura,SO2,3,6,3,42,Good,37.5,64.3,26.9
India,Kerala,Kannur,SO2,0,2,1,48,Good,32.9,30.8,22.7
India,Kerala,Kollam,PM2.5,7,77,35,50,Good,26.5,87.7,9.7
India,Kerala,Kollam,OZONE,31,35,33,50,Good,25.5,80.9,8.2
India,Kerala,Thiruvananthapuram,CO,4,19,8,20,Good,33.5,42.6,18.1
India,Kerala,Thiruvananthapuram,CO,21,23,22,31,Good,17.1,68.5,12.4
India,Kerala,Thrissur,PM2.5,35,56,48,4,Good,19,30.2,7.3
India,Kerala,Thrissur,NO2,8,10,9,38,Good,38.5,85.5,22.6
India,Jharkhand,Jorapokhar,NH3,3,3,3,48,Good,33.2,64.7,3.8
India,Jharkhand,Jorapokhar,SO2,4,4,4,50,Good,18.1,94.3,6
India,Karnataka,Bagalkot,PM2.5,30,36,34,25,Good,35.1,88.4,14.8
India,Karnataka,Bagalkot,PM10,46,51,49,46,Good,28.7,86.6,8.1
India,Karnataka,Bengaluru,NO2,25,26,26,25,Good,23.5,34.6,27.9
India,Karnataka,Bengaluru,CO,47,56,51,57,Moderate,29.6,34.2,5.2
India,Karnataka,Bengaluru,NO2,16,19,17,14,Good,36.5,55.7,18.7
India,Karnataka,Bengaluru,SO2,7,18,14,11,Good,24.1,89.8,2.1
India,Karnataka,Bengaluru,PM10,37,72,47,50,Good,24.3,71.9,19.8
India,Karnataka,Bengaluru,SO2,19,20,19,39,Good,21.2,36.5,24.4
India,Himachal Pradesh,Baddi,PM2.5,37,243,77,52,Moderate,23.8,48.7,26.2
India,Himachal Pradesh,Baddi,NH3,5,7,6,30,Good,36.9,31.9,16.7
India,Himachal Pradesh,Baddi,CO,46,67,55,77,Moderate,21.3,91.3,26.9
India,Jammu and Kashmir,Pampore,NO2,,,,452,Hazardous,29.6,37.6,0.6
India,Jammu and Kashmir,Pampore,NH3,,,,373,Hazardous,16.6,67.9,3.2
India,Jharkhand,Dhanbad,NH3,,,,476,Hazardous,21.6,70.3,13.2
India,Jharkhand,Dhanbad,SO2,103,134,116,103,Unhealthy for Sensitive Groups,33,64.4,19.9
India,Jharkhand,Jorapokhar,PM2.5,,,,397,Hazardous,17.3,79.6,13
India,Madhya Pradesh,Gwalior,NO2,25,85,51,77,Moderate,31.8,61.9,29
India,Madhya Pradesh,Gwalior,NH3,5,6,6,31,Good,20,75.2,11.9
India,Madhya Pradesh,Gwalior,NO2,7,33,14,2,Good,29,59.4,24.4
India,Madhya Pradesh,Gwalior,SO2,9,29,16,43,Good,22.4,43.9,20.1
India,Madhya Pradesh,Gwalior,CO,31,45,38,5,Good,19.2,48.3,30
India,Madhya Pradesh,Indore,CO,77,91,89,68,Moderate,33.7,74.4,26.8
India,Madhya Pradesh,Indore,NH3,5,6,5,48,Good,36.4,87,18.7
India,Madhya Pradesh,Indore,PM2.5,10,61,38,32,Good,18.2,54.7,13.7
India,Karnataka,Madikeri,PM2.5,3,18,10,43,Good,36.8,74.3,26.6
India,Karnataka,Madikeri,PM10,5,16,10,42,Good,19.1,31.1,18.8
India,Karnataka,Madikeri,NO2,,,,342,Hazardous,28.4,74.3,23.2
India,Karnataka,Madikeri,SO2,7,7,7,23,Good,15.2,75.6,14.5
India,Karnataka,Madikeri,CO,12,20,14,37,Good,28.3,52.6,12.9
India,Karnataka,Mysuru,CO,14,27,20,23,Good,39.4,73.5,15.1
India,Karnataka,Ramanagara,PM2.5,8,43,24,35,Good,30.4,36.6,16.7
India,Karnataka,Ramanagara,NO2,,,,345,Hazardous,19.3,92.3,29.7
India,Maharashtra,Dombivli,NO2,8,26,18,14,Good,35.1,93.7,3.3
India,Maharashtra,Dombivli,NH3,1,2,1,6,Good,28.1,88.1,21.9
India,Maharashtra,Dombivli,SO2,0,12,6,27,Good,22.1,68.2,24.8
India,Maharashtra,Hingoli,PM2.5,5,18,9,25,Good,33.4,39.7,2.7
India,Maharashtra,Hingoli,SO2,0,4,3,1,Good,34.9,43.1,8.5
India,Maharashtra,Jalna,PM2.5,9,54,27,26,Good,17.5,87.6,5
India,Maharashtra,Jalna,NO2,15,25,20,38,Good,22.8,47.6,5.3
India,Maharashtra,Kalyan,PM10,44,55,48,10,Good,31.2,48.1,18.3
India,Maharashtra,Kalyan,SO2,9,15,12,0,Good,18.8,93.6,12.4
India,Maharashtra,Kolhapur,PM2.5,7,20,12,2,Good,29.5,38.9,2.2
India,Maharashtra,Kolhapur,NH3,2,4,2,38,Good,33.9,80.5,10
India,Maharashtra,Kolhapur,CO,8,16,11,5,Good,39.4,74.3,5.2
India,Maharashtra,Kolhapur,PM10,15,39,26,33,Good,18.9,93.7,11
India,Maharashtra,Latur,PM2.5,3,26,11,15,Good,18.9,43.3,26.8
India,Maharashtra,Latur,NO2,4,20,11,19,Good,21.1,86.2,15.8
India,Maharashtra,Latur,CO,11,23,16,22,Good,22.8,50.6,12.8
India,Maharashtra,Latur,OZONE,10,24,18,32,Good,36,74.4,11.4
India,Maharashtra,Mahad,PM2.5,33,59,43,14,Good,31.8,50.7,29.2
India,Maharashtra,Malegaon,PM10,40,83,57,89,Moderate,37.2,44.5,5.3
India,Maharashtra,Mira-Bhayandar,NO2,2,27,10,25,Good,35.5,35.7,9.5
India,Maharashtra,Mira-Bhayandar,SO2,3,4,4,21,Good,23.9,63.9,27.5
India,Maharashtra,Mumbai,NH3,4,12,8,42,Good,30.5,49.1,9.5
India,Maharashtra,Mumbai,OZONE,19,67,38,18,Good,22.3,75.4,0.9
India,Maharashtra,Mumbai,PM10,33,55,42,31,Good,34.1,85.2,14.3
India,Maharashtra,Mumbai,NH3,1,2,1,41,Good,18.7,74.6,16.5
India,Maharashtra,Mumbai,CO,5,24,13,18,Good,39.9,80.1,1.8
India,Maharashtra,Mumbai,PM10,,,,495,Hazardous,30.7,42.8,13
India,Maharashtra,Mumbai,NH3,2,2,2,5,Good,31.9,89,26.8
India,Maharashtra,Mumbai,SO2,29,29,29,26,Good,24.7,57.9,14.4
India,Maharashtra,Mumbai,PM2.5,7,37,21,44,Good,39.2,73.9,21.2
India,Maharashtra,Mumbai,NO2,1,39,10,23,Good,32.9,57.7,19.5
India,Maharashtra,Mumbai,NO2,9,31,16,20,Good,23.8,38.2,8.6
India,Maharashtra,Mumbai,OZONE,16,16,16,41,Good,24.3,65,12.4
India,Maharashtra,Mumbai,PM10,19,46,36,20,Good,33.9,71,13.8
India,Madhya Pradesh,Singrauli,OZONE,13,31,17,37,Good,25.3,48.9,29.3
India,Madhya Pradesh,Ujjain,OZONE,61,74,68,67,Moderate,32.6,81.6,16.7
India,Maharashtra,Akola,PM2.5,29,112,51,99,Moderate,31.8,45.6,26.3
India,Maharashtra,Akola,SO2,1,4,2,43,Good,20.4,65.8,5.8
India,Maharashtra,Amravati,NO2,3,15,7,27,Good,27.8,32.7,16.3
India,Maharashtra,Amravati,NO2,3,25,7,48,Good,34.5,93.1,17.2
India,Maharashtra,Amravati,NH3,2,7,4,12,Good,24.7,43.1,20.1
India,Maharashtra,Amravati,SO2,0,3,1,40,Good,19.4,95,23.2
India,Maharashtra,Aurangabad,PM10,16,44,28,48,Good,33.7,50,27
India,Maharashtra,Aurangabad,NO2,8,40,18,39,Good,30.1,64.4,17.9
India,Maharashtra,Aurangabad,SO2,6,9,7,5,Good,34,83.6,26.6
India,Maharashtra,Aurangabad,NO2,8,12,10,41,Good,20.4,90.1,29.9
India,Maharashtra,Aurangabad,PM2.5,,,,329,Hazardous,20.5,46.6,9
India,Madhya Pradesh,Jabalpur,PM2.5,8,35,18,15,Good,36.8,83,3.1
India,Madhya Pradesh,Katni,NO2,10,22,14,49,Good,27.4,92.1,19.3
India,Madhya Pradesh,Katni,SO2,15,56,38,44,Good,15.2,84.2,15.1
India,Madhya Pradesh,Katni,OZONE,26,39,31,6,Good,24.7,93,8.1
India,Madhya Pradesh,Mandideep,NO2,24,52,35,20,Good,34.6,84.7,4.1
India,Madhya Pradesh,Mandideep,CO,22,30,26,7,Good,35.4,92.6,14
India,Madhya Pradesh,Pithampur,PM10,5,58,28,6,Good,17.4,68.1,16.2
India,Madhya Pradesh,Pithampur,OZONE,56,68,62,93,Moderate,17.7,44.8,6
India,Madhya Pradesh,Ratlam,PM10,,,,322,Hazardous,24.4,47.5,7.2
India,Madhya Pradesh,Ratlam,NO2,36,41,37,43,Good,19.1,84.3,28.6
India,Madhya Pradesh,Ratlam,SO2,14,17,16,22,Good,21.2,46.2,24.8
India,Madhya Pradesh,Ratlam,CO,,,,490,Hazardous,26,74.8,3.9
India,Madhya Pradesh,Sagar,PM2.5,2,39,19,45,Good,30.9,72.8,12.5
India,Madhya Pradesh,Satna,PM10,70,71,70,100,Moderate,27.9,34.9,25.9
India,Maharashtra,Mumbai,NO2,26,26,26,50,Good,36.7,42.1,22.2
India,Maharashtra,Mumbai,PM2.5,15,35,26,39,Good,18.1,41.4,19.9
India,Maharashtra,Mumbai,PM10,18,45,32,15,Good,21.1,91.6,24.2
India,Maharashtra,Mumbai,NO2,,,,301,Hazardous,24.8,76.7,23.5
India,Maharashtra,Mumbai,NH3,,,,353,Hazardous,22.6,59.9,23
India,Maharashtra,Mumbai,NH3,,,,306,Hazardous,22.1,81.8,12
India,Maharashtra,Mumbai,CO,,,,307,Hazardous,38.1,76.9,9.7
India,Maharashtra,Mumbai,NH3,3,6,5,16,Good,31.6,48.3,24.3
India,Maharashtra,Mumbai,CO,17,41,26,42,Good,26.3,61.8,3.8
India,Maharashtra,Mumbai,OZONE,2,20,13,5,Good,21.2,85.4,6.1
India,Maharashtra,Nagpur,PM10,17,59,33,7,Good,38.7,83.8,12.3
India,Maharashtra,Nagpur,NH3,5,8,6,16,Good,31.2,78.7,3.7
India,Maharashtra,Nagpur,SO2,0,6,2,28,Good,36.1,83.7,26
India,Maharashtra,Nagpur,PM10,16,57,38,26,Good,16.3,40.2,19.7
India,Maharashtra,Nagpur,OZONE,14,19,17,10,Good,34.3,87.2,13.2
India,Maharashtra,Mumbai,CO,20,27,24,2,Good,30,41.1,2.9
India,Maharashtra,Mumbai,CO,22,28,24,8,Good,26.5,83,25.9
India,Maharashtra,Mumbai,PM2.5,7,21,14,15,Good,15.6,43.3,23.6
India,Maharashtra,Mumbai,NO2,4,34,15,21,Good,34.1,39.6,16.9
India,Maharashtra,Mumbai,NH3,,,,301,Hazardous,27,45.1,10.9
India,Maharashtra,Mumbai,PM10,10,33,22,49,Good,18.6,67.4,13.4
India,Maharashtra,Mumbai,CO,2,9,6,22,Good,19.9,30.4,13.9
India,Maharashtra,Mumbai,PM2.5,11,36,20,33,Good,36.2,57.6,23.5
India,Maharashtra,Mumbai,OZONE,19,20,20,5,Good,35.9,76.6,29
India,Maharashtra,Mumbai,PM2.5,16,17,16,24,Good,18.1,46.8,18.4
India,Maharashtra,Mumbai,OZONE,56,56,56,79,Moderate,35.6,81.9,7.6
India,Maharashtra,Mumbai,PM2.5,5,37,19,32,Good,34.1,38.6,1.1
India,Maharashtra,Mumbai,OZONE,10,14,12,40,Good,37.7,39,27.8
India,Maharashtra,Badlapur,PM2.5,19,38,29,17,Good,35.2,33.9,7.5
India,Maharashtra,Beed,NH3,3,4,4,11,Good,31.6,63.8,11.1
India,Maharashtra,Bhiwandi,PM2.5,26,42,33,15,Good,21.9,81.1,28.5
India,Maharashtra,Boisar,NO2,11,26,17,33,Good,27.2,77.8,9.6
India,Maharashtra,Boisar,SO2,14,17,16,50,Good,21.7,89.5,7.4
India,Maharashtra,Chandrapur,PM10,14,96,41,26,Good,16,46.3,24.2
India,Maharashtra,Chandrapur,NO2,13,15,15,31,Good,18.7,59.2,1.7
India,Maharashtra,Chandrapur,CO,38,40,39,27,Good,28.5,62.2,11.4
India,Maharashtra,Dombivli,PM2.5,,,,390,Hazardous,15.7,60,17.5
India,Maharashtra,Nagpur,PM10,25,61,37,46,Good,16.7,60.8,6
India,Maharashtra,Nagpur,SO2,8,11,9,34,Good,15.3,46.7,9.9
India,Maharashtra,Nagpur,OZONE,8,23,16,32,Good,21.2,71.1,17.8
India,Maharashtra,Nanded,OZONE,16,24,21,3,Good,38.1,51.8,23.6
India,Maharashtra,Nashik,NO2,3,6,4,17,Good,39.5,44.7,20.4
India,Maharashtra,Nashik,SO2,0,4,1,40,Good,29.6,94.1,9.8
India,Maharashtra,Navi Mumbai,CO,101,101,101,128,Unhealthy for Sensitive Groups,17.8,48.6,5.7
India,Maharashtra,Navi Mumbai,OZONE,,,,434,Hazardous,32.8,34.3,18.9
India,Maharashtra,Navi Mumbai,CO,12,18,15,0,Good,22.2,82.2,22.3
India,Madhya Pradesh,Indore,NO2,2,3,3,9,Good,24.9,38,6.7
India,Madhya Pradesh,Indore,CO,21,27,24,36,Good,38.8,52.8,6.1
India,Madhya Pradesh,Indore,PM2.5,11,34,24,9,Good,16.2,82.3,18.1
India,Madhya Pradesh,Indore,PM10,7,41,25,5,Good,19.7,69.1,28.6
India,Madhya Pradesh,Indore,OZONE,6,10,8,22,Good,17.5,48.4,6.6
India,Madhya Pradesh,Jabalpur,NO2,20,37,28,32,Good,17.2,79.9,10.7
India,Odisha,Bhubaneswar,NO2,7,10,8,20,Good,30.1,69.6,1.4
India,Odisha,Bhubaneswar,CO,46,54,50,35,Good,35,57.4,25.5
India,Odisha,Bhubaneswar,NH3,6,24,7,41,Good,38.6,48.4,2.8
India,Odisha,Bileipada,SO2,14,15,15,25,Good,39.9,34.1,2.3
India,Odisha,Brajrajnagar,PM10,11,66,35,36,Good,35.9,35.9,7.3
India,Odisha,Brajrajnagar,SO2,23,25,24,27,Good,35.4,70.3,20.8
India,Odisha,Brajrajnagar,CO,26,33,29,7,Good,32.4,72.2,25
India,Odisha,Byasanagar,NO2,8,72,17,15,Good,37.3,72.4,13.8
India,Odisha,Byasanagar,OZONE,40,83,56,100,Moderate,25.7,39.9,0.6
India,Odisha,Keonjhar,PM2.5,24,47,32,34,Good,23.8,86.3,21.7
India,Odisha,Rairangpur,NO2,6,7,6,20,Good,31.4,74.5,26.1
India,Odisha,Rourkela,NH3,,,,340,Hazardous,38,61.7,23.4
India,Odisha,Rourkela,PM10,43,92,69,91,Moderate,26.9,82.8,4.3
India,Rajasthan,Churu,NH3,5,6,6,37,Good,23.1,71.5,2.9
India,Rajasthan,Dausa,PM2.5,27,68,47,42,Good,37.9,66.3,28.2
India,Rajasthan,Dausa,NH3,8,12,11,3,Good,22.8,31.8,27.1
India,Rajasthan,Dausa,OZONE,10,38,21,41,Good,35.1,54.4,0.9
India,Rajasthan,Dholpur,NO2,3,15,10,9,Good,37.2,69.8,17.9
India,Rajasthan,Dholpur,CO,31,39,35,44,Good,21.9,75.2,22.5
India,Rajasthan,Dholpur,OZONE,21,36,29,45,Good,34.1,87.4,6.2
India,Rajasthan,Hanumangarh,OZONE,8,33,19,40,Good,17.1,66.9,6.7
India,Rajasthan,Jaipur,PM2.5,42,87,72,73,Moderate,30.5,51.2,5.8
India,Rajasthan,Jaipur,NH3,1,5,3,32,Good,17.7,64.2,1.2
India,Rajasthan,Jaipur,CO,2,47,25,34,Good,38.6,32.8,20.5
India,Rajasthan,Jaipur,NO2,5,64,28,25,Good,31.8,55.3,23.7
India,Rajasthan,Jaipur,SO2,0,54,29,10,Good,39.6,34.2,19.3
India,Rajasthan,Jaipur,PM10,32,124,69,99,Moderate,25.9,49,9.7
India,Odisha,Talcher,SO2,29,51,36,46,Good,36.3,75.7,18.9
India,Odisha,Tensa,PM2.5,,,,459,Hazardous,18.6,48,18.7
India,Odisha,Tensa,OZONE,0,1,1,41,Good,27.9,42.5,3.3
India,Puducherry,Puducherry,PM2.5,8,35,18,6,Good,24.9,31.9,14.1
India,Punjab,Amritsar,NH3,7,12,8,47,Good,36.4,38,23.8
India,Punjab,Amritsar,CO,22,25,24,28,Good,28.6,87.9,27.5
India,Punjab,Amritsar,OZONE,24,24,24,1,Good,18.7,63.3,4.7
India,Punjab,Bathinda,NO2,,,,464,Hazardous,23.9,69.7,6.4
India,Punjab,Khanna,PM2.5,43,46,44,28,Good,16.5,84,11.2
India,Punjab,Khanna,OZONE,30,40,34,49,Good,38.4,32.5,23.3
India,Punjab,Ludhiana,OZONE,36,73,61,70,Moderate,15.6,47.2,3.6
India,Punjab,Mandi Gobindgarh,NO2,24,25,25,2,Good,16.8,51.2,15.1
India,Punjab,Mandi Gobindgarh,SO2,,,,315,Hazardous,16.7,33,7.4
India,Maharashtra,Navi Mumbai,OZONE,4,19,10,45,Good,35.2,49.1,14.6
India,Maharashtra,Navi Mumbai,NO2,5,12,6,39,Good,34.5,51.2,15.3
India,Maharashtra,Navi Mumbai,NH3,8,12,9,7,Good,31.1,31.5,11.3
India,Maharashtra,Navi Mumbai,CO,20,24,21,15,Good,25.2,93.9,5.5
India,Maharashtra,Navi Mumbai,OZONE,10,10,10,15,Good,39.6,34.2,17.3
India,Maharashtra,Navi Mumbai,NH3,1,1,1,25,Good,24.2,37.8,25.7
India,Maharashtra,Navi Mumbai,NH3,2,7,4,45,Good,36.2,54.6,11.4
India,Maharashtra,Parbhani,PM10,26,44,35,30,Good,31.5,60.1,8.7
India,Maharashtra,Parbhani,CO,10,14,12,23,Good,24,44.2,6.4
India,Maharashtra,Pimpri-Chinchwad,NO2,5,17,11,8,Good,24.1,93.3,22.6
India,Maharashtra,Pimpri-Chinchwad,PM2.5,7,19,13,12,Good,34,37.5,5.5
India,Maharashtra,Pimpri-Chinchwad,PM10,16,37,28,45,Good,18.9,52,1.8
India,Maharashtra,Pimpri-Chinchwad,CO,29,32,31,18,Good,26,50.6,10.8
India,Maharashtra,Pimpri-Chinchwad,SO2,,,,342,Hazardous,16.9,31.7,19
India,Maharashtra,Pimpri-Chinchwad,CO,27,102,60,75,Moderate,39.7,62.2,24.5
India,Maharashtra,Pimpri-Chinchwad,PM2.5,11,46,17,15,Good,38.6,52.1,10.7
India,Maharashtra,Pimpri-Chinchwad,PM10,12,34,18,42,Good,35.1,82.7,12.8
India,Maharashtra,Pimpri-Chinchwad,NH3,,,,398,Hazardous,27.9,34,28.2
India,Maharashtra,Pimpri-Chinchwad,CO,10,30,17,42,Good,23.5,55.2,18.7
India,Maharashtra,Pune,PM10,10,30,17,10,Good,20.7,71.3,22.6
India,Maharashtra,Pune,SO2,3,5,4,4,Good,30.2,90.3,10.6
India,Maharashtra,Pune,PM2.5,17,39,23,31,Good,32.2,91.8,12.2
India,Maharashtra,Pune,NH3,,,,367,Hazardous,17.1,59.8,22.7
India,Maharashtra,Pune,CO,21,80,42,1,Good,21.9,84.8,18.7
India,Maharashtra,Pune,OZONE,2,5,4,48,Good,24.9,40.8,28.8
India,Maharashtra,Pune,CO,128,137,131,123,Unhealthy for Sensitive Groups,19.6,90.7,20.7
India,Maharashtra,Pune,NH3,,,,466,Hazardous,35,82.7,25.2
India,Maharashtra,Pune,SO2,2,3,3,25,Good,22.9,89.1,15.4
India,Maharashtra,Pune,NO2,17,58,34,14,Good,31.7,33.5,12
India,Rajasthan,Bharatpur,NH3,8,18,10,3,Good,37.4,37.9,28.6
India,Rajasthan,Bhilwara,NH3,2,6,4,16,Good,17,79.4,13
India,Rajasthan,Bhilwara,SO2,5,12,10,15,Good,34.7,83.5,29.2
India,Rajasthan,Bhilwara,CO,13,27,22,43,Good,39.7,42,22
India,Rajasthan,Bhiwadi,NH3,6,23,12,45,Good,29.4,83.1,16.8
India,Rajasthan,Bhiwadi,PM10,70,500,217,243,Very Unhealthy,16.7,43.8,15.5
India,Rajasthan,Bhiwadi,SO2,14,25,17,2,Good,17.4,45.9,9.4
India,Rajasthan,Bundi,PM10,28,80,52,61,Moderate,17,45.4,6.3
India,Rajasthan,Bundi,NH3,3,6,4,0,Good,35.7,87.6,27
India,Rajasthan,Bundi,OZONE,13,45,26,19,Good,21.7,72,1.5
India,Rajasthan,Chittorgarh,SO2,3,9,6,49,Good,33.2,52.4,26.6
India,Meghalaya,Byrnihat,PM2.5,,,,496,Hazardous,39.5,68.8,1.7
India,Meghalaya,Byrnihat,NO2,,,,340,Hazardous,33.8,62.5,4.5
India,Meghalaya,Shillong,NH3,0,0,0,48,Good,27.7,46.7,12.8
India,Meghalaya,Shillong,OZONE,9,19,13,16,Good,36,92.4,10.4
India,Meghalaya,Shillong,PM10,,,,483,Hazardous,33.2,35.9,7.5
India,Mizoram,Aizawl,CO,3,3,3,23,Good,15,42.1,26.4
India,Nagaland,Kohima,NH3,0,1,1,35,Good,30.6,92.7,26.7
India,Odisha,Angul,PM2.5,,,,313,Hazardous,31.5,78.8,22.9
India,Odisha,Baripada,NH3,0,3,2,24,Good,38.5,61.4,23.6
India,Odisha,Baripada,CO,13,42,22,48,Good,39,68.2,28.4
India,Maharashtra,Sangli,NH3,2,3,2,9,Good,18.5,84.5,10.8
India,Maharashtra,Satara,PM2.5,,,,404,Hazardous,24.9,41.4,17.6
India,Maharashtra,Satara,SO2,1,4,2,10,Good,22,78.7,14.6
India,Maharashtra,Solapur,PM2.5,,,,308,Hazardous,16.9,49.3,21.8
India,Maharashtra,Thane,CO,1,33,16,4,Good,31.8,75.9,5.3
India,Maharashtra,Ulhasnagar,NO2,11,30,20,50,Good,23.7,51.7,13.9
India,Maharashtra,Ulhasnagar,CO,20,31,25,45,Good,21.1,37.7,0.5
India,Maharashtra,Virar,PM2.5,,,,488,Hazardous,15.5,39,12.2
India,Punjab,Rupnagar,PM2.5,29,236,96,75,Moderate,28.3,85,2.4
India,Rajasthan,Ajmer,NH3,7,7,7,18,Good,37.8,46.4,21.8
India,Rajasthan,Alwar,PM2.5,42,143,61,80,Moderate,17.9,56.4,22.5
India,Rajasthan,Alwar,PM10,66,102,79,80,Moderate,35,54,18.2
India,Rajasthan,Baran,PM2.5,5,33,15,9,Good,30.7,91.2,16.2
India,Rajasthan,Baran,NO2,13,37,22,27,Good,35.6,89.3,18.9
India,Rajasthan,Baran,NH3,3,7,4,40,Good,27.3,68.4,26.6
India,Telangana,Hyderabad,NH3,2,3,2,24,Good,35.8,33.7,13.3
India,Telangana,Hyderabad,PM2.5,32,51,42,31,Good,23.2,71.6,29.7
India,Telangana,Hyderabad,OZONE,16,18,17,5,Good,23.5,37.7,14.6
India,Telangana,Hyderabad,NH3,,,,402,Hazardous,16.3,85.8,25.4
India,Telangana,Hyderabad,PM10,11,51,30,3,Good,22.5,61.4,20.9
India,Telangana,Hyderabad,NO2,5,26,16,48,Good,22.8,65.6,1.6
India,Telangana,Hyderabad,SO2,2,9,6,36,Good,24.6,87.4,19.4
India,Telangana,Hyderabad,PM10,3,17,9,14,Good,31,49.9,16.1
India,Telangana,Hyderabad,NO2,4,8,7,44,Good,32.4,72.9,16.1
India,Telangana,Hyderabad,SO2,6,19,14,48,Good,17,87.1,10.8
India,Telangana,Hyderabad,OZONE,19,46,39,26,Good,19.4,38.4,23
India,Telangana,Hyderabad,PM10,55,73,63,56,Moderate,31,85.7,21.2
India,Telangana,Hyderabad,CO,29,41,31,38,Good,25.5,30.9,26.4
India,Uttar Pradesh,Ghaziabad,NO2,13,27,20,46,Good,33.1,67.6,18.7
India,Uttar Pradesh,Ghaziabad,NH3,7,24,13,47,Good,22.5,43.8,28.9
India,Uttar Pradesh,Ghaziabad,SO2,7,11,8,17,Good,30,47.2,17.7
India,Uttar Pradesh,Ghaziabad,SO2,16,46,28,19,Good,36.4,83.9,1.6
India,Uttar Pradesh,Ghaziabad,CO,14,72,47,48,Good,26.4,92,23
India,Uttar Pradesh,Ghaziabad,OZONE,19,44,33,20,Good,39.3,49.5,0.3
India,Uttar Pradesh,Ghaziabad,CO,31,55,42,13,Good,28.1,69.5,10.2
India,Uttar Pradesh,Ghaziabad,PM2.5,41,154,81,72,Moderate,21.6,44.6,18.4
India,Uttar Pradesh,Ghaziabad,SO2,4,5,4,43,Good,39.9,69,29.4
India,Uttar Pradesh,Greater Noida,OZONE,8,23,12,39,Good,30.6,56.1,2.5
India,Uttar Pradesh,Greater Noida,SO2,3,7,5,19,Good,33.3,90.3,17.7
India,Uttar Pradesh,Hapur,PM2.5,8,44,27,45,Good,21.5,62.5,9.8
India,Uttar Pradesh,Hapur,NO2,8,18,11,37,Good,18.3,78.3,13.2
India,Rajasthan,Pratapgarh,NO2,9,16,12,2,Good,33,51.7,27.8
India,Rajasthan,Rajsamand,SO2,4,8,5,16,Good,25.1,69,29
India,Rajasthan,Sawai Madhopur,CO,39,50,45,38,Good,26.6,81.4,5.7
India,Rajasthan,Sikar,PM10,51,135,102,115,Unhealthy for Sensitive Groups,32.9,56.3,23.5
India,Rajasthan,Sirohi,NO2,3,10,6,40,Good,27.4,31.5,1.7
India,Rajasthan,Sirohi,CO,7,14,11,48,Good,37.3,64.1,29.5
India,Rajasthan,Sri Ganganagar,NO2,7,63,21,9,Good,38.2,42.1,21.7
India,Rajasthan,Sri Ganganagar,NH3,2,12,4,46,Good,37.4,87.3,4.7
India,Rajasthan,Sri Ganganagar,CO,19,48,27,33,Good,17,76.4,27.3
India,Rajasthan,Sri Ganganagar,OZONE,8,55,26,17,Good,32.8,59.7,26.7
India,Rajasthan,Udaipur,NO2,3,19,8,36,Good,27.5,44.2,3.5
India,Telangana,Hyderabad,OZONE,21,31,27,34,Good,16.2,57.8,10.8
India,Telangana,Hyderabad,CO,24,37,31,49,Good,26.2,34.1,29.3
India,Uttar Pradesh,Agra,PM2.5,25,71,41,21,Good,33.8,32.7,23.7
India,Uttar Pradesh,Agra,NO2,18,18,18,30,Good,40,35.9,11.5
India,Uttar Pradesh,Agra,SO2,10,10,10,12,Good,18.8,48.1,26.7
India,Uttar Pradesh,Agra,CO,16,18,17,17,Good,26,51.6,19.8
India,Uttar Pradesh,Agra,NH3,1,1,1,17,Good,27.8,81.9,1.7
India,Uttar Pradesh,Agra,SO2,38,40,39,10,Good,29.8,87.1,26.5
India,Uttar Pradesh,Agra,PM2.5,,,,496,Hazardous,17.9,43.7,20.1
India,Uttar Pradesh,Agra,PM10,,,,398,Hazardous,39.6,55.9,12.3
India,Uttar Pradesh,Agra,NH3,1,1,1,24,Good,19.3,79.2,1.7
India,Uttar Pradesh,Agra,SO2,16,51,37,50,Good,21.4,84.5,12.8
India,Uttar Pradesh,Agra,NO2,16,16,16,9,Good,15.1,49.1,28.7
India,Rajasthan,Jaipur,PM10,34,151,82,97,Moderate,27.5,45.5,17.1
India,Rajasthan,Jaipur,CO,24,56,37,28,Good,34.9,77.2,24.4
India,Rajasthan,Jaisalmer,PM2.5,22,75,45,38,Good,17,75.4,4.8
India,Rajasthan,Jhalawar,NH3,4,8,6,3,Good,21,85.4,11.2
India,Rajasthan,Jhunjhunu,OZONE,20,71,40,37,Good,36.1,83.5,12.9
India,Rajasthan,Jodhpur,OZONE,37,69,56,64,Moderate,31.1,52.7,19.2
India,Rajasthan,Jodhpur,NO2,1,8,3,10,Good,21.1,89.1,17.4
India,Rajasthan,Jodhpur,NH3,4,7,4,50,Good,29.3,92.2,1.3
India,Rajasthan,Jodhpur,PM2.5,33,83,53,58,Moderate,39.5,87.2,22.9
India,Uttar Pradesh,Bareilly,PM2.5,,,,432,Hazardous,26.4,34.2,17.4
India,Uttar Pradesh,Bareilly,SO2,3,7,3,17,Good,35.3,65,26.5
India,Uttar Pradesh,Bareilly,CO,32,46,40,40,Good,23.5,32.3,17.3
India,Uttar Pradesh,Bareilly,OZONE,,,,453,Hazardous,33.9,82.8,5.3
India,Uttar Pradesh,Bareilly,CO,33,43,36,34,Good,21.1,37.6,25.7
India,Uttar Pradesh,Bulandshahr,PM10,19,136,63,96,Moderate,35.2,55.9,13
India,Uttar Pradesh,Bulandshahr,NO2,0,30,8,48,Good,32,36.6,17.9
India,Uttar Pradesh,Bulandshahr,SO2,2,8,5,2,Good,25.5,69.8,26.7
India,Uttar Pradesh,Firozabad,NH3,6,7,7,28,Good,29.9,42.3,28.8
India,Uttar Pradesh,Firozabad,OZONE,6,7,7,3,Good,35,74,15.5
India,Sikkim,Gangtok,CO,6,10,9,48,Good,34.9,57.4,26.5
India,Tamil Nadu,Chennai,PM10,38,74,54,82,Moderate,21,39.5,15.4
India,Tamil Nadu,Chennai,NH3,3,4,4,19,Good,35.9,94.4,18
India,Tamil Nadu,Chennai,NO2,4,7,5,35,Good,28,42.4,27.5
India,Tamil Nadu,Chennai,SO2,3,9,6,30,Good,18.9,78.3,3.1
India,Tamil Nadu,Chennai,PM2.5,12,67,23,29,Good,28.1,68.3,13.8
India,Tamil Nadu,Chennai,OZONE,6,157,41,26,Good,36.3,50.8,18.3
India,Tamil Nadu,Chennai,PM2.5,,,,318,Hazardous,27.4,66.2,18.7
India,Rajasthan,Jodhpur,NO2,2,9,5,30,Good,37.6,67,19.8
India,Rajasthan,Karauli,NH3,5,47,14,26,Good,29,86.1,14.7
India,Rajasthan,Khairthal,NO2,5,13,8,0,Good,34.1,75.8,24.8
India,Rajasthan,Khairthal,SO2,4,5,5,20,Good,30,47.8,11.9
India,Rajasthan,Kota,PM10,47,103,75,87,Moderate,29.8,65.1,20.8
India,Rajasthan,Kota,CO,14,20,17,17,Good,27.1,86.4,24.3
India,Rajasthan,Kota,PM10,27,80,54,92,Moderate,29.8,52.8,0.6
India,Tamil Nadu,Chennai,OZONE,30,33,32,13,Good,36.9,78,17.4
India,Tamil Nadu,Cuddalore,PM2.5,,,,339,Hazardous,18.1,86.1,17.4
India,Tamil Nadu,Cuddalore,NH3,,,,473,Hazardous,28.5,92.4,17.1
India,Tamil Nadu,Gummidipoondi,PM10,46,138,85,51,Moderate,34.5,33,11.5
India,Tamil Nadu,Thoothukudi,PM2.5,,,,322,Hazardous,32.3,34.8,3.1
India,Uttar Pradesh,Lucknow,OZONE,45,82,62,67,Moderate,23.3,68.7,17.6
India,Uttar Pradesh,Lucknow,PM2.5,18,81,52,95,Moderate,33.6,36.6,8.7
India,Uttar Pradesh,Lucknow,OZONE,53,62,58,93,Moderate,24.4,94.2,4.2
India,Uttar Pradesh,Lucknow,OZONE,22,58,42,6,Good,24.7,37,10.6
India,Uttar Pradesh,Mathura,PM2.5,,,,359,Hazardous,22.9,85.2,14.2
India,Uttar Pradesh,Mathura,SO2,1,5,3,39,Good,19.9,34.4,7.9
India,Uttar Pradesh,Mathura,OZONE,18,54,39,31,Good,26.8,37.7,17.2
India,Uttar Pradesh,Meerut,PM10,28,93,55,100,Moderate,16.6,37.6,10.2
India,Uttar Pradesh,Meerut,SO2,11,37,18,25,Good,32.4,65.1,15.9
India,Uttar Pradesh,Meerut,CO,21,49,29,18,Good,23.3,82,29.3
India,Uttar Pradesh,Meerut,CO,28,40,31,7,Good,25.3,36.4,28
India,Uttar Pradesh,Meerut,PM10,11,64,40,20,Good,17.9,35.6,16.2
India,Uttar Pradesh,Meerut,NO2,5,14,8,6,Good,21.3,32.7,18.2
India,Uttar Pradesh,Meerut,SO2,6,8,8,5,Good,35,67.7,28.6
India,Uttar Pradesh,Meerut,PM10,63,167,118,125,Unhealthy for Sensitive Groups,39.4,86.6,3.9
India,Uttar Pradesh,Meerut,SO2,2,3,2,10,Good,21.4,82.3,0
India,Uttar Pradesh,Modinagar,SO2,13,14,13,13,Good,29.4,47,15.4
India,Uttar Pradesh,Moradabad,PM2.5,,,,307,Hazardous,39.3,49.1,14
India,Uttar Pradesh,Prayagraj,CO,8,16,11,1,Good,21.4,77.5,16.1
India,Uttar Pradesh,Varanasi,PM10,19,79,40,31,Good,16.3,39.4,10.9
India,Uttar Pradesh,Varanasi,PM10,22,102,46,35,Good,39.7,80,11.2
India,Uttar Pradesh,Varanasi,NO2,39,50,41,9,Good,21.5,82.5,12.2
India,Uttar Pradesh,Varanasi,PM10,22,78,43,14,Good,15.9,50,29.5
India,Uttar Pradesh,Varanasi,SO2,25,33,28,12,Good,24.3,80.6,2.6
India,Uttar Pradesh,Vrindavan,PM10,11,100,49,13,Good,28.4,45.6,6.2
India,Uttar Pradesh,Vrindavan,NH3,7,10,8,33,Good,36.4,63.7,21.3
India,Uttar Pradesh,Vrindavan,SO2,21,35,28,29,Good,24.5,49.4,2.4
India,Uttar Pradesh,Vrindavan,OZONE,16,16,16,8,Good,23.3,52.5,9.3
India,Uttarakhand,Kashipur,SO2,0,10,6,21,Good,17,48,9
India,Uttarakhand,Kashipur,OZONE,7,35,20,17,Good,31.3,75.6,29.6
India,Uttarakhand,Rishikesh,PM2.5,2,2,2,48,Good,38.9,58.4,11.2
India,Uttarakhand,Rishikesh,PM10,27,27,27,20,Good,34.9,72.4,11.3
India,West Bengal,Asansol,PM2.5,17,60,33,38,Good,37.1,37.7,28.3
India,Uttar Pradesh,Jhansi,NH3,4,4,4,28,Good,28.5,33.9,16.8
India,Uttar Pradesh,Jhansi,CO,7,96,31,24,Good,19.5,61.5,20.1
India,Uttar Pradesh,Kanpur,CO,50,52,51,64,Moderate,17.9,91.7,1.2
India,Uttar Pradesh,Kanpur,OZONE,2,2,2,22,Good,19.2,78,6.5
India,Uttar Pradesh,Kanpur,PM2.5,16,209,44,13,Good,20.6,79.6,26.9
India,Uttar Pradesh,Kanpur,NO2,26,27,27,45,Good,17.9,77.5,22.9
India,Uttar Pradesh,Kanpur,CO,34,38,36,48,Good,17.7,85.7,23.6
India,Uttar Pradesh,Khurja,SO2,10,11,10,14,Good,25.5,59.1,13.9
India,Uttar Pradesh,Lucknow,PM2.5,35,100,56,65,Moderate,35.1,86,27.4
India,Uttar Pradesh,Lucknow,NH3,3,20,11,2,Good,28.3,52.6,4.7
India,Uttar Pradesh,Lucknow,NO2,11,12,12,7,Good,16.9,39.3,27.5
India,Uttar Pradesh,Lucknow,OZONE,32,39,35,1,Good,18.9,89.9,3
India,Uttar Pradesh,Muzaffarnagar,PM2.5,29,162,59,88,Moderate,34.3,65.3,6
India,Uttar Pradesh,Muzaffarnagar,SO2,3,81,37,36,Good,24.5,84.9,13
India,Uttar Pradesh,Noida,CO,16,51,36,34,Good,30.5,66.8,21.3
India,Uttar Pradesh,Noida,PM2.5,29,88,57,92,Moderate,24,69.9,9.1
India,Uttar Pradesh,Noida,PM10,55,161,104,116,Unhealthy for Sensitive Groups,33.5,81.8,28.6
India,Uttar Pradesh,Noida,NH3,23,27,23,45,Good,19.7,44.9,0.4
India,Uttar Pradesh,Noida,OZONE,11,58,32,9,Good,24,71,26.6
India,Uttar Pradesh,Prayagraj,NH3,8,8,8,27,Good,27.7,88.1,22.3
India,Uttar Pradesh,Prayagraj,SO2,14,23,18,49,Good,27,90.4,23.4
India,Uttar Pradesh,Prayagraj,OZONE,15,26,22,24,Good,32.2,69.7,8.4
India,Uttar Pradesh,Prayagraj,PM10,19,40,28,45,Good,29.8,36.7,8.5
India,West Bengal,Howrah,NH3,1,2,1,33,Good,28.6,53.6,13.6
India,West Bengal,Kolkata,PM2.5,39,81,50,30,Good,31.4,49.3,27.2
India,West Bengal,Kolkata,NH3,9,10,9,6,Good,19.4,82.9,26.4
India,West Bengal,Kolkata,CO,16,29,21,10,Good,20.2,40.8,11
India,West Bengal,Kolkata,NO2,25,88,52,56,Moderate,36.6,73.5,7.7
India,West Bengal,Kolkata,SO2,5,8,7,4,Good,25.4,88.3,25.2
India,West Bengal,Kolkata,CO,13,22,17,48,Good,36.5,86.1,14.4
India,West Bengal,Kolkata,NH3,6,9,7,28,Good,27.6,35.8,14.5
India,West Bengal,Kolkata,NH3,5,6,5,19,Good,39.2,78.8,26.1
India,West Bengal,Kolkata,CO,42,46,44,12,Good,31.7,69.2,18.4
India,West Bengal,Asansol,NH3,8,10,9,40,Good,28.8,48,5.7
India,West Bengal,Asansol,SO2,27,32,30,25,Good,25.8,69.9,9.5
India,West Bengal,Asansol,CO,40,60,44,24,Good,19.2,86.8,21.2
India,West Bengal,Asansol,PM2.5,,,,321,Hazardous,37.9,66.4,1.9
India,West Bengal,Asansol,PM10,31,81,52,89,Moderate,16.9,59.5,26.1
India,West Bengal,Barrackpore,PM2.5,17,57,42,13,Good,17.8,91.7,22.8
India,West Bengal,Barrackpore,SO2,9,11,10,30,Good,23.5,81.7,29.3
India,West Bengal,Durgapur,NH3,,,,354,Hazardous,30,74.8,14
India,West Bengal,Durgapur,NO2,2,19,9,50,Good,34.7,32.9,12.4
India,Uttar Pradesh,Moradabad,PM10,26,89,41,3,Good,26.4,93,4.9
India,Uttar Pradesh,Moradabad,CO,40,40,40,7,Good,33,40.8,20.5
India,Uttar Pradesh,Moradabad,SO2,26,30,27,45,Good,37.5,72.8,23.8
India,Uttar Pradesh,Moradabad,PM10,21,63,35,4,Good,37.8,31,0.7
India,Uttar Pradesh,Moradabad,NO2,24,25,24,16,Good,22.7,60.1,10.7
India,Uttar Pradesh,Moradabad,NH3,5,5,5,11,Good,23.5,65.7,9.1
India,West Bengal,Howrah,SO2,3,6,5,9,Good,31.2,41.1,26.2
India,West Bengal,Howrah,CO,14,30,20,32,Good,25,65.7,17.1
India,West Bengal,Howrah,PM10,57,91,75,86,Moderate,38.9,77.7,10
India,West Bengal,Howrah,NH3,3,4,3,26,Good,36.1,88.9,5.4
India,West Bengal,Howrah,OZONE,17,21,19,10,Good,31.2,89.2,20.6
India,West Bengal,Siliguri,NH3,21,29,25,50,Good,32.2,68.8,7.8
India,Bihar,Patna,CO,32,33,33,50,Good,20.1,84.6,20
India,Bihar,Patna,PM10,,,,395,Hazardous,21.7,85.7,15.4
India,Bihar,Patna,CO,34,41,37,10,Good,26.7,78.4,17.8
India,Bihar,Patna,PM10,43,46,44,10,Good,25,91.4,25.5
India,Bihar,Patna,CO,57,57,57,77,Moderate,37,87.3,20.1
India,Bihar,Purnia,PM2.5,50,80,63,62,Moderate,37.2,58.9,23.6
India,Bihar,Purnia,NH3,2,2,2,45,Good,32.4,89.9,24
India,Bihar,Rajgir,NH3,3,3,3,24,Good,30,59.2,2.2
India,Bihar,Saharsa,NO2,,,,331,Hazardous,36.4,72.4,15.7
India,Bihar,Saharsa,CO,35,35,35,28,Good,32.9,88.5,22.2
India,Bihar,Saharsa,OZONE,15,15,15,18,Good,35.6,66.6,28.8
India,Bihar,Samastipur,PM2.5,27,362,89,55,Moderate,25.1,31.2,7
India,Bihar,Sasaram,NO2,,,,346,Hazardous,31.7,55.8,4.5
India,Bihar,Siwan,OZONE,12,16,14,23,Good,31.3,66.2,8.1
India,Andhra Pradesh,Guntur,SO2,7,17,11,43,Good,26.5,84.5,10.7
India,Andhra Pradesh,Kadapa,NH3,9,16,11,14,Good,25.8,88.7,28.7
India,Andhra Pradesh,Kadapa,SO2,10,16,12,41,Good,24.8,32.8,20.5
India,Andhra Pradesh,Nellore,NO2,28,31,29,13,Good,29.4,43.2,19.2
India,Andhra Pradesh,Nellore,NH3,5,7,6,6,Good,37.5,46.3,12
India,Andhra Pradesh,Nellore,CO,36,36,36,28,Good,25.2,38.5,23.3
India,Andhra Pradesh,Rajamahendravaram,NO2,3,8,5,37,Good,15.4,86.1,7.5
India,Andhra Pradesh,Rajamahendravaram,CO,8,25,16,11,Good,36.4,79,15.2
India,Andhra Pradesh,Tirumala,PM2.5,3,20,11,1,Good,22.5,80.1,7.4
India,Andhra Pradesh,Tirumala,NO2,15,62,39,42,Good,37.7,30.7,18.4
India,Andhra Pradesh,Tirumala,NH3,2,3,2,46,Good,21.1,42.3,16.2
India,Andhra Pradesh,Tirupati,OZONE,47,48,48,39,Good,24.8,73,22.3
India,Andhra Pradesh,Vijayawada,CO,26,30,28,6,Good,15.7,33.2,24.9
India,Andhra Pradesh,Vijayawada,OZONE,20,43,28,37,Good,16.7,51.8,19.2
India,Andhra Pradesh,Vijayawada,PM2.5,47,65,52,88,Moderate,17,89.5,14
India,Andhra Pradesh,Vijayawada,SO2,8,17,12,7,Good,23.2,74.8,3
India,Andhra Pradesh,Vijayawada,OZONE,31,46,36,19,Good,27.4,67.9,0.3
India,Andhra Pradesh,Visakhapatnam,PM10,18,152,74,55,Moderate,23.1,36.5,9.9
India,Arunachal Pradesh,Naharlagun,PM2.5,2,57,28,14,Good,15.1,83.2,19.7
India,Arunachal Pradesh,Naharlagun,NO2,7,12,9,35,Good,33.6,84,22.7
India,Assam,Byrnihat,SO2,10,33,31,26,Good,21.6,41.3,14.2
India,Assam,Guwahati,PM10,13,59,41,33,Good,30,30.1,0.6
India,Assam,Guwahati,PM2.5,16,74,49,20,Good,34.2,32.2,23.4
India,Assam,Guwahati,CO,13,14,14,43,Good,21.1,72,23.4
India,Assam,Guwahati,PM10,,,,414,Hazardous,34.4,34.2,26.3
India,Bihar,Manguraha,CO,33,33,33,22,Good,24.9,31.7,26.4
India,Bihar,Motihari,PM10,,,,451,Hazardous,27.6,32.6,19.7
India,Bihar,Muzaffarpur,PM2.5,57,87,73,68,Moderate,25.6,81,22.1
India,Bihar,Muzaffarpur,SO2,1,11,6,28,Good,19.3,78.2,4.5
India,Bihar,Muzaffarpur,PM2.5,38,80,53,60,Moderate,21.7,57,17.7
India,Bihar,Muzaffarpur,PM10,,,,352,Hazardous,33.7,39.2,29.9
India,Bihar,Muzaffarpur,NO2,15,25,20,21,Good,36.9,92.5,10.1
India,Bihar,Muzaffarpur,NO2,1,9,6,15,Good,19.6,39.3,19.6
India,Bihar,Muzaffarpur,SO2,9,21,14,1,Good,34.4,44.6,17.8
India,Bihar,Muzaffarpur,CO,13,21,16,30,Good,38,54.7,12.5
India,Bihar,Patna,NO2,30,35,32,32,Good,33.5,44.9,7.4
India,Bihar,Patna,PM10,37,58,47,24,Good,32.8,80.1,20.4
India,Bihar,Patna,NH3,2,3,3,15,Good,31.5,56.2,20.8
India,Chhattisgarh,Korba,PM10,7,22,13,34,Good,22.3,31.4,1.1
India,Chhattisgarh,Korba,NO2,5,10,8,8,Good,23,44,16
India,Chhattisgarh,Korba,OZONE,2,2,2,45,Good,30.3,70.3,28.7
India,Chhattisgarh,Kunjemura,OZONE,7,10,9,12,Good,25.5,72.8,22.1
India,Chhattisgarh,Milupara,PM2.5,18,66,36,26,Good,36.9,67.2,12.3
India,Chhattisgarh,Milupara,SO2,15,19,16,32,Good,30.6,88.5,19
India,Chhattisgarh,Raipur,CO,19,23,20,22,Good,18.1,46.1,19.5
India,Chhattisgarh,Raipur,PM2.5,12,71,44,50,Good,31.5,32.5,5.2
India,Chhattisgarh,Raipur,PM10,,,,452,Hazardous,26.4,81.4,16.6
India,Chhattisgarh,Raipur,SO2,0,22,8,25,Good,22.1,44.1,16.5
India,Chhattisgarh,Raipur,PM2.5,9,33,17,40,Good,28.2,63.5,27.7
India,Delhi,Delhi,PM2.5,,,,373,Hazardous,27.1,77,5.2
India,Chandigarh,Chandigarh,SO2,,,,413,Hazardous,39.3,38.9,27.9
India,Chandigarh,Chandigarh,NO2,12,62,31,42,Good,32,41.5,14.4
India,Chhattisgarh,Bhilai,NH3,5,5,5,6,Good,20.4,57.4,0.4
India,Chhattisgarh,Bhilai,SO2,9,37,19,15,Good,16.3,77.2,27.3
India,Chhattisgarh,Bhilai,CO,21,42,32,11,Good,29.9,55.7,29.6
India,Chhattisgarh,Bilaspur,PM2.5,12,40,28,20,Good,24,84.4,6.3
India,Chhattisgarh,Bilaspur,OZONE,,,,415,Hazardous,34.7,55.6,13.7
India,Chhattisgarh,Chhal,PM2.5,17,44,26,16,Good,31.3,50.9,12.5
India,Chhattisgarh,Chhal,PM10,13,46,27,44,Good,19.8,89.7,25.2
India,Chhattisgarh,Chhal,SO2,7,13,9,25,Good,36.1,39,23.3
India,Chhattisgarh,Korba,NO2,,,,403,Hazardous,39.7,63.6,4.2
India,Chhattisgarh,Korba,OZONE,8,17,9,20,Good,30.3,52,2.5
India,Bihar,Bettiah,SO2,10,12,11,49,Good,16.2,68.3,11.3
India,Bihar,Bhagalpur,NO2,5,9,7,47,Good,35.9,78.5,21
India,Bihar,Bhagalpur,PM2.5,,,,318,Hazardous,28.9,52.3,5.4
India,Bihar,Bhagalpur,NO2,11,13,12,46,Good,26.4,39.9,16.4
India,Bihar,Bhagalpur,NH3,1,1,1,24,Good,28.5,54.5,21.5
India,Bihar,Bihar Sharif,NH3,3,4,3,42,Good,24.3,48.6,4.5
India,Bihar,Bihar Sharif,CO,50,62,58,72,Moderate,19.1,30.8,5.1
India,Bihar,Buxar,NO2,9,10,9,31,Good,27.6,89.1,19
India,Bihar,Buxar,SO2,27,32,30,2,Good,28.1,75,17.8
India,Bihar,Buxar,OZONE,10,47,28,20,Good,30.1,94,25.8
India,Bihar,Gaya,PM2.5,30,358,175,190,Unhealthy,37.9,65.3,28
India,Assam,Nagaon,NH3,0,4,4,49,Good,23.3,46.5,24.1
India,Assam,Nagaon,CO,20,23,22,33,Good,15.5,51.7,2.6
India,Assam,Silchar,PM2.5,32,34,33,43,Good,33.6,72.1,28.4
India,Assam,Silchar,PM10,39,59,47,4,Good,27.2,94.2,19.2
India,Assam,Sivasagar,SO2,7,11,9,11,Good,31.3,69,20.4
India,Bihar,Arrah,CO,46,57,51,71,Moderate,26.2,81,16.6
India,Bihar,Arrah,OZONE,5,9,7,14,Good,24.6,50.5,13.8
India,Bihar,Aurangabad,OZONE,6,7,6,11,Good,26.4,57.6,6
India,Bihar,Begusarai,CO,9,18,15,37,Good,15.1,78.5,8.3
India,Bihar,Gaya,OZONE,8,37,19,27,Good,39.5,87,6.2
India,Bihar,Gaya,SO2,35,44,41,37,Good,15.5,33.2,16.8
India,Bihar,Gaya,OZONE,22,45,35,16,Good,29.5,50.7,26.1
India,Bihar,Katihar,PM2.5,3,23,15,4,Good,35.4,57.3,16.7
India,Bihar,Katihar,SO2,17,22,19,13,Good,30.8,70.4,22.3
India,Bihar,Katihar,OZONE,15,26,19,22,Good,31.4,61.9,18
India,Bihar,Kishanganj,SO2,7,11,8,10,Good,29.5,52,22.8
India,Andhra Pradesh,Amaravati,PM2.5,9,29,18,2,Good,28.5,61.4,12.7
India,Andhra Pradesh,Chittoor,CO,14,20,18,30,Good,21.3,49.1,13
India,Andhra Pradesh,Eluru,PM2.5,50,66,58,77,Moderate,34.5,83.1,26.7
India,Andhra Pradesh,Eluru,NO2,11,29,16,18,Good,32,87.8,7.9
India,Delhi,Delhi,SO2,6,18,11,41,Good,39.7,39.1,19.3
India,Delhi,Delhi,OZONE,5,12,8,1,Good,22,90.5,3.3
India,Delhi,Delhi,NO2,19,58,28,18,Good,22.8,45.1,3
India,Delhi,Delhi,SO2,13,101,36,5,Good,15.5,56.4,18.7
India,Delhi,Delhi,CO,27,35,31,32,Good,26.8,81.8,10.1
India,Delhi,Delhi,PM10,80,156,117,150,Unhealthy for Sensitive Groups,32.3,85.2,20.9
India,Delhi,Delhi,OZONE,17,32,25,22,Good,35.7,69.8,14.7
India,Delhi,Delhi,NH3,2,6,4,47,Good,33.3,30.8,0.5
India,Delhi,Delhi,PM10,89,137,112,140,Unhealthy for Sensitive Groups,20.8,49.8,14.4
India,Delhi,Delhi,NH3,,,,335,Hazardous,38.5,82.7,11.7
India,Delhi,Delhi,PM2.5,22,103,60,53,Moderate,25.5,73.5,6
India,Delhi,Delhi,NO2,26,33,30,30,Good,30.9,58.6,8.8
India,Delhi,Delhi,NH3,,,,394,Hazardous,19.7,75.2,4.3
India,Delhi,Delhi,NH3,,,,477,Hazardous,32.4,42.6,26.3
India,Delhi,Delhi,NH3,4,10,6,40,Good,15.9,61.2,9.2
India,Delhi,Delhi,SO2,9,15,11,37,Good,38.1,39.1,19.3
India,Delhi,Delhi,CO,33,41,35,29,Good,36,63.7,1.4
India,Delhi,Delhi,PM2.5,45,127,84,66,Moderate,33.9,74.9,15.6
India,Delhi,Delhi,SO2,8,23,13,14,Good,16.7,62.4,21.6
India,Delhi,Delhi,PM2.5,30,250,117,127,Unhealthy for Sensitive Groups,22.2,59.2,7.9
India,Delhi,Delhi,CO,52,80,60,75,Moderate,30.6,73.8,4.9
India,Delhi,Delhi,OZONE,23,56,38,34,Good,24.3,59.5,1.7
India,Delhi,Delhi,PM2.5,33,95,65,82,Moderate,38.9,69.6,24.9
India,Delhi,Delhi,NO2,22,42,27,41,Good,39.9,54.4,17.6
India,Delhi,Delhi,NO2,20,35,24,46,Good,38,35.6,1.6
India,Delhi,Delhi,NO2,23,56,37,18,Good,35.7,34.9,15.2
India,Delhi,Delhi,SO2,8,12,10,13,Good,16.4,43.3,9.6
India,Delhi,Delhi,NO2,15,28,19,49,Good,30.1,80.7,25.9
India,Delhi,Delhi,NH3,,,,301,Hazardous,20.6,32.8,10.3
India,Gujarat,Ahmedabad,CO,6,14,11,15,Good,28.6,41.5,20.2
India,Gujarat,Ahmedabad,PM2.5,35,106,59,63,Moderate,17.4,78.6,19.1
India,Gujarat,Ahmedabad,NO2,10,23,13,36,Good,32.8,43.9,26.8
India,Gujarat,Ahmedabad,NH3,3,7,3,45,Good,28.4,86,11.8
India,Gujarat,Ahmedabad,OZONE,8,21,14,41,Good,38.4,70.3,0.3
India,Gujarat,Ahmedabad,NO2,28,30,29,31,Good,21.1,69.5,30
India,Gujarat,Ahmedabad,OZONE,41,53,46,39,Good,30.7,85.2,24.2
India,Gujarat,Ahmedabad,PM2.5,21,65,37,20,Good,20.8,69.6,12.1
India,Gujarat,Ahmedabad,CO,21,32,27,18,Good,15.6,70.5,14.3
India,Gujarat,Ahmedabad,NO2,5,10,7,40,Good,35.7,81.9,27.6
India,Delhi,Delhi,PM10,29,109,77,89,Moderate,29.2,61.3,8.6
India,Delhi,Delhi,NO2,5,13,9,25,Good,38.2,31.7,27.6
India,Delhi,Delhi,CO,23,27,26,34,Good,33.1,63.9,6.3
India,Delhi,Delhi,CO,25,37,30,2,Good,23.9,50.8,14.1
India,Delhi,Delhi,CO,23,33,26,46,Good,22.7,41.8,22.2
India,Delhi,Delhi,CO,36,51,40,1,Good,32.6,62.4,8.5
India,Delhi,Delhi,OZONE,6,11,9,44,Good,17.7,75.4,29.8
India,Delhi,Delhi,PM2.5,46,99,69,58,Moderate,28.5,59.8,9.4
India,Delhi,Delhi,CO,65,101,80,86,Moderate,25,30.8,18.7
India,Delhi,Delhi,PM10,50,134,91,55,Moderate,38.4,78.8,12.9
India,Delhi,Delhi,SO2,2,17,4,18,Good,16.5,82.6,0.2
India,Delhi,Delhi,PM2.5,58,176,97,53,Moderate,29.8,93.5,10
India,Delhi,Delhi,NO2,9,25,18,2,Good,26.9,42.3,11.8
India,Delhi,Delhi,NO2,21,73,40,36,Good,25.8,68.2,18.4
India,Delhi,Delhi,SO2,4,15,11,22,Good,29.8,54,1.6
India,Delhi,Delhi,CO,46,61,51,76,Moderate,34.7,85.3,15.1
India,Delhi,Delhi,PM2.5,32,103,67,80,Moderate,39.7,73.3,7.6
India,Delhi,Delhi,NO2,107,143,120,106,Unhealthy for Sensitive Groups,39.6,63.1,28.1
India,Delhi,Delhi,NH3,7,12,9,10,Good,26.3,85.7,27.3
India,Delhi,Delhi,PM2.5,30,183,75,78,Moderate,37.3,58.3,14
India,Delhi,Delhi,NO2,21,105,33,9,Good,39.1,32.3,28
India,Delhi,Delhi,CO,24,75,35,36,Good,24.1,66.4,3.1
India,Delhi,Delhi,OZONE,29,33,31,35,Good,38.1,50.3,26.6
India,Delhi,Delhi,OZONE,13,33,25,22,Good,27.4,38.1,29.6
India,Delhi,Delhi,NO2,9,72,29,27,Good,28.9,76.4,6
India,Delhi,Delhi,NH3,6,10,7,25,Good,26.7,85.7,12.5
India,Gujarat,Vapi,NO2,,,,413,Hazardous,27.5,55.2,9.4
India,Gujarat,Vapi,OZONE,6,7,6,22,Good,29.3,33.4,17.2
India,Gujarat,Vatva,NO2,14,68,44,11,Good,35.3,31.9,23.4
India,Haryana,Ambala,PM10,51,131,87,58,Moderate,18,68.5,3.3
India,Haryana,Ambala,NO2,20,54,30,34,Good,30,39.7,11
India,Haryana,Ambala,SO2,15,32,22,45,Good,21,57.5,16.6
India,Haryana,Ambala,CO,10,11,11,4,Good,25.9,86,24.6
India,Haryana,Bahadurgarh,NO2,12,20,15,12,Good,33.6,40.1,20.9
India,Haryana,Bahadurgarh,SO2,5,7,6,11,Good,15.5,76,20.9
India,Haryana,Bhiwani,PM10,88,107,94,97,Moderate,17.8,71.1,14
India,Haryana,Charkhi Dadri,PM2.5,83,332,190,157,Unhealthy,31.2,47.9,27.1
India,Gujarat,Gandhinagar,NH3,1,2,1,18,Good,35.6,44.2,11.2
India,Gujarat,Gandhinagar,CO,25,28,27,36,Good,20.1,57.3,21.4
India,Gujarat,Nandesari,SO2,3,4,3,18,Good,29.2,57.4,5.8
India,Gujarat,Rajkot,PM2.5,22,63,47,18,Good,35.3,48.5,1.5
India,Gujarat,Rajkot,PM10,28,90,58,100,Moderate,19,90.2,23.3
India,Gujarat,Surat,PM2.5,10,85,43,18,Good,23.9,54,7.1
India,Gujarat,Surat,CO,39,45,42,17,Good,30,38,22.2
India,Gujarat,Surat,SO2,14,21,16,43,Good,21.2,86.6,20
India,Gujarat,Vadodara,PM10,29,70,46,34,Good,37.6,63.8,12.2
India,Delhi,Delhi,NH3,5,10,8,32,Good,39.5,64.3,2.1
India,Delhi,Delhi,SO2,1,10,5,23,Good,35.1,84.4,13.5
India,Delhi,Delhi,NH3,6,13,8,33,Good,17.8,44.3,5.3
India,Delhi,Delhi,SO2,16,41,20,47,Good,38,84,5.2
India,Delhi,Delhi,OZONE,6,34,21,40,Good,34.1,42.2,8.8
India,Delhi,Delhi,CO,36,48,42,6,Good,20.4,92.2,21.9
India,Delhi,Delhi,OZONE,8,37,24,10,Good,36.8,92.7,9
India,Delhi,Delhi,NH3,10,14,12,43,Good,16.7,58.9,11.9
India,Delhi,Delhi,CO,60,71,66,58,Moderate,36.3,57,17.6
India,Delhi,Delhi,OZONE,7,29,17,19,Good,29.5,31.3,4.4
India,Gujarat,Ahmedabad,NO2,8,36,15,43,Good,15.2,75,9.8
India,Gujarat,Ankleshwar,NO2,,,,492,Hazardous,28.9,60.2,8.7
India,Gujarat,Bhavnagar,NO2,26,60,43,8,Good,24.2,80.3,1.4
India,Gujarat,Bhavnagar,NH3,3,7,5,11,Good,34.7,45.7,3
India,Gujarat,Bhavnagar,CO,78,79,79,100,Moderate,15.8,69.1,24.2
India,Gujarat,Gandhinagar,PM2.5,24,202,70,82,Moderate,23.5,66.8,16.1
India,Gujarat,Gandhinagar,NH3,15,25,20,50,Good,23.5,35,23.9
India,Gujarat,Gandhinagar,SO2,0,14,4,44,Good,23.1,49.6,1.3
India,Haryana,Gurugram,NO2,25,46,37,15,Good,17.4,58.8,18.1
India,Haryana,Gurugram,CO,26,47,32,40,Good,19,32.1,12.5
India,Haryana,Gurugram,NH3,9,22,14,33,Good,30.2,83.2,28.7
India,Haryana,Gurugram,SO2,6,11,10,15,Good,37.5,72.1,7.6
India,Haryana,Hisar,NO2,28,32,30,16,Good,19,84.1,7.7
India,Haryana,Hisar,OZONE,70,74,74,93,Moderate,26.4,88.7,18.3
India,Haryana,Jind,NH3,12,15,14,8,Good,16.8,36.3,11.9
India,Haryana,Jind,SO2,0,2,0,48,Good,21.5,93.9,2.3
India,Haryana,Kurukshetra,PM10,63,135,85,60,Moderate,18,84,15.7
India,Haryana,Kurukshetra,NH3,12,14,13,34,Good,26.6,61.1,8.5
India,Haryana,Mandikhera,PM10,,,,457,Hazardous,27.2,41.4,4.3
India,Haryana,Mandikhera,NH3,9,10,10,24,Good,35,58.6,12.7
India,Haryana,Mandikhera,SO2,26,27,26,13,Good,29,66,9.6
India,Haryana,Mandikhera,OZONE,47,48,47,39,Good,18.6,83.3,23.7
India,Haryana,Manesar,CO,9,17,12,49,Good,26.8,90.1,18.8
India,Haryana,Narnaul,PM10,100,182,133,119,Unhealthy for Sensitive Groups,36.9,55.1,28.3
India,Haryana,Palwal,PM10,34,79,52,98,Moderate,19.7,43.8,8.9
India,Himachal Pradesh,Baddi,OZONE,2,20,13,2,Good,25.2,64.6,1.4
India,Jammu and Kashmir,Pampore,SO2,4,12,5,33,Good,29.6,31.8,26.2
India,Jammu and Kashmir,Srinagar,PM2.5,25,43,31,29,Good,24.3,45.4,18.3
India,Jammu and Kashmir,Srinagar,SO2,3,4,3,7,Good,39.8,70.5,24
India,Jammu and Kashmir,Srinagar,CO,13,17,16,0,Good,28.6,33,24.6
India,Jammu and Kashmir,Srinagar,SO2,4,8,6,2,Good,27.2,48.6,16.9
India,Jharkhand,Dhanbad,CO,49,121,82,92,Moderate,36,88.5,26
India,Jharkhand,Jorapokhar,PM10,42,469,99,80,Moderate,36.7,48.7,7.8
India,Karnataka,Bagalkot,NO2,10,11,10,16,Good,35.5,35,14.1
India,Karnataka,Bagalkot,SO2,10,10,10,4,Good,39.9,50.8,13
India,Karnataka,Bengaluru,NH3,3,3,3,9,Good,20.9,84.6,19.8
India,Karnataka,Bengaluru,SO2,18,51,32,47,Good,27.6,79.3,15.4
India,Karnataka,Bengaluru,CO,14,31,23,27,Good,27.9,90.9,15.5
India,Karnataka,Koppal,CO,14,18,15,35,Good,16.3,91.1,12.8
India,Karnataka,Madikeri,NH3,,,,369,Hazardous,18.6,92.4,9.9
India,Karnataka,Mangalore,NH3,0,3,1,27,Good,31,55.1,15.5
India,Karnataka,Mangalore,CO,,,,399,Hazardous,29.3,51.7,3.2
India,Karnataka,Ramanagara,NH3,,,,343,Hazardous,32.5,86.8,15.5
India,Karnataka,Shivamogga,NH3,4,4,4,36,Good,35.8,73.5,2.7
India,Karnataka,Shivamogga,SO2,3,6,5,35,Good,20.1,86.3,23.3
India,Karnataka,Vijayapura,PM2.5,26,31,29,33,Good,31,70.4,23.6
India,Karnataka,Vijayapura,NO2,11,12,12,19,Good,31.7,52.9,3.9
India,Karnataka,Vijayapura,NH3,4,4,4,7,Good,23.9,79.2,11.3
India,Karnataka,Yadgir,CO,13,19,15,9,Good,23.9,39.2,19.8
India,Kerala,Kannur,PM2.5,36,55,45,6,Good,33.7,62.5,18.7
India,Kerala,Kannur,PM10,41,54,48,18,Good,25.1,80.9,27.6
India,Kerala,Kannur,NH3,1,1,1,39,Good,21.5,77.2,7
India,Karnataka,Chikkamagaluru,NO2,15,26,19,6,Good,38,89.7,7.9
India,Karnataka,Chikkamagaluru,NH3,2,3,2,12,Good,21.2,61.8,7.3
India,Karnataka,Chikkamagaluru,SO2,,,,365,Hazardous,15.2,33.2,19.6
India,Karnataka,Dharwad,PM10,62,79,68,59,Moderate,25.7,58.1,13.7
India,Karnataka,Dharwad,OZONE,27,27,27,9,Good,35.4,67.9,5.2
India,Karnataka,Gadag,PM2.5,28,33,30,23,Good,39.9,55.8,24.7
India,Karnataka,Gadag,PM10,24,28,26,27,Good,36.1,34.4,28.5
India,Karnataka,Hubballi,PM2.5,29,31,30,28,Good,39.8,62.2,20.2
India,Karnataka,Hubballi,SO2,2,3,2,37,Good,36,61.5,11.6
India,Karnataka,Kalaburagi,OZONE,13,18,14,17,Good,21.4,52.9,27.2
India,Karnataka,Karwar,PM10,,,,418,Hazardous,23.1,70.1,14.3
India,Karnataka,Karwar,NH3,2,37,6,13,Good,19.7,65.3,20
India,Haryana,Dharuhera,PM2.5,73,216,129,118,Unhealthy for Sensitive Groups,31.3,67.9,16.3
India,Haryana,Dharuhera,OZONE,18,27,23,30,Good,39.8,68.6,25.1
India,Haryana,Faridabad,SO2,5,15,11,25,Good,36.2,90.3,29.8
India,Haryana,Faridabad,CO,22,25,23,47,Good,17.2,34.6,0.8
India,Haryana,Faridabad,PM10,43,140,93,100,Moderate,18.1,63.2,23.6
India,Haryana,Faridabad,NO2,36,40,38,27,Good,28.7,33.5,0.7
India,Haryana,Faridabad,SO2,4,4,4,46,Good,16.5,62.1,14.3
India,Haryana,Fatehabad,NO2,,,,419,Hazardous,18.9,44.8,26.8
India,Haryana,Fatehabad,NH3,,,,352,Hazardous,38.2,52.8,17.4
India,Haryana,Gurugram,PM10,32,151,92,78,Moderate,27.1,83,28.8
India,Haryana,Gurugram,CO,33,83,61,75,Moderate,23.4,75.3,16.6
India,Haryana,Panchgaon,NO2,22,33,27,46,Good,16.5,65.7,6.6
India,Haryana,Panchgaon,SO2,2,18,11,7,Good,25.9,32.1,23.7
India,Haryana,Panchgaon,OZONE,14,23,19,42,Good,37.5,74.2,7.3
India,Haryana,Panchkula,PM2.5,,,,411,Hazardous,24.3,59.4,9.1
India,Haryana,Panchkula,NO2,,,,303,Hazardous,37.9,41.2,0.7
India,Haryana,Panchkula,CO,18,20,19,39,Good,21.1,83.9,8.1
India,Haryana,Panipat,NO2,33,34,34,44,Good,19.3,37.5,29.7
India,Haryana,Sirsa,PM2.5,87,263,168,157,Unhealthy,21.3,93.4,7.3
India,Haryana,Sirsa,NO2,18,22,19,48,Good,24.6,36.1,29.7
India,Haryana,Sirsa,CO,55,62,58,94,Moderate,23,32.3,6.3
India,Haryana,Sirsa,OZONE,30,78,51,94,Moderate,25.5,67.2,14.6
India,Haryana,Sonipat,PM10,3,497,152,180,Unhealthy,20.8,45.3,7.7
India,Karnataka,Bengaluru,NO2,19,20,19,34,Good,26.7,49.9,11.3
India,Karnataka,Bengaluru,OZONE,25,26,25,35,Good,35.2,91.5,4.3
India,Karnataka,Bengaluru,NH3,3,4,3,31,Good,16.4,31,7.1
India,Karnataka,Bengaluru,SO2,4,10,7,11,Good,22.6,56.3,23.2
India,Karnataka,Bengaluru,NO2,5,9,7,36,Good,22.6,91.2,19.8
India,Karnataka,Bengaluru,NH3,1,2,1,8,Good,36.5,32.3,13.9
India,Karnataka,Bengaluru,SO2,1,8,4,17,Good,31.2,55.7,15.6
India,Karnataka,Bengaluru,CO,6,12,10,6,Good,24.4,73.4,13.1
India,Karnataka,Chamarajanagar,NH3,2,2,2,50,Good,26,80.4,22.8
India,Karnataka,Chikkaballapur,PM10,9,111,46,26,Good,39.7,82.7,16
India,Karnataka,Chikkaballapur,NO2,2,5,3,23,Good,20.6,42.7,5.7
India,Kerala,Kannur,CO,10,12,11,29,Good,38.8,61.4,29.1
India,Kerala,Kollam,NO2,8,10,9,2,Good,17.2,36.2,29.6
India,Kerala,Thiruvananthapuram,PM10,8,41,23,13,Good,23.8,94.9,15.3
India,Kerala,Thiruvananthapuram,NH3,0,0,0,26,Good,38.2,44.1,24.8
India,Kerala,Thiruvananthapuram,SO2,12,27,17,12,Good,34.5,82.2,25.2
India,Kerala,Thiruvananthapuram,OZONE,11,24,16,8,Good,31.7,71.8,28.1
India,Kerala,Thiruvananthapuram,OZONE,30,31,31,27,Good,34.8,34.6,2.9
India,Madhya Pradesh,Bhopal,PM2.5,7,49,26,22,Good,29.4,42.9,24.9
India,Madhya Pradesh,Bhopal,NO2,10,30,17,47,Good,21.2,61.1,23.8
India,Madhya Pradesh,Damoh,NO2,,,,487,Hazardous,33.5,72.9,19.8
India,Madhya Pradesh,Damoh,CO,,,,480,Hazardous,15.1,90.5,3.2
India,Madhya Pradesh,Damoh,OZONE,,,,362,Hazardous,35.4,33.9,28.1
India,Madhya Pradesh,Gwalior,NO2,13,32,23,2,Good,29.3,53.4,17.3
India,Madhya Pradesh,Pithampur,NH3,3,5,5,49,Good,38.1,35.4,29
India,Madhya Pradesh,Sagar,OZONE,33,67,55,78,Moderate,20.5,41.9,0.1
India,Madhya Pradesh,Satna,SO2,17,18,18,38,Good,16.1,56.4,7.1
India,Madhya Pradesh,Satna,OZONE,40,60,54,95,Moderate,36.5,32.5,8.5
India,Madhya Pradesh,Singrauli,PM2.5,12,27,18,9,Good,23.5,44.2,23.3
India,Madhya Pradesh,Singrauli,NO2,50,68,62,66,Moderate,36.4,43.7,7.2
India,Madhya Pradesh,Ujjain,CO,21,27,24,7,Good,39.2,52.8,29.1
India,Maharashtra,Ahmednagar,SO2,,,,476,Hazardous,28.2,69.4,4.8
India,Maharashtra,Ahmednagar,OZONE,17,28,22,17,Good,21.7,66.5,6.3
India,Maharashtra,Ambernath,PM2.5,4,49,23,29,Good,35.8,35.7,23.1
India,Maharashtra,Ambernath,PM10,,,,395,Hazardous,18.5,68.9,5.3
India,Maharashtra,Ambernath,NH3,2,3,3,23,Good,37.1,56.5,7.3
India,Maharashtra,Ambernath,OZONE,3,8,5,0,Good,37.5,76,27.3
India,Maharashtra,Boisar,PM10,28,50,37,42,Good,15.8,65.4,3.6
India,Maharashtra,Chandrapur,SO2,8,12,9,22,Good,18.1,47.5,8.3
India,Maharashtra,Chandrapur,OZONE,16,18,17,20,Good,30.9,74.3,19.3
India,Maharashtra,Chandrapur,OZONE,1,14,6,14,Good,26.7,88.2,10.3
India,Maharashtra,Hingoli,PM10,4,25,12,28,Good,39.7,34.2,19.1
India,Maharashtra,Hingoli,NH3,0,6,2,20,Good,15.9,57.5,18.8
India,Maharashtra,Hingoli,CO,10,19,14,34,Good,28,83.8,10.2
India,Maharashtra,Jalgaon,SO2,0,3,1,6,Good,31.2,74,5.5
India,Maharashtra,Jalgaon,OZONE,21,48,35,41,Good,39.7,94.4,29.1
India,Maharashtra,Jalna,PM10,12,75,38,47,Good,22.9,37.2,2.9
India,Maharashtra,Jalna,OZONE,14,41,25,46,Good,29.5,64.8,19.2
India,Maharashtra,Kalyan,NO2,12,13,13,38,Good,25.2,59.1,28.2
India,Maharashtra,Kalyan,NH3,3,4,4,26,Good,36,89.6,4.4
India,Maharashtra,Mumbai,PM10,,,,306,Hazardous,30.5,70.5,11.2
India,Maharashtra,Mumbai,CO,20,33,25,38,Good,29.2,32,13.7
India,Maharashtra,Mumbai,OZONE,4,9,6,19,Good,21.1,66.6,4.8
India,Maharashtra,Mumbai,SO2,0,6,3,34,Good,20.6,52.3,22
India,Maharashtra,Nagpur,PM2.5,14,62,33,16,Good,31.3,47.3,21.1
India,Maharashtra,Nagpur,SO2,0,43,14,32,Good,35.8,69.4,24.8
India,Maharashtra,Nagpur,NO2,16,16,16,13,Good,28.4,32.9,1.9
India,Maharashtra,Nagpur,NH3,5,5,5,43,Good,18.2,71.8,11.4
India,Maharashtra,Nagpur,PM2.5,25,57,36,40,Good,15,34.4,17
India,Maharashtra,Nagpur,NH3,1,9,3,41,Good,16,54.2,21.1
India,Maharashtra,Nanded,SO2,14,16,15,12,Good,24.4,34.6,3.3
India,Maharashtra,Nanded,CO,20,27,24,32,Good,30.4,90.3,29.8
India,Maharashtra,Nashik,SO2,2,5,3,4,Good,38.9,86.6,19.2
India,Maharashtra,Mumbai,NO2,6,29,17,45,Good,33.4,54.4,12
India,Maharashtra,Mumbai,NO2,14,33,23,35,Good,15.6,88,13.1
India,Maharashtra,Mumbai,PM10,30,31,31,44,Good,32.7,35.2,15.8
India,Maharashtra,Mumbai,NO2,13,14,13,25,Good,15.3,72.2,24.4
India,Maharashtra,Mumbai,CO,1,3,2,25,Good,19.9,54.7,2.4
India,Maharashtra,Mumbai,SO2,1,3,2,15,Good,25.2,60.6,2.6
India,Maharashtra,Mumbai,NH3,0,0,0,33,Good,17.3,78.8,18.8
India,Maharashtra,Mumbai,OZONE,,,,474,Hazardous,31.7,67.4,16.6
India,Maharashtra,Mumbai,CO,20,20,20,10,Good,18.5,84,20.7
India,Maharashtra,Mumbai,CO,69,78,74,90,Moderate,39.9,60.8,22.1
India,Maharashtra,Mumbai,PM10,,,,390,Hazardous,35.5,89.5,21.9
India,Maharashtra,Mumbai,OZONE,,,,344,Hazardous,22.6,58.9,18.5
India,Maharashtra,Kolhapur,PM2.5,3,30,12,5,Good,20.8,80.1,5.5
India,Maharashtra,Kolhapur,NH3,3,4,4,46,Good,31.2,46.4,4.5
India,Maharashtra,Kolhapur,OZONE,12,20,16,48,Good,23,53.3,26.8
India,Maharashtra,Malegaon,NH3,1,3,1,44,Good,25.3,56.5,15.2
India,Maharashtra,Malegaon,OZONE,27,40,35,8,Good,38,61.4,23.5
India,Maharashtra,Mira-Bhayandar,PM10,,,,344,Hazardous,25.9,50.9,16.3
India,Maharashtra,Mumbai,PM2.5,5,13,8,43,Good,18.7,88.6,18.5
India,Maharashtra,Mumbai,NO2,5,26,14,3,Good,24.4,79.5,26.3
India,Maharashtra,Mumbai,SO2,0,1,1,27,Good,38.4,57.6,29.2
India,Maharashtra,Mumbai,NO2,6,31,17,6,Good,32.4,66.2,23.6
India,Maharashtra,Mumbai,SO2,1,4,3,12,Good,39.9,55.9,9.2
India,Maharashtra,Mumbai,PM2.5,,,,453,Hazardous,21.5,51.2,5
India,Madhya Pradesh,Indore,CO,5,14,9,6,Good,30.6,60,21.4
India,Madhya Pradesh,Jabalpur,PM10,24,38,30,11,Good,28.5,92.3,26.1
India,Madhya Pradesh,Jabalpur,NH3,0,26,3,12,Good,39.7,45.4,25.7
India,Madhya Pradesh,Jabalpur,SO2,9,12,10,33,Good,36.3,92.7,3.5
India,Madhya Pradesh,Jabalpur,CO,28,35,32,6,Good,37.2,57.3,19.8
India,Madhya Pradesh,Katni,PM2.5,20,72,44,6,Good,36.8,77.5,27.4
India,Madhya Pradesh,Katni,NH3,2,3,3,43,Good,17.4,34.8,25.9
India,Madhya Pradesh,Katni,CO,28,53,38,15,Good,30.3,63.2,19
India,Madhya Pradesh,Maihar,NH3,,,,453,Hazardous,16.6,85.7,11.1
India,Madhya Pradesh,Mandideep,PM10,6,85,37,1,Good,36.1,77.9,23.9
India,Maharashtra,Amravati,SO2,5,7,6,36,Good,15.3,72.9,9.3
India,Maharashtra,Amravati,CO,5,13,10,27,Good,38.6,81.5,26.2
India,Maharashtra,Amravati,PM2.5,12,55,31,14,Good,24.1,90.5,14.6
India,Maharashtra,Aurangabad,CO,21,36,26,7,Good,31.3,50,23.3
India,Maharashtra,Badlapur,PM10,26,51,42,48,Good,36.9,58.2,21
India,Maharashtra,Belapur,NO2,16,40,25,30,Good,19.2,91.7,5.4
India,Maharashtra,Belapur,OZONE,4,13,8,3,Good,31.8,31.9,16.3
India,Maharashtra,Bhiwandi,NH3,4,9,6,15,Good,31.4,45.1,0.3
India,Maharashtra,Boisar,PM2.5,21,38,28,7,Good,27.7,60.1,22.7
India,Madhya Pradesh,Gwalior,PM2.5,2,33,16,15,Good,26.2,40.8,28.4
India,Madhya Pradesh,Gwalior,OZONE,31,52,41,12,Good,21.7,81.4,26.7
India,Madhya Pradesh,Indore,PM2.5,1,26,17,11,Good,23.4,49.3,3.7
India,Madhya Pradesh,Indore,SO2,29,31,30,26,Good,22.6,77.9,12.8
India,Madhya Pradesh,Indore,PM10,14,108,34,34,Good,34.1,36.5,8.3
India,Madhya Pradesh,Indore,NO2,51,186,65,92,Moderate,17.1,90,27.4
India,Madhya Pradesh,Indore,CO,42,71,47,27,Good,24.9,94.6,1.4
India,Madhya Pradesh,Indore,OZONE,4,6,5,14,Good,38.8,76.6,28.8
India,Madhya Pradesh,Indore,SO2,18,20,19,17,Good,19.8,61.8,1.8
India,Madhya Pradesh,Indore,NH3,0,0,0,17,Good,29.9,35.5,3.1
India,Maharashtra,Mumbai,PM10,7,18,12,29,Good,30.2,46,26.3
India,Maharashtra,Mumbai,CO,17,17,17,41,Good,39.7,30.7,28.4
India,Maharashtra,Mumbai,PM2.5,15,32,24,5,Good,35.2,58.5,4.6
India,Maharashtra,Mumbai,SO2,6,15,10,35,Good,34.1,71.4,10.4
India,Maharashtra,Mumbai,OZONE,1,25,10,27,Good,26.2,93.4,14.2
India,Maharashtra,Mumbai,SO2,3,4,3,22,Good,28,91.8,6.3
India,Maharashtra,Mumbai,PM2.5,16,24,20,14,Good,20.8,59.6,18.7
India,Maharashtra,Mumbai,PM10,26,103,45,27,Good,30.4,81.4,0
India,Maharashtra,Pune,NO2,5,8,7,11,Good,16.2,78.6,19.1
India,Maharashtra,Pune,CO,28,32,30,37,Good,15.9,62.9,7.7
India,Maharashtra,Pune,OZONE,13,23,18,35,Good,38.8,49.2,14.5
India,Maharashtra,Pune,PM10,21,38,29,29,Good,32.8,89.2,18.9
India,Maharashtra,Pune,NO2,7,12,9,21,Good,15.3,44.9,29
India,Maharashtra,Pune,SO2,,,,436,Hazardous,31.4,33.8,10.5
India,Maharashtra,Pune,SO2,,,,456,Hazardous,20.4,39.4,5
India,Maharashtra,Pune,PM10,12,48,23,49,Good,38.2,38.6,7.5
India,Maharashtra,Pune,SO2,,,,445,Hazardous,30.5,54.8,27.3
India,Maharashtra,Pune,CO,60,106,90,54,Moderate,22.5,80.4,14.3
India,Maharashtra,Pune,NO2,11,101,40,40,Good,35.1,78.2,21
India,Maharashtra,Pune,NH3,,,,372,Hazardous,22.3,46,10.9
India,Maharashtra,Pune,SO2,,,,430,Hazardous,31.5,69.9,8.2
India,Maharashtra,Pune,CO,2,2,2,0,Good,35.8,79.4,24.6
India,Maharashtra,Sangli,CO,11,14,13,21,Good,15.6,90.5,24.9
India,Maharashtra,Satara,NO2,1,18,6,18,Good,18.3,33.1,19.1
India,Maharashtra,Solapur,PM2.5,7,21,14,27,Good,20.6,35,26.5
India,Maharashtra,Solapur,NO2,8,19,12,10,Good,15.8,33.6,2.9
India,Maharashtra,Solapur,NO2,,,,382,Hazardous,23.9,62.7,13.5
India,Maharashtra,Solapur,OZONE,14,27,19,43,Good,33.2,54.8,29.5
India,Maharashtra,Thane,SO2,2,7,4,17,Good,33.8,71.3,10.3
India,Mizoram,Aizawl,OZONE,3,5,4,43,Good,38.7,43.6,12.3
India,Nagaland,Kohima,PM2.5,5,24,12,29,Good,30,53.7,29.3
India,Odisha,Angul,PM10,11,172,60,78,Moderate,34.4,35.7,16.9
India,Odisha,Angul,OZONE,19,61,44,4,Good,31,30.9,24.7
India,Odisha,Balasore,CO,30,37,34,30,Good,21.5,42.4,2
India,Odisha,Barbil,NH3,1,1,1,37,Good,16.2,94.9,24.9
India,Odisha,Baripada,PM2.5,11,68,40,38,Good,38.8,55.4,11
India,Odisha,Baripada,PM10,31,95,65,62,Moderate,34.9,69.2,14.8
India,Odisha,Bhubaneswar,PM10,5,64,34,28,Good,15.9,57.2,26.8
India,Odisha,Bhubaneswar,NO2,8,28,18,44,Good,32,76,13.2
India,Odisha,Bhubaneswar,OZONE,24,52,34,49,Good,25.5,57.3,20.1
India,Odisha,Bileipada,PM10,54,105,68,94,Moderate,35.5,48.3,7.8
India,Odisha,Bileipada,NH3,5,5,5,15,Good,27.8,45.7,21.2
India,Odisha,Bileipada,OZONE,14,15,15,30,Good,26.3,46.7,9.1
India,Odisha,Keonjhar,PM10,31,33,31,38,Good,32.9,92.7,25.1
India,Odisha,Keonjhar,NH3,2,2,2,27,Good,30.6,67.1,27.4
India,Odisha,Keonjhar,SO2,6,24,16,15,Good,18.9,47.5,4.1
India,Odisha,Keonjhar,CO,34,40,37,12,Good,31.5,79,8.5
India,Odisha,Rairangpur,OZONE,4,13,8,13,Good,20.2,89,1.9
India,Odisha,Rourkela,PM2.5,57,96,68,86,Moderate,36.6,57.7,6.6
India,Odisha,Rourkela,OZONE,,,,380,Hazardous,24.1,44.1,0.6
India,Odisha,Rourkela,PM2.5,28,86,52,73,Moderate,25.7,85,8.2
India,Odisha,Talcher,PM2.5,,,,324,Hazardous,23,70.5,8.7
India,Odisha,Tensa,PM10,26,52,38,39,Good,38.1,67.7,1.9
India,Odisha,Tensa,NH3,,,,458,Hazardous,39.9,45.7,10.8
India,Puducherry,Puducherry,OZONE,11,49,37,49,Good,21.3,78.1,5.3
India,Maharashtra,Nashik,OZONE,19,24,22,41,Good,17.3,93.9,11.9
India,Maharashtra,Nashik,PM10,6,27,15,16,Good,17.8,87.4,5
India,Maharashtra,Nashik,SO2,,,,487,Hazardous,28.7,52.4,22.5
India,Maharashtra,Nashik,NH3,3,3,3,12,Good,33.6,44.9,15.5
India,Maharashtra,Navi Mumbai,PM2.5,10,27,17,42,Good,35.1,38.2,3
India,Maharashtra,Navi Mumbai,NO2,10,21,16,24,Good,16.6,44.4,17.1
India,Maharashtra,Navi Mumbai,NH3,8,13,10,48,Good,32.9,89.6,21.1
India,Maharashtra,Navi Mumbai,OZONE,15,15,15,19,Good,37.1,91,12.5
India,Maharashtra,Navi Mumbai,PM10,,,,356,Hazardous,34,92.7,16.2
India,Maharashtra,Navi Mumbai,SO2,10,15,14,11,Good,33.8,76.2,27.6
India,Maharashtra,Navi Mumbai,PM2.5,19,29,22,15,Good,18.1,83.7,3.4
India,Maharashtra,Parbhani,NO2,22,53,39,49,Good,15.8,60.4,26.1
India,Maharashtra,Thane,PM2.5,8,44,29,2,Good,16.1,42.3,14
India,Maharashtra,Thane,NH3,2,5,3,38,Good,20.5,83.8,3.8
India,Maharashtra,Ulhasnagar,PM2.5,,,,431,Hazardous,39.1,52.5,0.5
India,Maharashtra,Ulhasnagar,SO2,6,11,9,23,Good,19.5,37,27.8
India,Maharashtra,Ulhasnagar,CO,16,20,18,12,Good,15.2,45.4,13.3
India,Maharashtra,Virar,NO2,,,,392,Hazardous,33,92.9,16.6
India,Meghalaya,Byrnihat,PM10,,,,378,Hazardous,19.4,67.1,8.8
India,Meghalaya,Byrnihat,CO,7,28,18,48,Good,31.5,87.1,3.4
India,Meghalaya,Shillong,NH3,,,,310,Hazardous,35.4,63.6,9.5
India,Mizoram,Aizawl,PM10,1,27,11,21,Good,27.8,83.9,22.5
India,Mizoram,Aizawl,NO2,1,1,1,23,Good,32.8,78.5,22.1
India,Mizoram,Aizawl,SO2,14,15,15,2,Good,24.1,84.8,1
India,Rajasthan,Bhiwadi,NH3,6,12,8,32,Good,29.6,87,13.1
India,Rajasthan,Bhiwadi,CO,16,26,19,0,Good,40,78.5,11.4
India,Rajasthan,Bikaner,SO2,0,10,4,11,Good,38.7,30.9,2.4
India,Rajasthan,Chittorgarh,NO2,2,19,8,50,Good,16.5,46,11.7
India,Rajasthan,Chittorgarh,NH3,7,19,10,29,Good,22.1,75,6.7
India,Rajasthan,Dungarpur,PM10,22,84,54,53,Moderate,23.1,77.6,15.1
India,Rajasthan,Dungarpur,NH3,12,23,16,2,Good,23,91.5,6.1
India,Rajasthan,Hanumangarh,PM2.5,9,43,26,44,Good,36.7,51,6
India,Maharashtra,Pimpri-Chinchwad,SO2,,,,410,Hazardous,30.9,70.5,2.7
India,Maharashtra,Pimpri-Chinchwad,OZONE,8,14,13,32,Good,29.3,52.9,12.8
India,Maharashtra,Pimpri-Chinchwad,PM10,21,53,38,40,Good,21.5,52.8,10.9
India,Maharashtra,Pimpri-Chinchwad,CO,20,30,25,39,Good,16.4,68.4,26.9
India,Maharashtra,Pimpri-Chinchwad,NH3,,,,323,Hazardous,27.3,95,3.7
India,Maharashtra,Pimpri-Chinchwad,OZONE,5,11,8,40,Good,20.3,69.4,11.3
India,Maharashtra,Pune,NH3,,,,387,Hazardous,26.1,89.8,0.2
India,Maharashtra,Pune,SO2,17,32,23,50,Good,19.7,76.5,25.6
India,Maharashtra,Pune,OZONE,15,24,18,19,Good,34.8,51.5,26.4
India,Rajasthan,Baran,OZONE,20,171,68,56,Moderate,16.3,50.5,22.1
India,Rajasthan,Barmer,NO2,2,16,7,22,Good,18.2,56.8,27.6
India,Rajasthan,Bharatpur,CO,23,37,29,41,Good,25,50.3,1.1
India,Rajasthan,Bhilwara,PM2.5,23,65,41,24,Good,35.5,72.8,11
India,Rajasthan,Bhiwadi,NO2,24,84,43,48,Good,18.9,85.2,9.8
India,Rajasthan,Bhiwadi,SO2,12,19,16,45,Good,24.5,44.2,16.1
India,Rajasthan,Bhiwadi,CO,12,24,17,9,Good,38.6,49.6,23.7
India,Punjab,Khanna,SO2,16,17,16,21,Good,30.3,83.8,8.8
India,Punjab,Mandi Gobindgarh,NH3,5,5,5,36,Good,22.8,39.9,6.6
India,Rajasthan,Alwar,NH3,9,11,10,23,Good,29.5,63.1,8.9
India,Rajasthan,Alwar,SO2,32,46,40,45,Good,22.7,71.4,18.5
India,Rajasthan,Banswara,PM2.5,28,92,56,53,Moderate,32.7,62.6,16.7
India,Rajasthan,Banswara,NH3,1,4,2,30,Good,35.6,87.5,3.8
India,Rajasthan,Banswara,CO,10,17,14,41,Good,37.5,91,8.4
India,Rajasthan,Hanumangarh,SO2,2,10,3,34,Good,33.9,45,14
India,Rajasthan,Hanumangarh,CO,16,38,28,16,Good,24.9,82.9,12.8
India,Rajasthan,Jaipur,PM10,52,132,94,89,Moderate,16.5,94,8.1
India,Rajasthan,Jaipur,NO2,33,64,47,3,Good,37.3,80.8,15.8
India,Rajasthan,Jaipur,CO,48,78,62,74,Moderate,37.7,51,7
India,Rajasthan,Jaipur,NO2,10,53,24,18,Good,17.2,42.5,12
India,Rajasthan,Jaipur,SO2,1,4,2,27,Good,32,89.7,21.4
India,Rajasthan,Jaipur,OZONE,27,38,33,34,Good,33.7,76.5,20.1
India,Rajasthan,Jaipur,PM10,47,120,80,69,Moderate,17.3,32.9,22.9
India,Rajasthan,Jaipur,SO2,4,13,9,9,Good,30.6,93.7,7.6
India,Rajasthan,Jaipur,NO2,7,43,16,24,Good,19.6,88.2,28.1
India,Rajasthan,Jaisalmer,SO2,3,4,3,0,Good,32.6,34.2,23
India,Rajasthan,Jaisalmer,OZONE,23,36,30,1,Good,24.9,82.8,20.4
India,Rajasthan,Jalore,NO2,3,23,9,7,Good,20.7,53.4,18.8
India,Rajasthan,Jhalawar,PM2.5,15,100,41,40,Good,28.3,73.9,22.3
India,Rajasthan,Jhalawar,SO2,4,8,6,4,Good,33.3,89.4,11.8
India,Rajasthan,Jhalawar,CO,18,28,24,24,Good,20.6,88.6,28.5
India,Tamil Nadu,Gummidipoondi,NO2,15,31,23,25,Good,26.1,90.2,7.6
India,Tamil Nadu,Gummidipoondi,SO2,3,54,25,36,Good,32.9,53.3,13.1
India,Tamil Nadu,Madurai,PM2.5,,,,375,Hazardous,32.7,51.7,14.3
India,Tamil Nadu,Madurai,NH3,,,,461,Hazardous,32.1,48.2,16.4
India,Tamil Nadu,Thoothukudi,NH3,,,,464,Hazardous,38.7,32.1,4.8
India,Telangana,Hyderabad,PM10,44,58,47,39,Good,16.9,53.6,27.2
India,Telangana,Hyderabad,PM10,57,76,66,96,Moderate,32.9,68.8,10.8
India,Telangana,Hyderabad,NH3,3,5,3,3,Good,38.2,52.8,21.2
India,Telangana,Hyderabad,SO2,11,15,12,33,Good,35.9,32.7,7
India,Telangana,Hyderabad,OZONE,20,25,22,29,Good,24.6,51.3,14.2
India,Telangana,Hyderabad,NH3,,,,394,Hazardous,37.9,37.3,21
India,Telangana,Hyderabad,SO2,0,22,6,41,Good,23.4,54.3,7.4
India,Telangana,Hyderabad,PM10,,,,484,Hazardous,24.4,76.5,5.1
India,Telangana,Hyderabad,OZONE,9,11,10,5,Good,15.9,74.3,2.5
India,Telangana,Hyderabad,OZONE,32,32,32,46,Good,30.3,84,10.6
India,Telangana,Hyderabad,NH3,2,2,2,4,Good,31.1,94.4,2.1
India,Telangana,Hyderabad,PM2.5,37,46,40,18,Good,37,83.3,20
India,Telangana,Hyderabad,PM2.5,19,106,57,86,Moderate,26.2,44.6,28.5
India,Telangana,Hyderabad,NO2,13,18,16,29,Good,30.5,89.7,4.9
India,Telangana,Hyderabad,CO,23,37,29,12,Good,25.8,85.3,21.4
India,Telangana,Hyderabad,PM10,5,47,21,39,Good,17.2,70.6,15.4
India,Telangana,Hyderabad,CO,9,22,15,32,Good,23.9,31.1,14.7
India,Telangana,Hyderabad,PM2.5,33,56,44,35,Good,28.4,47.7,13.5
India,Telangana,Hyderabad,OZONE,17,28,23,21,Good,37.4,51.8,18.8
India,Tripura,Agartala,NH3,4,6,5,15,Good,20.1,73.7,25.9
India,Uttar Pradesh,Agra,PM10,34,128,69,92,Moderate,27,91.9,1.8
India,Uttar Pradesh,Agra,NH3,3,3,3,28,Good,31.2,62.4,5.3
India,Uttar Pradesh,Agra,PM2.5,81,177,110,107,Unhealthy for Sensitive Groups,39.7,93.3,26.1
India,Uttar Pradesh,Agra,PM10,63,105,82,64,Moderate,28.1,31.3,18.4
India,Uttar Pradesh,Agra,NO2,31,31,31,48,Good,33.4,63.4,21.1
India,Tamil Nadu,Chennai,PM2.5,29,29,29,49,Good,20.9,80.3,20.9
India,Tamil Nadu,Chennai,NO2,11,13,12,24,Good,17.8,37.4,4
India,Tamil Nadu,Chennai,SO2,5,7,6,2,Good,22.6,66.2,7.3
India,Tamil Nadu,Chennai,CO,,,,427,Hazardous,39.7,34.8,3.7
India,Tamil Nadu,Chennai,NH3,0,1,0,3,Good,32.3,66.9,27.2
India,Tamil Nadu,Chennai,PM2.5,12,64,26,46,Good,17.2,31.1,25.2
India,Tamil Nadu,Chennai,SO2,17,18,18,26,Good,24.4,57,27.2
India,Tamil Nadu,Chennai,SO2,4,89,21,48,Good,26.2,91.7,8.7
India,Tamil Nadu,Chennai,CO,12,76,33,2,Good,22.7,63.4,24.7
India,Tamil Nadu,Chennai,PM10,47,57,52,100,Moderate,28.2,82.3,23.6
India,Tamil Nadu,Chennai,NH3,4,4,4,36,Good,29.7,50,19.5
India,Tamil Nadu,Chennai,SO2,5,6,5,43,Good,35.3,38.5,7.9
India,Tamil Nadu,Coimbatore,PM10,,,,320,Hazardous,16.1,41.6,24.4
India,Tamil Nadu,Coimbatore,CO,16,19,18,5,Good,31.5,70.4,7.4
India,Tamil Nadu,Coimbatore,OZONE,19,20,20,3,Good,37.7,44.3,11.8
India,Tamil Nadu,Cuddalore,OZONE,1,2,2,37,Good,17.5,74.4,5.6
India,Rajasthan,Kota,OZONE,28,61,40,19,Good,23.6,78.7,17.6
India,Rajasthan,Kota,PM10,44,113,78,74,Moderate,18.7,58.4,18.2
India,Rajasthan,Kota,OZONE,29,44,38,15,Good,31,80.3,14
India,Rajasthan,Kota,PM2.5,31,84,59,80,Moderate,37.2,31,6.2
India,Rajasthan,Nagaur,NH3,2,6,4,44,Good,27.1,80.3,12.4
India,Rajasthan,Nagaur,SO2,3,9,5,26,Good,38.3,47.6,7.3
India,Rajasthan,Pali,NO2,25,26,26,1,Good,32.7,76.4,28.1
India,Rajasthan,Pali,OZONE,10,71,24,33,Good,17,74.7,16.9
India,Rajasthan,Pratapgarh,PM2.5,15,60,33,46,Good,23,93.4,15.5
India,Rajasthan,Pratapgarh,NH3,2,3,3,3,Good,39.2,63.5,25.8
India,Rajasthan,Sawai Madhopur,PM2.5,,,,346,Hazardous,18.8,32.8,4.4
India,Rajasthan,Sawai Madhopur,NO2,8,30,16,4,Good,33.8,91.2,0.9
India,Rajasthan,Jhunjhunu,NO2,5,42,13,30,Good,37.8,38,1.7
India,Rajasthan,Jhunjhunu,SO2,3,7,3,25,Good,17.4,59.7,0.8
India,Rajasthan,Jodhpur,PM10,59,191,85,87,Moderate,34,94,11.8
India,Rajasthan,Jodhpur,NO2,1,8,4,15,Good,24,44,17.8
India,Rajasthan,Jodhpur,PM10,56,173,87,67,Moderate,19.1,91.2,25
India,Rajasthan,Jodhpur,OZONE,35,55,49,9,Good,38.4,62.2,5.2
India,Rajasthan,Jodhpur,SO2,2,6,4,25,Good,16.3,41.5,24
India,Rajasthan,Jodhpur,PM10,41,119,74,98,Moderate,22.1,85.9,14.7
India,Rajasthan,Jodhpur,NH3,3,9,6,33,Good,28.4,61.1,18.5
India,Rajasthan,Jodhpur,SO2,2,7,2,11,Good,32.7,90,23.3
India,Rajasthan,Karauli,PM10,29,87,51,90,Moderate,31.3,45.5,11.1
India,Rajasthan,Karauli,CO,9,18,13,49,Good,34.4,92,27.8
India,Uttar Pradesh,Agra,CO,19,19,19,46,Good,30,66.2,27.8
India,Uttar Pradesh,Agra,PM2.5,20,150,70,79,Moderate,37,80.7,7.7
India,Uttar Pradesh,Agra,SO2,18,20,19,43,Good,28.2,88.1,27.6
India,Uttar Pradesh,Agra,CO,31,32,31,40,Good,24.8,31.9,29.4
India,Uttar Pradesh,Agra,NH3,6,6,6,20,Good,20.9,69.6,16.7
India,Uttar Pradesh,Agra,NO2,20,20,20,38,Good,20.8,80.8,28
India,Uttar Pradesh,Agra,OZONE,10,11,10,17,Good,22.5,42.7,1.3
India,Uttar Pradesh,Baghpat,NO2,9,36,16,46,Good,32.9,84.8,27
India,Uttar Pradesh,Baghpat,SO2,8,21,13,36,Good,32.8,47.5,7
India,Uttar Pradesh,Baghpat,OZONE,15,43,30,7,Good,19.7,63.2,7.9
India,Uttar Pradesh,Bareilly,NH3,1,5,1,2,Good,38.5,69.8,13.2
India,Rajasthan,Sirohi,NH3,2,3,2,46,Good,23.9,32.6,11.8
India,Rajasthan,Sirohi,SO2,2,4,3,25,Good,32.5,94.7,2.8
India,Rajasthan,Tonk,PM2.5,30,80,58,90,Moderate,38.3,39.2,23.7
India,Rajasthan,Tonk,PM10,56,185,106,123,Unhealthy for Sensitive Groups,25.5,88.6,16.7
India,Rajasthan,Tonk,CO,13,37,27,40,Good,17,55.9,19.2
India,Rajasthan,Udaipur,PM2.5,43,112,67,93,Moderate,27.6,62,2.1
India,Rajasthan,Udaipur,CO,16,28,21,11,Good,20.3,65.5,5.6
India,Tamil Nadu,Chennai,PM2.5,8,58,33,47,Good,18,70.7,15.6
India,Tamil Nadu,Chennai,CO,28,36,30,25,Good,26.5,89.3,6.4
India,Uttar Pradesh,Bareilly,NH3,1,3,1,50,Good,15.5,49.5,13
India,Uttar Pradesh,Firozabad,SO2,10,69,27,35,Good,23,90.5,27.6
India,Uttar Pradesh,Ghaziabad,PM2.5,13,64,44,46,Good,34.3,81.3,28.9
India,Uttar Pradesh,Ghaziabad,PM10,24,110,73,99,Moderate,31.9,68.7,7.6
India,Uttar Pradesh,Ghaziabad,PM10,57,133,98,62,Moderate,26.1,86,20.7
India,Uttar Pradesh,Ghaziabad,SO2,11,25,18,3,Good,20,43.1,16.2
India,Uttar Pradesh,Varanasi,SO2,28,42,32,6,Good,16.8,79.4,9.7
India,Uttar Pradesh,Varanasi,NH3,1,1,1,10,Good,36,70.7,4.5
India,Uttar Pradesh,Vrindavan,PM2.5,12,77,30,17,Good,34.1,59.6,1.1
India,Uttarakhand,Dehradun,PM2.5,6,61,28,41,Good,26.8,68.7,14.6
India,Uttarakhand,Rishikesh,NO2,7,7,7,24,Good,33.6,90.6,15.2
India,Uttarakhand,Rishikesh,SO2,1,1,1,11,Good,23.1,74.8,15.8
India,Uttarakhand,Rishikesh,OZONE,45,45,45,49,Good,17,41,22.7
India,West Bengal,Asansol,PM10,1,49,29,16,Good,33.8,37.4,8.9
India,West Bengal,Asansol,NO2,6,27,13,6,Good,19.6,63.8,21.2
India,West Bengal,Asansol,PM10,7,64,38,1,Good,29.4,71.7,28.3
India,West Bengal,Asansol,OZONE,16,32,25,35,Good,30,70.9,3.1
India,West Bengal,Asansol,NO2,27,34,30,39,Good,26.9,92.7,19.6
India,West Bengal,Barrackpore,NH3,6,9,7,1,Good,29.7,51.8,25.7
India,Uttar Pradesh,Lucknow,PM10,14,51,31,24,Good,20.8,39,16.8
India,Uttar Pradesh,Lucknow,OZONE,40,42,41,39,Good,20.7,72.9,12.2
India,Uttar Pradesh,Lucknow,PM10,33,212,70,78,Moderate,31.7,70.8,6.1
India,Uttar Pradesh,Lucknow,NH3,3,3,3,17,Good,19.7,35.2,15.2
India,Uttar Pradesh,Lucknow,CO,28,33,31,33,Good,26.4,88.3,0
India,Uttar Pradesh,Lucknow,PM2.5,,,,461,Hazardous,26.8,90.8,5.3
India,Uttar Pradesh,Lucknow,PM10,,,,431,Hazardous,21.7,58.8,14.4
India,Uttar Pradesh,Lucknow,SO2,,,,452,Hazardous,29.3,83.6,18.8
India,Uttar Pradesh,Lucknow,PM10,44,85,59,55,Moderate,19.3,32.3,8.8
India,Uttar Pradesh,Lucknow,PM2.5,22,69,47,37,Good,16.2,58.2,2.8
India,Uttar Pradesh,Lucknow,SO2,0,10,7,39,Good,25.3,53.9,28.7
India,Uttar Pradesh,Lucknow,CO,2,3,3,2,Good,16.9,81.9,4
India,Uttar Pradesh,Mathura,CO,8,17,13,26,Good,15.5,79,23.6
India,Uttar Pradesh,Meerut,PM2.5,15,72,37,3,Good,34.5,60.3,16.8
India,Uttar Pradesh,Meerut,NO2,20,41,26,45,Good,30,60.4,25.2
India,Uttar Pradesh,Noida,PM2.5,32,82,63,71,Moderate,16.8,53,5.9
India,Uttar Pradesh,Noida,NH3,,,,375,Hazardous,22.5,34.1,20.7
India,Uttar Pradesh,Noida,OZONE,31,60,47,39,Good,39.4,34.1,16.8
India,Uttar Pradesh,Noida,NH3,18,26,20,33,Good,26.1,53.7,10.7
India,Uttar Pradesh,Noida,CO,25,37,32,3,Good,24.3,53.1,12.2
India,Uttar Pradesh,Prayagraj,PM10,16,84,41,23,Good,22.1,55.6,2.2
India,Uttar Pradesh,Prayagraj,NO2,12,12,12,25,Good,15.3,53.5,11.3
India,Uttar Pradesh,Prayagraj,CO,6,9,7,44,Good,32.6,37.8,27.6
India,Uttar Pradesh,Prayagraj,PM10,15,75,26,23,Good,38.5,90.5,21.5
India,Uttar Pradesh,Prayagraj,PM2.5,13,35,23,5,Good,23.1,69,15.6
India,Uttar Pradesh,Raebareli,PM2.5,,,,429,Hazardous,39.8,61.3,3.6
India,Uttar Pradesh,Varanasi,OZONE,13,36,24,15,Good,24.9,81.6,5.5
India,Uttar Pradesh,Varanasi,PM2.5,8,28,18,43,Good,22.4,44.1,27.8
India,Uttar Pradesh,Varanasi,NO2,2,2,2,4,Good,16.5,43.9,21.7
India,Uttar Pradesh,Gorakhpur,PM10,1,125,58,83,Moderate,35,82,9.1
India,Uttar Pradesh,Gorakhpur,SO2,40,43,42,49,Good,39,35.1,2
India,Uttar Pradesh,Gorakhpur,OZONE,9,31,17,29,Good,33.2,34.3,5
India,Uttar Pradesh,Greater Noida,NH3,,,,455,Hazardous,23.4,85.5,0.4
India,Uttar Pradesh,Greater Noida,OZONE,22,39,30,46,Good,16.1,69.1,14.8
India,Uttar Pradesh,Hapur,NH3,1,1,1,14,Good,24.2,64.4,16.8
India,Uttar Pradesh,Jhansi,PM10,16,42,22,39,Good,35.9,89.8,23.7
India,Uttar Pradesh,Kanpur,NO2,31,31,31,31,Good,30,87.8,25.6
India,Uttar Pradesh,Kanpur,NH3,3,3,3,21,Good,20.7,92.1,29.3
India,Uttar Pradesh,Kanpur,OZONE,13,13,13,0,Good,17,39.7,4.6
India,Uttar Pradesh,Khora,PM10,78,310,118,124,Unhealthy for Sensitive Groups,30.6,90.9,12.6
India,Uttar Pradesh,Khurja,PM2.5,13,67,33,20,Good,36.3,52,16.4
India,Uttar Pradesh,Moradabad,NO2,22,24,23,19,Good,16.4,35.8,22.8
India,Uttar Pradesh,Moradabad,NH3,3,3,3,18,Good,39.2,66.4,14.4
India,Uttar Pradesh,Moradabad,CO,10,41,22,30,Good,38.9,59.9,12.4
India,Uttar Pradesh,Moradabad,OZONE,8,22,15,46,Good,29.5,87,25.2
India,Uttar Pradesh,Moradabad,NH3,4,4,4,48,Good,25.9,41.6,15.7
India,Uttar Pradesh,Moradabad,SO2,28,78,58,59,Moderate,35.1,65.4,13.7
India,Uttar Pradesh,Moradabad,PM2.5,,,,417,Hazardous,28.4,57,9.6
India,Uttar Pradesh,Moradabad,SO2,17,18,18,32,Good,35.8,66.1,5.6
India,Uttar Pradesh,Moradabad,CO,29,39,35,26,Good,39.2,56,4
India,Uttar Pradesh,Muzaffarnagar,CO,17,35,24,22,Good,34.4,90,11.9
India,Uttar Pradesh,Noida,PM2.5,22,74,49,10,Good,19.5,31.6,3.8
India,Uttar Pradesh,Noida,NO2,22,56,32,33,Good,35.9,93.6,25.1
India,Uttar Pradesh,Noida,NO2,15,35,22,50,Good,30.9,34.7,16.4
India,Uttar Pradesh,Noida,CO,37,50,41,18,Good,21.2,80.7,19.3
India,Uttar Pradesh,Meerut,SO2,29,36,32,11,Good,22.9,39.8,27.3
India,Uttar Pradesh,Meerut,CO,35,46,40,29,Good,21,66.2,12.5
India,Uttar Pradesh,Meerut,PM2.5,70,248,142,121,Unhealthy for Sensitive Groups,23.1,73.9,12.3
India,Uttar Pradesh,Meerut,NH3,4,8,6,39,Good,29.7,33.9,5.2
India,Uttar Pradesh,Modinagar,PM2.5,41,112,68,78,Moderate,18.7,73.9,13.3
India,Uttar Pradesh,Modinagar,NO2,13,33,17,11,Good,32.8,62,0.1
India,Uttar Pradesh,Modinagar,OZONE,0,50,18,16,Good,22.6,30.3,27.6
India,Uttar Pradesh,Moradabad,PM10,,,,374,Hazardous,23.2,30.4,3
India,Uttar Pradesh,Moradabad,NH3,5,5,5,0,Good,21.2,31.9,17.5
India,Uttar Pradesh,Moradabad,CO,30,52,36,49,Good,33.6,31.9,3.1
India,West Bengal,Barrackpore,CO,20,33,25,40,Good,15.9,45.7,29.3
India,West Bengal,Durgapur,OZONE,47,47,47,24,Good,37.7,89.1,3.3
India,West Bengal,Durgapur,PM2.5,4,86,35,47,Good,21.5,36.6,24.9
India,West Bengal,Durgapur,CO,24,24,24,38,Good,36.5,45.2,25.9
India,West Bengal,Durgapur,PM2.5,32,65,49,30,Good,22.1,69.6,10.5
India,West Bengal,Durgapur,PM10,32,92,63,84,Moderate,16.7,48.2,10.2
India,West Bengal,Durgapur,NO2,35,42,39,47,Good,21.3,94.6,18.7
India,West Bengal,Durgapur,NH3,2,3,2,5,Good,30.9,42.2,4.7
India,West Bengal,Haldia,PM2.5,16,39,22,22,Good,25.8,79.9,15.2
India,West Bengal,Haldia,OZONE,18,24,21,30,Good,36.2,65.2,16.7
India,West Bengal,Howrah,OZONE,32,74,52,51,Moderate,16.5,82.7,16.7
India,West Bengal,Howrah,OZONE,8,19,12,50,Good,32.4,92.8,6.5
India,West Bengal,Howrah,SO2,4,8,6,43,Good,20.8,48.7,27
India,West Bengal,Howrah,CO,20,32,27,46,Good,23.4,38.8,21.8
India,West Bengal,Howrah,PM10,20,52,32,24,Good,18,33.4,7.6
India,West Bengal,Howrah,CO,14,21,18,7,Good,38,32,8.3
India,West Bengal,Kolkata,NH3,13,17,14,49,Good,22.7,50.1,4.7
India,West Bengal,Kolkata,OZONE,9,14,11,13,Good,23.2,59.2,9.6
India,West Bengal,Kolkata,PM2.5,16,40,28,34,Good,20.3,45.9,20.6
India,West Bengal,Kolkata,NO2,26,56,36,50,Good,19.1,32.8,2.9
India,West Bengal,Kolkata,NH3,7,9,8,48,Good,30.2,50.4,10.4
India,West Bengal,Kolkata,SO2,1,7,3,28,Good,35,60.3,23.7
India,West Bengal,Kolkata,CO,13,20,16,14,Good,36.1,52.1,7.5
India,West Bengal,Kolkata,OZONE,20,37,28,13,Good,37,59.7,12.1
India,West Bengal,Siliguri,NO2,118,184,151,200,Unhealthy,19.4,55.7,1.9
India,West Bengal,Siliguri,CO,24,41,32,2,Good,19.8,59.9,15.3
India,Bihar,Patna,PM2.5,,,,469,Hazardous,21.8,92.7,14.1
India,Bihar,Patna,NO2,2,2,2,4,Good,24.7,84.9,27.5
India,Bihar,Patna,NH3,1,1,1,13,Good,25.2,56.5,23.6
India,Bihar,Purnia,PM10,40,62,49,33,Good,35.6,76.6,3.8
India,Bihar,Rajgir,PM10,18,108,55,80,Moderate,20.8,42.3,18.5
India,Bihar,Rajgir,NO2,13,15,14,15,Good,34.8,87,14.5
India,Bihar,Saharsa,PM10,,,,456,Hazardous,31.3,61.1,4.3
India,Bihar,Saharsa,NH3,,,,424,Hazardous,27.7,87,21.9
India,Bihar,Samastipur,NO2,8,9,8,6,Good,18.5,58.1,20.2
India,Bihar,Samastipur,NH3,1,2,1,24,Good,34.4,46.8,15.8
India,Bihar,Sasaram,PM10,,,,306,Hazardous,25.1,88.1,20.7
India,Bihar,Sasaram,CO,29,64,46,24,Good,39.4,80.8,23
India,Bihar,Siwan,SO2,10,10,10,41,Good,39.5,64.9,12.1
India,Bihar,Siwan,CO,104,113,109,116,Unhealthy for Sensitive Groups,32.7,55.1,13.2
India,Chhattisgarh,Korba,PM2.5,4,13,7,45,Good,39.7,66.2,17.4
India,Chhattisgarh,Korba,NH3,1,1,1,5,Good,35.9,83.4,15.4
India,Chhattisgarh,Milupara,NO2,25,56,36,21,Good,36.7,60.5,29.7
India,Chhattisgarh,Raipur,NH3,2,2,2,46,Good,33,47.8,16
India,Chhattisgarh,Raipur,PM10,11,35,22,8,Good,27.2,41.1,14.2
India,Chhattisgarh,Raipur,NH3,2,3,2,44,Good,31.6,79.4,19.6
India,Chhattisgarh,Raipur,SO2,3,9,6,13,Good,15.7,90.2,27.5
India,Chhattisgarh,Raipur,NO2,1,6,3,6,Good,36.1,63,8.4
India,Chhattisgarh,Raipur,NH3,2,2,2,30,Good,32.8,41.4,16.1
India,Chhattisgarh,Raipur,SO2,1,62,8,20,Good,21.9,36.4,11.1
India,Chhattisgarh,Tumidih,NO2,19,93,40,12,Good,23.1,84.6,0.7
India,Chhattisgarh,Tumidih,SO2,5,6,6,34,Good,35.1,30.8,3.7
India,Delhi,Delhi,PM10,,,,369,Hazardous,17.1,39.9,2.4
India,Assam,Guwahati,OZONE,11,17,13,42,Good,23.7,33.4,26.9
India,Assam,Nagaon,SO2,8,16,13,34,Good,26.3,88,22.3
India,Assam,Nagaon,OZONE,10,12,11,12,Good,29.4,70.7,29.7
India,Assam,Silchar,OZONE,2,7,4,29,Good,34.2,84,18.3
India,Assam,Sivasagar,NH3,2,12,7,42,Good,25.5,63.8,20.1
India,Bihar,Araria,PM10,44,123,66,80,Moderate,15,35.6,11
India,Bihar,Aurangabad,NO2,7,8,8,11,Good,27.1,93.7,12.7
India,Bihar,Aurangabad,NH3,1,2,1,19,Good,37.4,71.5,27.7
India,Bihar,Aurangabad,SO2,0,16,11,9,Good,16.7,47.1,23.8
India,Bihar,Begusarai,NO2,9,17,13,11,Good,37.6,53.1,10.4
India,Bihar,Begusarai,NH3,15,17,16,31,Good,30.7,51.3,25.7
India,Chandigarh,Chandigarh,OZONE,8,19,14,40,Good,25.9,86,23.5
India,Chandigarh,Chandigarh,PM2.5,2,27,11,4,Good,22.6,63.2,25
India,Chandigarh,Chandigarh,PM10,8,29,18,37,Good,37.8,63.1,29.7
India,Chandigarh,Chandigarh,NO2,2,14,7,11,Good,23.2,77,10.1
India,Chandigarh,Chandigarh,NH3,7,31,15,9,Good,23.1,43.8,16.6
India,Chandigarh,Chandigarh,CO,56,79,66,72,Moderate,27.3,93.5,20.7
India,Chhattisgarh,Bhilai,PM2.5,,,,455,Hazardous,21.6,57.1,0.4
India,Chhattisgarh,Bhilai,PM10,16,55,29,44,Good,24.4,40.9,8.1
India,Chhattisgarh,Bhilai,NO2,10,29,17,19,Good,21.5,39.4,12.1
India,Chhattisgarh,Bhilai,PM2.5,9,57,22,5,Good,24.5,84.4,16
India,Chhattisgarh,Chhal,CO,,,,376,Hazardous,34.6,68,5.3
India,Chhattisgarh,Korba,PM10,,,,397,Hazardous,38.1,64.7,9.2
India,Andhra Pradesh,Guntur,CO,17,54,30,20,Good,33.9,88,1.1
India,Andhra Pradesh,Machilipatnam,PM2.5,55,302,89,97,Moderate,27.5,34.2,13.6
India,Andhra Pradesh,Machilipatnam,OZONE,33,36,33,37,Good,19.7,90.4,1.2
India,Andhra Pradesh,Nellore,OZONE,25,35,29,26,Good,29,84.7,10
India,Andhra Pradesh,Rajamahendravaram,SO2,5,8,6,46,Good,34.1,58.8,15.5
India,Andhra Pradesh,Tirupati,NO2,37,41,39,38,Good,26.4,63.8,22.1
India,Andhra Pradesh,Tirupati,CO,28,30,29,33,Good,21.8,75.6,16.1
India,Andhra Pradesh,Vijayawada,OZONE,24,48,35,50,Good,37.7,90.7,5.4
India,Andhra Pradesh,Vijayawada,PM2.5,51,79,62,90,Moderate,23.3,67.2,2.4
India,Bihar,Manguraha,PM2.5,,,,364,Hazardous,34.4,49.3,20.2
India,Bihar,Manguraha,SO2,13,17,16,44,Good,20.3,76.2,12.5
India,Bihar,Munger,NO2,4,5,5,22,Good,29.2,43.3,2.8
India,Bihar,Munger,CO,41,49,46,4,Good,22.8,64.1,23.3
India,Bihar,Muzaffarpur,CO,39,52,47,33,Good,38.5,51.3,27.3
India,Bihar,Muzaffarpur,OZONE,14,60,43,44,Good,38.7,91.1,7.3
India,Bihar,Muzaffarpur,PM2.5,32,65,43,4,Good,30.5,78.2,6.2
India,Bihar,Patna,PM10,51,75,62,59,Moderate,28.4,78.2,0.3
India,Bihar,Patna,SO2,5,7,6,28,Good,26.7,78.8,20
India,Bihar,Gaya,NH3,,,,486,Hazardous,22.8,56.6,3.6
India,Bihar,Gaya,NH3,4,5,5,40,Good,27.9,49.5,25.7
India,Bihar,Hajipur,PM2.5,65,109,87,62,Moderate,26,75.1,10.5
India,Bihar,Hajipur,PM10,83,112,97,55,Moderate,38.2,48.3,13.1
India,Bihar,Hajipur,NH3,11,24,18,43,Good,27.9,68.9,0.6
India,Bihar,Hajipur,OZONE,21,77,47,17,Good,36.5,78.8,20.7
India,Bihar,Katihar,PM10,4,24,15,22,Good,27.7,51.1,16.1
India,Bihar,Katihar,NO2,2,2,2,49,Good,23.8,69.2,24.1
India,Bihar,Kishanganj,PM2.5,58,170,80,84,Moderate,31.2,47.6,3.3
India,Bihar,Begusarai,OZONE,21,43,36,16,Good,15.7,38.6,20
India,Bihar,Bhagalpur,PM10,,,,474,Hazardous,23.8,78.5,8.2
India,Bihar,Bhagalpur,PM10,12,281,48,9,Good,25.3,34.9,2.5
India,Bihar,Bhagalpur,CO,28,60,43,31,Good,27.5,59.5,14.3
India,Bihar,Bihar Sharif,PM2.5,32,60,43,0,Good,24.6,56.6,4.6
India,Bihar,Buxar,PM10,11,500,116,128,Unhealthy for Sensitive Groups,22.8,47.3,21.7
India,Bihar,Gaya,PM10,,,,304,Hazardous,35.2,80.9,0.9
India,Bihar,Gaya,NO2,9,10,9,8,Good,23.2,80.7,2.7
India,Andhra Pradesh,Vijayawada,SO2,12,19,16,44,Good,30,81.8,12.7
India,Assam,Byrnihat,NO2,2,9,7,16,Good,34.6,82.4,20.3
India,Assam,Byrnihat,NH3,4,4,4,10,Good,17.2,55.7,20.7
India,Assam,Guwahati,NH3,2,13,4,13,Good,22,45,13.9
India,Assam,Guwahati,SO2,36,48,40,31,Good,24.9,84.9,29.6
India,Assam,Guwahati,CO,5,8,6,10,Good,26.7,82.9,25.3
India,Andhra Pradesh,Anantapur,PM10,41,179,73,59,Moderate,33.9,34,27.2
India,Andhra Pradesh,Anantapur,OZONE,23,50,28,50,Good,32,56.7,21.4
India,Andhra Pradesh,Chittoor,PM10,55,62,59,74,Moderate,26.5,44,20.5
India,Delhi,Delhi,PM2.5,64,258,132,114,Unhealthy for Sensitive Groups,33.3,33.7,12
India,Delhi,Delhi,PM10,46,133,87,54,Moderate,24.7,80.7,6
India,Delhi,Delhi,CO,49,92,67,70,Moderate,24,77.2,29.2
India,Delhi,Delhi,PM2.5,33,83,57,91,Moderate,15.8,53.7,16.6
India,Delhi,Delhi,PM10,51,129,94,82,Moderate,38.5,56.9,23
India,Delhi,Delhi,NO2,9,33,17,33,Good,29.8,60.9,29.2
India,Delhi,Delhi,NH3,5,9,7,11,Good,38.7,42.6,28.8
India,Delhi,Delhi,SO2,7,13,9,4,Good,20,70.8,2.8
India,Delhi,Delhi,OZONE,3,8,6,13,Good,29.8,49,11.1
India,Delhi,Delhi,PM10,70,148,109,112,Unhealthy for Sensitive Groups,17.9,80.8,11.7
India,Delhi,Delhi,NO2,30,55,37,6,Good,30.9,80.5,17.4
India,Delhi,Delhi,PM10,64,131,103,106,Unhealthy for Sensitive Groups,16.7,86,22
India,Delhi,Delhi,PM2.5,38,350,137,125,Unhealthy for Sensitive Groups,18.1,90.4,29.8
India,Delhi,Delhi,PM10,0,276,87,72,Moderate,15.5,35.3,16.4
India,Delhi,Delhi,PM10,57,127,89,80,Moderate,23.6,64.5,1.9
India,Delhi,Delhi,NH3,7,10,9,42,Good,30.4,39.6,19.8
India,Delhi,Delhi,SO2,5,11,8,9,Good,29.4,36.6,21
India,Delhi,Delhi,OZONE,5,23,14,44,Good,33.8,83,13
India,Delhi,Delhi,NH3,5,9,7,11,Good,33.4,81.4,15.8
India,Delhi,Delhi,CO,58,105,75,90,Moderate,23.4,58.4,4.7
India,Delhi,Delhi,OZONE,16,17,16,16,Good,17.4,61.5,11.5
India,Delhi,Delhi,CO,40,52,45,24,Good,17.9,83.9,6.7
India,Delhi,Delhi,PM10,66,144,118,142,Unhealthy for Sensitive Groups,33.2,94.7,10
India,Delhi,Delhi,PM10,72,124,96,71,Moderate,20.4,93,13.6
India,Delhi,Delhi,CO,97,108,103,148,Unhealthy for Sensitive Groups,30,87,17.3
India,Delhi,Delhi,PM10,74,137,106,101,Unhealthy for Sensitive Groups,23.4,36.7,13.6
India,Delhi,Delhi,SO2,28,32,31,0,Good,39.8,72.7,1.5
India,Delhi,Delhi,NO2,19,47,24,20,Good,34.2,37.3,12.1
India,Delhi,Delhi,CO,28,39,33,13,Good,38.9,38.1,13.4
India,Delhi,Delhi,SO2,3,5,4,13,Good,33,89.5,4.1
India,Delhi,Delhi,PM2.5,6,260,88,54,Moderate,17.8,66.3,21
India,Delhi,Delhi,PM2.5,32,157,74,63,Moderate,38.5,37.6,3
India,Delhi,Delhi,PM2.5,2,95,50,33,Good,39.9,69.2,16.5
India,Delhi,Delhi,SO2,7,19,14,26,Good,38.2,64.6,1.3
India,Delhi,Delhi,CO,3,59,40,28,Good,37.5,65.2,6
India,Delhi,Delhi,SO2,3,25,16,22,Good,15.6,31.7,24.3
India,Delhi,Delhi,PM10,66,150,106,104,Unhealthy for Sensitive Groups,36.6,47.4,16.6
India,Delhi,Delhi,SO2,,,,396,Hazardous,30.6,51.4,14.4
India,Delhi,Delhi,OZONE,59,147,106,149,Unhealthy for Sensitive Groups,24.2,73,21.8
India,Delhi,Delhi,PM10,79,121,100,100,Moderate,29,80.1,18.2
India,Delhi,Delhi,SO2,,,,438,Hazardous,38.9,92.6,10.3
India,Delhi,Delhi,PM10,56,129,93,58,Moderate,31.8,75.2,16.5
India,Delhi,Delhi,CO,32,38,35,39,Good,30.4,74.5,1.3
India,Delhi,Delhi,NO2,34,100,60,100,Moderate,34.2,53.1,6.9
India,Delhi,Delhi,SO2,,,,417,Hazardous,25.4,58.8,6.5
India,Delhi,Delhi,NH3,0,18,4,13,Good,39.7,51.4,13.2
India,Delhi,Delhi,OZONE,10,19,15,14,Good,26.8,67.9,0.5
India,Delhi,Delhi,OZONE,5,26,16,48,Good,24.6,61.4,2.8
India,Delhi,Delhi,PM2.5,45,93,66,77,Moderate,36.2,78.7,1.7
India,Delhi,Delhi,PM10,34,129,86,72,Moderate,21.9,50.4,19.2
India,Delhi,Delhi,OZONE,6,19,13,11,Good,27,38.3,17.9
India,Delhi,Delhi,PM10,59,116,94,78,Moderate,19.7,56.3,20
India,Delhi,Delhi,PM10,40,96,65,51,Moderate,23.3,62.3,15.7
India,Delhi,Delhi,OZONE,13,81,46,9,Good,22.5,89.6,10
India,Delhi,Delhi,NO2,23,76,42,30,Good,27.1,31.6,28.7
India,Delhi,Delhi,SO2,4,5,5,22,Good,21.5,66.8,0.8
India,Delhi,Delhi,CO,29,59,45,20,Good,18.9,44.4,18.3
India,Delhi,Delhi,PM2.5,18,89,56,68,Moderate,31.9,82.6,25.5
India,Delhi,Delhi,PM10,44,151,99,85,Moderate,16.4,40.1,26.3
India,Gujarat,Ahmedabad,PM10,33,100,58,89,Moderate,38.1,73.4,7.6
India,Gujarat,Ahmedabad,NO2,2,7,4,14,Good,17.7,58.3,12.2
India,Gujarat,Ahmedabad,NH3,0,1,1,38,Good,19.5,77.1,27.7
India,Gujarat,Ahmedabad,PM2.5,27,72,42,40,Good,30.8,47.5,13.6
India,Gujarat,Ahmedabad,PM2.5,25,89,48,26,Good,37,38.8,29.4
India,Gujarat,Ahmedabad,NO2,16,34,24,31,Good,35.3,92.1,4.5
India,Gujarat,Ahmedabad,PM10,54,111,80,53,Moderate,29.5,41.1,12.9
India,Gujarat,Ahmedabad,SO2,3,9,5,5,Good,20.9,61.8,29
India,Gujarat,Ahmedabad,CO,22,34,28,40,Good,31.4,80.8,6.8
India,Gujarat,Ahmedabad,OZONE,5,29,16,19,Good,38.6,66.6,29.2
India,Gujarat,Gandhinagar,SO2,3,19,8,50,Good,32.2,70.3,22.9
India,Gujarat,Gandhinagar,OZONE,10,25,17,45,Good,24.3,66.6,17
India,Gujarat,Mehsana,CO,66,69,67,61,Moderate,38.7,77.1,24.7
India,Gujarat,Mehsana,OZONE,13,17,15,10,Good,15,83.3,20.7
India,Gujarat,Nandesari,PM2.5,47,97,64,95,Moderate,39.3,60.2,17.8
India,Gujarat,Nandesari,NO2,4,63,28,44,Good,17.4,38.3,27.8
India,Gujarat,Rajkot,SO2,10,14,13,0,Good,22.5,43.8,26.1
India,Gujarat,Surat,NH3,2,5,3,31,Good,34.2,63.8,3.1
India,Gujarat,Surat,OZONE,4,5,5,8,Good,32,59.4,28.6
India,Gujarat,Vadodara,PM2.5,23,69,46,20,Good,22,47.1,1.4
India,Gujarat,Ahmedabad,PM2.5,,,,315,Hazardous,15.5,79.8,16
India,Gujarat,Ahmedabad,NH3,2,5,4,16,Good,25.6,84.1,0.7
India,Gujarat,Ankleshwar,SO2,,,,397,Hazardous,16.1,53.1,13.9
India,Gujarat,Ankleshwar,CO,56,67,62,58,Moderate,39.7,80.7,27.9
India,Gujarat,Ankleshwar,OZONE,9,16,12,49,Good,26.6,54.6,28.7
India,Gujarat,Bhavnagar,SO2,6,6,6,26,Good,17.9,59,19.2
India,Gujarat,Bhavnagar,OZONE,29,35,32,20,Good,19.6,64.2,21.4
India,Gujarat,Gandhinagar,NH3,4,6,4,43,Good,31.8,41,7.4
India,Gujarat,Gandhinagar,SO2,2,13,4,0,Good,34,77.7,18.9
India,Delhi,Delhi,SO2,3,7,4,15,Good,22.9,58.7,21.8
India,Delhi,Delhi,OZONE,2,4,3,17,Good,37.3,62.1,9.7
India,Delhi,Delhi,NO2,28,41,32,36,Good,25.8,45.8,27.3
India,Delhi,Delhi,OZONE,21,41,30,13,Good,18.2,35.6,24.3
India,Delhi,Delhi,PM10,62,127,96,85,Moderate,21.8,30.5,9.7
India,Delhi,Delhi,SO2,4,13,8,34,Good,23.3,86.2,9.8
India,Delhi,Delhi,NO2,22,70,36,35,Good,27.6,46.5,27.3
India,Delhi,Delhi,SO2,4,24,12,14,Good,23.6,86.5,24.6
India,Delhi,Delhi,OZONE,10,33,22,19,Good,16.4,53.1,26.6
India,Gujarat,Vapi,NH3,,,,478,Hazardous,23.9,75,29.6
India,Gujarat,Vatva,PM10,80,137,109,104,Unhealthy for Sensitive Groups,39.4,46.4,1.6
India,Gujarat,Vatva,OZONE,43,43,43,46,Good,22.2,41.1,13.2
India,Haryana,Ambala,OZONE,14,15,15,2,Good,35,37.1,14.5
India,Haryana,Ballabgarh,PM2.5,24,207,82,61,Moderate,36.6,46.6,12.1
India,Haryana,Ballabgarh,NO2,19,20,20,22,Good,17.9,37,23.4
India,Haryana,Ballabgarh,OZONE,12,17,15,1,Good,18.7,47.7,23.6
India,Himachal Pradesh,Baddi,PM10,56,207,98,64,Moderate,38.2,35.2,15.4
India,Himachal Pradesh,Baddi,SO2,14,22,16,33,Good,24,63.4,29.1
India,Jammu and Kashmir,Srinagar,NH3,9,9,9,1,Good,15.1,62,10.4
India,Jammu and Kashmir,Srinagar,OZONE,0,1,1,7,Good,39.1,93.2,26.8
India,Jammu and Kashmir,Srinagar,PM10,7,241,94,72,Moderate,27.3,34.8,28.7
India,Jammu and Kashmir,Srinagar,NH3,,,,408,Hazardous,39.7,61.5,26
India,Jammu and Kashmir,Srinagar,CO,,,,453,Hazardous,29.2,39.1,3.9
India,Jammu and Kashmir,Srinagar,OZONE,,,,483,Hazardous,18,48.6,5.7
India,Jharkhand,Dhanbad,OZONE,37,146,59,53,Moderate,21.4,31,5.5
India,Karnataka,Bagalkot,OZONE,18,18,18,42,Good,22,84.4,10.2
India,Karnataka,Bengaluru,PM2.5,3,88,32,26,Good,23.4,69.6,21.7
India,Karnataka,Bengaluru,OZONE,10,38,25,33,Good,20.1,90.3,9.6
India,Karnataka,Bengaluru,PM10,108,110,109,127,Unhealthy for Sensitive Groups,22,34,18.8
India,Karnataka,Bengaluru,NO2,27,33,30,40,Good,21.5,79.9,21.5
India,Karnataka,Bengaluru,PM2.5,2,10,6,17,Good,20.9,53.3,29.3
India,Karnataka,Bengaluru,PM10,5,57,22,13,Good,37.3,32,23.3
India,Karnataka,Karwar,CO,,,,432,Hazardous,33.9,32.2,5.9
India,Karnataka,Karwar,OZONE,,,,350,Hazardous,15.2,53.3,0.8
India,Karnataka,Koppal,NO2,29,36,30,33,Good,33.9,85.8,27
India,Karnataka,Koppal,SO2,,,,381,Hazardous,25.5,48.9,24.5
India,Karnataka,Koppal,OZONE,5,9,7,11,Good,31.8,82.1,13.8
India,Karnataka,Madikeri,OZONE,2,5,3,46,Good,38.5,78.9,18
India,Karnataka,Mangalore,OZONE,37,37,37,31,Good,17,87.6,9.3
India,Karnataka,Mysuru,PM2.5,7,29,15,39,Good,31.3,72.1,5.5
India,Karnataka,Mysuru,NO2,10,25,19,44,Good,19.8,72.9,19.8
India,Karnataka,Mysuru,NH3,3,5,4,25,Good,28.8,65.1,9.7
India,Karnataka,Ramanagara,PM10,8,58,31,19,Good,34.1,34,20
India,Karnataka,Ramanagara,SO2,8,26,19,32,Good,17.4,84.8,12.8
India,Karnataka,Ramanagara,OZONE,19,29,26,4,Good,26.3,88.1,7.5
India,Karnataka,Yadgir,PM10,7,37,21,6,Good,37.5,72.8,0.8
India,Karnataka,Yadgir,SO2,12,18,15,20,Good,18.3,50.7,10.6
India,Kerala,Kannur,NO2,12,13,13,48,Good,26.3,36.4,13.3
India,Kerala,Kannur,OZONE,27,28,27,29,Good,16.2,68.6,18.5
India,Kerala,Kollam,PM10,27,69,43,37,Good,30.3,40.9,15.4
India,Kerala,Kollam,CO,15,17,16,25,Good,34.6,54.4,23.2
India,Kerala,Thiruvananthapuram,PM2.5,5,27,15,42,Good,30.3,50.1,21.2
India,Kerala,Thiruvananthapuram,PM10,29,62,46,31,Good,21.8,73.7,11.4
India,Kerala,Thiruvananthapuram,NH3,0,0,0,43,Good,20,48.5,5.7
India,Kerala,Thiruvananthapuram,SO2,10,11,11,29,Good,18.7,70.6,2.9
India,Kerala,Thrissur,OZONE,29,29,29,40,Good,36.3,85.7,14.4
India,Madhya Pradesh,Bhopal,PM10,3,60,29,11,Good,22.5,68.8,8
India,Madhya Pradesh,Bhopal,NH3,4,6,5,21,Good,17.6,82.3,24.5
India,Madhya Pradesh,Bhopal,PM10,,,,385,Hazardous,39.6,94.6,16.4
India,Haryana,Faridabad,CO,51,56,53,60,Moderate,36.3,43.4,5.9
India,Haryana,Faridabad,OZONE,25,25,25,27,Good,25.9,48.7,19.5
India,Haryana,Faridabad,PM2.5,42,470,123,118,Unhealthy for Sensitive Groups,27.4,66.7,8.3
India,Haryana,Faridabad,PM10,46,314,90,89,Moderate,39.5,43.3,29
India,Haryana,Faridabad,NO2,24,27,25,15,Good,31.2,56.5,26.8
India,Haryana,Faridabad,OZONE,14,14,14,13,Good,34.2,81,15.5
India,Haryana,Faridabad,CO,37,56,46,40,Good,28.9,53.6,28.5
India,Haryana,Fatehabad,PM2.5,,,,306,Hazardous,30.5,58.1,10.7
India,Haryana,Fatehabad,SO2,,,,340,Hazardous,23.5,71.3,6.3
India,Haryana,Fatehabad,CO,43,52,48,4,Good,18.7,68.4,10.8
India,Haryana,Gurugram,PM2.5,17,119,61,53,Moderate,26.7,68.9,24.1
India,Haryana,Gurugram,SO2,,,,329,Hazardous,15.5,49.6,16.5
India,Haryana,Gurugram,CO,51,58,55,52,Moderate,32.3,87.9,6.7
India,Haryana,Gurugram,NO2,3,16,12,44,Good,30.6,32.5,16
India,Haryana,Gurugram,SO2,3,10,6,16,Good,25.2,35.1,29.8
India,Haryana,Gurugram,NO2,24,71,41,27,Good,39.6,76.7,2
India,Haryana,Hisar,NH3,11,13,12,17,Good,20.1,83,20.3
India,Haryana,Hisar,CO,62,63,63,70,Moderate,38.4,39,29.7
India,Haryana,Karnal,NO2,9,10,9,45,Good,19.6,44.8,8.1
India,Haryana,Kurukshetra,SO2,3,12,7,35,Good,33.1,72.6,12.5
India,Haryana,Mandikhera,PM2.5,,,,460,Hazardous,39.5,43.7,1.3
India,Haryana,Narnaul,PM2.5,95,305,180,166,Unhealthy,38.9,50.3,6.9
India,Haryana,Narnaul,NO2,20,26,22,24,Good,18.1,85.3,13
India,Haryana,Narnaul,CO,2,4,3,32,Good,25.5,88.7,26.2
India,Haryana,Palwal,SO2,0,111,19,44,Good,20.5,85.7,7.7
India,Haryana,Panchgaon,PM10,,,,338,Hazardous,27.9,47.3,15
India,Haryana,Panchkula,PM10,,,,374,Hazardous,29.2,81.1,17.4
India,Haryana,Panipat,PM10,57,477,198,184,Unhealthy,34.7,67.7,28.7
India,Haryana,Rohtak,NH3,,,,348,Hazardous,32.9,90.1,1
India,Haryana,Rohtak,OZONE,16,46,27,29,Good,21.2,30.6,6.8
India,Haryana,Sirsa,PM10,109,191,149,136,Unhealthy for Sensitive Groups,34.7,89,15.7
India,Haryana,Sonipat,NH3,8,9,9,39,Good,16.2,73.8,10.2
India,Haryana,Yamuna Nagar,NH3,7,20,14,5,Good,24.7,32.1,6
India,Karnataka,Bengaluru,CO,14,26,20,26,Good,22.4,58.6,28.8
India,Karnataka,Bengaluru,SO2,21,21,21,16,Good,29,73.4,8.8
India,Karnataka,Bengaluru,PM2.5,24,29,26,49,Good,21.7,56.2,6.6
India,Karnataka,Bengaluru,NO2,24,25,24,31,Good,34.1,68.8,17.1
India,Karnataka,Bengaluru,NH3,4,4,4,46,Good,28.9,32.5,0.9
India,Karnataka,Bengaluru,CO,46,52,48,30,Good,32.2,32.6,23.1
India,Karnataka,Bengaluru,CO,,,,452,Hazardous,31.3,63.3,24.2
India,Karnataka,Bengaluru,OZONE,14,23,18,27,Good,38.1,67.1,4.1
India,Karnataka,Bengaluru,PM2.5,7,35,18,16,Good,20.5,82.9,16.7
India,Karnataka,Bengaluru,SO2,8,30,17,47,Good,39.2,40.5,5.4
India,Karnataka,Chikkaballapur,SO2,11,19,15,44,Good,38.3,42.4,8.1
India,Karnataka,Chikkamagaluru,PM2.5,18,27,22,6,Good,27.1,31,14.2
India,Karnataka,Chikkamagaluru,OZONE,14,21,15,27,Good,37.3,61.8,29
India,Karnataka,Dharwad,PM2.5,48,58,52,95,Moderate,24.4,49.9,0.7
India,Karnataka,Dharwad,SO2,6,8,7,39,Good,23.5,92.9,17.9
India,Karnataka,Dharwad,CO,30,41,37,18,Good,21.3,41.4,21
India,Karnataka,Gadag,SO2,20,32,25,49,Good,35.6,35.1,22.9
India,Karnataka,Gadag,OZONE,16,16,16,8,Good,25.4,33.8,0.8
India,Karnataka,Kalaburagi,CO,34,38,36,22,Good,36.3,40.1,24.3
India,Karnataka,Karwar,NO2,11,55,18,25,Good,16.2,80.4,27.5
India,Madhya Pradesh,Bhopal,SO2,1,19,9,19,Good,18.6,72.7,5.6
India,Madhya Pradesh,Dewas,PM10,,,,328,Hazardous,19.9,56.9,0.3
India,Madhya Pradesh,Gwalior,NH3,3,7,5,28,Good,26.3,84.7,25.6
India,Madhya Pradesh,Gwalior,CO,10,31,18,12,Good,20.7,67.4,4.3
India,Maharashtra,Mumbai,OZONE,7,20,12,36,Good,21.3,88.5,20.6
India,Maharashtra,Mumbai,PM10,21,33,26,1,Good,22.3,65.8,16.2
India,Maharashtra,Mumbai,NH3,3,5,4,42,Good,31.2,66.7,10.6
India,Maharashtra,Mumbai,CO,49,64,57,61,Moderate,23.7,86.7,6.8
India,Maharashtra,Mumbai,NH3,9,9,9,47,Good,38.4,66.4,18.3
India,Maharashtra,Mumbai,SO2,3,4,4,31,Good,18.5,71.1,24.6
India,Maharashtra,Mumbai,CO,12,12,12,21,Good,34.7,84.5,12
India,Maharashtra,Mumbai,NO2,2,6,4,29,Good,28.3,56,23.3
India,Maharashtra,Mumbai,PM2.5,9,34,16,24,Good,37,89.6,24.6
India,Maharashtra,Mumbai,NO2,2,19,12,20,Good,22.4,64.3,10.1
India,Maharashtra,Mumbai,NH3,6,10,8,49,Good,15.5,34,21.2
India,Maharashtra,Mumbai,CO,48,61,53,55,Moderate,33.9,60.3,5.3
India,Maharashtra,Mumbai,OZONE,3,7,5,29,Good,20.4,79.5,2.5
India,Maharashtra,Mumbai,PM2.5,,,,337,Hazardous,29.7,33.1,11.9
India,Maharashtra,Mumbai,PM10,,,,302,Hazardous,32.5,43.1,6.4
India,Maharashtra,Mumbai,PM2.5,1,14,6,9,Good,22,45,14.2
India,Maharashtra,Mumbai,PM10,10,31,17,19,Good,32.7,41.3,1.9
India,Maharashtra,Mumbai,NH3,3,8,5,42,Good,38.4,91.1,1.5
India,Maharashtra,Mumbai,CO,12,62,32,11,Good,28.7,54.2,9.2
India,Maharashtra,Mumbai,SO2,5,14,8,41,Good,16,36.6,9.4
India,Maharashtra,Mumbai,OZONE,14,30,21,36,Good,30.5,62.1,27.9
India,Maharashtra,Mumbai,NO2,12,21,15,35,Good,35.8,51.3,23
India,Maharashtra,Mumbai,OZONE,7,33,11,13,Good,37.9,58,24.7
India,Maharashtra,Mumbai,NO2,,,,378,Hazardous,18.9,86.8,12.2
India,Maharashtra,Mumbai,PM2.5,3,20,12,13,Good,36.6,89.4,18.4
India,Maharashtra,Mumbai,PM10,9,41,19,9,Good,17.4,64.5,17.4
India,Maharashtra,Nagpur,NO2,8,30,12,19,Good,37.7,77.2,11.7
India,Maharashtra,Nagpur,PM2.5,17,55,31,45,Good,22.2,93.6,6.8
India,Maharashtra,Nagpur,NO2,4,19,10,13,Good,17.9,77.5,23.9
India,Maharashtra,Nagpur,NH3,1,5,3,2,Good,29.3,42.5,12.4
India,Maharashtra,Nagpur,CO,39,105,75,100,Moderate,15.4,45,14.9
India,Maharashtra,Nagpur,CO,28,116,69,52,Moderate,17.1,78.4,12.1
India,Maharashtra,Nagpur,OZONE,5,14,8,12,Good,22,37.5,22.1
India,Maharashtra,Nanded,PM2.5,12,19,15,15,Good,17.1,39.4,3.6
India,Maharashtra,Nanded,PM10,11,19,14,44,Good,38,44.3,3.8
India,Maharashtra,Nanded,NO2,8,16,11,38,Good,31.7,85.1,11.1
India,Maharashtra,Nashik,PM2.5,6,15,11,26,Good,38.3,31.4,25.3
India,Maharashtra,Nashik,PM10,3,25,14,50,Good,19,36.2,16.7
India,Maharashtra,Nashik,NH3,1,2,1,11,Good,19.2,80.8,3.5
India,Maharashtra,Nashik,PM10,5,38,22,13,Good,28.7,53.6,11.1
India,Maharashtra,Amravati,PM2.5,7,33,18,44,Good,29.8,69.9,5.3
India,Maharashtra,Amravati,CO,25,60,37,25,Good,24.1,61.2,21.2
India,Maharashtra,Aurangabad,PM2.5,46,54,50,7,Good,38.8,67.4,5.3
India,Maharashtra,Aurangabad,PM10,44,55,50,25,Good,40,56.6,8.4
India,Maharashtra,Aurangabad,SO2,26,33,28,42,Good,34,50.1,17.4
India,Maharashtra,Aurangabad,NH3,1,7,3,29,Good,17.1,93.3,23.5
India,Maharashtra,Aurangabad,CO,21,28,26,30,Good,21.6,55.7,3.2
India,Maharashtra,Aurangabad,OZONE,9,24,14,30,Good,33.6,43.8,3.5
India,Maharashtra,Badlapur,NH3,4,8,6,14,Good,26.2,85.5,3
India,Maharashtra,Badlapur,SO2,2,7,5,1,Good,22.9,49.7,4.2
India,Maharashtra,Beed,OZONE,11,15,12,16,Good,33.3,76.3,16.5
India,Maharashtra,Belapur,NH3,0,5,2,32,Good,30.1,71.6,29.4
India,Maharashtra,Bhiwandi,SO2,3,7,5,18,Good,25.5,57.1,0.5
India,Maharashtra,Bhiwandi,CO,17,31,24,49,Good,16.4,66,18.2
India,Madhya Pradesh,Indore,NO2,2,9,5,29,Good,36,51.4,18.7
India,Madhya Pradesh,Jabalpur,PM2.5,18,37,25,10,Good,33.5,78.7,20.8
India,Madhya Pradesh,Jabalpur,NH3,1,2,1,39,Good,28.8,33,11.5
India,Madhya Pradesh,Jabalpur,SO2,6,9,8,38,Good,27.7,83.4,2.2
India,Madhya Pradesh,Jabalpur,PM10,24,84,41,21,Good,20.4,92.2,7.2
India,Madhya Pradesh,Jabalpur,NH3,3,3,3,19,Good,24.5,60.3,4.4
India,Madhya Pradesh,Jabalpur,OZONE,9,21,17,29,Good,29.4,82.6,16.4
India,Madhya Pradesh,Maihar,PM2.5,1,46,16,40,Good,30.5,33.7,13.7
India,Madhya Pradesh,Maihar,NO2,13,86,59,52,Moderate,29.4,90.3,15.5
India,Madhya Pradesh,Maihar,OZONE,,,,352,Hazardous,23.9,78.5,23.8
India,Maharashtra,Mumbai,OZONE,28,29,28,40,Good,22.7,90.4,7.6
India,Maharashtra,Mumbai,SO2,3,11,5,16,Good,24.3,50.6,15.7
India,Maharashtra,Mumbai,NH3,8,8,8,30,Good,33.9,71.1,0.8
India,Maharashtra,Mumbai,SO2,2,4,3,11,Good,35.8,44.2,24.5
India,Maharashtra,Mumbai,NO2,42,55,47,21,Good,39.8,54.2,7.2
India,Maharashtra,Mumbai,NH3,4,4,4,17,Good,37.4,88.6,28.7
India,Maharashtra,Mumbai,NO2,6,24,13,11,Good,18.7,39.7,27.9
India,Maharashtra,Mumbai,CO,14,17,15,28,Good,19.5,57.8,18.9
India,Maharashtra,Mumbai,OZONE,15,16,16,46,Good,39.5,52.3,22.3
India,Maharashtra,Chandrapur,PM10,,,,382,Hazardous,21.9,34.8,29.6
India,Maharashtra,Chandrapur,CO,24,34,27,18,Good,31.2,73,20.1
India,Maharashtra,Chandrapur,NH3,4,5,5,32,Good,18.3,75.1,26.3
India,Maharashtra,Dombivli,PM10,2,12,5,2,Good,31.9,72.8,23.4
India,Maharashtra,Hingoli,NO2,4,14,7,31,Good,35.4,73,12
India,Maharashtra,Jalna,CO,57,72,65,87,Moderate,21,94.8,7.1
India,Maharashtra,Kalyan,PM2.5,0,62,22,47,Good,29.4,86.1,24.9
India,Maharashtra,Kalyan,CO,59,70,65,79,Moderate,39.4,44.3,20.9
India,Madhya Pradesh,Pithampur,CO,31,34,32,30,Good,17.7,87.1,12.1
India,Madhya Pradesh,Sagar,PM10,2,130,32,20,Good,26.4,44.9,19.9
India,Madhya Pradesh,Singrauli,NH3,2,3,2,30,Good,32.3,54.1,29.8
India,Madhya Pradesh,Ujjain,PM10,13,66,38,10,Good,16.2,73.4,0.6
India,Madhya Pradesh,Ujjain,SO2,3,6,4,46,Good,30,59.4,19.3
India,Maharashtra,Ahmednagar,CO,25,25,25,17,Good,36.2,84.8,18.4
India,Maharashtra,Akola,NH3,7,8,7,31,Good,19,59.9,11
India,Madhya Pradesh,Gwalior,SO2,0,19,10,9,Good,24.5,73.1,7.3
India,Madhya Pradesh,Gwalior,OZONE,29,47,38,14,Good,20.2,48.1,3.3
India,Madhya Pradesh,Gwalior,NH3,3,4,4,23,Good,17.1,38.7,0.6
India,Madhya Pradesh,Indore,NH3,,,,395,Hazardous,28.4,84.7,17.2
India,Madhya Pradesh,Indore,PM2.5,9,41,24,44,Good,33.9,75.6,1.2
India,Madhya Pradesh,Indore,PM10,10,85,49,2,Good,22.5,88.2,26.2
India,Madhya Pradesh,Indore,SO2,6,8,7,24,Good,20.5,37.9,7.8
India,Madhya Pradesh,Indore,PM10,6,40,19,46,Good,23.7,76.6,16.7
India,Maharashtra,Mira-Bhayandar,PM2.5,,,,400,Hazardous,17.4,48.6,9
India,Maharashtra,Mira-Bhayandar,CO,16,33,22,33,Good,29.8,74,30
India,Maharashtra,Mumbai,PM2.5,4,13,8,3,Good,35.4,33.8,28.3
India,Punjab,Bathinda,PM10,,,,374,Hazardous,23.7,91.4,5.7
India,Punjab,Bathinda,OZONE,,,,499,Hazardous,38.4,88.8,28.8
India,Punjab,Jalandhar,NH3,4,5,5,45,Good,36.9,42.1,10.4
India,Punjab,Jalandhar,SO2,16,17,17,38,Good,29,90.8,13.3
India,Punjab,Ludhiana,PM10,80,107,92,79,Moderate,29.1,54.3,6.2
India,Punjab,Ludhiana,SO2,1,30,13,10,Good,21.1,92.3,25.1
India,Punjab,Mandi Gobindgarh,PM2.5,54,84,68,96,Moderate,22.6,92.6,2.3
India,Punjab,Mandi Gobindgarh,OZONE,27,27,27,12,Good,23.8,31.6,2.5
India,Punjab,Patiala,NH3,6,7,6,38,Good,32.1,92.4,2.9
India,Punjab,Rupnagar,NO2,9,45,26,24,Good,37.2,70.7,7.3
India,Punjab,Rupnagar,SO2,11,16,14,21,Good,27.1,75.5,23.1
India,Punjab,Rupnagar,OZONE,,,,368,Hazardous,37.8,61.9,27.9
India,Rajasthan,Ajmer,NO2,33,41,36,21,Good,26.5,62.5,28.2
India,Rajasthan,Ajmer,CO,12,28,21,29,Good,29.8,59.3,29.1
India,Rajasthan,Alwar,NO2,38,102,72,54,Moderate,27.9,49.7,5.8
India,Rajasthan,Alwar,CO,54,79,64,79,Moderate,32.2,38.6,24.7
India,Rajasthan,Banswara,PM10,45,133,87,85,Moderate,24.6,40.7,27.4
India,Nagaland,Kohima,SO2,39,54,45,31,Good,36.2,73.6,16.3
India,Odisha,Angul,NH3,3,4,3,1,Good,17.1,43.7,0.8
India,Odisha,Angul,SO2,11,16,13,45,Good,24.8,37.5,1.8
India,Odisha,Balasore,PM10,15,107,49,46,Good,19.7,94,16.3
India,Odisha,Balasore,OZONE,1,166,56,93,Moderate,38.3,51.4,29.5
India,Odisha,Barbil,PM2.5,17,53,35,11,Good,16.3,79.6,18.4
India,Odisha,Barbil,PM10,21,106,53,62,Moderate,25,77,25
India,Odisha,Barbil,NO2,2,9,6,6,Good,35,81.3,7.8
India,Odisha,Barbil,CO,9,15,12,21,Good,21,76.2,7.9
India,Odisha,Baripada,NO2,4,38,13,18,Good,20.4,32.7,9.3
India,Odisha,Baripada,SO2,3,12,7,33,Good,34.8,36.6,7.5
India,Odisha,Baripada,OZONE,25,46,36,34,Good,19.7,35.5,24.6
India,Odisha,Bhubaneswar,NH3,2,2,2,41,Good,20.4,37.9,25.2
India,Odisha,Bhubaneswar,SO2,8,11,10,34,Good,27.6,37.2,28.6
India,Odisha,Bhubaneswar,PM2.5,7,48,28,14,Good,37.2,32.9,17.6
India,Odisha,Bileipada,PM2.5,12,76,32,19,Good,37.1,36.2,17.5
India,Odisha,Brajrajnagar,NH3,4,5,5,50,Good,23.5,35.4,14.7
India,Odisha,Byasanagar,PM10,10,85,45,33,Good,25.5,64.2,16.4
India,Odisha,Byasanagar,SO2,3,56,11,8,Good,24.2,91.2,19.2
India,Odisha,Keonjhar,OZONE,10,29,21,31,Good,29.2,64,3.8
India,Odisha,Rairangpur,CO,23,47,32,14,Good,38.1,43.6,3.9
India,Odisha,Rourkela,NO2,11,11,11,41,Good,36.9,53.2,2.8
India,Odisha,Suakati,NH3,3,3,3,29,Good,33,79,22.3
India,Odisha,Suakati,SO2,6,7,7,32,Good,18.6,44.5,20.2
India,Odisha,Suakati,CO,2,5,3,4,Good,35.7,83.9,20.2
India,Odisha,Suakati,OZONE,16,314,120,114,Unhealthy for Sensitive Groups,15.5,51.7,14.3
India,Odisha,Talcher,CO,106,109,108,114,Unhealthy for Sensitive Groups,15.6,38.6,2.6
India,Odisha,Tensa,NO2,,,,416,Hazardous,17,66.9,13.1
India,Puducherry,Puducherry,PM10,24,46,36,17,Good,15.7,30.4,12.6
India,Puducherry,Puducherry,CO,17,33,27,41,Good,34.6,73.4,5.8
India,Punjab,Amritsar,PM2.5,80,87,83,56,Moderate,35.6,69.4,2.2
India,Maharashtra,Pune,NH3,1,1,1,1,Good,38.7,40.8,17
India,Maharashtra,Pune,PM10,,,,492,Hazardous,24.7,75.4,22
India,Maharashtra,Pune,PM2.5,7,27,13,50,Good,32.8,41.5,1
India,Maharashtra,Pune,CO,12,22,17,22,Good,23,69.7,12
India,Maharashtra,Pune,OZONE,,,,384,Hazardous,22.4,65,11.5
India,Maharashtra,Pune,PM10,23,65,42,10,Good,27,53.3,9.6
India,Maharashtra,Pune,OZONE,7,14,9,31,Good,31.1,33.6,6.6
India,Maharashtra,Sangli,PM10,11,422,55,90,Moderate,39.4,50.1,25.1
India,Maharashtra,Sangli,SO2,8,11,9,45,Good,36.8,79.1,10.8
India,Maharashtra,Sangli,OZONE,19,27,25,32,Good,28.4,43.6,30
India,Maharashtra,Satara,NH3,1,2,1,4,Good,34.7,91,6.6
India,Maharashtra,Satara,CO,11,18,13,5,Good,28.9,31.8,27.2
India,Maharashtra,Solapur,PM10,16,42,28,29,Good,15.8,59.4,10.9
India,Maharashtra,Solapur,CO,12,20,15,36,Good,18.8,67,24.7
India,Maharashtra,Thane,PM10,19,35,26,21,Good,22.3,86.8,19.1
India,Maharashtra,Nashik,CO,11,18,15,22,Good,31,69.8,19.3
India,Maharashtra,Nashik,NO2,2,23,4,4,Good,23.9,74.4,2.3
India,Maharashtra,Nashik,CO,29,39,34,8,Good,19.7,54.7,23.4
India,Maharashtra,Nashik,NO2,5,5,5,42,Good,36.3,39.4,5.8
India,Maharashtra,Navi Mumbai,PM10,10,26,18,45,Good,29,80.7,18.7
India,Maharashtra,Navi Mumbai,SO2,1,14,11,23,Good,37.1,57.9,4.4
India,Maharashtra,Navi Mumbai,PM2.5,5,19,11,47,Good,38.9,60.6,20.5
India,Maharashtra,Navi Mumbai,NO2,10,19,15,3,Good,20.6,48.3,27.4
India,Maharashtra,Navi Mumbai,PM2.5,20,46,30,41,Good,24.3,82.3,22.7
India,Maharashtra,Navi Mumbai,CO,13,15,14,31,Good,32.5,42.1,25.7
India,Maharashtra,Navi Mumbai,OZONE,5,6,5,41,Good,26.5,52.9,25.1
India,Maharashtra,Parbhani,SO2,,,,327,Hazardous,32.3,30.7,11.7
India,Maharashtra,Pimpri-Chinchwad,PM2.5,16,22,18,39,Good,19.7,68,8.4
India,Maharashtra,Pimpri-Chinchwad,PM10,27,37,30,15,Good,35.5,81.5,11.4
India,Maharashtra,Thane,NO2,15,44,27,3,Good,19.3,69,21.9
India,Maharashtra,Thane,NH3,4,9,6,35,Good,33.5,59.5,2.6
India,Maharashtra,Thane,SO2,1,2,2,50,Good,32.3,47.9,5.3
India,Maharashtra,Thane,OZONE,25,26,25,14,Good,32.6,91,6.9
India,Maharashtra,Ulhasnagar,PM10,,,,418,Hazardous,19.7,33.2,1.8
India,Maharashtra,Ulhasnagar,NO2,6,21,13,16,Good,33.5,85.5,5.8
India,Maharashtra,Ulhasnagar,OZONE,11,14,13,10,Good,15.5,30.3,19.1
India,Maharashtra,Virar,SO2,,,,420,Hazardous,33.2,45.2,5.2
India,Maharashtra,Virar,CO,8,85,49,24,Good,36.7,73,13.1
India,Maharashtra,Virar,OZONE,22,23,22,40,Good,39.7,52.7,13.4
India,Meghalaya,Byrnihat,NH3,,,,388,Hazardous,34.4,57.6,16.7
India,Meghalaya,Shillong,PM2.5,,,,302,Hazardous,27.5,55.4,21.5
India,Meghalaya,Shillong,PM10,,,,467,Hazardous,21.3,47.4,6.5
India,Meghalaya,Shillong,SO2,10,11,11,46,Good,26.3,36.8,20.7
India,Meghalaya,Shillong,OZONE,5,8,6,44,Good,28.4,89.4,2.8
India,Rajasthan,Bhiwadi,NO2,11,35,21,23,Good,15.4,79.2,23.6
India,Rajasthan,Bikaner,PM2.5,20,53,33,2,Good,20.8,85.1,16.8
India,Rajasthan,Bikaner,NO2,7,54,19,0,Good,28.4,52.8,13.5
India,Rajasthan,Bikaner,NH3,1,2,1,49,Good,33.5,44.1,6.7
India,Rajasthan,Bikaner,CO,27,101,57,76,Moderate,24.6,64.4,8.3
India,Rajasthan,Bundi,PM2.5,7,48,23,33,Good,15.6,50.5,13.9
India,Rajasthan,Bundi,NO2,19,67,30,38,Good,25.7,82,26.4
India,Rajasthan,Chittorgarh,CO,5,11,7,39,Good,39,33.1,21.6
India,Rajasthan,Churu,SO2,3,5,4,24,Good,19.8,62.6,24.6
India,Rajasthan,Churu,OZONE,9,41,25,37,Good,25.1,53.5,25.7
India,Rajasthan,Dausa,PM10,23,144,84,95,Moderate,21.6,77.2,29.2
India,Rajasthan,Dungarpur,SO2,4,8,6,46,Good,15.7,39.1,1.5
India,Maharashtra,Pimpri-Chinchwad,CO,9,27,16,42,Good,29.1,38.6,19.7
India,Maharashtra,Pimpri-Chinchwad,NH3,,,,321,Hazardous,22.1,86,7.4
India,Maharashtra,Pimpri-Chinchwad,NO2,17,38,27,39,Good,32.1,80.7,15
India,Maharashtra,Pimpri-Chinchwad,NH3,,,,459,Hazardous,15.3,94.3,0.1
India,Maharashtra,Pimpri-Chinchwad,PM2.5,9,65,33,42,Good,19.8,60.8,6.5
India,Maharashtra,Pimpri-Chinchwad,OZONE,6,6,6,27,Good,32.2,36.8,1.5
India,Maharashtra,Pimpri-Chinchwad,SO2,,,,333,Hazardous,35,30.4,18
India,Maharashtra,Pimpri-Chinchwad,PM2.5,17,32,23,45,Good,22.8,58.6,8.1
India,Maharashtra,Pimpri-Chinchwad,OZONE,5,12,9,13,Good,25.2,65.5,26.8
India,Maharashtra,Pune,PM10,16,36,23,44,Good,34,47.1,1.4
India,Rajasthan,Barmer,PM2.5,3,312,39,11,Good,21.8,70.7,11.8
India,Rajasthan,Barmer,PM10,56,371,117,126,Unhealthy for Sensitive Groups,17.2,85.9,12.2
India,Rajasthan,Barmer,OZONE,23,43,34,27,Good,24.3,55.8,2.7
India,Rajasthan,Bharatpur,SO2,2,6,3,38,Good,19.6,32.5,19.3
India,Rajasthan,Bhilwara,NO2,10,27,18,44,Good,28.6,65.1,18.5
India,Rajasthan,Bhilwara,OZONE,19,51,32,19,Good,25.6,52.2,3.2
India,Rajasthan,Khairthal,PM10,74,126,96,65,Moderate,16.6,88.2,27.7
India,Rajasthan,Khairthal,CO,16,19,17,26,Good,20.1,84.2,0.3
India,Rajasthan,Kota,SO2,2,17,7,23,Good,22.6,75.8,27.6
India,Rajasthan,Kota,NH3,2,4,3,27,Good,27,42.1,1.9
India,Rajasthan,Kota,SO2,9,40,14,8,Good,30.4,53.1,22.8
India,Rajasthan,Kota,NH3,4,9,6,39,Good,30.1,64.1,8.9
India,Rajasthan,Nagaur,PM2.5,15,57,29,2,Good,27.7,57.2,25.6
India,Rajasthan,Nagaur,PM10,50,162,83,91,Moderate,27.1,59.4,21.5
India,Rajasthan,Nagaur,NO2,2,12,5,41,Good,39.5,46.5,27.6
India,Rajasthan,Nagaur,CO,10,15,12,13,Good,20.8,56.1,19.7
India,Rajasthan,Pali,SO2,8,12,10,42,Good,28.2,69.2,17.8
India,Rajasthan,Pratapgarh,OZONE,52,65,58,75,Moderate,26.6,35.4,26
India,Rajasthan,Rajsamand,PM10,49,109,72,63,Moderate,19.9,38.7,21
India,Rajasthan,Rajsamand,NH3,4,8,6,47,Good,22.6,64.5,5.3
India,Rajasthan,Sawai Madhopur,PM10,8,118,65,85,Moderate,15.6,54.3,24.6
India,Rajasthan,Sawai Madhopur,SO2,2,7,4,45,Good,34.7,66.8,20.2
India,Rajasthan,Dungarpur,OZONE,37,55,46,38,Good,23.9,73.8,8.5
India,Rajasthan,Hanumangarh,PM10,78,155,113,141,Unhealthy for Sensitive Groups,19.6,54.3,4
India,Rajasthan,Hanumangarh,NO2,1,16,5,11,Good,29.6,86.5,13.1
India,Rajasthan,Hanumangarh,NH3,2,11,5,18,Good,24.8,32.9,21.7
India,Rajasthan,Jaipur,NH3,6,15,10,6,Good,20.7,59.2,1.5
India,Rajasthan,Jaipur,SO2,12,27,16,7,Good,18.2,59.4,21.9
India,Rajasthan,Jaipur,PM2.5,25,68,45,0,Good,16.5,76.9,17.8
India,Rajasthan,Jaipur,PM2.5,7,73,41,47,Good,20.9,86.2,25.1
India,Rajasthan,Jaipur,SO2,2,5,3,30,Good,35.6,47.2,2.3
India,Rajasthan,Jaisalmer,NO2,3,11,6,0,Good,30.2,50.7,0.9
India,Rajasthan,Jalore,PM2.5,18,50,34,13,Good,28.8,87.1,27.5
India,Rajasthan,Jalore,PM10,64,119,85,97,Moderate,16.9,86.5,3.2
India,Rajasthan,Jalore,OZONE,30,49,40,10,Good,36.1,79.1,14.8
India,Rajasthan,Jhalawar,PM10,27,109,54,62,Moderate,36,39,9.8
India,Rajasthan,Jhalawar,NO2,10,24,18,39,Good,17.3,91.9,9.7
India,Tamil Nadu,Chennai,SO2,4,8,6,3,Good,25.3,74.2,23.5
India,Tamil Nadu,Chennai,OZONE,12,13,12,0,Good,31.5,40.7,23.7
India,Tamil Nadu,Chennai,PM2.5,9,162,60,100,Moderate,16.2,39.5,5.4
India,Tamil Nadu,Chennai,PM10,12,86,43,20,Good,27.5,65.5,4.5
India,Tamil Nadu,Chennai,CO,21,38,32,12,Good,23.3,51.8,0.9
India,Tamil Nadu,Chennai,OZONE,1,4,2,40,Good,30.4,62.6,6.5
India,Tamil Nadu,Chennai,NO2,9,18,14,4,Good,18.3,48.2,3.7
India,Tamil Nadu,Chennai,NO2,0,8,4,20,Good,38.2,50.9,3.9
India,Tamil Nadu,Chennai,NH3,2,8,3,8,Good,38.6,85.1,2.4
India,Tamil Nadu,Chennai,CO,28,33,31,17,Good,18.3,40.2,17.9
India,Tamil Nadu,Chennai,PM10,12,123,66,71,Moderate,16,62.9,12.9
India,Tamil Nadu,Chennai,PM2.5,36,44,40,11,Good,36.2,57,0.2
India,Tamil Nadu,Chennai,CO,50,59,54,78,Moderate,20.2,87,0.1
India,Tamil Nadu,Coimbatore,PM2.5,,,,315,Hazardous,25.9,74.5,28.4
India,Tamil Nadu,Cuddalore,PM10,,,,409,Hazardous,38.5,74.4,19.1
India,Tamil Nadu,Cuddalore,CO,,,,448,Hazardous,17.7,89,21.8
India,Uttar Pradesh,Agra,OZONE,6,6,6,21,Good,25.5,36.3,14.5
India,Uttar Pradesh,Agra,OZONE,10,20,16,4,Good,25.1,85.5,13.3
India,Uttar Pradesh,Agra,NO2,5,17,13,25,Good,18.3,55.3,10.5
India,Uttar Pradesh,Agra,OZONE,16,24,19,32,Good,21,57.3,22.8
India,Uttar Pradesh,Agra,PM2.5,12,106,44,22,Good,23.1,34.3,7.2
India,Uttar Pradesh,Agra,PM10,40,162,73,79,Moderate,29.6,31,10.7
India,Uttar Pradesh,Agra,SO2,5,12,8,49,Good,18.5,32.2,22.7
India,Uttar Pradesh,Agra,PM2.5,10,130,56,53,Moderate,36.7,71.7,17.5
India,Uttar Pradesh,Agra,PM10,29,141,75,95,Moderate,34.6,79.5,22.2
India,Uttar Pradesh,Baghpat,PM10,22,96,63,68,Moderate,38.5,79.4,11.5
India,Uttar Pradesh,Baghpat,NH3,1,4,2,29,Good,21.1,94.3,7.7
India,Uttar Pradesh,Baghpat,CO,14,34,21,36,Good,27.3,45.5,26.6
India,Uttar Pradesh,Bareilly,PM10,,,,401,Hazardous,30.9,73.6,20.3
India,Uttar Pradesh,Bareilly,NO2,7,30,10,14,Good,26.2,65.2,26.1
India,Uttar Pradesh,Bareilly,NO2,8,9,8,34,Good,25.4,54.3,20.8
India,Uttar Pradesh,Bareilly,SO2,,,,469,Hazardous,23.4,55.3,1.7
India,Uttar Pradesh,Bulandshahr,PM2.5,9,62,36,9,Good,21.5,62.2,11
India,Uttar Pradesh,Bulandshahr,CO,26,42,34,43,Good,20.8,63.7,14.9
India,Uttar Pradesh,Firozabad,CO,17,20,18,49,Good,23,74.1,3
India,Uttar Pradesh,Firozabad,PM2.5,,,,315,Hazardous,21.9,44.2,25.1
India,Uttar Pradesh,Firozabad,NO2,16,17,17,43,Good,27.8,79.9,19.9
India,Uttar Pradesh,Firozabad,CO,14,17,16,22,Good,37.8,54.9,6.7
India,Uttar Pradesh,Ghaziabad,PM10,,,,331,Hazardous,18.4,78.2,24
India,Uttar Pradesh,Ghaziabad,NH3,0,14,3,22,Good,30.3,30.8,10.2
India,Uttar Pradesh,Ghaziabad,PM2.5,42,102,61,63,Moderate,39.3,40.8,14.5
India,Uttar Pradesh,Ghaziabad,PM10,49,135,91,95,Moderate,34.8,42,5.4
India,Tamil Nadu,Gummidipoondi,NH3,0,2,1,41,Good,28.8,49.6,13.9
India,Tamil Nadu,Gummidipoondi,OZONE,,,,480,Hazardous,34,35.8,26.8
India,Tamil Nadu,Madurai,NO2,,,,477,Hazardous,33.8,42.6,28.1
India,Telangana,Hyderabad,CO,21,40,30,12,Good,38.8,78.5,25.2
India,Telangana,Hyderabad,OZONE,14,28,23,12,Good,34.1,36.3,27.8
India,Telangana,Hyderabad,NO2,15,17,16,7,Good,30.1,78.8,18.9
India,Telangana,Hyderabad,SO2,,,,408,Hazardous,37.6,39.2,16.6
India,Telangana,Hyderabad,CO,6,8,7,42,Good,28.1,77.7,18.9
India,Telangana,Hyderabad,NO2,12,38,24,45,Good,30,44.1,6.1
India,Telangana,Hyderabad,SO2,5,18,11,33,Good,15.5,41.2,11.9
India,Rajasthan,Jhunjhunu,CO,18,36,27,1,Good,28,78.2,25.2
India,Rajasthan,Jodhpur,SO2,3,6,4,40,Good,28.2,78,10.9
India,Rajasthan,Jodhpur,CO,10,17,14,46,Good,34.9,87,28
India,Rajasthan,Jodhpur,CO,14,17,15,42,Good,16.9,86.9,1.6
India,Rajasthan,Jodhpur,PM10,45,145,68,62,Moderate,24.3,91.1,27.2
India,Rajasthan,Jodhpur,NH3,4,10,6,24,Good,20.8,93.1,12.5
India,Rajasthan,Jodhpur,CO,5,76,35,44,Good,22.4,91.6,23.2
India,Rajasthan,Jodhpur,PM10,59,170,88,57,Moderate,37.5,89.8,17.6
India,Rajasthan,Jodhpur,CO,7,10,8,17,Good,35,94.9,14.6
India,Rajasthan,Karauli,NO2,20,48,35,23,Good,25.1,82.4,4.3
India,Telangana,Hyderabad,PM2.5,3,16,8,42,Good,26.5,70.9,8.1
India,Telangana,Hyderabad,NH3,3,7,5,24,Good,24,86.8,29.1
India,Telangana,Hyderabad,NO2,12,20,15,13,Good,22,35.3,20.3
India,Telangana,Hyderabad,NH3,3,4,3,27,Good,19.8,58.6,16.6
India,Telangana,Hyderabad,NO2,4,13,8,37,Good,32.6,37.5,29.5
India,Telangana,Hyderabad,SO2,2,13,7,12,Good,17.9,89.9,22.3
India,Telangana,Hyderabad,SO2,6,11,9,15,Good,38.1,57.2,9.8
India,Tripura,Agartala,PM10,30,103,60,94,Moderate,33,77.8,19.4
India,Tripura,Agartala,SO2,8,9,9,44,Good,16,45.7,7.6
India,Rajasthan,Sirohi,OZONE,25,35,31,46,Good,28,70.2,15.3
India,Rajasthan,Sri Ganganagar,PM2.5,35,90,60,73,Moderate,21.7,57.5,13.7
India,Rajasthan,Udaipur,NH3,2,5,3,43,Good,22.4,59.6,13.8
India,Sikkim,Gangtok,NO2,7,8,8,29,Good,35.4,91.2,22.5
India,Sikkim,Gangtok,NH3,1,15,2,38,Good,21.1,68.7,9.5
India,Uttar Pradesh,Gorakhpur,NO2,11,11,11,23,Good,29.6,70.3,26.5
India,Uttar Pradesh,Gorakhpur,CO,5,5,5,11,Good,22.2,33.5,24.5
India,Uttar Pradesh,Greater Noida,NO2,,,,433,Hazardous,29.8,87,3.5
India,Uttar Pradesh,Greater Noida,SO2,1,17,8,21,Good,38.7,93.3,12.3
India,Uttar Pradesh,Greater Noida,PM2.5,16,70,42,11,Good,20.3,56.6,28.5
India,Uttar Pradesh,Greater Noida,PM10,39,142,90,87,Moderate,23.2,59.3,23.6
India,Uttar Pradesh,Greater Noida,NO2,7,28,16,37,Good,16.7,48,13.4
India,Uttar Pradesh,Greater Noida,NH3,12,19,14,37,Good,17.2,58,24.1
India,Uttar Pradesh,Hapur,PM10,15,90,54,100,Moderate,37.2,31.7,26.3
India,Uttar Pradesh,Hapur,CO,40,46,44,35,Good,28,92.2,9.5
India,Uttar Pradesh,Jhansi,PM2.5,3,122,19,12,Good,18.1,83.1,2.9
India,Uttar Pradesh,Jhansi,NO2,6,6,6,41,Good,20.3,62.3,29
India,Uttar Pradesh,Kanpur,PM2.5,28,59,41,16,Good,26.3,64.6,19.4
India,Uttar Pradesh,Kanpur,NH3,,,,499,Hazardous,34,69.3,13.5
India,Uttar Pradesh,Kanpur,PM10,22,172,54,83,Moderate,25.8,36.5,26.6
India,Uttar Pradesh,Kanpur,SO2,9,18,12,43,Good,36.4,38.7,29.3
India,Uttar Pradesh,Khora,NO2,24,57,32,46,Good,39.4,61.4,0.6
India,Uttar Pradesh,Khora,NH3,10,16,12,45,Good,15.5,45.7,28.8
India,Uttar Pradesh,Noida,SO2,3,6,5,3,Good,34.6,60.7,14.5
India,Uttar Pradesh,Noida,OZONE,8,29,18,26,Good,25.5,65,20.7
India,Uttar Pradesh,Noida,NO2,3,12,6,39,Good,26.2,70.8,20.7
India,Uttar Pradesh,Noida,SO2,,,,465,Hazardous,31.7,78.7,11.9
India,Uttar Pradesh,Noida,CO,13,14,13,33,Good,32.3,58.5,11.4
India,Uttar Pradesh,Noida,PM2.5,51,113,71,89,Moderate,31.9,78.5,25.7
India,Uttar Pradesh,Noida,PM10,65,124,100,74,Moderate,15.4,62.3,27
India,Uttar Pradesh,Prayagraj,OZONE,23,41,33,24,Good,39.8,88.6,11.2
India,Uttar Pradesh,Prayagraj,CO,14,18,16,10,Good,23.9,46.8,2.3
India,Uttar Pradesh,Prayagraj,SO2,8,31,17,47,Good,34,42.9,14.1
India,Uttar Pradesh,Raebareli,PM10,,,,336,Hazardous,25.7,77.4,18.8
India,Uttar Pradesh,Raebareli,CO,,,,310,Hazardous,16.1,41.7,4.1
India,Uttar Pradesh,Varanasi,NO2,2,4,3,17,Good,32.2,65.5,0.1
India,Uttar Pradesh,Varanasi,PM2.5,17,78,35,34,Good,21.8,53.5,16.3
India,Uttar Pradesh,Varanasi,SO2,12,17,15,15,Good,28.9,76.6,13.7
India,Uttar Pradesh,Varanasi,NH3,0,2,1,1,Good,24.6,43.4,20
India,Uttar Pradesh,Varanasi,OZONE,0,7,4,8,Good,21.5,77.5,6.1
India,Uttar Pradesh,Varanasi,PM2.5,11,35,22,17,Good,37.8,48.2,10.6
India,Uttar Pradesh,Varanasi,PM10,27,86,55,67,Moderate,27.4,59.3,26.2
India,Uttar Pradesh,Varanasi,CO,4,19,8,31,Good,23.6,52.1,4
India,Uttar Pradesh,Varanasi,OZONE,7,19,10,48,Good,25.7,42.4,23.7
India,Uttar Pradesh,Vrindavan,CO,12,24,17,25,Good,16.5,93.5,12.7
India,Uttarakhand,Kashipur,NH3,2,12,5,11,Good,22,31.2,24.4
India,West Bengal,Asansol,PM10,25,53,37,4,Good,28.4,65.4,1.2
India,West Bengal,Asansol,SO2,74,76,75,57,Moderate,26.2,70.9,0.1
India,West Bengal,Asansol,CO,32,44,35,23,Good,15.8,81.9,18.3
India,West Bengal,Asansol,PM2.5,10,59,36,14,Good,33.4,67.5,1.7
India,West Bengal,Asansol,SO2,10,15,12,25,Good,36.4,30.9,24.1
India,West Bengal,Howrah,CO,32,48,40,48,Good,19.7,69.6,2.4
India,West Bengal,Howrah,PM10,46,77,59,59,Moderate,28.9,40.7,28.9
India,West Bengal,Howrah,NH3,4,5,4,17,Good,32.2,82.1,20.1
India,West Bengal,Howrah,PM10,50,83,69,52,Moderate,39.2,83.8,9.5
India,West Bengal,Howrah,NO2,60,83,73,82,Moderate,29.1,70.8,5.8
India,West Bengal,Howrah,SO2,7,10,8,48,Good,26.9,36.4,22.9
India,West Bengal,Howrah,PM2.5,,,,433,Hazardous,24.9,63.2,20.6
India,West Bengal,Howrah,NO2,11,39,19,6,Good,23.1,47.7,0.7
India,West Bengal,Howrah,SO2,8,11,9,17,Good,20.6,90.8,13.6
India,West Bengal,Howrah,OZONE,8,18,12,33,Good,38.8,30.1,19.1
India,West Bengal,Kolkata,SO2,5,6,5,37,Good,22.3,36.4,14.6
India,West Bengal,Kolkata,CO,21,26,24,32,Good,26.6,81.6,23.8
India,West Bengal,Kolkata,PM2.5,11,50,35,50,Good,36.3,37.7,21.5
India,West Bengal,Kolkata,PM10,12,53,37,18,Good,24.9,61.9,13
India,West Bengal,Kolkata,OZONE,15,46,25,19,Good,30.8,70.8,5.1
India,West Bengal,Barrackpore,PM10,27,74,50,44,Good,20.2,74,15.4
India,West Bengal,Barrackpore,NO2,11,22,17,33,Good,24,90.8,20.5
India,West Bengal,Durgapur,PM2.5,28,53,37,11,Good,29.6,79.5,27.3
India,West Bengal,Durgapur,PM10,30,59,42,26,Good,29.4,61.6,24.7
India,West Bengal,Durgapur,NO2,72,81,76,78,Moderate,15.7,62.4,13.8
India,West Bengal,Durgapur,PM10,27,120,66,79,Moderate,27.9,86.4,6.6
India,West Bengal,Durgapur,NH3,1,1,1,1,Good,35.1,36.7,27.7
India,West Bengal,Durgapur,SO2,11,31,13,8,Good,15,60.9,28.9
India,West Bengal,Haldia,NO2,6,20,10,26,Good,17.1,65.1,10.3
India,West Bengal,Haldia,CO,24,28,26,32,Good,35.5,58.8,19.2
India,West Bengal,Howrah,PM10,13,73,34,29,Good,26.8,80,6.4
India,West Bengal,Howrah,NO2,6,12,8,0,Good,24.2,83.2,11.9
India,West Bengal,Howrah,NH3,1,5,2,47,Good,39,58.5,23.7
India,Uttar Pradesh,Khora,OZONE,21,68,47,7,Good,26.7,42.3,8.6
India,Uttar Pradesh,Khurja,PM10,17,129,58,100,Moderate,33.8,42.2,1.3
India,Uttar Pradesh,Khurja,NH3,1,1,1,50,Good,38.4,32.2,1.4
India,Uttar Pradesh,Khurja,CO,5,53,32,19,Good,18.2,81.7,15.5
India,Uttar Pradesh,Lucknow,SO2,32,34,33,39,Good,23.2,73.8,13.4
India,Uttar Pradesh,Lucknow,NH3,,,,461,Hazardous,27.7,73.7,22
India,Uttar Pradesh,Lucknow,NO2,25,30,26,12,Good,25.6,39.6,8.9
India,Uttar Pradesh,Lucknow,NO2,20,28,24,25,Good,37.7,68.7,0.4
India,Uttar Pradesh,Lucknow,NH3,9,17,13,7,Good,17.7,36,9
India,Uttar Pradesh,Meerut,NO2,11,30,17,42,Good,18.4,32,13.2
India,Uttar Pradesh,Meerut,OZONE,7,17,12,3,Good,15.3,64.3,16.4
India,Uttar Pradesh,Moradabad,NO2,24,25,25,49,Good,18.7,90.2,19.3
India,Uttar Pradesh,Moradabad,NH3,6,6,6,10,Good,31.5,83.5,25.9
India,Uttar Pradesh,Moradabad,PM10,20,54,35,38,Good,39.5,55.7,9.9
India,Uttar Pradesh,Moradabad,PM2.5,10,30,21,27,Good,29.9,83,4.9
India,Uttar Pradesh,Moradabad,PM10,29,50,41,42,Good,29.6,73.1,8.1
India,Uttar Pradesh,Muzaffarnagar,NH3,2,6,3,28,Good,21.1,65.6,28.1
India,Uttar Pradesh,Muzaffarnagar,OZONE,16,30,24,8,Good,30.5,90.4,18.7
India,West Bengal,Kolkata,PM10,25,44,35,18,Good,21.2,31.8,24.6
India,West Bengal,Kolkata,CO,40,53,45,12,Good,36.2,40.5,4.9
India,West Bengal,Kolkata,OZONE,15,22,19,38,Good,34.4,50.3,26.5
India,West Bengal,Kolkata,PM2.5,21,36,29,31,Good,31.6,91,4
India,West Bengal,Siliguri,PM2.5,18,46,29,9,Good,25,65.9,9.5
India,West Bengal,Siliguri,PM10,36,94,48,17,Good,35.7,54.8,27.1
India,Uttar Pradesh,Meerut,OZONE,7,45,28,31,Good,32.8,84.2,4.2
India,Uttar Pradesh,Meerut,NH3,5,23,10,1,Good,30.9,69.1,18.8
India,Uttar Pradesh,Moradabad,NO2,15,29,19,28,Good,31.3,41.5,21.8
India,Uttar Pradesh,Moradabad,CO,8,30,18,46,Good,26.2,80,23.3
India,Uttar Pradesh,Moradabad,PM10,17,56,32,24,Good,37,88.5,9.4
India,Mizoram,Ankleshwar,CO,15.3,262.5,67.1,58,Moderate,21.1,69,16.4
India,Jammu and Kashmir,Byasanagar,PM10,84.1,244.8,86.7,55,Moderate,21.9,94.1,22
India,Maharashtra,Firozabad,NH3,1.6,96.5,72.6,90,Moderate,26.7,34.1,21.9
India,Tripura,Dharwad,PM2.5,0.3,394.3,33.8,24,Good,19.7,92.6,16.5
India,Punjab,Prayagraj,CO,60.1,231.5,220.6,256,Very Unhealthy,23.3,76,28.9
India,Karnataka,Talcher,CO,24.8,279.3,26.4,2,Good,29.5,76.8,3.4
India,Uttar Pradesh,Begusarai,NH3,0.8,479.5,2.3,37,Good,34.8,43.2,10.3
India,Madhya Pradesh,Ujjain,PM10,70.1,241.5,206.6,231,Very Unhealthy,31.9,80.7,12.8
India,Assam,Surat,NH3,4.9,79.2,23.1,45,Good,38.3,79.5,28
India,Jammu and Kashmir,Nandesari,PM2.5,41,474.5,164.4,172,Unhealthy,23,34.3,27.3
India,Karnataka,Agartala,OZONE,56.8,118,67.5,67,Moderate,22.9,74.6,10.4
India,Himachal Pradesh,Jhalawar,OZONE,17.2,346.4,158.8,151,Unhealthy,18.7,93.7,23.4
India,Uttarakhand,Bhilwara,OZONE,55.4,285.9,163,196,Unhealthy,24.2,83.1,19.3
India,Rajasthan,Noida,NO2,72.5,336.6,182.7,163,Unhealthy,32.6,49.6,17.7
India,Jammu and Kashmir,Ujjain,PM2.5,6.6,291.4,259.9,275,Very Unhealthy,17.9,66.6,2
India,Punjab,Nanded,SO2,20.7,150.2,23.3,48,Good,25.2,61.2,17.4
India,Jharkhand,Coimbatore,PM10,258.8,332.4,261,210,Very Unhealthy,35.5,40.7,10.6
India,Rajasthan,Vijayapura,SO2,89,227.1,200.9,494,Hazardous,35.6,32.7,28.6
India,Andhra Pradesh,Chittorgarh,SO2,173.2,310.4,179.9,186,Unhealthy,18.6,79.3,22.1
India,Assam,Nagaur,NH3,77,292.4,118.3,130,Unhealthy for Sensitive Groups,23.8,45.4,24.1
India,Uttar Pradesh,Jalore,NO2,124.6,430.7,174.8,159,Unhealthy,36.2,81.6,6.5
India,Arunachal Pradesh,Bettiah,PM2.5,12,169.4,62,57,Moderate,31.7,91.5,23
India,Karnataka,Guntur,OZONE,2.2,358.2,265.6,276,Very Unhealthy,19.2,89.6,9.6
India,Himachal Pradesh,Ramanagara,CO,83.3,374.3,164.2,186,Unhealthy,24.1,54.2,3.3
India,Gujarat,Karauli,NH3,87.4,383.2,229.1,274,Very Unhealthy,31.8,83.4,13.8
India,Nagaland,Thiruvananthapuram,PM10,28,358.8,166.1,182,Unhealthy,15.4,84.7,12
India,Jammu and Kashmir,Thoothukudi,NH3,123.8,312,208.5,265,Very Unhealthy,29.7,35.8,8.2
India,Uttarakhand,Narnaul,CO,64.5,488.2,72.5,67,Moderate,29.9,30.7,26.5
India,Bihar,Machilipatnam,SO2,28.2,378.7,128.5,101,Unhealthy for Sensitive Groups,28.6,70,21.7
India,Tamil Nadu,Dholpur,SO2,42.4,334.7,238.9,291,Very Unhealthy,36.6,54.3,26.8
India,Rajasthan,Gadag,PM10,2,67.7,3.4,34,Good,26,53.3,27.4
India,Odisha,Ulhasnagar,SO2,4.9,344.9,217.5,230,Very Unhealthy,22.8,62.9,12.7
India,Uttarakhand,Nagpur,NO2,248.6,453.2,261.7,279,Very Unhealthy,27.4,43.7,25.5
India,Sikkim,Thoothukudi,PM2.5,38,472.5,211.3,206,Very Unhealthy,20.8,33.4,1.5
India,Mizoram,Barbil,SO2,13.7,124.8,116.2,139,Unhealthy for Sensitive Groups,19,47.7,8.4
India,Meghalaya,Raebareli,NH3,100,307.2,230,201,Very Unhealthy,29,50.9,1
India,Jammu and Kashmir,Baripada,NH3,91.4,256.3,200.6,438,Hazardous,40,47.4,30
India,Himachal Pradesh,Katihar,CO,18.3,116.5,37.5,18,Good,27,93.7,26.6
India,Maharashtra,Thiruvananthapuram,CO,210.3,278.2,224.9,275,Very Unhealthy,39.2,55.1,3.5
India,Kerala,Shivamogga,PM2.5,8.3,447.7,209.7,229,Very Unhealthy,29.3,39.4,6.9
India,Maharashtra,Solapur,NO2,28.5,473.3,239.8,208,Very Unhealthy,22.1,32.8,29.9
India,Arunachal Pradesh,Eluru,PM2.5,64.3,494.8,146.3,117,Unhealthy for Sensitive Groups,24,63.9,18.6
India,Karnataka,Jhunjhunu,PM2.5,5.1,482,6.5,18,Good,38.2,39.2,15.3
India,West Bengal,Barmer,SO2,81.3,294.6,85.9,88,Moderate,15,60.7,28
India,Meghalaya,Chikkaballapur,CO,23.4,380.9,52.8,61,Moderate,28.4,55,10.1
India,Jammu and Kashmir,Visakhapatnam,PM10,166.7,252.2,214,249,Very Unhealthy,24.2,47.7,14.2
India,Karnataka,Agra,SO2,3.4,451.4,13.4,31,Good,28.1,48.4,18.5
India,Arunachal Pradesh,Khairthal,PM2.5,12,493.1,145.4,133,Unhealthy for Sensitive Groups,20.6,82.6,14.5
India,Gujarat,Thiruvananthapuram,NO2,16,34.8,16.8,17,Good,26.7,51.4,26.8
India,Chhattisgarh,Mysuru,CO,10.2,479.2,33,11,Good,22.5,56.7,18.9
India,Himachal Pradesh,Agartala,NH3,35.4,427.6,49.2,26,Good,21.3,60.4,28.5
India,Kerala,Puducherry,NH3,91.1,497.2,215.3,253,Very Unhealthy,27.2,54,20.6
India,Rajasthan,Mandideep,NH3,176.9,199.4,186.3,154,Unhealthy,38.2,42.5,24.2
India,Puducherry,Bhiwadi,OZONE,124.2,297.5,229.5,260,Very Unhealthy,21.1,50.4,12.2
India,Maharashtra,Jodhpur,NO2,30,485.8,110.4,105,Unhealthy for Sensitive Groups,25,48.1,16.5
India,Rajasthan,Bundi,PM2.5,136.7,462.8,143.4,108,Unhealthy for Sensitive Groups,20.4,86.3,11.8
India,Odisha,Vatva,OZONE,76.3,371.5,235.8,274,Very Unhealthy,36.1,35.1,17.1
India,Chandigarh,Damoh,PM10,59.3,313,166.5,174,Unhealthy,18.3,50.8,22.6
India,Meghalaya,Ramanagara,NH3,5.1,58,6.4,15,Good,29.5,40.7,3.6
India,Nagaland,Jodhpur,SO2,146.4,266.4,159.9,165,Unhealthy,16.6,61.9,9.2
India,Delhi,Thoothukudi,NH3,144.8,310.3,232.5,220,Very Unhealthy,38.8,55.5,7.9
India,Nagaland,Gorakhpur,PM10,177.8,402.8,258.6,222,Very Unhealthy,32,36.2,8.1
India,Maharashtra,Araria,PM10,8.8,85.7,25.6,30,Good,17.8,84,27.2
India,Jammu and Kashmir,Gangtok,PM10,137.2,275,186.2,155,Unhealthy,30.3,55.6,25.4
India,Sikkim,Bhopal,OZONE,58.7,396.7,114,118,Unhealthy for Sensitive Groups,17.2,56.5,23
India,Sikkim,Khurja,NO2,0.7,224.1,52.6,98,Moderate,27.5,40.6,19.2
India,Tamil Nadu,Dharuhera,PM10,193.4,325.3,255.2,201,Very Unhealthy,22.6,81.5,6.6
India,Maharashtra,Begusarai,NH3,79.4,467.5,96.5,87,Moderate,17,91.6,23.9
India,Bihar,Bagalkot,PM2.5,4.4,377.2,259,273,Very Unhealthy,29.9,69.9,1.8
India,Himachal Pradesh,Sri Ganganagar,PM2.5,129.8,390.4,154,200,Unhealthy,34.4,38.7,10.6
India,Telangana,Machilipatnam,PM2.5,117.7,397.7,227.7,282,Very Unhealthy,28.3,48,7.9
India,Kerala,Bhilai,OZONE,13.8,458.1,110.4,107,Unhealthy for Sensitive Groups,18.1,65.7,24
India,Gujarat,Hyderabad,SO2,3.7,180.8,14,22,Good,31.9,64.9,6
India,Assam,Ujjain,OZONE,22.7,142.3,49.6,21,Good,31.1,33.9,8.2
India,Chandigarh,Pali,SO2,113.1,302,145.2,115,Unhealthy for Sensitive Groups,29.6,71.2,19.5
India,Mizoram,Faridabad,OZONE,145.9,321.9,256,299,Very Unhealthy,17.8,55.5,10
India,Jharkhand,Kalyan,OZONE,132.2,294,219.1,209,Very Unhealthy,26.6,76.6,16.7
India,Maharashtra,Ahmedabad,OZONE,11.3,121,111.2,124,Unhealthy for Sensitive Groups,38.1,31.2,12.6
India,Himachal Pradesh,Muzaffarpur,NO2,27.3,440.4,212.2,246,Very Unhealthy,33.3,87,17.5
India,Mizoram,Nandesari,CO,183.2,413.2,230.9,229,Very Unhealthy,20.8,94.5,8.6
India,Meghalaya,Sri Ganganagar,PM10,9.6,253.7,41.8,36,Good,21,68.3,5.6
India,Haryana,Panchgaon,SO2,253.8,306.9,253.8,249,Very Unhealthy,28,75.8,13.8
India,Arunachal Pradesh,Chhapra,PM2.5,27.6,145,34.3,30,Good,35.8,63.4,14.1
India,Chhattisgarh,Saharsa,PM2.5,71.3,289.9,205.2,203,Very Unhealthy,21.3,62.9,27
India,Arunachal Pradesh,Churu,SO2,8,453.9,158.9,188,Unhealthy,38,86.6,2
India,Puducherry,Mahad,PM10,6.2,132.8,29.1,49,Good,21.7,32.6,1.2
India,Tripura,Amritsar,SO2,5.9,436.4,208.1,224,Very Unhealthy,38.6,52.9,15
India,Telangana,Hanumangarh,NO2,84.6,339.5,167.1,197,Unhealthy,25,79.3,2.6
India,Telangana,Ramanagara,OZONE,8,307.1,106.2,148,Unhealthy for Sensitive Groups,36.5,69.2,9.4
India,West Bengal,Vadodara,SO2,33.5,421.6,49.6,32,Good,35.1,48.6,22.2
India,Assam,Panipat,PM10,96,379.4,144.8,107,Unhealthy for Sensitive Groups,19,50,14.8
India,Arunachal Pradesh,Rishikesh,NO2,43.1,426.2,199.9,181,Unhealthy,23.3,32.7,11.3
India,Chhattisgarh,Suakati,OZONE,15.9,207.1,178.6,162,Unhealthy,24.2,49.3,15.8
India,Telangana,Jabalpur,SO2,155.6,251,221.8,298,Very Unhealthy,31.8,71.3,27.1
India,Gujarat,Gurugram,PM10,13.7,200.8,77.1,66,Moderate,36.2,42.7,10.1
India,Meghalaya,Barmer,NO2,98.9,331.2,238.5,259,Very Unhealthy,23.6,88.5,20.5
India,Maharashtra,Moradabad,PM10,2.5,196.7,131.6,114,Unhealthy for Sensitive Groups,24.6,71.5,4.5
India,Sikkim,Palwal,OZONE,158.6,211.4,209.2,283,Very Unhealthy,19.5,83.4,11.8
India,Madhya Pradesh,Kalyan,PM2.5,7.4,368.3,20.4,48,Good,27.4,53.1,20.7
India,Chhattisgarh,Solapur,CO,153.1,478.3,172.7,199,Unhealthy,24.5,61.3,24.2
India,Madhya Pradesh,Gwalior,PM2.5,171.9,324.4,260.1,250,Very Unhealthy,23.2,34.5,21.5
India,Karnataka,Nagaur,NH3,21,438.2,197.4,189,Unhealthy,16.6,43.4,22.6
India,Nagaland,Muzaffarnagar,NH3,71.1,428.2,251.7,298,Very Unhealthy,15.7,78.8,18
India,Maharashtra,Jhansi,CO,208.1,383,265.5,237,Very Unhealthy,39.7,93.4,13.9
India,Himachal Pradesh,Rairangpur,CO,41.4,269.1,234.7,213,Very Unhealthy,30.2,56.5,9.4
India,Nagaland,Bahadurgarh,SO2,8.6,332,17.4,21,Good,27.2,53.1,29.5
India,Sikkim,Sivasagar,NO2,0.2,316.2,24.3,8,Good,24.1,45,7.7
India,Madhya Pradesh,Rairangpur,SO2,40.3,207.2,187.2,154,Unhealthy,26.7,91.3,24.6
India,Telangana,Sagar,PM2.5,10.1,284.2,27.4,36,Good,24,71.4,2.8
India,Gujarat,Chittoor,NO2,119.3,469.7,158.8,173,Unhealthy,38,77.6,23.4
India,Sikkim,Sivasagar,NO2,71,410,75.3,73,Moderate,23.2,48.1,27
India,Punjab,Sawai Madhopur,NH3,32.5,343.9,46.1,38,Good,28.9,89.8,14.9
India,Tripura,Hajipur,CO,0.6,306.1,41.5,47,Good,34.4,31.3,16.8
India,Meghalaya,Sivasagar,PM10,12.3,499.3,28,15,Good,17,79.6,21.1
India,Telangana,Rupnagar,OZONE,127.1,275.8,189.8,183,Unhealthy,35.4,63.7,2
India,Rajasthan,Narnaul,PM2.5,8.6,195.3,50,42,Good,35.8,40.5,1.3
India,Odisha,Satara,PM2.5,6.2,465.7,18.4,15,Good,36.9,71.9,23.1
India,Kerala,Palwal,NO2,73.3,196.4,98.8,70,Moderate,26,45.7,21.9
India,Kerala,Modinagar,PM2.5,24,488.8,58.8,84,Moderate,36.9,79.7,14.5
India,Uttarakhand,Milupara,CO,36.2,405.6,207,215,Very Unhealthy,31.4,40.9,19.3
India,Himachal Pradesh,Jabalpur,PM10,68.4,460,186.2,164,Unhealthy,17,42.9,23.2
India,Maharashtra,Fatehabad,NH3,1.8,223.3,32.2,7,Good,35.1,31.1,9.7
India,Andhra Pradesh,Bhiwadi,NO2,30.4,394.4,32.2,20,Good,24.4,53.8,7.9
India,Meghalaya,Aurangabad,OZONE,25.4,421.9,201.2,285,Very Unhealthy,30.6,86.5,10.9
India,Chhattisgarh,Patiala,NH3,58.3,495.7,175,167,Unhealthy,34.9,83,2.2
India,Rajasthan,Narnaul,NO2,26.4,391.4,28.2,37,Good,30.5,37.6,2.5
India,Delhi,Nanded,CO,78.1,368.8,104.7,143,Unhealthy for Sensitive Groups,22.8,64.8,2.7
India,Assam,Ahmedabad,SO2,194.9,400.1,211.6,239,Very Unhealthy,32.7,34.2,3.7
India,Maharashtra,Kalaburagi,NH3,184.3,490.2,260.4,231,Very Unhealthy,20.5,37.5,17.1
India,Uttar Pradesh,Chikkamagaluru,PM10,138.8,370.1,211.6,203,Very Unhealthy,21.4,71.6,21.1
India,Bihar,Sikar,NH3,74.5,416.1,184.4,151,Unhealthy,32,74.4,1.1
India,Karnataka,Mumbai,PM2.5,54.8,395.6,196.5,171,Unhealthy,31.1,33.3,15.6
India,Punjab,Korba,SO2,130.5,345.6,152.5,186,Unhealthy,35.3,52.2,14.4
India,Jharkhand,Ramanagara,PM2.5,27.7,229.7,227.8,249,Very Unhealthy,23,65.2,17.4
India,Himachal Pradesh,Nellore,OZONE,73.2,97.7,86.3,98,Moderate,19.5,37.2,3.3
India,Haryana,Bhiwandi,SO2,63.5,357,145.4,141,Unhealthy for Sensitive Groups,30.7,69.2,3.8
India,Assam,Rajgir,OZONE,22.3,230.2,178.6,171,Unhealthy,23.5,68.7,3.9
India,Uttarakhand,Kolkata,PM2.5,53,491.2,259.7,217,Very Unhealthy,32.9,56.5,4.2
India,Uttar Pradesh,Thane,NO2,112.7,473.8,176.2,189,Unhealthy,29.4,87.7,25.9
India,Gujarat,Kolkata,NO2,68.4,417.2,248.9,267,Very Unhealthy,22,43.1,26.9
India,Assam,Naharlagun,CO,24,335.4,251.5,284,Very Unhealthy,36,32,29.4
India,Himachal Pradesh,Khora,NH3,2,426.3,109,146,Unhealthy for Sensitive Groups,22.6,60.2,28.1
India,Karnataka,Dharwad,PM2.5,26.4,138.3,62.6,91,Moderate,21.5,69.7,20.9
India,Mizoram,Ratlam,OZONE,24.7,419.1,44.9,28,Good,25.4,70.4,27.1
India,Punjab,Gangtok,NO2,53.9,244.6,147.7,102,Unhealthy for Sensitive Groups,22.6,32.2,29.6
India,Assam,Sagar,NH3,63.5,490.7,155.5,173,Unhealthy,24.1,69.5,3.8
India,Uttarakhand,Ambala,SO2,90.6,322.1,219.5,239,Very Unhealthy,38,50.5,5.4
India,Uttarakhand,Visakhapatnam,CO,48.9,392.4,233.4,285,Very Unhealthy,31.8,44.2,4
India,Sikkim,Patna,CO,83.3,356.3,198.2,187,Unhealthy,26.4,61.5,26.2
India,Tamil Nadu,Howrah,CO,45.1,488,57.3,72,Moderate,26.8,38.5,27.7
India,Uttar Pradesh,Panchkula,SO2,104.2,222.5,220.3,218,Very Unhealthy,21.4,40.3,6.2
India,Arunachal Pradesh,Nashik,SO2,121.5,485.8,229.7,268,Very Unhealthy,33,65.4,12.8
India,Jammu and Kashmir,Yamuna Nagar,CO,41.3,427.7,48,40,Good,34.2,63.4,12.3
India,Jharkhand,Chikkamagaluru,SO2,2.8,248.1,72.5,67,Moderate,20.3,64.4,13
India,Maharashtra,Satara,CO,36,398,192.7,172,Unhealthy,31,92.5,10.8
India,Puducherry,Panipat,CO,15.3,462.3,70.5,63,Moderate,31.2,34,25.4
India,Tamil Nadu,Gandhinagar,PM10,8,346,110.6,133,Unhealthy for Sensitive Groups,31.6,45.7,8.5
India,Kerala,Samastipur,OZONE,22.9,227.3,57.8,77,Moderate,23.5,87.5,29.7
India,Gujarat,Sirohi,SO2,135,429.8,214.4,256,Very Unhealthy,23.8,62.8,27.3
India,Jammu and Kashmir,Patna,OZONE,81.4,254.9,217,277,Very Unhealthy,31.4,56,21.9
India,Chhattisgarh,Silchar,NO2,52.3,299.7,247.6,250,Very Unhealthy,32.8,53.8,13.2
India,Haryana,Kunjemura,OZONE,108,413.3,165.4,183,Unhealthy,26.3,82.1,9.9
India,Assam,Vijayawada,NH3,33.4,125.6,88,68,Moderate,15.9,32.6,4.8
India,Puducherry,Puducherry,CO,4.1,72.2,5.9,17,Good,36.7,90.3,24.3
India,Haryana,Ramanagara,CO,45.1,362,218.7,253,Very Unhealthy,18.3,85.1,19.7
India,Jharkhand,Bhubaneswar,PM10,7.5,420.7,11.3,2,Good,19.7,31.8,23.2
India,Delhi,Bileipada,SO2,107.1,320.4,163.4,187,Unhealthy,20.7,68.6,2.9
India,Telangana,Saharsa,OZONE,37.6,442.6,241.5,209,Very Unhealthy,17.3,32.7,28.5
India,Sikkim,Rajamahendravaram,NH3,111.9,187,177.6,151,Unhealthy,30.2,48.3,17.7
India,Nagaland,Brajrajnagar,CO,40.6,359.9,96.1,96,Moderate,22.6,77.5,16
India,Karnataka,Parbhani,NH3,139.4,456.6,188.5,157,Unhealthy,25,79.3,24
India,Punjab,Barmer,NO2,74.5,262.9,89,54,Moderate,38.4,90.5,11.5
India,Madhya Pradesh,Jorapokhar,SO2,73.8,430.4,79.4,54,Moderate,28.5,49.5,1.8
India,Bihar,Sivasagar,PM2.5,3.2,296.5,74.2,72,Moderate,19.5,48.9,16.8
India,Nagaland,Gadag,OZONE,0.9,55,6.5,25,Good,20.4,39.5,25.6
India,Tamil Nadu,Baripada,SO2,127.6,448.5,188.9,155,Unhealthy,29.8,74.7,21.5
India,Tamil Nadu,Begusarai,SO2,18.7,125.8,49.6,46,Good,34.1,56,10.2
India,Mizoram,Hyderabad,CO,11,244.7,24.4,33,Good,37.6,69.2,20.5
India,Puducherry,Jabalpur,CO,42,309.4,45.5,29,Good,22.3,87.6,9.7
India,Puducherry,Durgapur,SO2,61.5,424.5,250.1,236,Very Unhealthy,23.4,30.3,23.8
India,Uttarakhand,Howrah,NH3,16.7,308,197.3,168,Unhealthy,39.5,83.2,7.7
India,Delhi,Panipat,PM2.5,52.9,431.6,62.5,98,Moderate,23.1,64.3,15.1
India,Andhra Pradesh,Virar,CO,53.6,372,107.4,142,Unhealthy for Sensitive Groups,28.5,66.6,1.8
India,Arunachal Pradesh,Vapi,OZONE,9.9,132.9,16.6,39,Good,28.5,72.2,8.2
India,Puducherry,Bhilai,NO2,149,471.8,152.7,176,Unhealthy,36.7,30.7,13.8
India,Punjab,Sagar,NH3,32.7,44.5,41.1,25,Good,17.8,59.6,16.9
India,West Bengal,Sangli,SO2,141,380.2,192.3,159,Unhealthy,19.5,81.3,7.7
India,Haryana,Fatehabad,PM10,49,111.2,108.1,146,Unhealthy for Sensitive Groups,33.9,47.5,16.5
India,Andhra Pradesh,Narnaul,OZONE,36.6,412,156.5,193,Unhealthy,31.2,59.4,19.4
India,Meghalaya,Dungarpur,NH3,73.3,319.8,144,137,Unhealthy for Sensitive Groups,30.1,86.2,12.5
India,Karnataka,Ballabgarh,PM2.5,122,219.7,141.6,141,Unhealthy for Sensitive Groups,34.5,65,27.3
India,Mizoram,Ratlam,SO2,87.7,494.6,107.1,146,Unhealthy for Sensitive Groups,36.6,73,18.6
India,Maharashtra,Damoh,NO2,240.4,284.8,259.9,224,Very Unhealthy,21.4,90.8,21.9
India,Haryana,Bhiwani,PM2.5,78,199.3,112.3,139,Unhealthy for Sensitive Groups,35.7,94.4,12.3
India,Arunachal Pradesh,Vapi,CO,6.9,156.9,13,29,Good,15.9,67.5,10.9
India,Haryana,Bhiwani,CO,1.3,144.1,74.6,64,Moderate,36.1,32,19.2
India,Meghalaya,Dausa,OZONE,4.3,228.3,92.9,65,Moderate,27.8,80.7,7.1
India,Karnataka,Gurugram,NO2,64.7,197.2,138.6,122,Unhealthy for Sensitive Groups,19.9,59.4,17.2
India,Odisha,Ahmednagar,OZONE,12,405.1,141.8,118,Unhealthy for Sensitive Groups,38.4,88.2,15.8
India,Jammu and Kashmir,Narnaul,PM10,20.8,187.2,144.5,123,Unhealthy for Sensitive Groups,37.2,81.8,21.8
India,Uttarakhand,Suakati,NH3,7,152.2,71.8,98,Moderate,27.8,45.9,29.9
India,Delhi,Karauli,SO2,192.3,296.3,249.1,208,Very Unhealthy,30.9,91.1,10.9
India,West Bengal,Dharuhera,CO,6.7,214.1,7.5,6,Good,27,74.3,2.1
India,Sikkim,Nagpur,CO,8.2,386,80.8,57,Moderate,18,81,10.2
India,Jharkhand,Chandrapur,PM2.5,2.1,341.8,177.8,177,Unhealthy,21.1,80,27.7
India,West Bengal,Siliguri,PM10,37,192,41.6,23,Good,29.2,88.9,18.1
India,Tripura,Alwar,SO2,86.3,425.6,92.9,51,Moderate,39.3,86.7,15.1
India,Odisha,Durgapur,NO2,152.3,213.4,153.5,182,Unhealthy,30.1,76.7,18.5
India,Punjab,Nashik,PM10,7.8,431.7,128.2,125,Unhealthy for Sensitive Groups,27.4,32.9,7.2
India,Meghalaya,Patiala,NO2,15.5,144.5,41.8,21,Good,21.7,47.8,17.3
India,Puducherry,Anantapur,PM10,111.6,211.1,196.2,186,Unhealthy,33.1,41.4,16.6
India,Puducherry,Kurukshetra,CO,8,450.4,41.8,5,Good,26.3,93.4,5.5
India,Maharashtra,Banswara,NH3,21.2,465.3,80.8,76,Moderate,30.3,70.6,26.6
India,Chhattisgarh,Tirupati,OZONE,5.2,440.3,222.8,208,Very Unhealthy,15.8,87.3,12.9
India,Odisha,Surat,NO2,83.8,368.6,254.1,239,Very Unhealthy,15.7,42.2,6.9
India,Odisha,Jaisalmer,PM10,1.2,293.3,198.9,166,Unhealthy,19.2,51.8,23.3
India,Himachal Pradesh,Ratlam,PM2.5,25.1,287.9,60.2,98,Moderate,29.5,79.6,13.3
India,Arunachal Pradesh,Talcher,PM2.5,164,211.2,170.1,157,Unhealthy,24.9,63.9,8.5
India,Telangana,Mira-Bhayandar,PM10,49.1,256.8,227,222,Very Unhealthy,17.5,55.8,15.6
India,Punjab,Dharwad,OZONE,86.1,483,191.6,184,Unhealthy,24.6,93.1,28
India,Karnataka,Jalore,PM2.5,79.5,488.8,134.9,107,Unhealthy for Sensitive Groups,37.1,46.2,17.3
India,Maharashtra,Sivasagar,CO,132.5,146.8,137.7,146,Unhealthy for Sensitive Groups,21,64.9,1.1
India,Kerala,Beed,NO2,59.9,413.3,90,57,Moderate,39.6,84.7,0.8
India,Kerala,Badlapur,SO2,16.6,438.2,224.9,252,Very Unhealthy,35,90.6,14.5
India,Gujarat,Cuddalore,CO,68.3,137.6,88,98,Moderate,19.1,46.9,18.7
India,Karnataka,Karnal,OZONE,162.4,411.5,225.8,237,Very Unhealthy,32,55.2,29.5
India,Gujarat,Gurugram,SO2,32.7,396.1,46.6,18,Good,39.9,31.1,8.7
India,Rajasthan,Aizawl,NH3,44.2,289.9,172.5,162,Unhealthy,22.3,52.3,19.8
India,Rajasthan,Badlapur,SO2,21.8,82.7,40.7,38,Good,16.3,65.1,20.5
India,Gujarat,Nellore,CO,24.6,305.9,246.3,294,Very Unhealthy,37.6,41.9,4.2
India,Madhya Pradesh,Manguraha,NH3,134,438.7,135.9,120,Unhealthy for Sensitive Groups,23.7,86.8,8
India,Jammu and Kashmir,Amaravati,NO2,25.2,214,73,92,Moderate,18.3,90.3,1.2
India,West Bengal,Barmer,NH3,110.7,388,232.8,224,Very Unhealthy,31.2,82,17.5
India,Maharashtra,Khora,SO2,21.1,121,76.4,83,Moderate,31.1,76.1,10.9
India,Tamil Nadu,Chamarajanagar,PM2.5,48.8,243.2,55.6,70,Moderate,28.7,89.9,10.5
India,Rajasthan,Sirsa,CO,54.5,282.4,239.9,205,Very Unhealthy,25.2,37.2,22.6
India,Madhya Pradesh,Gadag,CO,13.6,265.4,66.4,69,Moderate,23.8,76.8,27.5
India,Haryana,Delhi,SO2,119.7,404.5,231.8,234,Very Unhealthy,25.5,38.5,7.1
India,Bihar,Raipur,NO2,108.7,276.2,189.1,187,Unhealthy,25.2,71.9,22.9
India,Madhya Pradesh,Ballabgarh,PM2.5,18.6,442.2,176.5,163,Unhealthy,38.5,66.8,23.2
India,Andhra Pradesh,Moradabad,NO2,120,255.6,140.4,103,Unhealthy for Sensitive Groups,37.5,52.3,15.5
India,Kerala,Jabalpur,SO2,209.8,382.2,223.3,239,Very Unhealthy,36.6,72.8,3.5
India,Meghalaya,Ujjain,PM10,51.2,347.2,177.4,163,Unhealthy,29.5,38.3,24.9
India,Chandigarh,Barbil,SO2,10.7,180.2,13.9,5,Good,38.4,47.5,22.5
India,Rajasthan,Bengaluru,CO,6.8,200.4,70.9,85,Moderate,34.5,71.5,21.9
India,Andhra Pradesh,Asansol,PM2.5,32.1,416.4,211.3,286,Very Unhealthy,26.9,31,11.5
India,Chandigarh,Rajamahendravaram,PM2.5,5.8,472.6,26.6,0,Good,17.3,69.1,11.7
India,Maharashtra,Panipat,OZONE,23.9,365.9,112.2,131,Unhealthy for Sensitive Groups,29.3,44,27.7
India,Madhya Pradesh,Raipur,PM10,233.1,383.3,249.4,220,Very Unhealthy,19.5,51.4,13
India,Tamil Nadu,Suakati,PM10,18.3,428.3,108.6,138,Unhealthy for Sensitive Groups,27.4,61.7,17.3
India,Rajasthan,Vapi,NO2,12.8,271.3,258.3,214,Very Unhealthy,23.2,72.1,23.8
India,Bihar,Amravati,NO2,195.7,419.6,230,258,Very Unhealthy,34.7,39.1,4.2
India,Arunachal Pradesh,Kollam,OZONE,13.7,267.1,174.1,167,Unhealthy,32.3,59.7,10.2
India,Arunachal Pradesh,Nagaon,NH3,1.1,439.4,191.8,151,Unhealthy,18.8,75.7,3.2
India,Uttarakhand,Brajrajnagar,PM10,5.5,409.5,133.5,113,Unhealthy for Sensitive Groups,25.6,85.4,1.7
India,Punjab,Pratapgarh,NO2,43.7,422.8,102.7,137,Unhealthy for Sensitive Groups,27.5,45.6,5.4
India,Meghalaya,Bhilwara,OZONE,25.2,440,37.2,9,Good,39.7,69.8,4.6
India,Rajasthan,Kolhapur,SO2,183.9,309.5,263.3,247,Very Unhealthy,18.8,88.6,24
India,Assam,Malegaon,SO2,60.1,449.3,257.8,210,Very Unhealthy,38.7,93.3,6.7
India,Assam,Narnaul,NH3,82.7,278.2,159.6,169,Unhealthy,16.8,71.5,15.3
India,Sikkim,Bhiwani,OZONE,138.8,171.5,164.8,195,Unhealthy,17.3,64.2,27.5
India,Bihar,Dewas,PM10,56.1,149.2,89.2,73,Moderate,21.6,88.7,29.2
India,Uttarakhand,Karnal,SO2,33.7,426.9,250.4,205,Very Unhealthy,21.7,57.5,5.3
India,Maharashtra,Pampore,PM2.5,150.8,321,191.5,198,Unhealthy,29.2,68.2,18.3
India,Kerala,Banswara,PM2.5,38,191.7,83.7,73,Moderate,33.4,31.2,0.9
India,Assam,Manesar,PM10,193.9,297.2,259,201,Very Unhealthy,28,62.6,1.1
India,Odisha,Kalyan,SO2,2.3,142.7,33.8,15,Good,31.5,62.6,23.3
India,Arunachal Pradesh,Fatehabad,CO,44.7,410.9,178.1,183,Unhealthy,38.1,48.7,24.6
India,Himachal Pradesh,Munger,PM10,141.7,388.2,195.5,175,Unhealthy,26,56.1,16.3
India,Bihar,Hubballi,PM2.5,91.1,461.6,104,114,Unhealthy for Sensitive Groups,37.5,31.1,17.8
India,Tamil Nadu,Machilipatnam,OZONE,0.2,278.6,190.8,198,Unhealthy,38.1,30.6,28.7
India,Punjab,Nagpur,NH3,133.8,317.6,247.1,205,Very Unhealthy,16.3,61.4,28.8
India,Uttarakhand,Jorapokhar,CO,153.5,179.1,157.4,152,Unhealthy,15.9,87.1,1.7
India,Puducherry,Gummidipoondi,SO2,23.2,150.3,110.8,105,Unhealthy for Sensitive Groups,34,90.2,19.7
India,Chandigarh,Siliguri,NO2,93.5,484.8,93.9,87,Moderate,17.7,58,0.1
India,Telangana,Pune,PM10,5.6,227.3,37.7,33,Good,29.3,51.7,7.9
India,Andhra Pradesh,Vrindavan,OZONE,112.1,224.2,214.9,264,Very Unhealthy,16.8,38.2,2.6
India,Maharashtra,Vapi,PM10,115.7,206,143.6,113,Unhealthy for Sensitive Groups,29.5,77.4,28.6
India,Gujarat,Kunjemura,SO2,115.1,320.5,145.7,146,Unhealthy for Sensitive Groups,29.2,66.4,26.5
India,Bihar,Guntur,CO,1.5,493.8,9.7,8,Good,25.9,46.4,20.5
India,Arunachal Pradesh,Jhunjhunu,CO,20.9,307.7,101.5,150,Unhealthy for Sensitive Groups,16.4,72.2,18.1
India,Chhattisgarh,Nandesari,NH3,68.2,431.4,71,98,Moderate,26.9,31.1,16.7
India,Chandigarh,Belapur,PM2.5,19.7,481.8,56.9,76,Moderate,22.4,51.7,16
India,Nagaland,Chittoor,NH3,2.6,147.4,4.8,35,Good,15.3,73.8,25.6
India,West Bengal,Koppal,NH3,13.6,152.6,55.5,65,Moderate,38.6,36.6,21.8
India,Meghalaya,Pampore,OZONE,192,336.1,220.1,287,Very Unhealthy,31.6,93.8,7.7
India,Puducherry,Malegaon,NO2,78.1,323.5,145.8,144,Unhealthy for Sensitive Groups,20.2,85.7,11.3
India,Himachal Pradesh,Bileipada,NO2,133.3,248.8,175.3,179,Unhealthy,16.9,38.9,12.5
India,Maharashtra,Hubballi,NO2,79.8,464.8,81.1,67,Moderate,19.3,77.9,26.2
India,Sikkim,Ahmedabad,PM10,104.1,455.8,262.1,275,Very Unhealthy,36.7,66.4,12.3
India,Andhra Pradesh,Chandrapur,PM2.5,22.2,286.9,28,32,Good,39.7,87.4,14.5
India,Odisha,Lucknow,OZONE,5.9,309.6,63,92,Moderate,39.9,67.9,18.4
India,Maharashtra,Ambernath,SO2,226,403.4,256.9,225,Very Unhealthy,39.4,83.1,19.3
India,Assam,Durgapur,SO2,37.4,376.2,158,162,Unhealthy,29.6,58.9,4.4
India,Delhi,Mandikhera,SO2,32.9,205.8,101.3,132,Unhealthy for Sensitive Groups,32.7,58,16.7
India,Tamil Nadu,Hyderabad,OZONE,206.9,381.9,226.3,289,Very Unhealthy,26.9,52.5,26.7
India,Odisha,Ghaziabad,CO,81.5,312.9,223.6,203,Very Unhealthy,26.6,37.8,21.4
India,Sikkim,Kollam,OZONE,13.2,303.5,241.4,296,Very Unhealthy,24,47.3,6.6
India,Nagaland,Anantapur,OZONE,146.3,343.8,257.5,238,Very Unhealthy,33.8,80.9,28.5
India,Jammu and Kashmir,Kanpur,NO2,40.7,406.1,206.5,226,Very Unhealthy,18.5,83.3,13.7
India,Maharashtra,Ahmedabad,OZONE,19.6,492.9,31.9,41,Good,31,49.2,17.4
India,Haryana,Durgapur,SO2,17.4,118.3,73.3,70,Moderate,32.5,79,19.9
India,Uttarakhand,Guntur,PM10,12.3,471,22.3,8,Good,39.2,77.2,2.9
India,Odisha,Dombivli,NH3,102.9,440.5,156.6,194,Unhealthy,29.3,39.1,11.5
India,Andhra Pradesh,Tensa,PM2.5,0.7,350.1,65.5,94,Moderate,39.7,81,2.1
India,Telangana,Baghpat,OZONE,98.6,310.4,211.1,285,Very Unhealthy,39.8,71.9,0.7
India,Andhra Pradesh,Delhi,PM10,2.5,269.6,2.5,17,Good,26.9,61.1,24.2
India,Karnataka,Kalaburagi,SO2,15.3,256.9,95,67,Moderate,30.5,58.5,21.3
India,Puducherry,Kunjemura,SO2,16.5,127,22.9,27,Good,22,89.6,20.8
India,Karnataka,Byrnihat,NO2,65.2,380.4,137,105,Unhealthy for Sensitive Groups,34.6,64.6,23.2
India,Madhya Pradesh,Gwalior,NH3,38,490.9,225.4,266,Very Unhealthy,29.7,46.9,1.7
India,Tamil Nadu,Hajipur,PM2.5,7.2,71.1,8.9,5,Good,39.3,77,6.2
India,Haryana,Kannur,NO2,131.5,470.7,133.9,107,Unhealthy for Sensitive Groups,36,34.8,15.5
India,Meghalaya,Noida,PM2.5,5.8,433.7,29,41,Good,29.1,68.9,4.8
India,Jammu and Kashmir,Sawai Madhopur,SO2,83.6,271.9,186.2,198,Unhealthy,36.7,63.3,8.9
India,West Bengal,Bhiwandi,CO,70.8,357.7,152.4,166,Unhealthy,15.8,42.9,16.7
India,Rajasthan,Faridabad,SO2,124.6,362.6,174.3,180,Unhealthy,15.1,53.1,22
India,Tripura,Bagalkot,SO2,85.2,324.8,115,138,Unhealthy for Sensitive Groups,16.6,69.9,12.1
India,Chhattisgarh,Sikar,CO,7.5,272.1,217.4,281,Very Unhealthy,24,50.6,22.9
India,Tripura,Alwar,PM2.5,85.2,312.5,165.4,194,Unhealthy,26.8,58.1,15.2
India,Karnataka,Nellore,OZONE,23.7,327,197.4,178,Unhealthy,35.2,57.4,2.6
India,Sikkim,Karauli,NH3,41.7,358.2,245.8,274,Very Unhealthy,22.9,58.8,22.6
India,Karnataka,Mumbai,SO2,12.9,100.2,35.2,41,Good,26.8,61.5,10.6
India,Odisha,Banswara,SO2,54.3,318.1,117.6,106,Unhealthy for Sensitive Groups,37,90.9,20.7
India,Jammu and Kashmir,Machilipatnam,NH3,158.7,264.2,218.2,248,Very Unhealthy,35.8,84.5,1.9
India,Bihar,Amaravati,SO2,156.8,384,256.3,226,Very Unhealthy,34.6,39.7,17.3
India,Sikkim,Talcher,OZONE,14.8,264.1,64.9,54,Moderate,29.8,84.4,9.8
India,West Bengal,Bareilly,SO2,17.3,473.2,96.7,65,Moderate,30.4,57.4,2.7
India,Bihar,Kadapa,PM2.5,9.6,389,30.2,8,Good,38.2,35.7,21.5
India,Bihar,Dungarpur,NO2,12.3,162.4,125.5,114,Unhealthy for Sensitive Groups,31.4,93.7,2.1
India,Himachal Pradesh,Karwar,NO2,87.2,331.3,229.5,286,Very Unhealthy,24.2,46.3,2.2
India,Delhi,Barbil,NH3,114.6,392.7,237,277,Very Unhealthy,29.9,82.3,1.9
India,Sikkim,Cuddalore,NH3,120.8,419.1,235.6,272,Very Unhealthy,22.4,68,26.6
India,Karnataka,Tonk,NO2,84.7,446.6,258,207,Very Unhealthy,38.2,84.2,12.4
India,Meghalaya,Bhubaneswar,PM10,22.9,450.3,33,49,Good,29.3,94.8,9.6
India,Mizoram,Nellore,NO2,37.3,323.8,44.2,19,Good,33.8,79.6,6.9
India,Uttarakhand,Jaisalmer,NO2,100.2,443.8,251.3,285,Very Unhealthy,38.6,61.5,17.3
India,Telangana,Thrissur,NO2,1,273.2,110.2,134,Unhealthy for Sensitive Groups,27.9,35,4.4
India,Jharkhand,Muzaffarnagar,NO2,39,460.2,43.3,34,Good,25.5,82.6,5.6
India,Puducherry,Pimpri-Chinchwad,SO2,35.7,127.8,40.6,44,Good,37.3,48.3,23.2
India,Odisha,Nagpur,OZONE,136.6,270.4,147.3,102,Unhealthy for Sensitive Groups,21.2,42,22.8
India,Jharkhand,Barmer,NH3,94.9,178.7,96.3,100,Moderate,18.1,69.4,0.2
India,Puducherry,Bihar Sharif,SO2,53.7,363.9,254.1,214,Very Unhealthy,33.5,38.6,20.1
India,Karnataka,Chhapra,PM2.5,83.6,387.8,101.9,108,Unhealthy for Sensitive Groups,25,42.8,23.4
India,Sikkim,Aizawl,CO,123.9,359.5,138.2,108,Unhealthy for Sensitive Groups,20.3,31.3,18
India,Chhattisgarh,Gangtok,NO2,119.1,288.8,235.2,236,Very Unhealthy,19.1,67.7,25
India,Bihar,Kota,CO,24.3,304.5,132.9,138,Unhealthy for Sensitive Groups,21.8,74.7,14.9
India,Punjab,Khurja,OZONE,119.1,338.4,256.4,226,Very Unhealthy,30.9,94.9,8
India,Puducherry,Anantapur,SO2,21.1,118.8,43.7,15,Good,36.6,69,21.7
India,West Bengal,Barmer,OZONE,211.2,454.3,227.8,266,Very Unhealthy,30,85.7,20.3
India,Jharkhand,Jhalawar,OZONE,5.6,260.5,41,27,Good,28.7,31.8,10.9
India,Uttarakhand,Guntur,OZONE,3.4,420.9,21.9,37,Good,22.9,79.8,6.5
India,Haryana,Jhunjhunu,SO2,60.4,284.4,123.4,118,Unhealthy for Sensitive Groups,36.2,79.6,14.9
India,Tripura,Kanpur,PM2.5,33.5,387.7,256.1,254,Very Unhealthy,21.6,80.3,28.6
India,Tripura,Milupara,NH3,40.8,172.2,140.2,119,Unhealthy for Sensitive Groups,15.1,50.6,16
India,Kerala,Nagaur,OZONE,28.3,272.3,221.8,287,Very Unhealthy,34.6,65.1,24.4
India,Meghalaya,Ramanagara,OZONE,73,313.8,84.4,56,Moderate,31.5,80.5,5.8
India,Puducherry,Kunjemura,SO2,2.4,372,161,159,Unhealthy,38.5,80.7,26.2
India,Himachal Pradesh,Aizawl,CO,60.5,477.4,125.8,108,Unhealthy for Sensitive Groups,27.6,82.1,16.1
India,Jammu and Kashmir,Noida,PM10,6.6,292.1,9.7,7,Good,27.1,78,17.2
India,Tripura,Vijayawada,PM10,6.5,133.4,17.3,35,Good,22.4,34.6,19.2
India,Madhya Pradesh,Narnaul,PM10,133.9,301.5,208.9,250,Very Unhealthy,20.6,30.4,12.6
India,Tamil Nadu,Belapur,NO2,189.5,327.3,254.8,231,Very Unhealthy,21.9,95,4.6
India,Chhattisgarh,Patiala,PM2.5,7.2,254.5,9.9,24,Good,19,64.8,14.9
India,Delhi,Faridabad,PM10,0.8,356.3,11.5,21,Good,18,51.6,13.8
India,Arunachal Pradesh,Nashik,OZONE,66.6,115.9,78.9,91,Moderate,36.2,45.6,6.7
India,Kerala,Chikkaballapur,PM10,13.3,423.7,212.2,291,Very Unhealthy,26.6,76.8,11.7
India,Nagaland,Churu,NH3,30.1,117.1,33.7,9,Good,16.1,85.6,18.4
India,Uttarakhand,Beed,PM10,30.5,357.9,74.1,79,Moderate,18.3,93,21.3
India,Jharkhand,Purnia,SO2,74,296.8,89.4,72,Moderate,23.9,89,10.1
India,Rajasthan,Churu,PM2.5,56.3,364.8,140.2,118,Unhealthy for Sensitive Groups,22.1,93.3,1.6
India,Jharkhand,Katihar,NO2,204.5,279.9,240.8,298,Very Unhealthy,17.2,86.5,26.2
India,Bihar,Barmer,CO,22.6,459.4,82.6,53,Moderate,39.5,77.4,6.9
India,Jharkhand,Rajsamand,NO2,1.4,339.3,31.2,23,Good,31.4,40.4,29.6
India,Madhya Pradesh,Surat,OZONE,33.2,410.3,138.1,121,Unhealthy for Sensitive Groups,24.9,81.1,5.2
India,Meghalaya,Dharwad,CO,21.2,294.2,97,65,Moderate,36.5,31.1,8.6
India,Maharashtra,Jhunjhunu,NO2,172.6,365.9,207.7,279,Very Unhealthy,39.1,31.3,17.9
India,Jharkhand,Hyderabad,SO2,41.5,179.5,71.3,56,Moderate,16.1,71.5,15.5
India,Tripura,Agartala,OZONE,28.3,181.8,107,103,Unhealthy for Sensitive Groups,18.3,85.3,3.6
India,Himachal Pradesh,Ankleshwar,OZONE,34.7,329.3,44.7,26,Good,29.4,77.1,16.7
India,Rajasthan,Chhal,PM2.5,29.8,449,135.5,112,Unhealthy for Sensitive Groups,36,32.2,5.5
India,Telangana,Kolkata,NH3,8.3,406.6,18.2,25,Good,38.1,84.9,16.8
India,Telangana,Rourkela,CO,28.7,53.8,39,33,Good,34,30.3,6.7
India,West Bengal,Mangalore,NO2,25.5,231.9,78.2,73,Moderate,34.6,31.5,0.7
India,Sikkim,Brajrajnagar,PM2.5,163.8,478.9,259.1,234,Very Unhealthy,26.9,62.3,1.8
India,Arunachal Pradesh,Greater Noida,NO2,131.6,482.3,137.7,111,Unhealthy for Sensitive Groups,32.7,65.1,18.8
India,Karnataka,Sirohi,PM2.5,131.1,409.9,137.8,113,Unhealthy for Sensitive Groups,28.6,76.4,13.5
India,Uttar Pradesh,Jabalpur,NH3,40.2,431.7,197.8,168,Unhealthy,16.9,66.1,14.5
India,Kerala,Aizawl,NO2,158.2,308.4,252,275,Very Unhealthy,16.1,77.1,10.2
India,Jammu and Kashmir,Ajmer,PM2.5,200.2,389.9,241,225,Very Unhealthy,35,61.6,9.5
India,West Bengal,Eluru,SO2,16.9,180.5,36.4,29,Good,37,90.3,12.3
India,Punjab,Patna,NO2,41.2,320.8,97.2,62,Moderate,23.3,82.1,15.9
India,Gujarat,Indore,NH3,43.3,393,45.4,19,Good,34.5,50.3,27
India,Haryana,Amritsar,CO,29,255.9,155.8,151,Unhealthy,30.4,82,3.8
India,Haryana,Churu,OZONE,49.4,328.9,242.7,265,Very Unhealthy,36.6,39.4,23.3
India,Chhattisgarh,Varanasi,PM10,231.9,440.2,241.6,258,Very Unhealthy,37,62.3,18.2
India,Karnataka,Bharatpur,NO2,10.1,338.1,25.7,39,Good,36.9,30.7,11.2
India,Chandigarh,Kalaburagi,NH3,23.4,42,33,37,Good,16.5,51.1,13.3
India,Puducherry,Nagaur,SO2,248.6,301.5,262.9,246,Very Unhealthy,30.4,70.5,25.4
India,Tripura,Pune,NO2,26.7,398.8,28.9,6,Good,29.1,62.5,22.5
India,Himachal Pradesh,Thrissur,PM10,66.9,147.3,75.1,97,Moderate,37.5,62.2,18.1
India,Karnataka,Karwar,CO,55.9,313.6,84.6,88,Moderate,28.7,51.2,17.9
India,Telangana,Pithampur,PM10,68.6,271.4,190.3,200,Unhealthy,35.7,35,1.2
India,Maharashtra,Bhavnagar,OZONE,30.6,332.1,177.3,195,Unhealthy,32.4,68.5,7
India,Odisha,Panchgaon,NO2,42.9,250.5,169.2,158,Unhealthy,33.8,60.4,27.2
India,Delhi,Barbil,NH3,23.8,173.6,76,82,Moderate,37,35.7,6.7
India,Tripura,Panchgaon,NO2,124.9,303.8,126.5,146,Unhealthy for Sensitive Groups,25.4,59.5,7.8
India,Puducherry,Siliguri,SO2,25.3,299.6,251.5,238,Very Unhealthy,26.7,59.5,15.6
India,Gujarat,Gaya,NO2,57,342.1,250.6,235,Very Unhealthy,16.4,48.9,24.5
India,Puducherry,Khurja,CO,10.2,176.5,22.6,31,Good,37.9,85.2,10.5
India,Arunachal Pradesh,Ramanagara,OZONE,164.5,277.8,217.8,227,Very Unhealthy,25.1,60.4,2.8
India,Arunachal Pradesh,Sasaram,PM2.5,43.8,482.8,213.7,257,Very Unhealthy,20.1,73.1,12.6
India,Chandigarh,Thiruvananthapuram,PM2.5,157.6,398.3,168,192,Unhealthy,23.5,59.5,21.6
India,Assam,Kishanganj,PM2.5,65.7,372.8,256.3,300,Very Unhealthy,20.7,82.7,7.6
India,Punjab,Bareilly,CO,73.5,340,217.7,273,Very Unhealthy,23,55.1,11.7
India,Telangana,Palwal,PM10,1.2,457.5,49.3,20,Good,23.3,31.4,15.5
India,Assam,Madurai,CO,175.1,371.5,209.7,293,Very Unhealthy,24.8,50.3,24.7
India,Bihar,Damoh,SO2,221.1,336.1,221.1,212,Very Unhealthy,39.5,86.4,19.2
India,Himachal Pradesh,Bareilly,SO2,4.1,57.6,14.2,11,Good,20.7,80.7,21.9
India,Tripura,Gandhinagar,PM2.5,1.3,267.5,5.6,39,Good,36.8,52.9,20.8
India,Assam,Beed,SO2,155.5,373.3,182.5,190,Unhealthy,39.3,84,17.5
India,Madhya Pradesh,Ambala,NO2,162.6,466,184.6,179,Unhealthy,29.7,92.9,10
India,Uttarakhand,Ajmer,PM10,25,436.4,252.3,300,Very Unhealthy,16.9,48.8,26.5
India,Punjab,Amritsar,OZONE,54,225.4,141.3,129,Unhealthy for Sensitive Groups,29.1,61.8,14.1
India,Rajasthan,Sivasagar,PM2.5,6.8,360.4,120.9,114,Unhealthy for Sensitive Groups,33.3,57.9,10.1
India,West Bengal,Sangli,PM2.5,77.5,415,121.6,124,Unhealthy for Sensitive Groups,28.5,86.4,24.6
India,Andhra Pradesh,Bhilwara,SO2,4.9,117.5,89.7,77,Moderate,31.2,51.3,20.4
India,Sikkim,Boisar,OZONE,41.6,476.3,63.4,74,Moderate,34.3,32.6,11.6
India,Nagaland,Mahad,SO2,106.2,409.6,238.6,213,Very Unhealthy,23.5,45.6,29.2
India,Odisha,Alwar,PM2.5,23.4,304.1,31.9,12,Good,28.2,42,29.8
India,Uttar Pradesh,Cuddalore,NO2,120.2,428.7,234,292,Very Unhealthy,30.2,57.4,22.8
India,Maharashtra,Asansol,NO2,71.5,336.8,235.8,235,Very Unhealthy,24.4,31.4,27.9
India,Sikkim,Bhiwandi,SO2,61,211.1,89.8,99,Moderate,27.7,46.9,19.5
India,Telangana,Vrindavan,CO,1,441.9,200.9,490,Hazardous,23.5,78.9,10.7
India,Himachal Pradesh,Bihar Sharif,CO,177.1,416.9,205.3,241,Very Unhealthy,36.3,80,23.7
India,Bihar,Dewas,NO2,102.3,387.8,153.6,191,Unhealthy,15,92.6,15.1
India,Haryana,Samastipur,OZONE,5.3,102.9,10.7,47,Good,38.1,50,0.5
India,Chandigarh,Mandi Gobindgarh,PM2.5,2.7,345.8,221.9,295,Very Unhealthy,15.3,56.2,27.2
India,West Bengal,Chittoor,NO2,98.5,270.2,264.5,263,Very Unhealthy,19.5,48.3,9
India,Uttarakhand,Tirupati,PM2.5,11.5,282.2,13.3,35,Good,30.1,72.3,4.2
India,Haryana,Bihar Sharif,CO,31.4,206.3,51.5,55,Moderate,33.4,38.7,28.6
India,Andhra Pradesh,Solapur,NH3,5,410.9,8.1,21,Good,33.4,61,5.9
India,Sikkim,Nandesari,CO,186.3,208.8,189,164,Unhealthy,35.4,52.7,20.9
India,Uttarakhand,Nashik,NH3,39.8,473,45.9,46,Good,22.4,84.1,11.4
India,Kerala,Jaisalmer,PM2.5,58,211.7,68.3,70,Moderate,19.8,90.5,12
India,Maharashtra,Karwar,SO2,172.6,388.6,264.2,241,Very Unhealthy,33.3,73.8,10.4
India,Madhya Pradesh,Mathura,NH3,57.8,61.9,61.9,62,Moderate,31.1,71.6,18.3
India,Gujarat,Bareilly,CO,81.7,273.3,233.5,283,Very Unhealthy,27.3,48.2,21.3
India,Madhya Pradesh,Ludhiana,PM2.5,2,225.5,217.4,265,Very Unhealthy,22.7,81.8,6.8
India,Maharashtra,Vatva,SO2,1.7,395.8,176.2,188,Unhealthy,31.1,60,11.7
India,Haryana,Gwalior,SO2,4.9,72.2,55.5,93,Moderate,22.9,76.7,1.2
India,Gujarat,Aurangabad,OZONE,56.7,121.5,99.3,54,Moderate,17.2,86.9,3.3
India,Uttarakhand,Indore,NO2,134.2,477.4,156.4,159,Unhealthy,24.5,92,8.6
India,Maharashtra,Silchar,NO2,90.6,312.3,242.2,282,Very Unhealthy,23.8,79,6.3
India,Delhi,Ratlam,OZONE,129,475.7,142,124,Unhealthy for Sensitive Groups,20.7,64.2,3.6
India,Puducherry,Hingoli,OZONE,230.9,450.8,243.2,293,Very Unhealthy,23.4,78,12.8
India,Jharkhand,Jhunjhunu,OZONE,63.9,165.5,123.4,105,Unhealthy for Sensitive Groups,23.8,89.4,13
India,Puducherry,Indore,PM2.5,120.5,378.4,135.5,132,Unhealthy for Sensitive Groups,37.3,48.6,23.6
India,Himachal Pradesh,Hajipur,SO2,106.8,163.5,138.3,111,Unhealthy for Sensitive Groups,18.5,69.8,25
India,Uttarakhand,Bareilly,SO2,18.6,421.9,213,259,Very Unhealthy,35.5,31.1,25.9
India,Assam,Kota,NH3,25,364.1,199.5,156,Unhealthy,21.3,75.4,14.6
India,Arunachal Pradesh,Shivamogga,NH3,0.9,321.4,9.8,41,Good,29.3,55.8,18
India,Himachal Pradesh,Mathura,OZONE,24.9,125.1,72.7,100,Moderate,20.7,49.6,11.4
India,Punjab,Pithampur,PM2.5,48.6,252.3,64.4,75,Moderate,30,59.4,9
India,Uttarakhand,Khora,NH3,242.9,406.9,255.4,205,Very Unhealthy,22.2,38.6,1.3
India,Telangana,Thane,PM2.5,260.3,342.6,262.8,269,Very Unhealthy,30.3,74.8,6
India,Chandigarh,Khanna,NO2,1.3,465.1,4.5,3,Good,27.2,81,27.9
India,Odisha,Talcher,SO2,6.1,116.8,26.8,32,Good,29.2,52.9,27.9
India,Odisha,Kishanganj,NO2,19.4,217,115.6,103,Unhealthy for Sensitive Groups,18.4,85.3,11.8
India,Chhattisgarh,Buxar,PM10,35.3,135.6,40.6,12,Good,38.9,67.6,15
India,Haryana,Kadapa,CO,84.2,345.3,86.4,74,Moderate,36,50.5,22.3
India,Haryana,Motihari,NH3,36.8,237.2,177.6,180,Unhealthy,20.7,33.1,20.5
India,Meghalaya,Jabalpur,NH3,104.6,306.7,199.9,175,Unhealthy,20.3,93.4,4.3
India,West Bengal,Bagalkot,OZONE,78.3,192.6,190.4,169,Unhealthy,33.6,83.1,12.5
India,Odisha,Munger,NH3,38.7,372.2,205.9,229,Very Unhealthy,26,75.1,17.2
India,Mizoram,Modinagar,NO2,0.2,450.1,1.2,41,Good,21.5,92.1,6.8
India,Haryana,Durgapur,OZONE,78,380.8,193.3,187,Unhealthy,36.5,68.5,18.7
India,West Bengal,Modinagar,PM10,7.1,289,42.9,33,Good,28,94.3,4.1
India,Tripura,Pithampur,SO2,80.1,436.3,199.7,184,Unhealthy,32.3,45.4,26.9
India,Nagaland,Balasore,PM2.5,26.6,494.2,144,109,Unhealthy for Sensitive Groups,21.7,80.1,22.6
India,Tripura,Churu,PM10,54,450.3,65.8,72,Moderate,17.6,81.7,18.6
India,West Bengal,Cuddalore,SO2,92.7,403.2,258.6,242,Very Unhealthy,28.9,44,22.7
India,West Bengal,Patiala,NH3,69.8,212.8,130.6,114,Unhealthy for Sensitive Groups,16.9,82.7,15.3
India,Chhattisgarh,Thrissur,SO2,113.9,376.1,154.2,151,Unhealthy,36.8,41.1,23.3
India,Maharashtra,Badlapur,CO,171.2,355.2,243.8,288,Very Unhealthy,15.2,83.3,0.3
India,Jharkhand,Dausa,NH3,87.3,447.7,121.8,141,Unhealthy for Sensitive Groups,16.3,41.9,3.8
India,Delhi,Mangalore,SO2,146,410.9,190.4,193,Unhealthy,30.5,43,28.8
India,Jammu and Kashmir,Palwal,PM10,24,224.3,44.6,45,Good,27,40,27.1
India,Haryana,Pune,PM2.5,39,386.8,191.3,180,Unhealthy,21,64.9,15
India,Himachal Pradesh,Hingoli,SO2,1.1,490.1,35.4,44,Good,35.9,39.5,23.4
India,Madhya Pradesh,Greater Noida,CO,66.1,352.3,72.9,98,Moderate,34.4,33.9,14.9
India,Chandigarh,Aizawl,PM10,182.8,295.9,252.9,285,Very Unhealthy,33.3,31.2,24.9
India,Odisha,Gorakhpur,NO2,38,390,41.3,22,Good,38.5,53.5,25.7
India,Sikkim,Bhavnagar,CO,21.8,473.7,149.3,103,Unhealthy for Sensitive Groups,25.4,85.4,2
India,Himachal Pradesh,Hisar,PM2.5,124.3,378.3,132.3,108,Unhealthy for Sensitive Groups,29,75,9.1
India,Tamil Nadu,Dehradun,PM10,140.9,168,146.2,137,Unhealthy for Sensitive Groups,27.8,81.2,5.9
India,Tamil Nadu,Kurukshetra,OZONE,105.4,229.6,220,248,Very Unhealthy,36.7,52.6,23.9
India,Telangana,Mahad,PM10,78.4,272.6,134.7,136,Unhealthy for Sensitive Groups,34.9,82.4,23.6
India,Arunachal Pradesh,Ludhiana,PM10,0.5,432.8,0.8,39,Good,32.8,56.4,26.6
India,Himachal Pradesh,Mysuru,CO,130.9,356.5,132.1,118,Unhealthy for Sensitive Groups,29.3,81,19.2
India,Punjab,Mira-Bhayandar,NO2,2.2,448.4,35.3,20,Good,30.6,56.9,23.7
India,Odisha,Eluru,PM2.5,7.4,420.5,103.3,141,Unhealthy for Sensitive Groups,28.6,85.9,7.6
India,Puducherry,Akola,CO,221.7,318.3,263.9,252,Very Unhealthy,32,88.8,24.5
India,Jammu and Kashmir,Gwalior,NO2,136.3,276.6,147,102,Unhealthy for Sensitive Groups,18.5,65.1,21.3
India,Uttarakhand,Rohtak,SO2,15.9,380.5,93.2,72,Moderate,24.8,84.9,16.2
India,Tripura,Nagaon,PM2.5,118.4,378.8,135.1,141,Unhealthy for Sensitive Groups,32.7,58.9,7.4
India,Jammu and Kashmir,Jalgaon,NO2,67.1,381.1,84.6,91,Moderate,38,92.3,10.3
India,Delhi,Kolkata,PM2.5,7.3,84,15.9,23,Good,28.7,92.5,21.9
India,Rajasthan,Bihar Sharif,PM10,119.7,371.7,192.4,182,Unhealthy,33.8,58.6,1
India,Gujarat,Delhi,SO2,22,303.9,126.8,114,Unhealthy for Sensitive Groups,29.6,73.7,11.9
India,Mizoram,Durgapur,NO2,116.8,399.2,205.4,254,Very Unhealthy,38.1,31.1,2.8
India,Assam,Ramanagara,NO2,13.6,334.1,35.6,45,Good,18.1,62.1,17.6
India,Assam,Rourkela,PM2.5,19.4,470,173,163,Unhealthy,21.6,42.3,27
India,Rajasthan,Ramanagara,SO2,62,138,91.7,99,Moderate,23.3,56,26.5
India,Karnataka,Karnal,PM10,5.5,465.5,18,28,Good,22.3,30.1,25.6
India,Chandigarh,Fatehabad,NO2,47.8,379.1,51.5,62,Moderate,29.3,51.7,25.9
India,Rajasthan,Buxar,CO,79.8,256.8,198,181,Unhealthy,36.5,90.6,26.8
India,Mizoram,Ahmednagar,NO2,59,247.8,97.1,76,Moderate,25.9,65.2,6.4
India,Puducherry,Noida,SO2,7.6,126.9,10.3,28,Good,18,82.2,8.6
India,Kerala,Ulhasnagar,SO2,6,468.8,62.6,63,Moderate,28.4,58.6,27.2
India,Bihar,Keonjhar,PM10,56.5,462.1,186.1,189,Unhealthy,33.8,51.8,5.6
India,Haryana,Kishanganj,SO2,14.6,195.9,163.2,188,Unhealthy,29,80.2,20.6
India,Odisha,Bhopal,NO2,215.5,303.4,245.9,228,Very Unhealthy,25.1,59.4,12.1
India,Tamil Nadu,Bikaner,PM2.5,29,122.1,57.5,78,Moderate,37.4,72.5,7.9
India,Jammu and Kashmir,Surat,CO,5.4,275.5,7.2,41,Good,23.6,34.1,9.1
India,Uttar Pradesh,Sonipat,SO2,164.3,486.1,165.4,165,Unhealthy,36.1,64.4,8.3
India,Uttarakhand,Kunjemura,NO2,29.5,75.3,63.3,66,Moderate,16.6,41.2,29.1
India,Himachal Pradesh,Kolkata,OZONE,6.5,314.3,13.7,49,Good,34,87.8,15.7
India,Jammu and Kashmir,Rajgir,PM2.5,66.8,331.1,75.9,100,Moderate,24.4,44.1,24.9
India,Mizoram,Dehradun,NO2,29.8,431.7,57.4,89,Moderate,18.7,91.4,25.3
India,Uttarakhand,Rishikesh,NH3,100,246.6,118,146,Unhealthy for Sensitive Groups,26.6,46.5,15
India,Andhra Pradesh,Bathinda,CO,68.2,491.9,165.9,169,Unhealthy,28.6,30.1,4.5
India,Mizoram,Bhiwandi,CO,10.5,218.3,190.6,171,Unhealthy,17.4,93.5,22.3
India,Andhra Pradesh,Chamarajanagar,PM10,20.7,325.8,36.7,16,Good,24,85.9,6.1
India,Karnataka,Fatehabad,PM10,59.5,180.7,79.4,90,Moderate,21.2,55.5,29.8
India,Assam,Chikkaballapur,CO,27.4,413.6,119,123,Unhealthy for Sensitive Groups,37.3,79,15.8
India,Assam,Nagaon,CO,13,111.2,62,95,Moderate,15.3,70.6,10.1
India,Himachal Pradesh,Shivamogga,PM10,88.1,261.3,224,283,Very Unhealthy,38.9,73.7,2
India,Arunachal Pradesh,Puducherry,PM10,91.3,327.3,94.1,87,Moderate,34.1,73.4,19.2
India,Tamil Nadu,Muzaffarnagar,PM10,1.1,473.9,142.7,110,Unhealthy for Sensitive Groups,33.8,84.1,28.8
India,Bihar,Jind,SO2,119.7,361.9,243,209,Very Unhealthy,20.7,88.3,14.5
India,Meghalaya,Pratapgarh,PM2.5,1.3,488.9,7.1,31,Good,31.2,90.6,7.4
India,Tamil Nadu,Khora,SO2,0.2,128.8,0.3,13,Good,39.8,89.1,10.2
India,Arunachal Pradesh,Dharuhera,OZONE,5.6,333,8.5,16,Good,16.7,65.2,17.9
India,West Bengal,Rajsamand,NH3,93.4,444.7,211.6,215,Very Unhealthy,31.8,41,24.9
India,Puducherry,Jodhpur,NO2,196.2,326.4,226.8,232,Very Unhealthy,18.6,40.4,4.5
India,Nagaland,Ujjain,NO2,4,368.3,17,2,Good,32.4,84.9,29.9
India,Kerala,Begusarai,CO,2.2,332.6,37.4,38,Good,18.7,54.5,21
India,Andhra Pradesh,Rohtak,PM2.5,24.5,405.6,194.1,170,Unhealthy,30.6,31.4,22.6
India,Maharashtra,Navi Mumbai,CO,146.3,438.4,261.5,299,Very Unhealthy,17.9,82,23.1
India,West Bengal,Aizawl,PM10,65.1,190.1,87.1,92,Moderate,15.1,68.1,12
India,Jharkhand,Sagar,OZONE,54.1,136.8,119.4,134,Unhealthy for Sensitive Groups,15.8,68.4,19.6
India,Sikkim,Thane,NO2,107.1,464.5,218,242,Very Unhealthy,39.9,94.1,19.6
India,Sikkim,Koppal,OZONE,88.3,494.4,108.8,124,Unhealthy for Sensitive Groups,36.1,65.1,19.5
India,Madhya Pradesh,Patiala,OZONE,37.9,470.9,61.6,65,Moderate,34.9,32.2,9.7
India,Chandigarh,Thoothukudi,OZONE,20.3,460.5,188.3,171,Unhealthy,28.7,30.3,28.5
India,Assam,Barrackpore,OZONE,30.1,286.5,56.6,75,Moderate,30.1,85.3,23.5
India,Delhi,Hapur,PM10,90.3,297.2,98.6,98,Moderate,18.3,63.5,29.4
India,Tripura,Faridabad,NH3,199.6,384.5,247.9,241,Very Unhealthy,29.2,93.5,0.1
India,Delhi,Madurai,PM10,195.4,389.2,264.6,224,Very Unhealthy,16.1,40.4,11.8
India,Gujarat,Dehradun,SO2,61.4,491,258.7,276,Very Unhealthy,34.1,94.1,27.9
India,Andhra Pradesh,Amaravati,NH3,5.4,400.8,247.6,232,Very Unhealthy,27.4,85.8,2.5
India,Haryana,Mandi Gobindgarh,CO,20.7,302.9,151.5,166,Unhealthy,17.5,55,5.6
India,Rajasthan,Bhagalpur,NH3,2.4,405.5,31.8,16,Good,27.2,33.1,11.4
India,Assam,Gorakhpur,PM2.5,1.6,233.8,98.4,61,Moderate,23.1,88.3,13.8
India,Assam,Virar,OZONE,80.5,365.4,241.8,241,Very Unhealthy,17.5,70.4,10.8
India,Chhattisgarh,Ambernath,NO2,171.8,464.9,177.1,162,Unhealthy,38.1,51.1,25.3
India,Gujarat,Kanpur,OZONE,158.8,355.5,234.8,212,Very Unhealthy,37.3,60,24
India,Karnataka,Nagaur,NH3,16,377.9,133.5,110,Unhealthy for Sensitive Groups,18.7,35.5,23.6
India,Tripura,Barmer,NH3,16.4,400.3,18.7,31,Good,26.7,40.6,23.8
India,Uttarakhand,Patiala,PM2.5,189.7,337.6,245.2,229,Very Unhealthy,32,51.7,18.2
India,Arunachal Pradesh,Ahmedabad,NH3,21.3,429.1,56.4,90,Moderate,37.9,81.1,13.6
India,Telangana,Kalaburagi,OZONE,177.5,277.7,222.3,289,Very Unhealthy,18.4,94.9,22.6
India,Bihar,Bhagalpur,OZONE,69.7,148.6,97.5,70,Moderate,18.3,44.3,27.5
India,Assam,Kanpur,NO2,7.7,144.3,32.8,45,Good,31,78.9,5.4
India,Meghalaya,Madurai,CO,60.3,385.4,151.2,171,Unhealthy,38.5,71.2,14.3
India,Assam,Bagalkot,PM10,101.6,380.4,243.7,236,Very Unhealthy,36.5,62.7,23.5
India,Madhya Pradesh,Sawai Madhopur,OZONE,59.6,337.4,148.5,145,Unhealthy for Sensitive Groups,22.2,61.5,28.1
India,Puducherry,Patiala,CO,44.2,485.5,63.2,61,Moderate,16.1,57.9,23.3
India,Tripura,Bettiah,PM10,27.4,261.9,29.9,24,Good,32.4,78.1,3.1
India,Madhya Pradesh,Amaravati,NH3,34.5,202.7,138,130,Unhealthy for Sensitive Groups,15.1,45.8,15.9
India,Jharkhand,Chennai,NO2,22,128.4,69.7,59,Moderate,40,39.1,8.4
India,Mizoram,Puducherry,NO2,10.2,182.5,47.5,33,Good,34.2,52.1,18.8
India,Meghalaya,Rishikesh,SO2,8.5,231.7,11.5,48,Good,15.6,60.3,19.5
India,Punjab,Araria,NO2,192.5,491.7,224.5,213,Very Unhealthy,27.3,81.9,25.2
India,Delhi,Bilaspur,PM2.5,3.5,450.9,191.9,177,Unhealthy,31.4,90.3,23.6
India,Assam,Barrackpore,NH3,186.7,312.9,222.7,235,Very Unhealthy,15.3,80.3,13.7
India,West Bengal,Jalgaon,PM2.5,49,356.4,131.7,115,Unhealthy for Sensitive Groups,27.3,85.4,12.3
India,Chandigarh,Bileipada,OZONE,31.9,496,137.9,137,Unhealthy for Sensitive Groups,17.9,33.9,23.5
India,Chhattisgarh,Dausa,PM2.5,85.4,378.7,160.4,160,Unhealthy,34.9,31.3,22.9
India,Odisha,Kannur,CO,25.5,491.5,77.2,91,Moderate,28,48.9,17.8
India,Karnataka,Jaipur,CO,51.7,334.2,138,141,Unhealthy for Sensitive Groups,17.4,49.2,5.1
India,Arunachal Pradesh,Rourkela,PM10,122.4,459.9,243,207,Very Unhealthy,32.3,50.1,11.4
India,Jharkhand,Ratlam,NO2,1.3,181.1,29.6,42,Good,24.4,94.8,23.8
India,Bihar,Dausa,OZONE,14.6,472.2,30.7,38,Good,39.9,70.1,16
India,Sikkim,Baghpat,NH3,99.5,429.9,141.2,120,Unhealthy for Sensitive Groups,38.6,50.6,11.2
India,Uttarakhand,Patiala,SO2,7.8,434.8,20.9,11,Good,23.2,91.5,22.1
India,Sikkim,Firozabad,OZONE,59.1,206.9,198.8,155,Unhealthy,39.2,63.1,0
India,Tripura,Nagpur,CO,11,119.1,28.5,8,Good,29.7,76.3,15.3
India,Chandigarh,Cuddalore,SO2,5.5,259.4,7.2,22,Good,29.4,37.6,3.8
India,Gujarat,Sagar,NO2,94.2,376.1,116.7,126,Unhealthy for Sensitive Groups,18.3,46.9,17.3
India,Andhra Pradesh,Firozabad,OZONE,122,397.5,261.6,210,Very Unhealthy,25.7,72.5,3.1
India,Jammu and Kashmir,Indore,PM10,5.1,295.1,11,36,Good,37.9,84.8,22.5
India,Tamil Nadu,Hajipur,OZONE,88.8,419.8,231.3,216,Very Unhealthy,24.7,84.8,23.2
India,Karnataka,Surat,OZONE,77.7,316.1,204.2,294,Very Unhealthy,33.5,36.6,25.2
India,Assam,Raebareli,NO2,29.8,346.7,261,270,Very Unhealthy,16.7,67.3,15.4
India,Telangana,Kunjemura,CO,125.2,414.1,157.1,181,Unhealthy,39,64.7,12
India,Madhya Pradesh,Chittorgarh,SO2,6.9,495.1,77,53,Moderate,38.3,38.6,26.1
India,Tamil Nadu,Kollam,PM10,26.1,338.5,26.9,8,Good,15.9,49.8,24.1
India,Himachal Pradesh,Pratapgarh,OZONE,167.9,298.5,206.1,261,Very Unhealthy,16,88,28.6
India,Andhra Pradesh,Barbil,PM10,25.8,54.8,36.5,31,Good,33,48.3,17.8
India,Uttar Pradesh,Thoothukudi,OZONE,18.2,436.5,204.1,292,Very Unhealthy,39.9,69.3,14.2
India,Arunachal Pradesh,Tirupati,NH3,18.7,158.6,25,34,Good,17.8,46.4,17.2
India,Himachal Pradesh,Hajipur,PM2.5,115.9,317.8,155,161,Unhealthy,26.3,66.4,28.1
India,West Bengal,Vijayapura,PM2.5,189.5,417.9,238.9,281,Very Unhealthy,26.2,78.1,19
India,Maharashtra,Mandikhera,NO2,111.8,457.1,118,133,Unhealthy for Sensitive Groups,21.2,82.5,12.4
India,Punjab,Asansol,CO,92.9,490.8,124.6,119,Unhealthy for Sensitive Groups,24.1,67,17.6
India,Assam,Srinagar,OZONE,9.6,445.5,207.6,294,Very Unhealthy,16.4,66.7,25.1
India,Bihar,Kurukshetra,NH3,0.2,335.3,192.5,160,Unhealthy,34.6,34.6,15.4
India,Odisha,Nagaon,NO2,16.4,130.1,45.9,41,Good,24.3,36.1,10
India,Chhattisgarh,Bhubaneswar,OZONE,172.4,389.7,248.4,224,Very Unhealthy,17.1,51.2,20.3
India,Maharashtra,Sonipat,OZONE,32.4,194.7,52.6,59,Moderate,24,36.3,22.7
India,Kerala,Rajkot,PM10,110.6,228.5,226.8,299,Very Unhealthy,38.4,34.2,8
India,Gujarat,Anantapur,NH3,217.3,339.2,255.7,262,Very Unhealthy,18.3,85.8,24.9
India,Puducherry,Baripada,PM2.5,45.5,315.7,54.4,93,Moderate,34.9,55.8,6.3
India,Madhya Pradesh,Gurugram,PM10,62.2,416.9,184.8,158,Unhealthy,39.8,61.5,25.5
India,Tamil Nadu,Bhavnagar,OZONE,110.4,318.2,151.4,176,Unhealthy,31.8,88.1,11.6
India,Assam,Anantapur,OZONE,27.1,462.7,140.7,106,Unhealthy for Sensitive Groups,36.9,50.3,17.7
India,Nagaland,Latur,CO,85.1,294.8,202.8,214,Very Unhealthy,36.9,36.7,17.3
India,Telangana,Durgapur,NO2,72.4,494.5,218.2,209,Very Unhealthy,26.1,71.5,9.9
India,Kerala,Ujjain,CO,123.2,267.8,264.9,285,Very Unhealthy,26.2,58.3,18
India,Tripura,Jaisalmer,CO,0.2,113.1,0.4,0,Good,19.1,63.1,24
India,Jammu and Kashmir,Raipur,SO2,229.5,452.8,232.3,204,Very Unhealthy,18.5,55.5,2
India,Puducherry,Ajmer,NO2,214,400.7,214,243,Very Unhealthy,20.1,57.5,26.2
India,Karnataka,Thiruvananthapuram,PM2.5,62.9,185.8,138.7,145,Unhealthy for Sensitive Groups,33.2,51.3,10.7
India,Arunachal Pradesh,Ambala,PM10,110.7,451.2,163.3,154,Unhealthy,32.8,40.8,8.9
India,Karnataka,Ajmer,NO2,46.1,456.1,196.3,197,Unhealthy,31.3,94.1,2.3
India,Arunachal Pradesh,Ambernath,SO2,29.4,186.8,38.3,7,Good,18.9,58.2,24.2
India,Punjab,Jalandhar,SO2,5.7,436.1,33.7,44,Good,26.9,74.8,18.2
India,Telangana,Jind,PM2.5,25.9,404,128.6,125,Unhealthy for Sensitive Groups,27.8,57.3,24.7
India,Meghalaya,Ankleshwar,NH3,190.3,330.9,248,248,Very Unhealthy,35,92.8,15.5
India,Punjab,Keonjhar,SO2,22.2,444.4,68.8,97,Moderate,23.7,63.4,8.7
India,Delhi,Araria,NO2,1.9,89.8,2.5,22,Good,26.6,48,21.9
India,Arunachal Pradesh,Guntur,NH3,118.8,383.3,171.7,192,Unhealthy,39.5,42,1
India,Odisha,Mahad,NH3,133.6,480.9,231.9,249,Very Unhealthy,29.4,90.7,2.9
India,Rajasthan,Pali,NH3,0.4,370.7,9.9,12,Good,33.1,78.4,21.8
India,Jharkhand,Suakati,SO2,4.6,412.9,21.1,45,Good,33.4,67.7,28.9
India,Rajasthan,Pratapgarh,NH3,8.1,100.7,74.8,97,Moderate,35.9,33,3.1
India,Tripura,Bhilai,NO2,15.8,120.3,71.1,61,Moderate,18.4,34,19
India,Bihar,Patiala,NH3,29.3,223.7,147.5,104,Unhealthy for Sensitive Groups,16.8,83.4,24.3
India,Arunachal Pradesh,Rourkela,PM10,3.6,370.9,5,14,Good,18.2,87.7,0.6
India,Assam,Srinagar,PM10,36.3,329.3,228.2,250,Very Unhealthy,31.6,50,22.6
India,Punjab,Kolkata,CO,73.6,261,103.6,124,Unhealthy for Sensitive Groups,19.6,65.9,4.2
India,Puducherry,Kolkata,PM2.5,78.4,317.5,109.2,149,Unhealthy for Sensitive Groups,15.2,74.8,20.7
India,West Bengal,Srinagar,OZONE,181.5,483.8,207.9,293,Very Unhealthy,26.2,93.4,8.3
India,Tripura,Varanasi,CO,157.9,257.2,230.5,254,Very Unhealthy,36.4,56.3,24.2
India,Chhattisgarh,Kollam,SO2,37.8,414.8,92.7,91,Moderate,27.9,66.6,13.8
India,Uttar Pradesh,Dhanbad,NH3,74.3,373.7,123.9,127,Unhealthy for Sensitive Groups,23.1,33.4,23.9
India,Jammu and Kashmir,Durgapur,SO2,51.3,481.1,158.7,185,Unhealthy,31,64,18
India,Bihar,Madikeri,SO2,26.5,460.1,84.5,61,Moderate,37.2,77.7,28.4
India,Punjab,Chennai,PM2.5,18.4,210.1,145.7,126,Unhealthy for Sensitive Groups,20.9,89.7,28.1
India,Mizoram,Udaipur,NO2,197.8,498.3,225.6,215,Very Unhealthy,19.9,65.7,10
India,Madhya Pradesh,Palwal,CO,57.5,328.1,148.9,122,Unhealthy for Sensitive Groups,38.4,77,3.3
India,Uttarakhand,Pampore,PM2.5,28.2,248.3,124.5,109,Unhealthy for Sensitive Groups,37.6,68.8,24.4
India,Meghalaya,Rourkela,SO2,0,225.6,1.1,25,Good,26.3,79.8,0.4
India,Andhra Pradesh,Boisar,PM2.5,15.8,339.7,18.2,29,Good,36,45.3,19.9
India,Sikkim,Firozabad,SO2,95.5,394.9,185.6,183,Unhealthy,38.6,72.6,6.4
India,Meghalaya,Pune,PM2.5,23.8,30.4,30,29,Good,22,33.1,14.5
India,Andhra Pradesh,Chittoor,NO2,65.7,207.1,164.5,158,Unhealthy,30.4,61.3,5
India,Maharashtra,Khanna,PM10,55.1,295.6,156.8,164,Unhealthy,28.8,69,23.4
India,Madhya Pradesh,Ratlam,NO2,101.9,348,172.1,185,Unhealthy,15.6,53.1,26
India,Himachal Pradesh,Bettiah,OZONE,149.7,291.2,189.5,157,Unhealthy,36.7,42.9,28.3
India,Kerala,Panchkula,CO,110.2,383.1,153.6,174,Unhealthy,37.3,67.4,21.3
India,Telangana,Dholpur,SO2,35.3,151.9,73.5,55,Moderate,29.1,72.8,9.7
India,Karnataka,Kollam,PM10,217.5,452.9,244.7,202,Very Unhealthy,22.6,59.7,24.4
India,Himachal Pradesh,Hisar,NO2,12.3,349.4,40.3,25,Good,23.1,88.1,5.9
India,Puducherry,Angul,PM10,47.9,160.6,138.8,106,Unhealthy for Sensitive Groups,35.6,70.8,22.3
India,Nagaland,Hubballi,SO2,52.1,82.2,64.3,83,Moderate,17.8,68.6,11.4
India,Telangana,Tirupati,NH3,146.3,348,231.4,287,Very Unhealthy,30.4,40.4,22.5
India,Jammu and Kashmir,Arrah,PM10,66.2,412.2,257.6,237,Very Unhealthy,26.9,59.3,6.4
India,Andhra Pradesh,Gandhinagar,OZONE,43.9,441.9,97.2,72,Moderate,36.1,45.5,19.8
India,Rajasthan,Bulandshahr,CO,18.5,430.2,30.6,5,Good,29.1,35.9,27.3
India,Maharashtra,Khurja,SO2,75.6,448.1,246.2,280,Very Unhealthy,19.3,39.7,18.3
India,Jammu and Kashmir,Talcher,OZONE,46.4,317.5,182.1,192,Unhealthy,30.9,92.1,27.2
India,Karnataka,Purnia,SO2,97,345.9,127.3,142,Unhealthy for Sensitive Groups,28.6,62.5,29.4
India,Kerala,Bhiwadi,CO,49,326.7,75.4,75,Moderate,16.8,51,23
India,West Bengal,Satna,PM2.5,15.9,281.1,48.5,30,Good,17.2,33.9,0.9
India,Telangana,Mira-Bhayandar,SO2,70.3,258.3,73.2,51,Moderate,39.8,35.1,9.1
India,Bihar,Begusarai,PM2.5,42.2,480.3,187.7,194,Unhealthy,15.1,31.6,4.6
India,Gujarat,Bagalkot,NH3,71.1,306,103.1,135,Unhealthy for Sensitive Groups,15,58.9,29.4
India,Haryana,Mathura,CO,242,295.7,260.6,260,Very Unhealthy,17.9,94.2,25.9
India,Gujarat,Nagpur,NH3,57.7,356.1,190.5,191,Unhealthy,30.6,63.3,29.4
India,Uttar Pradesh,Hajipur,PM10,27.5,464.8,36.9,14,Good,39.5,58.9,14.6
India,Gujarat,Coimbatore,CO,37.5,487.9,200,177,Unhealthy,18.9,41,24.6
India,Andhra Pradesh,Modinagar,SO2,147.4,149.2,147.9,102,Unhealthy for Sensitive Groups,28.8,32.6,6.4
India,Haryana,Kurukshetra,PM2.5,30.6,461.1,44.8,25,Good,26.7,41.9,23.6
India,Tripura,Bahadurgarh,SO2,90.3,432.8,179.4,160,Unhealthy,21.2,66.2,29.1
India,Odisha,Ghaziabad,OZONE,2.4,397.9,42.4,12,Good,23.2,71,6.8
India,Haryana,Rajkot,SO2,91.8,245.1,95.1,64,Moderate,20.4,65.3,18.6
India,Himachal Pradesh,Jodhpur,PM2.5,71.3,295.7,117.8,138,Unhealthy for Sensitive Groups,36,88.8,24.1
India,Bihar,Chandigarh,NH3,195.3,432.6,220.1,297,Very Unhealthy,24.5,76.6,15.9
India,Mizoram,Sivasagar,SO2,11.6,387.8,12.9,11,Good,34.5,56.9,29
India,Delhi,Katihar,SO2,13.8,450.3,35.8,18,Good,25,31.7,10.3
India,Bihar,Amritsar,NO2,160.7,189.2,180.8,172,Unhealthy,39.1,39.4,29.5
India,Bihar,Baghpat,NO2,3.3,440.2,12.8,37,Good,18.3,37,11.5
India,Himachal Pradesh,Vadodara,PM10,70.5,384.5,206.4,247,Very Unhealthy,15.5,41,29.1
India,Kerala,Dehradun,NO2,37.4,265.4,210.9,240,Very Unhealthy,18.9,67.2,5.5
India,Maharashtra,Suakati,CO,71.3,348.3,80.6,62,Moderate,27.1,42,1.2
India,Karnataka,Manesar,PM10,4.5,394.7,9.1,28,Good,37.6,45.2,22
India,Bihar,Virar,OZONE,12.5,88.9,78.4,51,Moderate,32.7,35.5,28.3
India,West Bengal,Dausa,CO,51,142.8,95.9,96,Moderate,29.3,81.2,8
India,Tripura,Brajrajnagar,OZONE,234.7,379.6,256.9,292,Very Unhealthy,26.2,85.2,10.6
India,Arunachal Pradesh,Vijayawada,OZONE,165.2,269.3,261.4,237,Very Unhealthy,29.7,38.8,14.6
India,Chandigarh,Mandikhera,SO2,63.6,376.9,219.1,274,Very Unhealthy,28.2,48.6,17.4
India,Karnataka,Chandigarh,OZONE,61.2,346.9,211.6,298,Very Unhealthy,32.7,31.5,4.8
India,Gujarat,Chikkamagaluru,CO,68.2,466.4,233.5,280,Very Unhealthy,15.3,87.1,10.7
India,Rajasthan,Thoothukudi,NH3,28.8,86.8,61.2,98,Moderate,29.8,65.3,11.9
India,Chandigarh,Saharsa,NH3,31.4,386.9,157.6,156,Unhealthy,39.1,44.1,20.1
India,Karnataka,Lucknow,OZONE,61.6,425.8,98.7,60,Moderate,28.1,91.6,12.3
India,Bihar,Charkhi Dadri,NH3,56.3,358.8,89.8,68,Moderate,15.8,55.5,22.4
India,Arunachal Pradesh,Thiruvananthapuram,OZONE,53.8,167.2,167.1,194,Unhealthy,36.4,58.1,3.6
India,Chandigarh,Pratapgarh,OZONE,151.9,280.3,231,213,Very Unhealthy,32.9,32.7,1.6
India,Madhya Pradesh,Rupnagar,PM10,116.2,247.4,226.8,224,Very Unhealthy,33.7,32.7,27.1
India,Gujarat,Tonk,PM2.5,69.6,450.3,87.2,86,Moderate,31.4,57.6,26.7
India,Punjab,Siliguri,OZONE,9.1,376.3,98.1,95,Moderate,28.2,91.4,13.2
India,Nagaland,Jalandhar,PM2.5,60,314.5,95,86,Moderate,36.4,68.4,6.4
India,Chhattisgarh,Bhopal,PM2.5,116,256.4,218.5,290,Very Unhealthy,33,46.2,20.9
India,Telangana,Navi Mumbai,PM10,10.3,411.8,25.7,17,Good,26.3,70.4,23
India,Sikkim,Amravati,SO2,98.8,295.5,174.3,196,Unhealthy,39.5,41.4,23.1
India,Meghalaya,Araria,PM2.5,28.5,474.8,33.9,1,Good,23.2,38.6,7.1
India,Haryana,Nagaon,CO,11.6,280.6,78.1,57,Moderate,20.4,74.8,0.3
India,Tripura,Suakati,PM10,84.5,390.2,191.4,188,Unhealthy,33,43.3,17.6
India,Sikkim,Hyderabad,SO2,42.8,179.2,163.6,165,Unhealthy,30.8,66.7,13.7
India,Odisha,Satara,PM10,93.5,347.3,178,167,Unhealthy,24.4,64.8,8.5
India,Uttar Pradesh,Naharlagun,SO2,231,353.1,260.8,277,Very Unhealthy,29,42.8,2.1
India,Rajasthan,Kota,PM2.5,5.7,490.7,67,51,Moderate,30.5,59.9,24.4
India,Chandigarh,Nagaur,SO2,19.5,205.9,74.2,66,Moderate,33.3,66.9,23.9
India,Assam,Ankleshwar,NO2,155.7,311.3,199,175,Unhealthy,27.6,48.8,5.6
India,Jammu and Kashmir,Naharlagun,NH3,0.5,157.3,44.4,17,Good,17.4,40.3,3
India,Nagaland,Nagpur,SO2,38.1,479.1,220.7,222,Very Unhealthy,36.8,50.7,22.9
India,Uttar Pradesh,Kalyan,SO2,0.5,438.3,76.3,81,Moderate,17.2,59.9,11.8
India,Chandigarh,Khurja,PM2.5,127.4,389.9,141.9,113,Unhealthy for Sensitive Groups,34.8,57.2,27.2
India,Chandigarh,Parbhani,SO2,71.8,458.8,220.7,219,Very Unhealthy,20.9,44.1,24.3
India,Uttarakhand,Nagaon,SO2,101.1,280.2,154.2,189,Unhealthy,21.9,48.1,13.2
India,Kerala,Karauli,OZONE,67,309.9,138.1,131,Unhealthy for Sensitive Groups,22.1,61.9,14.3
India,Himachal Pradesh,Firozabad,OZONE,81,419.5,252.8,215,Very Unhealthy,19.4,73.3,16.2
India,Telangana,Bhavnagar,OZONE,100.5,374,120.3,103,Unhealthy for Sensitive Groups,26.9,57.3,5
India,Bihar,Yamuna Nagar,NO2,1.6,290.7,102.5,135,Unhealthy for Sensitive Groups,34.1,58.8,15
India,Odisha,Malegaon,PM10,48.2,142.4,89.6,98,Moderate,23.4,78.4,6.6
India,Chandigarh,Mahad,NO2,113.6,266.5,257.9,289,Very Unhealthy,37.2,52.5,24.3
India,Bihar,Vapi,NO2,53.8,453.8,186.1,161,Unhealthy,21.5,74.5,29.7
India,Jharkhand,Sasaram,CO,98.6,204.6,171.6,166,Unhealthy,21.4,39,1.4
India,Kerala,Bhopal,NH3,162,482.7,235.5,283,Very Unhealthy,17.8,86.4,11.1
India,Tamil Nadu,Shillong,OZONE,54.1,173.9,123.8,124,Unhealthy for Sensitive Groups,21.7,88.5,25.4
India,Haryana,Angul,NO2,30.1,434.6,36.7,4,Good,23.8,40.6,15.8
India,Nagaland,Saharsa,SO2,24.3,231.6,36.5,49,Good,28.1,43,26.9
India,Maharashtra,Byrnihat,CO,110,386,144.9,150,Unhealthy for Sensitive Groups,18.2,60,25
India,Karnataka,Jind,OZONE,50.8,329.2,82.4,70,Moderate,32.4,54.6,27.4
India,Jammu and Kashmir,Chikkamagaluru,PM10,31.1,294.2,93.1,91,Moderate,20.1,53.7,4.9
India,Rajasthan,Rajgir,NH3,21.7,354,111.6,128,Unhealthy for Sensitive Groups,26.8,38.5,3.2
India,Assam,Guntur,CO,46.3,300.7,56.1,86,Moderate,21.2,76.2,13.8
India,Sikkim,Dharwad,OZONE,29,176,162.2,192,Unhealthy,22,94.4,10.6
India,Himachal Pradesh,Eluru,SO2,10.5,213,120.8,107,Unhealthy for Sensitive Groups,23.4,94.7,0.3
India,Uttarakhand,Cuddalore,NO2,72.1,440.6,214.7,269,Very Unhealthy,36,30.4,24.1
India,Maharashtra,Indore,PM10,14.8,320.3,20.4,41,Good,36,82.4,24
India,Uttar Pradesh,Kota,PM10,106.5,351.4,145.4,119,Unhealthy for Sensitive Groups,38.4,36.1,2
India,West Bengal,Rairangpur,NH3,0.4,57.9,2.7,25,Good,35.3,36.2,25.2
India,Jammu and Kashmir,Howrah,SO2,188.2,415.2,263.5,212,Very Unhealthy,28.8,79.1,7.7
India,Delhi,Bettiah,SO2,6.8,457.4,13.3,22,Good,34.9,68.3,18.1
India,Tripura,Nagaur,PM2.5,196.6,343.2,261.2,219,Very Unhealthy,28,34.6,7.6
India,Mizoram,Byrnihat,OZONE,41.2,378.4,134.2,144,Unhealthy for Sensitive Groups,35.3,64.6,10.9
India,Uttarakhand,Bettiah,SO2,63.5,192,110.7,124,Unhealthy for Sensitive Groups,17.4,70.9,16.2
India,Himachal Pradesh,Jalgaon,CO,30.6,441.2,93,97,Moderate,28.2,31.2,7.8
India,Mizoram,Mandi Gobindgarh,OZONE,42.2,179.7,167.1,190,Unhealthy,21.3,34.4,29.7
India,Delhi,Sirohi,CO,31.3,157.3,37,35,Good,39.7,62.8,6.5
India,Meghalaya,Damoh,NO2,2.5,116.6,50.3,371,Hazardous,20.6,62.1,29.5
India,Tripura,Muzaffarpur,SO2,27.4,239.1,113.1,106,Unhealthy for Sensitive Groups,37.7,31.4,4.9
India,Chhattisgarh,Barbil,NO2,78.8,435.8,81.1,85,Moderate,33.2,42.1,10.6
India,Kerala,Tumidih,SO2,46.6,449.2,73,86,Moderate,21.9,63.8,27.5
India,Assam,Bilaspur,CO,25.3,319.2,34.4,13,Good,16.2,61.3,21.8
India,Haryana,Banswara,PM10,128.3,402.9,191,172,Unhealthy,21.9,48.3,18.1
India,Jammu and Kashmir,Bhilwara,SO2,40,436.4,73.3,77,Moderate,36.8,33.7,7.7
India,Uttarakhand,Karwar,PM2.5,83.7,462.1,91.9,95,Moderate,35.4,53.6,2.6
India,Jammu and Kashmir,Tensa,PM10,13,43.1,28.2,28,Good,33,47.3,19.6
India,Andhra Pradesh,Bhiwandi,NH3,65.1,356.5,92.3,78,Moderate,21.7,82.9,1.3
India,Jharkhand,Bihar Sharif,PM2.5,20.6,312.9,232.3,225,Very Unhealthy,25.9,63.2,2
India,Haryana,Rupnagar,CO,67.3,287.7,136,146,Unhealthy for Sensitive Groups,34.1,80.9,27.5
India,Punjab,Mysuru,SO2,7.4,447.6,75.2,61,Moderate,26.9,34.5,20
India,Karnataka,Bagalkot,CO,26.1,449.1,190.5,200,Unhealthy,28.1,59.8,23.4
India,Assam,Tumidih,CO,13.1,191.7,28,24,Good,26.3,83.5,27.2
India,Punjab,Dausa,SO2,167.4,326.8,197.6,173,Unhealthy,23.2,49.3,26
India,Maharashtra,Ankleshwar,OZONE,132.7,227,164.2,187,Unhealthy,21.6,41.3,5.1
India,West Bengal,Saharsa,SO2,57.6,154.1,78.7,70,Moderate,27.2,55.9,13.8
India,Chandigarh,Noida,OZONE,124.4,320.2,231.8,260,Very Unhealthy,37.3,71.7,8.7
India,Assam,Boisar,OZONE,13.6,435.6,20.2,19,Good,39,35.5,8.3
India,Karnataka,Pratapgarh,NO2,60.4,447.5,87,66,Moderate,20.2,43.2,17.9
India,Madhya Pradesh,Guntur,PM2.5,43.5,286.5,115.7,143,Unhealthy for Sensitive Groups,39,47.4,7.9
India,Telangana,Agra,PM2.5,25.5,416.1,89.1,67,Moderate,30.4,56.3,2.5
India,Assam,Chittorgarh,PM2.5,0.1,276.9,2.7,31,Good,28.3,50.4,5.2
India,Nagaland,Bikaner,PM2.5,79.9,292.6,91.9,86,Moderate,25.3,33.3,24.4
India,Delhi,Patna,NH3,53.7,173,62.1,75,Moderate,31,39.8,4.8
India,Nagaland,Jhunjhunu,PM2.5,162.5,263,224.9,292,Very Unhealthy,27.9,47.4,9.8
India,Uttarakhand,Ballabgarh,NH3,63.5,496.4,135.4,139,Unhealthy for Sensitive Groups,38.9,92.9,14.4
India,Jharkhand,Chhapra,NH3,131.9,405,167,193,Unhealthy,32.7,71,28.1
India,West Bengal,Korba,PM10,88.3,280.8,103.4,127,Unhealthy for Sensitive Groups,22.7,64.1,11.2
India,Odisha,Latur,CO,91.9,407.6,226.6,235,Very Unhealthy,35,32.1,8.1
India,Gujarat,Rohtak,PM2.5,26.9,476.4,37.1,45,Good,28.7,66,5.8
India,Kerala,Baran,PM10,126.9,337.1,178.3,158,Unhealthy,31,42.7,17.4
India,Tripura,Kolkata,PM2.5,58.2,366,59.7,96,Moderate,20.8,39.5,13.3
India,Kerala,Agartala,PM2.5,93.3,342,121.7,131,Unhealthy for Sensitive Groups,35.8,57.7,24.6
India,Odisha,Ambernath,OZONE,47.8,488.4,106.8,145,Unhealthy for Sensitive Groups,27.6,42.4,4.9
India,Gujarat,Pampore,OZONE,4.1,487.6,24.6,9,Good,33.9,76.1,4.9
India,Karnataka,Panchkula,CO,146.1,422.2,173.3,169,Unhealthy,19.7,54.5,26.3
India,Uttarakhand,Rohtak,NH3,56.4,282.3,246.5,262,Very Unhealthy,18.6,72.9,13.7
India,Madhya Pradesh,Amritsar,NH3,64.2,442.9,229.6,228,Very Unhealthy,18.7,72.6,13.6
India,Chhattisgarh,Rairangpur,CO,130.8,453.8,183.8,168,Unhealthy,33.1,48.8,8.2
India,Assam,Puducherry,NH3,211.9,333.2,261.5,296,Very Unhealthy,35.5,67.6,26.1
India,Nagaland,Dharuhera,PM10,17.7,320.8,174,170,Unhealthy,17.5,51.7,15.1
India,Jharkhand,Dharwad,SO2,2.6,426,40,21,Good,37.2,65.1,19.5
India,Uttarakhand,Madurai,PM10,101.2,423.3,109.8,111,Unhealthy for Sensitive Groups,25.1,55,23.8
India,Jharkhand,Tirumala,CO,17.2,147,22.7,28,Good,31.4,64,26.1
India,Karnataka,Bahadurgarh,PM2.5,4.3,461.7,57.3,58,Moderate,39.4,91,4.3
India,Maharashtra,Rairangpur,NO2,32.2,263,238.7,288,Very Unhealthy,33.4,54.3,8.6
India,Tripura,Rajsamand,NH3,3,354.7,54.7,91,Moderate,39.4,72,2.3
India,Bihar,Shivamogga,CO,10.8,374.9,236.7,205,Very Unhealthy,26.7,55,10.9
India,Madhya Pradesh,Bundi,NO2,69.5,487.2,256.2,223,Very Unhealthy,18.2,45.3,11.2
India,Nagaland,Amravati,NH3,24.6,461,92.7,97,Moderate,32.5,39.2,20.7
India,Andhra Pradesh,Chennai,SO2,68.3,260.7,78.2,57,Moderate,25,34.2,20.9
India,Haryana,Raebareli,NH3,14,459.8,223.6,293,Very Unhealthy,27.6,58.4,19.7
India,Himachal Pradesh,Patna,CO,151.4,466.7,189.9,197,Unhealthy,38.4,41.5,14.6
India,Tripura,Jaipur,CO,61,435.7,86.2,83,Moderate,33.9,47.1,11.5
India,Karnataka,Gwalior,CO,13.2,275.4,113.7,126,Unhealthy for Sensitive Groups,27.4,43.9,2
India,Uttarakhand,Kolkata,NH3,12.3,429.5,150.9,399,Hazardous,33.8,61,14.7
India,Mizoram,Udaipur,PM2.5,19.4,196.5,28.7,46,Good,27.6,38.4,28.3
India,Mizoram,Nanded,NH3,7.7,488.2,62,77,Moderate,32.4,78.9,6.4
India,Kerala,Chittorgarh,PM2.5,12.6,255.5,18.3,15,Good,31.1,48.7,19.8
India,Puducherry,Meerut,NO2,99.4,458.9,112.3,148,Unhealthy for Sensitive Groups,28.1,50.9,25.4
India,Punjab,Hanumangarh,NH3,97,299.2,230.9,300,Very Unhealthy,31.9,34.9,3.8
India,Andhra Pradesh,Sangli,PM2.5,57.7,226.9,92.3,98,Moderate,27.1,31,24
India,Assam,Dombivli,PM10,29.1,312.8,183.4,158,Unhealthy,34.1,75.7,26.2
India,Andhra Pradesh,Chhapra,CO,28.9,175.4,61.1,84,Moderate,26,69,6.9
India,Meghalaya,Thrissur,NH3,35,371.3,219.2,253,Very Unhealthy,23.1,88.7,6.3
India,Meghalaya,Buxar,PM10,56.8,416.6,216.5,274,Very Unhealthy,32.4,40.4,0.4
India,Bihar,Panipat,PM2.5,75.7,192.7,151.5,197,Unhealthy,28.1,68.4,17.8
India,Mizoram,Thoothukudi,PM10,28.1,228.8,168,151,Unhealthy,18.8,30.1,25.9
India,Jharkhand,Kannur,PM2.5,47.8,230.1,127.5,115,Unhealthy for Sensitive Groups,31.9,42.2,29.7
India,Haryana,Raebareli,NH3,70.8,222.8,158.9,196,Unhealthy,15.6,50.5,21.1
India,Rajasthan,Agartala,PM2.5,91.3,423.8,240.9,239,Very Unhealthy,17.3,40.6,29.7
India,Tamil Nadu,Gorakhpur,SO2,62.8,261.9,145.1,105,Unhealthy for Sensitive Groups,20.2,87,21.4
India,Tripura,Sawai Madhopur,NH3,110.5,289.9,145.9,120,Unhealthy for Sensitive Groups,28.5,50.3,25.3
India,Haryana,Charkhi Dadri,NH3,5.3,376.9,97.8,76,Moderate,27.2,45.6,26
India,Odisha,Hyderabad,CO,114,294.3,196,176,Unhealthy,36.6,87.4,13.4
India,Himachal Pradesh,Chhapra,NH3,28.4,281.6,59.7,53,Moderate,37,49.9,17.1
India,West Bengal,Katni,SO2,4.5,138,16.5,31,Good,35.5,68.5,18.8
India,Punjab,Aurangabad,CO,59.1,162.3,136.9,108,Unhealthy for Sensitive Groups,38.2,48.8,5
India,Kerala,Mahad,PM2.5,92.4,183.3,118.7,113,Unhealthy for Sensitive Groups,15.1,86.1,26.7
India,Puducherry,Bihar Sharif,NO2,70.7,389.9,111,147,Unhealthy for Sensitive Groups,28.1,55.2,17.1
India,Chhattisgarh,Parbhani,NH3,111.1,339,238.4,291,Very Unhealthy,23.4,48,3.4
India,Meghalaya,Ambernath,SO2,4.4,73.2,37.2,46,Good,33.7,77.9,26.8
India,Meghalaya,Tumidih,NH3,23.8,163.2,27.2,14,Good,29.1,71.7,29.2
India,Karnataka,Jalna,OZONE,70.8,237.6,105.1,149,Unhealthy for Sensitive Groups,30.9,48.4,18.8
India,Telangana,Bihar Sharif,PM10,15.5,211.5,22.9,29,Good,35.2,73.5,25.8
India,Mizoram,Kota,PM2.5,34.5,314,169.6,187,Unhealthy,38,80.2,0.3
India,Punjab,Rourkela,NH3,52.4,324.6,117.8,143,Unhealthy for Sensitive Groups,36.3,94.6,24
India,Assam,Malegaon,SO2,50.9,372.6,171.4,175,Unhealthy,22.1,85.4,15.3
India,Tamil Nadu,Rishikesh,SO2,82.9,136.7,113,129,Unhealthy for Sensitive Groups,28.2,60.2,20.1
India,Jharkhand,Tonk,OZONE,6.6,480,167.2,191,Unhealthy,38.9,90.9,6.3
India,Tripura,Chhapra,NH3,40.7,391.7,174.2,159,Unhealthy,39.7,89.7,0.6
India,Uttar Pradesh,Meerut,CO,8.6,233.7,54.4,96,Moderate,29.6,75.1,24.7
India,Punjab,Tirupati,CO,105.1,364.6,109.8,132,Unhealthy for Sensitive Groups,24.6,36.8,6.5
India,Punjab,Mangalore,NO2,16.1,420.2,254.1,247,Very Unhealthy,28.1,56.9,5.1
India,Chhattisgarh,Ankleshwar,CO,8.4,360.7,226.3,265,Very Unhealthy,15.4,52.1,25.9
India,Kerala,Nellore,NH3,94.7,432.9,222.7,246,Very Unhealthy,24.1,69.4,5
India,Tamil Nadu,Purnia,SO2,18.3,353,41.5,13,Good,24.5,59.8,9.5
India,Assam,Talcher,CO,181.5,465,204.8,214,Very Unhealthy,21,67.3,21.2
India,Tripura,Dhanbad,CO,37.6,483.8,104.7,112,Unhealthy for Sensitive Groups,29.3,60.8,23.7
India,Meghalaya,Katni,OZONE,61.1,349.5,239.2,233,Very Unhealthy,37.6,42.1,13.1
India,Punjab,Chhapra,NH3,28.8,229.5,155.9,192,Unhealthy,29.2,71,15.7
India,Uttar Pradesh,Bulandshahr,NH3,46.4,356.2,110.1,131,Unhealthy for Sensitive Groups,25.6,93.1,14.4
India,Tripura,Puducherry,CO,15.4,316.6,175.3,182,Unhealthy,21.4,61.5,26.5
India,Nagaland,Motihari,NO2,23.5,388.8,42.9,29,Good,23,65.5,3.8
India,Chhattisgarh,Sawai Madhopur,NH3,137.3,452.6,199,190,Unhealthy,39.6,37.6,3.8
India,Andhra Pradesh,Pune,CO,133.5,302.2,176,178,Unhealthy,25.5,92.7,26.3
India,Telangana,Bulandshahr,NO2,44.7,397.1,137.9,109,Unhealthy for Sensitive Groups,32.8,41,12.4
India,Madhya Pradesh,Tensa,NH3,55.2,430.1,175.3,174,Unhealthy,33.7,64.8,6.3
India,Chandigarh,Meerut,PM2.5,7.8,295.6,50,3,Good,23.3,64.6,6.5
India,Bihar,Suakati,CO,60.5,384.1,92.3,80,Moderate,21.2,83.1,20
India,Maharashtra,Dausa,NO2,35.3,320.3,77.7,90,Moderate,25.5,57.4,7.2
India,Rajasthan,Belapur,NO2,20.8,177.6,26.4,18,Good,24.3,83.6,9.7
India,Mizoram,Sikar,OZONE,145.3,334.3,148.4,111,Unhealthy for Sensitive Groups,39.3,65.8,2.3
India,Assam,Surat,NO2,100.2,322.6,257.7,255,Very Unhealthy,39.7,71.7,15.4
India,Puducherry,Korba,PM10,7.9,264.4,179.3,191,Unhealthy,37,41.2,22
India,Bihar,Chennai,PM10,67.3,304.5,112.7,141,Unhealthy for Sensitive Groups,30.5,44.4,6.1
India,Uttar Pradesh,Meerut,SO2,3.7,15.5,11.1,2,Good,28.4,54.5,11
India,Punjab,Aurangabad,PM10,240.7,291.6,257.8,212,Very Unhealthy,22.2,51.9,27.8
India,Tripura,Katihar,PM2.5,15.7,343.2,187.7,195,Unhealthy,38.6,53.5,15.7
India,Himachal Pradesh,Cuddalore,CO,127.1,476.9,260,245,Very Unhealthy,29.7,85.2,27.4
India,Telangana,Ratlam,CO,52.4,87.6,52.6,73,Moderate,25.6,60.3,12.8
India,Uttar Pradesh,Khairthal,CO,9.9,361,12.8,3,Good,22.2,30,2.5
India,Gujarat,Purnia,OZONE,2.2,165.9,117.7,120,Unhealthy for Sensitive Groups,38.3,64.8,29.8
India,Nagaland,Begusarai,SO2,16.1,291.6,22.3,48,Good,38.9,34,22.5
India,Bihar,Hajipur,OZONE,103.3,295.8,176.6,164,Unhealthy,27.1,49.7,26.3
India,Karnataka,Sagar,PM10,49.5,375.4,161.7,169,Unhealthy,28.3,89.6,4.9
India,Tamil Nadu,Ahmednagar,NH3,25.2,163.2,94.9,83,Moderate,24.5,76.9,5.9
India,Bihar,Greater Noida,SO2,53.3,238.6,174.8,163,Unhealthy,16.1,59,29.2
India,Uttarakhand,Prayagraj,OZONE,6,345.1,92.4,95,Moderate,38.7,74.7,25.6
India,Puducherry,Tonk,CO,76.8,181.8,164.1,153,Unhealthy,25.7,36.9,9.4
India,Uttar Pradesh,Satara,PM10,111,225.8,180.4,173,Unhealthy,29.7,58.1,23.1
India,Madhya Pradesh,Singrauli,NO2,89.7,128.1,98.2,74,Moderate,28,62.7,5.7
India,Bihar,Thiruvananthapuram,NH3,37.5,67.1,53.1,86,Moderate,26.5,87.4,20.5
India,Madhya Pradesh,Gorakhpur,NH3,43.9,380.9,195.8,181,Unhealthy,25.7,68.5,4.3
India,Odisha,Durgapur,NH3,53.9,348.5,242.3,272,Very Unhealthy,39.4,39,15.3
India,Karnataka,Gurugram,OZONE,1.5,361.9,132.5,127,Unhealthy for Sensitive Groups,27.8,88,19.9
India,Jharkhand,Sikar,CO,29.8,454,101.7,149,Unhealthy for Sensitive Groups,26.3,90.7,19.3
India,Karnataka,Vrindavan,CO,14.8,279.4,220.3,224,Very Unhealthy,37.8,42.6,21.8
India,Odisha,Sasaram,NO2,46.7,362.4,231.2,270,Very Unhealthy,26.7,48.4,24.9
India,Andhra Pradesh,Rajsamand,CO,74.4,175.8,127.8,105,Unhealthy for Sensitive Groups,21,74.8,0.6
India,Kerala,Dewas,PM2.5,92.3,182.6,139.6,128,Unhealthy for Sensitive Groups,24.4,42.4,9.1
India,Rajasthan,Ballabgarh,PM2.5,15.1,216.4,44,1,Good,16,65.2,3.6
India,Rajasthan,Sri Ganganagar,NH3,4.5,270.9,11.3,14,Good,24.7,55.5,15.6
India,Mizoram,Khora,PM2.5,11.3,291.5,144.4,147,Unhealthy for Sensitive Groups,36.9,41.9,27.1
India,Jammu and Kashmir,Hapur,NH3,60.7,400.7,144.5,127,Unhealthy for Sensitive Groups,23.6,52.6,26.4
India,Chhattisgarh,Parbhani,NH3,6.8,300.9,24.8,0,Good,33.9,60.3,2.5
India,Punjab,Bhiwadi,PM2.5,89.5,360.6,164.6,173,Unhealthy,30,34.9,25.4
India,Telangana,Chamarajanagar,SO2,132.5,346,206.1,215,Very Unhealthy,27.6,30.3,8.3
India,Uttar Pradesh,Kolkata,NH3,7.8,345.2,12.7,13,Good,31.5,54,10.7
India,Tamil Nadu,Patiala,PM2.5,31.9,285.1,130.8,138,Unhealthy for Sensitive Groups,18.4,47.2,0.5
India,Karnataka,Kanpur,NH3,44,330.7,45.6,7,Good,34.4,86.6,18.5
India,Odisha,Mumbai,NH3,174.8,464.2,218.5,201,Very Unhealthy,38.7,51.9,15.8
India,Maharashtra,Kalyan,OZONE,26.9,462.6,161.8,168,Unhealthy,33.9,58.7,9.5
India,Mizoram,Sawai Madhopur,PM2.5,126.1,326.4,147.3,102,Unhealthy for Sensitive Groups,23.2,63.2,2.5
India,Bihar,Koppal,SO2,6.6,99,89.3,92,Moderate,22.7,59.6,0.7
India,Nagaland,Bhavnagar,OZONE,103.4,387,173.2,184,Unhealthy,22.4,64.2,16.3
India,Assam,Kollam,SO2,6,442,199.9,152,Unhealthy,20.4,48.3,14.1
India,Nagaland,Bileipada,OZONE,33.6,123.8,82.8,57,Moderate,24.7,30.6,7.6
India,Himachal Pradesh,Guntur,PM2.5,53.5,290.9,264.4,246,Very Unhealthy,22.2,50.7,8.9
India,Sikkim,Bihar Sharif,PM2.5,27.1,300.1,265.9,298,Very Unhealthy,38.2,86.7,18.2
India,Andhra Pradesh,Korba,PM10,19.2,440.1,169.1,171,Unhealthy,16.6,59.2,4.5
India,Gujarat,Guntur,PM10,2.3,204.9,56.7,90,Moderate,20.7,47.5,23.3
India,Madhya Pradesh,Koppal,PM2.5,5.2,122.8,91,59,Moderate,18.7,60.2,24.7
India,Haryana,Rupnagar,NH3,6.4,466.9,172.5,177,Unhealthy,22.9,71.1,22.8
India,Tamil Nadu,Arrah,NO2,164.7,285.5,236.8,297,Very Unhealthy,16.1,60.9,24.6
India,Sikkim,Buxar,PM2.5,1.9,219.5,40.4,36,Good,39.9,72.6,22.4
India,Punjab,Baran,OZONE,98,216.8,105.8,142,Unhealthy for Sensitive Groups,31,50.1,22.1
India,Delhi,Lucknow,SO2,71.9,266,162.6,177,Unhealthy,16.4,59.1,18
India,Uttarakhand,Lucknow,NH3,1.2,361.5,104.3,123,Unhealthy for Sensitive Groups,34.3,79.7,13.8
India,West Bengal,Dharwad,SO2,5.7,124.9,19.3,0,Good,17.2,34.3,7.4
India,Nagaland,Jhunjhunu,PM10,66.8,216.9,156.6,184,Unhealthy,26.8,65.7,5.7
India,Maharashtra,Bikaner,CO,75.3,222.6,111.9,105,Unhealthy for Sensitive Groups,31.6,49,15.2
India,Jammu and Kashmir,Gaya,PM2.5,120.2,398,166.6,184,Unhealthy,22.1,46.6,17.8
India,Maharashtra,Barmer,CO,217.2,339.9,252.7,203,Very Unhealthy,15.7,82.7,29.7
India,Arunachal Pradesh,Katni,PM2.5,124.8,445.2,219.1,258,Very Unhealthy,15.6,53.3,29.9
India,Maharashtra,Sivasagar,SO2,125.8,419.6,157.3,184,Unhealthy,20,36.7,10.2
India,Arunachal Pradesh,Haldia,PM10,6.9,255.8,135.5,105,Unhealthy for Sensitive Groups,32.8,51.7,12.7
India,Chandigarh,Vapi,PM10,32.4,279.6,147.5,139,Unhealthy for Sensitive Groups,15.6,70.2,22.2
India,Tripura,Hingoli,SO2,2.2,205.3,156.5,170,Unhealthy,36.2,44.4,10.1
India,Telangana,Saharsa,PM2.5,74,422.3,94.4,53,Moderate,26.7,85.5,12.2
India,Odisha,Amaravati,OZONE,7.6,373.6,72.1,73,Moderate,33,32,25.1
India,Haryana,Sikar,OZONE,22.5,252.1,60.4,77,Moderate,37.4,59.2,11.8
India,Mizoram,Panchkula,NO2,38.4,446.4,258.1,231,Very Unhealthy,38.3,38.2,5.2
India,Chandigarh,Vrindavan,SO2,77.3,379.1,130.9,107,Unhealthy for Sensitive Groups,27.4,88.8,6.6
India,Uttarakhand,Keonjhar,NO2,102.9,327.7,128.8,113,Unhealthy for Sensitive Groups,30.1,38.7,14.1
India,Arunachal Pradesh,Kadapa,PM10,21.3,98.7,96.7,81,Moderate,20.9,50.8,23.3
India,Uttar Pradesh,Mysuru,PM10,79.6,433.3,116.9,136,Unhealthy for Sensitive Groups,29.6,88.5,20.3
India,Kerala,Gummidipoondi,PM10,32.4,340.9,170.9,171,Unhealthy,22.6,74.5,3.5
India,Andhra Pradesh,Kota,PM2.5,60.7,104.9,96.7,54,Moderate,30.4,74.9,21.8
India,Haryana,Katihar,NH3,21.3,321.3,150.8,330,Hazardous,29.7,38.7,5.6
India,Rajasthan,Bhiwadi,PM10,89.2,277.3,258.5,245,Very Unhealthy,33.9,43.2,29.4
India,Andhra Pradesh,Rairangpur,SO2,21,472.6,25.6,44,Good,36.4,53.4,0.9
India,Maharashtra,Raipur,CO,122.3,328.2,173,173,Unhealthy,20.2,81.8,28.6
India,Assam,Manguraha,NH3,166.4,462.2,174.6,192,Unhealthy,37,60,16
India,Uttar Pradesh,Vrindavan,NO2,11.8,378.5,198.2,153,Unhealthy,18.2,87.9,0.3
India,Nagaland,Churu,NO2,23.3,198.1,55.2,92,Moderate,38.8,44.1,1.9
India,Chhattisgarh,Bilaspur,OZONE,93.1,155.5,120.1,105,Unhealthy for Sensitive Groups,16.8,50.2,18.9
India,Delhi,Sagar,NH3,0.9,379.1,59,62,Moderate,34.9,35,22.5
India,Sikkim,Surat,PM2.5,36,411.8,124.3,110,Unhealthy for Sensitive Groups,29.5,40.6,17.2
India,Meghalaya,Surat,OZONE,160.4,466.5,179.4,158,Unhealthy,20.4,78.1,15.2
India,Rajasthan,Rairangpur,PM2.5,5.1,287.4,145.6,148,Unhealthy for Sensitive Groups,33.3,30.6,11.4
India,Tripura,Agra,PM10,23,329.6,47,20,Good,24.9,40.3,11
India,Andhra Pradesh,Karnal,OZONE,21.4,332.2,190.1,174,Unhealthy,16.2,83.3,4.1
India,Sikkim,Churu,PM2.5,96.5,385.5,255,236,Very Unhealthy,30,87.7,12.6
India,Maharashtra,Hisar,PM2.5,52.7,87.1,56.4,65,Moderate,16,53.5,20.1
India,Arunachal Pradesh,Bundi,SO2,90.4,375.3,229.1,232,Very Unhealthy,22.4,46.5,16.4
India,Odisha,Vatva,OZONE,226.6,421.4,239.3,235,Very Unhealthy,36.4,51.7,7.3
India,Rajasthan,Milupara,NO2,158.8,295.8,243.5,252,Very Unhealthy,16.7,80.2,13.7
India,Chandigarh,Charkhi Dadri,PM2.5,189.5,367.6,225.4,261,Very Unhealthy,17.7,81.4,28.8
India,Tripura,Sagar,PM10,71.8,430,220,213,Very Unhealthy,39.7,88.9,15.6
India,Arunachal Pradesh,Madikeri,PM2.5,76.9,270.2,134.9,131,Unhealthy for Sensitive Groups,26.2,59.6,12.4
India,Uttar Pradesh,Bhavnagar,OZONE,90.8,219.5,107.7,104,Unhealthy for Sensitive Groups,30.1,32.8,23.4
India,Kerala,Bundi,NO2,41.1,412.5,155.7,173,Unhealthy,39.8,72.4,15.6
India,Uttarakhand,Amritsar,CO,37.2,428.6,37.7,39,Good,31,42.9,12.8
India,Chandigarh,Vijayawada,NH3,26,466.7,72.3,58,Moderate,36.8,37.5,27.6
India,Tamil Nadu,Jalore,SO2,46,425.2,164.8,152,Unhealthy,21.5,35.5,20.3
India,Karnataka,Baddi,OZONE,4.5,326.9,131.1,126,Unhealthy for Sensitive Groups,38,49.6,4.5
India,Mizoram,Pune,NH3,70.1,208.2,91.4,54,Moderate,23.7,54.3,6.3
India,Assam,Rajkot,CO,165.1,325.2,196,189,Unhealthy,33.3,45.1,11.3
India,Meghalaya,Indore,CO,64.2,329.7,252.2,278,Very Unhealthy,26.9,59.2,1.6
India,Uttar Pradesh,Ambala,NH3,78.1,422.2,117.6,114,Unhealthy for Sensitive Groups,25.7,91.9,1.6
India,Uttarakhand,Panchgaon,PM2.5,109,294.5,212,234,Very Unhealthy,27.8,78,23.4
India,Telangana,Alwar,PM2.5,125.6,481.6,140.2,146,Unhealthy for Sensitive Groups,29.5,54.7,18.7
India,Karnataka,Machilipatnam,PM10,40.7,368.6,148.5,101,Unhealthy for Sensitive Groups,36.5,67.1,9
India,Punjab,Chikkamagaluru,CO,127.8,362.5,186,170,Unhealthy,23.2,79.2,10.4
India,Gujarat,Hingoli,NH3,42,372.6,45.5,24,Good,25.7,55.2,12.9
India,Mizoram,Sasaram,NH3,60.6,113.9,109.3,149,Unhealthy for Sensitive Groups,25.9,89.3,13.9
India,Odisha,Howrah,SO2,141.9,477.1,186.8,181,Unhealthy,23.4,44.3,2.4
India,Rajasthan,Damoh,CO,9.3,149.7,36.6,6,Good,32.2,56.2,8.7
India,Jammu and Kashmir,Khairthal,NH3,129.3,413.3,203.5,290,Very Unhealthy,19.1,43.1,8.6
India,Bihar,Kalaburagi,PM10,7.3,139,30.6,21,Good,29.3,64.5,7.2
India,Assam,Rohtak,NO2,45.1,456,118.7,107,Unhealthy for Sensitive Groups,37.7,51.3,16.4
India,Uttarakhand,Naharlagun,PM2.5,181.4,400.9,240,229,Very Unhealthy,17.9,47.9,10
India,Meghalaya,Nagaur,PM10,69.3,346.3,116.8,129,Unhealthy for Sensitive Groups,23,45.1,25.1
India,Haryana,Bathinda,PM2.5,109.4,142.2,140.7,125,Unhealthy for Sensitive Groups,27.7,55.1,10.6
India,Uttar Pradesh,Buxar,OZONE,24.1,140.9,133,124,Unhealthy for Sensitive Groups,36.2,41.4,23.8
India,Jharkhand,Dhanbad,SO2,6.9,93.2,11.1,26,Good,23.8,90,23.6
India,Madhya Pradesh,Ujjain,CO,202.6,266.3,230.5,253,Very Unhealthy,26.8,37.5,1.4
India,Odisha,Rohtak,SO2,46.3,94,91,74,Moderate,25.2,88.5,12.1
India,Madhya Pradesh,Byrnihat,NH3,116.9,354.7,229.7,275,Very Unhealthy,24.9,78.6,22.1
India,Punjab,Tonk,CO,17.5,349.3,79.5,62,Moderate,18,85.5,3.8
India,Odisha,Angul,NH3,59.1,353.5,208.3,214,Very Unhealthy,21,60,12.7
India,Nagaland,Dehradun,PM10,16.1,119.1,17.7,19,Good,35.8,85.8,29.3
India,Arunachal Pradesh,Dhanbad,PM10,0.7,498.7,52.7,96,Moderate,21.3,38.7,3
India,Chhattisgarh,Siwan,CO,110.2,386.3,189.4,165,Unhealthy,21,81.1,18.1
India,Uttarakhand,Vrindavan,PM10,71.8,461.6,194.3,186,Unhealthy,18,42.5,24.9
India,Sikkim,Sagar,NO2,10.5,464.4,40.2,18,Good,36,53.1,24
India,Madhya Pradesh,Sri Ganganagar,SO2,33.7,388.4,49.6,7,Good,30,69.8,24.1
India,Jharkhand,Kota,OZONE,64.3,480.5,133.8,114,Unhealthy for Sensitive Groups,35.1,61.8,0.6
India,Gujarat,Rajgir,NH3,37,450.9,56.3,75,Moderate,34.4,78.9,2.9
India,Jammu and Kashmir,Navi Mumbai,PM10,75.5,178.3,108.3,102,Unhealthy for Sensitive Groups,29.4,50.2,23
India,Chhattisgarh,Tumidih,NH3,181.9,254.7,207.5,253,Very Unhealthy,34.6,62.3,4.7
India,Sikkim,Sirsa,NH3,12.9,253.6,85.7,79,Moderate,38.2,72.6,14.7
India,Telangana,Ghaziabad,PM10,0.2,197.8,0.4,0,Good,20.4,35,21.7
India,Sikkim,Tensa,PM10,203.5,441.2,242.8,250,Very Unhealthy,23.5,73.1,20.5
India,Meghalaya,Munger,PM10,0.9,220.3,120.1,110,Unhealthy for Sensitive Groups,28.6,47.2,20.7
India,Nagaland,Howrah,CO,112.9,464.2,123.1,115,Unhealthy for Sensitive Groups,36.2,47.4,11.1
India,Jammu and Kashmir,Kollam,NH3,21.8,428.6,130.4,146,Unhealthy for Sensitive Groups,29.4,47.1,23.1
India,Delhi,Greater Noida,NO2,21.9,219.3,164,186,Unhealthy,25.4,87.6,3.3
India,Uttar Pradesh,Ajmer,NO2,152.9,446.1,176.1,172,Unhealthy,24.4,69.4,8.9
India,Jharkhand,Ulhasnagar,NH3,9.4,382,24.5,15,Good,21.9,37.9,3.6
India,Mizoram,Rourkela,SO2,108.6,411.5,162.6,177,Unhealthy,23.1,40.1,8.8
India,Jammu and Kashmir,Bettiah,OZONE,131.4,460.8,262.4,261,Very Unhealthy,36.3,50.4,11.6
India,Jharkhand,Mandideep,NH3,37.1,328.9,49.7,15,Good,38.2,64.2,29.1
India,Uttarakhand,Jhunjhunu,SO2,52.5,375.8,75.7,99,Moderate,21.8,45.8,4.6
India,Delhi,Jodhpur,SO2,148.1,310.6,231.4,249,Very Unhealthy,32.7,84,23
India,Tripura,Machilipatnam,NH3,23.8,482.6,37.3,5,Good,38.6,90.7,18.3
India,Gujarat,Bhubaneswar,PM2.5,171.1,386.2,222.3,270,Very Unhealthy,27.8,50.4,7.4
India,Uttarakhand,Guwahati,PM2.5,50.9,357.2,109.5,148,Unhealthy for Sensitive Groups,22.8,75.7,7.9
India,Bihar,Hubballi,PM10,144.6,338.3,207.1,275,Very Unhealthy,15.6,36.1,11.1
India,Odisha,Khora,PM10,147.4,464.3,203.8,230,Very Unhealthy,38.7,47,24.6
India,Bihar,Srinagar,OZONE,122.6,259.9,184.2,159,Unhealthy,38.2,77,22.7
India,Mizoram,Mandi Gobindgarh,NO2,94.9,211.6,192.9,174,Unhealthy,32.7,34.4,9.9
India,Bihar,Delhi,OZONE,46.5,408.7,64,96,Moderate,40,80.9,14.8
India,Kerala,Byrnihat,OZONE,104,424.7,224.4,276,Very Unhealthy,37.2,33.8,10.6
India,Arunachal Pradesh,Gurugram,CO,9.7,258.5,17.2,13,Good,27.2,70.7,10.8
India,Mizoram,Katni,PM10,71.7,259.1,128.1,148,Unhealthy for Sensitive Groups,36.8,75.9,21.4
India,Mizoram,Gadag,NH3,51.1,399.2,134.3,145,Unhealthy for Sensitive Groups,39,66.4,0.3
India,Mizoram,Barrackpore,NO2,164.8,243.4,223.4,209,Very Unhealthy,30.4,93,5
India,Punjab,Greater Noida,OZONE,152.8,261.3,224.5,262,Very Unhealthy,18.2,85.9,0.3
India,Nagaland,Visakhapatnam,PM10,8.7,144.9,43.1,45,Good,37.3,84.2,27.7
India,Meghalaya,Thoothukudi,NH3,95.9,473.7,144.8,123,Unhealthy for Sensitive Groups,37.8,74.7,28
India,Bihar,Singrauli,NH3,34.4,305.3,228.9,268,Very Unhealthy,29.8,56.2,23.6
India,Rajasthan,Nagaon,CO,8.7,139.7,31.2,32,Good,39.3,36.9,23
India,Arunachal Pradesh,Machilipatnam,CO,34.2,356.2,179.6,189,Unhealthy,24.4,87.4,11.1
India,Chandigarh,Nagpur,PM2.5,16.4,156.2,143.8,119,Unhealthy for Sensitive Groups,31.3,74.8,18.3
India,Arunachal Pradesh,Milupara,OZONE,69.8,477.7,81.4,70,Moderate,26.1,76.4,16.3
India,Gujarat,Moradabad,OZONE,111.7,366.4,141.9,139,Unhealthy for Sensitive Groups,36.5,38.1,16.5
India,Sikkim,Greater Noida,NH3,67.9,253.2,94.3,92,Moderate,29.4,57.8,19
India,Assam,Amravati,OZONE,82.7,116.6,85.9,77,Moderate,31.8,48.9,24.9
India,West Bengal,Shivamogga,SO2,52.2,386.1,142.1,144,Unhealthy for Sensitive Groups,27.4,67,12.1
India,Odisha,Vijayawada,NH3,66.5,369.5,80.9,65,Moderate,35,73.2,24.4
India,Himachal Pradesh,Tirupati,NO2,73.5,145.8,140.5,123,Unhealthy for Sensitive Groups,29.5,77.9,2
India,Tamil Nadu,Barbil,SO2,101.9,343.4,243.2,235,Very Unhealthy,25.5,51.1,29.5
India,Telangana,Ahmedabad,PM2.5,65.1,139.7,133.4,109,Unhealthy for Sensitive Groups,30.3,42.9,1.4
India,Kerala,Chittoor,NH3,49.7,193.4,89.1,64,Moderate,29.3,62.7,23.8
India,Arunachal Pradesh,Sikar,NO2,168.8,402.2,179.5,160,Unhealthy,20.2,82.5,23.8
India,Tripura,Thoothukudi,NO2,37.5,328.9,38.4,7,Good,35.3,93.2,24.7
India,Delhi,Chhal,PM2.5,71.2,402.5,249.8,275,Very Unhealthy,15,47.5,18.4
India,Tripura,Dhanbad,PM10,5.5,487.5,7.6,41,Good,31.9,46.7,6.3
India,Himachal Pradesh,Damoh,PM2.5,89.7,249,118.9,104,Unhealthy for Sensitive Groups,20.9,58.6,8.9
India,Kerala,Thrissur,OZONE,0.4,202.3,9.9,21,Good,29.3,61.1,8.5
India,Telangana,Bahadurgarh,PM10,64.7,230.7,104.8,105,Unhealthy for Sensitive Groups,24.5,66.3,23.8
India,Assam,Firozabad,PM2.5,155.9,486,187,179,Unhealthy,35.7,87.7,21.6
India,Rajasthan,Talcher,NH3,132,360.7,180.4,157,Unhealthy,35,80.1,11.7
India,Rajasthan,Koppal,CO,13.7,52.7,22.9,41,Good,33.2,52,23.9
India,Meghalaya,Bareilly,CO,19.7,138.2,47.6,6,Good,23.3,78.1,2.8
India,Uttar Pradesh,Puducherry,OZONE,20.8,167.1,145.9,101,Unhealthy for Sensitive Groups,23.5,86.1,26.5
India,Assam,Sawai Madhopur,PM2.5,41.6,63.8,52.9,100,Moderate,23.2,52,18.3
India,Karnataka,Bhopal,PM2.5,12.7,344.9,152.2,170,Unhealthy,18.1,77,3.8
India,Bihar,Vijayawada,OZONE,262,384.5,262.7,257,Very Unhealthy,19.3,87.5,14.9
India,Rajasthan,Ramanagara,NH3,46,205.2,55.3,75,Moderate,26.8,68.3,20.9
India,Bihar,Banswara,PM10,172,453.1,191.7,165,Unhealthy,18,61.6,11.3
India,Bihar,Jodhpur,PM10,68.9,480.3,229.8,273,Very Unhealthy,31.1,49.9,24.9
India,Puducherry,Ramanagara,PM2.5,114.9,383.8,175.4,173,Unhealthy,31,65.8,1.5
India,Gujarat,Chittoor,SO2,11.4,170.6,24.3,4,Good,26.5,62.6,14
India,Nagaland,Nashik,NH3,67.4,253.1,133.8,106,Unhealthy for Sensitive Groups,29.2,44.2,25.6
India,Andhra Pradesh,Charkhi Dadri,CO,78.9,303,205.8,283,Very Unhealthy,34.9,39.9,12.9
India,Meghalaya,Saharsa,SO2,13.9,182.9,28.5,39,Good,39.6,57.4,6.7
India,Bihar,Mathura,PM10,134.7,326.9,192.8,163,Unhealthy,17.9,89.1,14
India,Himachal Pradesh,Koppal,SO2,136,261.2,219.8,252,Very Unhealthy,26.2,38.7,27
India,Uttarakhand,Bathinda,PM10,232.1,477,254,252,Very Unhealthy,26.1,58,29.5
India,Uttar Pradesh,Munger,PM10,95.1,376.3,232,232,Very Unhealthy,31.5,66.3,23.4
India,Delhi,Sivasagar,NO2,46.9,111,50.6,418,Hazardous,28.4,75,0.4
India,Haryana,Baghpat,PM2.5,78.4,234.3,217.3,264,Very Unhealthy,16.6,54.7,8
India,Nagaland,Araria,NO2,8.3,340.8,100.3,397,Hazardous,29.1,33.5,8.3
India,Tripura,Mandi Gobindgarh,SO2,100.6,369.9,113.6,130,Unhealthy for Sensitive Groups,29.9,93.7,25.5
India,Meghalaya,Byrnihat,NO2,23.4,307.7,177.1,194,Unhealthy,23.4,32,23.7
India,Haryana,Amritsar,PM10,70.8,346.7,131.4,130,Unhealthy for Sensitive Groups,20.1,42.4,24.3
India,Punjab,Bettiah,OZONE,7.3,494.4,12.3,7,Good,25.5,61.4,22.8
India,Assam,Satara,PM10,125.8,222.7,153.9,172,Unhealthy,28.2,81,29.7
India,Meghalaya,Munger,SO2,7.4,358.7,71.5,72,Moderate,39.5,78.1,0.9
India,Uttarakhand,Korba,NH3,23.6,70,51,81,Moderate,15.5,52.7,18.5
India,Mizoram,Vapi,NH3,172.5,302.3,209.9,259,Very Unhealthy,20.2,36.5,24.7
India,Nagaland,Raipur,NO2,6.9,69.3,10.4,33,Good,34.7,87.6,9.2
India,Bihar,Thiruvananthapuram,PM10,2.2,205.9,7.7,40,Good,23.1,54.5,14
India,Haryana,Kalaburagi,NH3,9.3,409.1,19.4,24,Good,34.4,67.3,20.9
India,Uttarakhand,Malegaon,CO,16.5,230.2,165.4,161,Unhealthy,17.3,81,2.2
India,Nagaland,Pali,OZONE,117.9,411.3,222.9,232,Very Unhealthy,39.2,54.7,4.9
India,Tripura,Vijayapura,NH3,142.2,363.9,241.8,299,Very Unhealthy,30.3,77.6,1.6
India,Rajasthan,Bhopal,PM2.5,204.3,255.5,247.4,258,Very Unhealthy,17.5,38.5,10.2
India,Delhi,Jhansi,NO2,98.6,326.3,218.9,273,Very Unhealthy,34.3,77.5,19.2
India,Chandigarh,Chittorgarh,SO2,68.9,403.6,254.8,223,Very Unhealthy,21.6,53.1,17.3
India,Chhattisgarh,Hingoli,NO2,21,443.3,139.3,143,Unhealthy for Sensitive Groups,33.2,48,14.6
India,Tripura,Rourkela,NO2,34.6,179.2,53.8,86,Moderate,18,44.2,2.6
India,Tripura,Madikeri,PM2.5,88.3,271.2,131.5,132,Unhealthy for Sensitive Groups,22.7,59.9,9.2
India,Haryana,Vapi,PM2.5,38.1,471.7,156.4,189,Unhealthy,26.3,92.7,8.8
India,Chhattisgarh,Balasore,NH3,105.7,259.8,115.6,147,Unhealthy for Sensitive Groups,19.9,30.9,6.2
India,Jammu and Kashmir,Sirsa,OZONE,74,185.8,95.2,90,Moderate,39.4,51.5,8.5
India,Puducherry,Rajkot,SO2,25.2,498.6,114.5,114,Unhealthy for Sensitive Groups,18.7,60.6,21.1
India,Tamil Nadu,Rajamahendravaram,CO,145.8,409.8,258.5,219,Very Unhealthy,34.2,40.9,9.9
India,Jharkhand,Dholpur,PM10,1.5,45.5,6.8,24,Good,16.5,85.9,8.4
India,Gujarat,Ahmednagar,PM10,10.6,249.4,79.5,99,Moderate,30.1,40.3,22.5
India,Andhra Pradesh,Tirumala,PM10,108.9,376.5,153.5,185,Unhealthy,39.7,72.5,23.4
India,Madhya Pradesh,Mandi Gobindgarh,NH3,238.9,483.3,265.5,228,Very Unhealthy,21.7,54.8,27.8
India,Telangana,Nandesari,OZONE,46.9,124.4,115.5,124,Unhealthy for Sensitive Groups,15.2,91.1,7.3
India,Rajasthan,Shillong,PM10,6.6,359.8,46.1,4,Good,15.5,73.8,10.2
India,Himachal Pradesh,Kunjemura,OZONE,32.6,315.5,215.5,267,Very Unhealthy,16.8,63.3,11.3
India,Delhi,Sagar,PM2.5,10.7,67.6,62.3,79,Moderate,37.4,49.4,28.2
India,Karnataka,Buxar,OZONE,1.4,47.8,19.1,5,Good,22.1,55.9,6.7
India,Madhya Pradesh,Navi Mumbai,PM2.5,41.3,488.8,60.3,99,Moderate,16.4,53.9,16
India,Delhi,Bharatpur,PM10,136.1,233.5,163.9,198,Unhealthy,25.2,90.8,9.3
India,Arunachal Pradesh,Rupnagar,CO,26.8,459.6,213.5,296,Very Unhealthy,31.4,31.2,11.8
India,Uttarakhand,Mandikhera,PM10,107.1,450.6,254,224,Very Unhealthy,16,47.6,7
India,Assam,Bhilwara,PM2.5,205.7,351.2,230.4,277,Very Unhealthy,31.6,34,7
India,Jammu and Kashmir,Faridabad,NO2,8.4,294.5,84.2,89,Moderate,40,68.7,24.5
India,Haryana,Sivasagar,PM2.5,194.8,313.3,258.9,209,Very Unhealthy,32,53,27.1
India,Nagaland,Gaya,PM2.5,80.6,158.4,89.4,85,Moderate,21.2,54.1,10.5
India,Assam,Raebareli,PM2.5,123.1,236.6,143.5,147,Unhealthy for Sensitive Groups,15.5,87.3,4.6
India,Sikkim,Rajkot,PM10,116.9,239.9,207.4,286,Very Unhealthy,17.2,32.1,15.1
India,Madhya Pradesh,Tensa,OZONE,220.5,228.8,223.4,274,Very Unhealthy,29.4,73.7,4.8
India,Arunachal Pradesh,Sagar,PM10,4.4,201.8,33.6,42,Good,17.5,80,21.4
India,Assam,Barrackpore,NH3,1.2,269.2,85.4,99,Moderate,38.7,50.3,1
India,Uttar Pradesh,Udaipur,PM2.5,218.2,445.8,252.5,246,Very Unhealthy,24.8,31.7,25.7
India,Maharashtra,Alwar,NH3,16.8,178.1,33.4,1,Good,34.3,30.3,20.4
India,Punjab,Bikaner,PM10,12.7,328.8,54.8,77,Moderate,38.9,41.6,3.3
India,Nagaland,Bhiwadi,NO2,22.3,309.1,30.3,2,Good,37.9,81.5,25.8
India,Assam,Mangalore,NH3,87.8,265.1,163.5,155,Unhealthy,32.8,79.6,15.4
India,Assam,Amritsar,PM2.5,115,479.1,252.5,269,Very Unhealthy,37.1,30.2,29.4
India,Maharashtra,Mehsana,OZONE,51.5,132.6,105.3,134,Unhealthy for Sensitive Groups,28.4,80.4,10.6
India,Assam,Ujjain,NH3,96.8,426.1,196.1,196,Unhealthy,16.4,81.2,4.8
India,Telangana,Buxar,PM2.5,20.5,104.8,22.3,12,Good,20.8,78.6,13.8
India,Jharkhand,Angul,NO2,32.9,410,50.3,321,Hazardous,33.2,76.1,12.5
India,Mizoram,Thiruvananthapuram,PM2.5,36.6,332.6,162.5,198,Unhealthy,30.6,52.1,19.8
India,Telangana,Banswara,PM10,119.3,483.9,263.4,224,Very Unhealthy,35.6,31.4,3.4
India,Nagaland,Udaipur,PM2.5,6.1,134,6.4,34,Good,22.4,37.5,22.3
India,Kerala,Indore,PM10,108.1,347.5,185.5,194,Unhealthy,36.8,41.4,1.2
India,Meghalaya,Gadag,NH3,33.2,394.5,40.7,46,Good,15.4,30.7,0.4
India,Meghalaya,Karwar,SO2,118,435.9,142.4,131,Unhealthy for Sensitive Groups,21.5,60,15
India,Assam,Vijayawada,PM10,18.9,194.3,192.8,190,Unhealthy,28,59.2,6.3
India,Tripura,Aurangabad,NO2,75.6,408.6,182.9,195,Unhealthy,31.3,86.2,0.7
India,Madhya Pradesh,Pali,NH3,10.3,453.4,10.4,49,Good,23,84.8,4.8
India,Madhya Pradesh,Kalaburagi,SO2,252.3,393.4,262.1,206,Very Unhealthy,18.7,68.7,5.2
India,Haryana,Charkhi Dadri,NH3,30.3,213,60.9,90,Moderate,30.4,90.3,16.1
India,Telangana,Anantapur,NH3,49.2,460.5,52.6,52,Moderate,36.1,82.1,9.2
India,Odisha,Thoothukudi,OZONE,16.9,231.2,142.3,137,Unhealthy for Sensitive Groups,24.9,70.8,10.9
India,Chandigarh,Vijayawada,CO,12.1,440.2,163.8,188,Unhealthy,18,68.4,7.3
India,Jammu and Kashmir,Talcher,OZONE,77.8,414.1,229.1,300,Very Unhealthy,30.2,61.5,14
India,Uttarakhand,Karwar,NO2,71.4,299.9,107.1,138,Unhealthy for Sensitive Groups,34.2,81,11
India,Punjab,Raipur,PM2.5,7.1,179.3,29.9,2,Good,23.2,82.4,23.1
India,Mizoram,Khairthal,CO,128.9,301.1,236.9,285,Very Unhealthy,38.9,35.2,29.8
India,Telangana,Bileipada,PM10,206.3,412.9,265,295,Very Unhealthy,34,87.9,5.8
India,Maharashtra,Kalyan,PM2.5,89,207.6,111.7,123,Unhealthy for Sensitive Groups,22.8,38.6,7.4
India,Maharashtra,Thoothukudi,OZONE,20.1,484.3,35.9,29,Good,15.9,66.6,6.5
India,Meghalaya,Sirsa,NO2,114.8,397.3,260.4,267,Very Unhealthy,39.2,67.6,21.4
India,Uttarakhand,Ulhasnagar,NO2,131.1,244.9,192.2,199,Unhealthy,31.8,91.2,11.4
India,Bihar,Rajsamand,PM2.5,26.9,160.4,48.2,26,Good,27.5,61.1,1.4
India,Rajasthan,Sangli,PM2.5,62.3,496.1,227.3,250,Very Unhealthy,16.7,30.1,12
India,Delhi,Udaipur,NH3,39.8,425.6,147.7,138,Unhealthy for Sensitive Groups,25.9,35.2,10.7
India,Chandigarh,Maihar,CO,116.4,297.4,138.7,101,Unhealthy for Sensitive Groups,34,67.9,0.1
India,Jammu and Kashmir,Nandesari,NH3,30.4,322.3,127.7,146,Unhealthy for Sensitive Groups,31.2,68.6,16.4
India,Maharashtra,Fatehabad,OZONE,41.3,238,54.4,71,Moderate,39.9,80.6,7
India,Madhya Pradesh,Kollam,CO,105,396.3,138.9,128,Unhealthy for Sensitive Groups,23.4,68.4,14.7
India,Mizoram,Sangli,CO,14.2,437.4,65.3,96,Moderate,37.9,72.4,24.2
India,Tripura,Prayagraj,PM10,62.2,416.3,163,184,Unhealthy,36,64.1,19.2
India,Arunachal Pradesh,Mandideep,CO,57.6,409.1,110.7,121,Unhealthy for Sensitive Groups,22.2,44.2,7.1
India,Assam,Hingoli,PM10,95.6,459.8,163.4,189,Unhealthy,37.6,84.3,18.4
India,Nagaland,Navi Mumbai,CO,92.9,335.6,265.1,214,Very Unhealthy,36.2,61.3,21.6
India,Punjab,Aurangabad,CO,129.5,215.5,188.2,158,Unhealthy,18.3,82,15.8
India,Punjab,Dhanbad,PM2.5,39.5,251.8,141.8,109,Unhealthy for Sensitive Groups,31.4,75.1,25.4
India,Maharashtra,Barmer,NH3,51.1,378,195.4,162,Unhealthy,21,55.5,5
India,Bihar,Bhiwani,PM10,12.8,467.3,20.7,37,Good,20,74,11.8
India,Chhattisgarh,Jalore,PM10,77.8,494.7,115.6,149,Unhealthy for Sensitive Groups,17.4,75,9.1
India,Tripura,Barmer,SO2,148.2,259.2,233.6,242,Very Unhealthy,22.1,92.3,20.5
India,Telangana,Sonipat,NH3,77.8,252,124.6,148,Unhealthy for Sensitive Groups,17.8,93.8,12.9
India,Nagaland,Khanna,PM10,47,366.7,57,70,Moderate,38.2,50.2,28.8
India,Uttarakhand,Kunjemura,PM10,17.1,285.8,217.1,248,Very Unhealthy,24.8,45.6,1.7
India,Jammu and Kashmir,Damoh,PM10,99.1,365,249.5,209,Very Unhealthy,33.1,61.8,6.6
India,Maharashtra,Hapur,OZONE,12,403.6,14.3,47,Good,27,86.8,6.9
India,Mizoram,Dharuhera,NH3,39.1,59.1,45.9,16,Good,19.8,76.1,24.6
India,Puducherry,Lucknow,SO2,14.5,144.4,18,5,Good,32.4,78.8,14.1
India,Uttar Pradesh,Jodhpur,CO,9.3,275.5,48.1,10,Good,39.7,46.6,2
India,Tripura,Bagalkot,PM10,209.7,400,231.8,216,Very Unhealthy,26.8,67.2,19.3
India,West Bengal,Kalyan,NH3,142.5,278.6,263.7,210,Very Unhealthy,37.8,66.3,24.1
India,Himachal Pradesh,Satna,PM2.5,19.8,403.4,58.7,72,Moderate,15.8,74,19.3
India,Karnataka,Dharuhera,NO2,67.8,462.5,76.1,57,Moderate,31.1,35.9,16.8
India,Uttarakhand,Visakhapatnam,PM2.5,82.4,317,230.2,300,Very Unhealthy,36.5,81,29
India,Andhra Pradesh,Bengaluru,NH3,40,232.5,214.7,211,Very Unhealthy,26.7,70.5,10.6
India,Rajasthan,Firozabad,PM2.5,16.7,126.1,31.2,9,Good,17.7,62.8,21.3
India,Kerala,Khanna,SO2,111.2,266.7,215,275,Very Unhealthy,30.3,66.7,28.1
India,Jharkhand,Munger,OZONE,20.4,199.3,21.8,34,Good,39,64.2,9.5
India,Meghalaya,Keonjhar,PM10,151.9,217.8,215.5,217,Very Unhealthy,34.2,56.6,10.8
India,Odisha,Fatehabad,NH3,135.6,262.2,152.4,183,Unhealthy,17.3,41.3,5
India,Meghalaya,Vijayawada,PM10,7.1,422.4,37.2,32,Good,28.2,56.7,20.3
India,Rajasthan,Amritsar,SO2,18.3,301.8,241.5,290,Very Unhealthy,36.1,90.2,27.7
India,Assam,Nanded,CO,6,405.6,170.3,183,Unhealthy,30.3,69.9,15.1
India,Puducherry,Bhilwara,PM2.5,108.1,430.7,185,199,Unhealthy,26.7,83.9,8.6
India,Bihar,Khurja,NH3,44.9,381.1,61.8,73,Moderate,18.6,67.9,29
India,Jammu and Kashmir,Vijayapura,PM2.5,64.5,464,156.8,164,Unhealthy,31.7,66.3,27.9
India,Assam,Keonjhar,NO2,40.5,327.2,60.9,56,Moderate,34.6,80.3,2
India,Nagaland,Shivamogga,NO2,117.7,213.9,118.7,107,Unhealthy for Sensitive Groups,29.3,43.3,4.2
India,Punjab,Navi Mumbai,PM10,43.7,144.1,139.2,130,Unhealthy for Sensitive Groups,32.4,30.6,23.3
India,West Bengal,Delhi,OZONE,5.3,305.8,7.6,40,Good,18.2,50,25
India,Maharashtra,Pali,CO,62.8,431.1,169.4,162,Unhealthy,26.3,57.3,6.1
India,Bihar,Satara,PM2.5,7.3,271.7,25.7,35,Good,23.9,38.8,18.3
India,Mizoram,Chandrapur,NO2,131.7,412.3,181.1,170,Unhealthy,31.4,85.9,9.5
India,Chandigarh,Raipur,PM10,89.2,125,97.2,53,Moderate,20.9,46.5,11.2
India,Karnataka,Gummidipoondi,PM2.5,53.7,475.1,256.7,225,Very Unhealthy,20.2,73.8,17.8
India,Chhattisgarh,Fatehabad,PM2.5,74,272.3,235.1,242,Very Unhealthy,27,54.2,25.8
India,West Bengal,Tirupati,NH3,78.3,196.1,165.3,169,Unhealthy,28.9,76.2,16.7
India,Bihar,Bengaluru,PM2.5,40.5,192.2,56.3,57,Moderate,34.6,78,8.8
India,Meghalaya,Khora,PM10,140.5,460.9,184.4,159,Unhealthy,21.2,36.7,19.1
India,Puducherry,Katihar,NH3,13.7,153.8,86.1,64,Moderate,31.4,94.4,16.3
India,Meghalaya,Khairthal,PM10,48,276.8,74,56,Moderate,19,70.7,8.7
India,Nagaland,Ahmedabad,OZONE,131.2,167.1,157.8,184,Unhealthy,15.5,42.3,2.5
India,Bihar,Raipur,NO2,2.5,404.8,12.4,38,Good,19.2,35.5,27.5
India,Odisha,Arrah,SO2,78.3,199.3,171.1,200,Unhealthy,28.6,38.6,13.7
India,Telangana,Pune,PM2.5,7.8,324.4,145.2,102,Unhealthy for Sensitive Groups,36.3,66,20.8
India,Meghalaya,Jhansi,NO2,185.6,286.3,246.5,265,Very Unhealthy,34.1,45.9,26
India,Nagaland,Kanpur,NH3,57.5,375,89.4,71,Moderate,30.7,81.3,1.7
India,Puducherry,Amaravati,CO,2.9,275,38.8,36,Good,33.6,79.7,24.8
India,West Bengal,Khanna,SO2,3.1,242.3,89.8,79,Moderate,27.4,62.8,9.3
India,Haryana,Nanded,PM2.5,58.6,313.9,87,81,Moderate,35.1,94.6,4.1
India,Odisha,Fatehabad,PM2.5,145.9,440.8,193.4,199,Unhealthy,31,46.7,19.9
India,Chhattisgarh,Katni,NH3,184.7,217.8,185,180,Unhealthy,22.1,86.7,24.9
India,Assam,Saharsa,SO2,0.4,140.3,107.5,134,Unhealthy for Sensitive Groups,23.1,94.9,16.5
India,Tamil Nadu,Latur,PM10,26.6,74.1,70.3,74,Moderate,38.3,59.3,29
India,Tamil Nadu,Muzaffarpur,PM10,70,392.2,79,60,Moderate,26.4,43.5,23.9
India,Odisha,Ratlam,PM2.5,36.8,285.4,84.1,97,Moderate,25.2,76.9,0.6
India,Tripura,Bhiwadi,PM10,147.2,460.3,157.1,154,Unhealthy,17.2,32.9,7.9
India,Himachal Pradesh,Ahmednagar,SO2,27.1,244.4,141.8,119,Unhealthy for Sensitive Groups,15.4,59.5,13.4
India,Delhi,Parbhani,PM2.5,20.7,363.4,25.1,39,Good,21,80.3,29.5
India,Arunachal Pradesh,Tirumala,CO,72,371.3,251.8,272,Very Unhealthy,38.4,92.5,19.9
India,Uttar Pradesh,Jabalpur,PM10,190.9,323.2,198.4,166,Unhealthy,24.6,76.4,23.7
India,Odisha,Bareilly,CO,19.4,262.7,248,205,Very Unhealthy,30.5,53.5,28.7
India,Telangana,Ulhasnagar,SO2,30.2,361.2,37.9,35,Good,18.9,77.2,5.7
India,Andhra Pradesh,Kishanganj,NO2,123.3,422.8,213.6,224,Very Unhealthy,35.8,85.5,28.1
India,Haryana,Jalandhar,CO,127.9,255.7,180.4,159,Unhealthy,26,46.3,3.4
India,Haryana,Delhi,OZONE,0.7,318.4,137.7,116,Unhealthy for Sensitive Groups,25.8,41.4,7.5
India,Madhya Pradesh,Chikkamagaluru,NH3,45.1,442.7,164,155,Unhealthy,27.4,45.7,14.6
India,Jammu and Kashmir,Bengaluru,PM10,6.8,307.7,237.8,287,Very Unhealthy,35.5,40.9,11
India,Himachal Pradesh,Jalna,PM2.5,128.4,260.3,187.3,185,Unhealthy,18.7,93.5,21.3
India,Meghalaya,Bengaluru,SO2,35.9,407.9,249.8,270,Very Unhealthy,39.6,66.2,6.1
India,Sikkim,Eluru,NO2,21.2,209.3,71.7,91,Moderate,19.1,83.8,7.9
India,Tamil Nadu,Aizawl,NH3,143.3,301.6,216.2,221,Very Unhealthy,26.2,63.3,6.9
India,Tamil Nadu,Rajgir,NO2,38.8,170.4,48.9,30,Good,25.6,52.5,21.7
India,West Bengal,Sivasagar,CO,36.1,479.7,131.1,112,Unhealthy for Sensitive Groups,38.5,88.8,9.1
India,West Bengal,Sasaram,SO2,20.1,475.6,240.8,292,Very Unhealthy,24.4,86,1.1
India,West Bengal,Balasore,OZONE,15.9,287.5,32,4,Good,22.5,81,11.7
India,Sikkim,Badlapur,OZONE,20.2,396.6,23.2,34,Good,17.4,34.5,28.8
India,Madhya Pradesh,Dungarpur,PM10,110,410.6,189,190,Unhealthy,33.5,54.6,23.8
India,Assam,Chandrapur,OZONE,171.5,220.7,207,288,Very Unhealthy,19.3,55,8.1
India,Delhi,Mehsana,SO2,41.3,437.6,136,136,Unhealthy for Sensitive Groups,26,50.1,12.3
India,Tripura,Prayagraj,PM2.5,8.2,282.3,130.1,131,Unhealthy for Sensitive Groups,38.5,76.3,8.6
India,Arunachal Pradesh,Kolkata,PM10,129.5,252,156.7,185,Unhealthy,16.3,63.9,12.8
India,Bihar,Yadgir,OZONE,10,378.8,80.2,74,Moderate,22.1,70.5,3.4
India,Tamil Nadu,Chhapra,NO2,29.9,352.9,119.7,133,Unhealthy for Sensitive Groups,20.9,81.6,0.7
India,Andhra Pradesh,Greater Noida,PM2.5,163.3,401.2,195.3,178,Unhealthy,36.3,92.1,6.4
India,Sikkim,Rajkot,NO2,33.3,483.9,36.5,27,Good,26.4,77.5,11.7
India,Jammu and Kashmir,Ujjain,NH3,7.8,405.9,21.7,8,Good,36,76.7,11.9
India,Sikkim,Baripada,SO2,28,40.6,35.2,10,Good,25.5,93.2,24.8
India,Jammu and Kashmir,Nanded,NO2,43,457.8,200.8,493,Hazardous,19.4,41,22.4
India,Uttar Pradesh,Bettiah,NH3,67.1,350.6,258.8,228,Very Unhealthy,32.7,69.5,0.1
India,Telangana,Khora,PM2.5,60.3,274.6,100.2,494,Hazardous,39.8,89.6,20
India,Arunachal Pradesh,Chittorgarh,NH3,25,442,103.8,115,Unhealthy for Sensitive Groups,30.2,33.6,10.7
India,Chandigarh,Chhal,NO2,0,174.2,0.1,22,Good,39.5,82.4,29.7
India,Haryana,Kishanganj,NH3,64.9,485.5,133.4,141,Unhealthy for Sensitive Groups,24.3,37,0.8
India,Andhra Pradesh,Kadapa,OZONE,0,158.4,32.2,17,Good,35.2,42.7,20.9
India,Karnataka,Jalore,OZONE,19.9,449.3,184.8,167,Unhealthy,28.5,89.6,18.2
India,Jammu and Kashmir,Maihar,NH3,26.6,381.4,88.5,58,Moderate,39.9,43.6,7.8
India,Mizoram,Tumidih,NH3,135.6,313.9,151.2,152,Unhealthy,18,41.9,11.4
India,Kerala,Damoh,PM2.5,185,350.3,257.4,250,Very Unhealthy,35.8,45.7,1.2
India,Maharashtra,Vapi,SO2,28.4,496,171.5,163,Unhealthy,20.4,35.1,4
India,West Bengal,Kalyan,CO,3.7,387.8,10,33,Good,32.7,48.8,24.7
India,Uttar Pradesh,Bikaner,SO2,131.3,449.9,151.7,169,Unhealthy,26.2,46.1,25.7
India,Karnataka,Rohtak,SO2,245.9,449.2,246.2,218,Very Unhealthy,17.2,38.1,22.8
India,Rajasthan,Panipat,NH3,36.3,223,209.6,283,Very Unhealthy,23.9,62.9,6.9
India,Jharkhand,Pune,OZONE,18.6,162.9,95.5,99,Moderate,18.3,64,3
India,Punjab,Hapur,NO2,48.5,350.8,50.7,437,Hazardous,25.6,82.4,14.4
India,Rajasthan,Chittoor,PM10,4.4,466.5,70.5,96,Moderate,17.8,46,23.3
India,Telangana,Tirupati,PM10,51.9,175.5,58.6,100,Moderate,36.6,63.1,4
India,Andhra Pradesh,Meerut,NO2,3,406.3,13.2,12,Good,38.8,85.2,3.5
India,Jharkhand,Madikeri,PM2.5,6.5,188.5,69.5,66,Moderate,36.4,40.4,24.9
India,Jharkhand,Sawai Madhopur,PM10,9,402.4,22.4,16,Good,22.4,57.7,8.6
India,Tripura,Bengaluru,OZONE,33,307.9,57.7,82,Moderate,22.8,80.6,7.3
India,Puducherry,Samastipur,NH3,43.1,320.6,64,56,Moderate,39.5,47.3,28.7
India,Arunachal Pradesh,Patna,CO,0.3,54.2,53.8,67,Moderate,26.8,94.3,19.5
India,Rajasthan,Aurangabad,PM2.5,158.9,482.9,191.3,170,Unhealthy,25.6,83.9,25.5
India,Jharkhand,Rohtak,CO,66.5,392,124,109,Unhealthy for Sensitive Groups,30.5,40.9,4.8
India,Mizoram,Gandhinagar,SO2,125.3,457.6,152.7,200,Unhealthy,33.2,41.8,20.6
India,Kerala,Balasore,NH3,12.7,328.9,79.2,64,Moderate,34.5,46.2,29.4
India,Rajasthan,Kalyan,NO2,116.8,343.1,211.7,256,Very Unhealthy,25.5,60.7,0.6
India,Chandigarh,Jodhpur,SO2,48.4,175.3,80.8,57,Moderate,19.8,53.9,26.6
India,Delhi,Arrah,PM10,97.2,276.6,192.9,199,Unhealthy,36.7,74.2,20.3
India,Gujarat,Palwal,NO2,159.6,412.3,248.7,279,Very Unhealthy,32.1,45.4,20.4
India,Madhya Pradesh,Panchgaon,PM10,5.4,321.3,137.2,105,Unhealthy for Sensitive Groups,37.2,63,9.7
India,Haryana,Aurangabad,SO2,96.4,106.8,99.3,81,Moderate,34.1,37.6,12.5
India,Karnataka,Moradabad,CO,6.8,439.3,200.8,354,Hazardous,39.9,68.6,19.3
India,Arunachal Pradesh,Howrah,OZONE,9.8,432.5,172.1,170,Unhealthy,19.4,84.1,26.8
India,Tamil Nadu,Kannur,CO,25.3,437.4,52.1,73,Moderate,34.2,77,29.1
India,Meghalaya,Gaya,PM2.5,85.2,245.9,132.7,149,Unhealthy for Sensitive Groups,21,89.4,14.5
India,Uttar Pradesh,Ahmedabad,NH3,0.2,401.7,2.9,22,Good,39.9,71.3,4.2
India,Nagaland,Satara,OZONE,136.4,353.7,143.6,104,Unhealthy for Sensitive Groups,24.6,49.3,2.4
India,Meghalaya,Agra,PM10,55.1,375.5,172.8,153,Unhealthy,25.1,38.1,16.8
India,Assam,Dhanbad,PM2.5,94.2,429.7,214.6,221,Very Unhealthy,20.2,30.8,22.1
India,Gujarat,Bhavnagar,NO2,215.6,374.1,240.7,260,Very Unhealthy,33.4,30.7,15.1
India,Uttarakhand,Hanumangarh,CO,122.1,373,171.2,155,Unhealthy,19.8,34.3,28.7
India,Haryana,Tensa,NH3,35.8,476.4,121.8,150,Unhealthy for Sensitive Groups,25,33.1,18.9
India,Jharkhand,Bengaluru,NH3,9.1,68.6,16,31,Good,33,63.4,20.4
India,Jammu and Kashmir,Barmer,PM2.5,3.2,392.4,3.7,39,Good,34.6,32,6.3
India,Andhra Pradesh,Baddi,NO2,83.7,432.9,108.1,146,Unhealthy for Sensitive Groups,38.1,76.6,3
India,Assam,Nashik,SO2,195.1,432.9,246.4,246,Very Unhealthy,16.6,87.4,5.1
India,Himachal Pradesh,Karwar,CO,8.8,446.7,118.1,149,Unhealthy for Sensitive Groups,16.5,94.5,9.6
India,Assam,Beed,NH3,46,437.8,103.4,117,Unhealthy for Sensitive Groups,30.5,67.2,4.5
India,Bihar,Churu,PM10,10.8,60,42.3,32,Good,20.6,65.6,17
India,Punjab,Ambala,SO2,16.7,108.2,57.4,96,Moderate,21.4,89.6,25.9
India,Karnataka,Akola,OZONE,1.2,184.7,46.3,3,Good,39.5,72.8,10.6
India,Maharashtra,Meerut,SO2,99.1,495.5,127.5,121,Unhealthy for Sensitive Groups,24,78.3,13.4
India,Uttar Pradesh,Nagaon,NH3,61.7,403.8,174.1,153,Unhealthy,15.8,89.2,8.2
India,Himachal Pradesh,Chittorgarh,NH3,52.2,268.8,133.6,111,Unhealthy for Sensitive Groups,15.1,87.8,10.7
India,Assam,Pune,OZONE,153.8,263.7,241.6,251,Very Unhealthy,23.8,68.6,8.8
India,Haryana,Mandideep,CO,4.6,211.4,27.9,11,Good,23,37.6,29.5
India,Himachal Pradesh,Baddi,PM10,121.9,431,253.3,289,Very Unhealthy,38,76.2,26.1
India,Mizoram,Rajamahendravaram,CO,162.3,362.7,249.5,295,Very Unhealthy,33.2,36.8,2.6
India,Meghalaya,Bhilai,OZONE,28.2,224.9,176.3,182,Unhealthy,26.3,39.9,20.1
India,Tamil Nadu,Vrindavan,NO2,105.2,410.3,129.3,132,Unhealthy for Sensitive Groups,34.6,55.2,8
India,Andhra Pradesh,Kurukshetra,SO2,37.9,243.8,63.1,82,Moderate,21.7,75.9,14.6
India,Punjab,Mangalore,SO2,27.6,319.8,71.2,97,Moderate,39.2,81.2,9.2
India,West Bengal,Noida,PM2.5,30.4,387.2,169.6,164,Unhealthy,26.5,48.6,25.9
India,Jammu and Kashmir,Jalore,PM2.5,25.3,245.7,42.7,16,Good,24,45.7,17.5
India,Jammu and Kashmir,Sivasagar,CO,13.6,337.1,68.2,65,Moderate,24.9,38.4,12.6
India,Assam,Sirsa,NO2,3.8,336.8,194.1,185,Unhealthy,28.7,57.7,29.2
India,Madhya Pradesh,Khurja,NO2,14.8,345.5,232.8,280,Very Unhealthy,36.8,45.9,21.9
India,Karnataka,Mandideep,PM2.5,6.2,347.5,154.3,200,Unhealthy,21.7,74.7,5.3
India,Sikkim,Barmer,PM2.5,42.9,301.4,128.3,116,Unhealthy for Sensitive Groups,36.5,46.5,6.5
India,Telangana,Silchar,PM2.5,109.1,455.9,260.5,271,Very Unhealthy,30.6,35.1,20.9
India,Chandigarh,Pampore,PM2.5,84.7,472.6,141.6,107,Unhealthy for Sensitive Groups,18.1,60.7,18.6
India,Nagaland,Siwan,NO2,95.2,414.2,120.5,138,Unhealthy for Sensitive Groups,21.9,42.6,25.8
India,Punjab,Sagar,CO,70,441.9,225.2,228,Very Unhealthy,26.7,60.2,19.8
India,Delhi,Dhanbad,NH3,105.4,438.8,170.1,153,Unhealthy,24.4,72.8,3.8
India,Andhra Pradesh,Gandhinagar,PM10,29.2,396.6,66.1,85,Moderate,30.8,57.4,5.5
India,Assam,Samastipur,NH3,30.3,268.5,240,273,Very Unhealthy,21.9,40.9,1.1
India,Delhi,Faridabad,PM10,54.5,217.6,80.8,52,Moderate,21.4,64.4,25.4
India,Rajasthan,Ahmednagar,NO2,22.1,365.3,49,7,Good,31.6,35.5,21.7
India,Jharkhand,Kota,NH3,138,308.9,226.9,269,Very Unhealthy,20.5,93.1,1.8
India,Chandigarh,Munger,NO2,18.8,90.9,47.8,41,Good,27.1,86.2,7.9
India,Jammu and Kashmir,Koppal,NH3,13.4,256.1,78.6,75,Moderate,24.1,61.1,6
India,Chandigarh,Moradabad,CO,44.6,266.2,62.5,98,Moderate,24.7,89.1,3.2
India,Karnataka,Suakati,OZONE,152.4,362.5,183.7,158,Unhealthy,27.1,82,7.8
India,Himachal Pradesh,Amravati,NO2,38,422.5,89.8,51,Moderate,21.1,72.8,6.9
India,Arunachal Pradesh,Bhagalpur,CO,81,330.5,97.4,77,Moderate,18.4,58.5,20
India,West Bengal,Talcher,NO2,79.3,315.1,114.5,115,Unhealthy for Sensitive Groups,20.6,35.3,0.6
India,Meghalaya,Bhiwadi,SO2,99.9,381.2,175.8,171,Unhealthy,23.3,89.7,19.9
India,Meghalaya,Machilipatnam,PM10,86.3,211.8,110.4,112,Unhealthy for Sensitive Groups,29.3,71.1,10.2
India,Nagaland,Begusarai,OZONE,6.5,299.8,41.6,21,Good,20.1,49.3,16.5
India,Andhra Pradesh,Suakati,PM2.5,41.4,342.5,181.8,175,Unhealthy,37.4,51.6,27.3
India,Jammu and Kashmir,Amaravati,PM10,33.1,318.4,50.1,347,Hazardous,17.2,53.9,5.4
India,Punjab,Kurukshetra,SO2,81.9,330.5,157.3,156,Unhealthy,34.3,46.5,21.6
India,Maharashtra,Ramanagara,SO2,2.7,498,70.6,79,Moderate,26.1,37,25.7
India,Puducherry,Eluru,NH3,201.2,332.1,226.8,288,Very Unhealthy,38,33,12.6
India,Chandigarh,Madikeri,PM10,50.2,203.2,129.6,149,Unhealthy for Sensitive Groups,23.2,36.5,8.8
India,Meghalaya,Bharatpur,PM2.5,115.8,498.9,153.3,180,Unhealthy,36,46.4,4.4
India,Andhra Pradesh,Nellore,SO2,0.4,140.7,0.7,47,Good,30.5,36.8,12.8
India,Puducherry,Baddi,PM10,80.3,234,184.6,174,Unhealthy,16.3,89.5,12.2
India,Nagaland,Durgapur,PM2.5,12.3,50.3,18.3,36,Good,35.2,34.4,26
India,Chhattisgarh,Jhansi,PM2.5,55.4,295.9,131.4,145,Unhealthy for Sensitive Groups,31.6,62.4,13.8
India,Punjab,Milupara,NO2,2.2,52.1,49.4,16,Good,39.9,34.9,24
India,Haryana,Amravati,NH3,171.7,449.4,188.8,169,Unhealthy,26.1,37.3,28.7
India,Chandigarh,Beed,PM2.5,0.3,323.6,248.1,242,Very Unhealthy,37.5,45.6,26.2
India,Telangana,Badlapur,OZONE,151.5,432.8,179.1,171,Unhealthy,15.9,74.8,25.1
India,Bihar,Jalna,NO2,168.1,238.8,172.6,197,Unhealthy,22.6,84,14.8
India,Meghalaya,Varanasi,NH3,21.4,148.3,80.7,78,Moderate,38.5,59,5.1
India,Sikkim,Angul,PM10,30.4,199.4,36.2,6,Good,26.1,54.4,9
India,Delhi,Muzaffarnagar,CO,32.2,128.4,119.6,120,Unhealthy for Sensitive Groups,19.2,85.4,8.8
India,Tripura,Parbhani,PM10,152.5,397,213.7,292,Very Unhealthy,29,70.1,28.5
India,Haryana,Dausa,CO,54.8,495.1,207.4,230,Very Unhealthy,33.2,89.9,15.1
India,Tripura,Bhiwadi,PM10,7.7,319.3,10.2,6,Good,22.4,66,26.2
India,Jharkhand,Bilaspur,PM2.5,7.4,223.5,101.8,143,Unhealthy for Sensitive Groups,39.4,76.5,7.5
India,Bihar,Bharatpur,OZONE,7.4,204.7,26.4,16,Good,24.5,51.5,18.7
India,Rajasthan,Ratlam,NH3,9.6,320.8,149,114,Unhealthy for Sensitive Groups,25,56.4,28.5
India,Maharashtra,Bhopal,PM2.5,0.1,21.6,0.4,6,Good,20,57.4,13.2
India,Odisha,Baripada,NH3,16.2,154.3,81.7,76,Moderate,22.2,36.4,1.9
India,Uttar Pradesh,Indore,SO2,41.5,82.9,59,73,Moderate,26.1,49.1,15.8
India,Meghalaya,Jalna,NH3,8.6,168.1,26.2,14,Good,39.1,78.6,1.2
India,Uttar Pradesh,Jabalpur,SO2,58.5,458.5,132.3,147,Unhealthy for Sensitive Groups,32.6,81.2,9
India,Jammu and Kashmir,Baripada,PM10,179.1,282.3,220.7,238,Very Unhealthy,35.4,75.3,20.2
India,Uttar Pradesh,Dharwad,SO2,10,140.7,12,42,Good,21.1,81.1,19.3
India,Karnataka,Karwar,OZONE,61.6,367,104,113,Unhealthy for Sensitive Groups,26.2,57.1,29.7
India,Gujarat,Puducherry,PM2.5,26.2,459.3,76.4,72,Moderate,36.4,88.1,2.7
India,Puducherry,Mathura,CO,62.9,202.8,198.5,183,Unhealthy,27.5,58.5,25.8
India,Karnataka,Meerut,OZONE,99.6,396.2,176,177,Unhealthy,34.3,39.2,16.7
India,Jammu and Kashmir,Bengaluru,NO2,76.8,321.6,100.1,352,Hazardous,24.6,32.4,0.5
India,Chhattisgarh,Byasanagar,SO2,26.9,132.9,109.5,126,Unhealthy for Sensitive Groups,34.5,58.8,1.3
India,Himachal Pradesh,Prayagraj,NO2,38,371.9,73.4,57,Moderate,36.2,41.7,19.4
India,Jammu and Kashmir,Howrah,SO2,1.3,280.6,1.5,45,Good,35.4,86,25.2
India,Assam,Bhiwadi,NO2,44.4,170.9,110,112,Unhealthy for Sensitive Groups,25.8,61.9,1.2
India,Andhra Pradesh,Kadapa,NO2,59.7,413.4,195.2,195,Unhealthy,26.8,89.2,26.9
India,Meghalaya,Ahmednagar,PM10,100,499.8,163.9,162,Unhealthy,18.1,71.6,4.2
India,Puducherry,Narnaul,PM2.5,44.8,432,68.8,78,Moderate,15.8,69.5,12.2
India,Himachal Pradesh,Guwahati,OZONE,8.1,406.6,131,134,Unhealthy for Sensitive Groups,34.1,55,15
India,Gujarat,Mehsana,PM2.5,29.7,393.9,171.5,174,Unhealthy,20.1,74.8,0.3
India,Karnataka,Hyderabad,NO2,117,457.5,223.4,269,Very Unhealthy,37.8,58.2,22.1
India,Madhya Pradesh,Brajrajnagar,OZONE,55.1,187.8,68.2,99,Moderate,28.3,53.4,3
India,Haryana,Chandigarh,NO2,61.6,370.9,86.8,71,Moderate,36.7,78.6,2.2
India,Nagaland,Bihar Sharif,NO2,71,177.1,105.3,110,Unhealthy for Sensitive Groups,36,94.5,0.8
India,Jharkhand,Madikeri,PM10,2.6,465.2,206.8,219,Very Unhealthy,19.9,45.6,4.2
India,Kerala,Patna,NH3,36.5,369.8,127.5,112,Unhealthy for Sensitive Groups,33.6,82.6,22.5
India,Kerala,Kurukshetra,PM2.5,18.7,458.5,39.6,39,Good,31.7,77.9,28.6
India,Madhya Pradesh,Samastipur,SO2,207.6,274.3,211.4,255,Very Unhealthy,29.1,77.2,2.3
India,Jammu and Kashmir,Chamarajanagar,CO,102.7,300.6,224.5,274,Very Unhealthy,28.8,90.2,6.7
India,Maharashtra,Ghaziabad,NO2,42.3,478.9,101.5,103,Unhealthy for Sensitive Groups,39.5,50.5,20.7
India,Sikkim,Narnaul,CO,94.4,352.9,152.3,179,Unhealthy,24.8,94.3,7.3
India,Punjab,Chittorgarh,NO2,3,92.3,27.4,44,Good,21.5,79.2,27.3
India,Gujarat,Siwan,NO2,3.4,43.3,9.5,38,Good,17,62.7,28.3
India,Bihar,Jalandhar,PM10,8.1,172,30,13,Good,28.8,38.5,23.1
India,Meghalaya,Jalna,CO,141.5,370.3,153.5,190,Unhealthy,38,33.9,9.8
India,Jammu and Kashmir,Barbil,CO,65.9,253.5,213.3,262,Very Unhealthy,26,42.6,3.6
India,Tripura,Asansol,NH3,15.2,476.2,20.4,22,Good,30.5,54.5,14.2
India,Punjab,Sagar,NO2,91.5,373.4,111.6,109,Unhealthy for Sensitive Groups,15.7,38.7,27.4
India,Punjab,Korba,PM10,103.5,474.6,113.2,149,Unhealthy for Sensitive Groups,39.4,62.8,22.1
India,Jharkhand,Bhiwadi,CO,3.2,120.2,38.8,11,Good,36.6,46.2,22.6
India,Sikkim,Kashipur,SO2,63,451.6,69.1,70,Moderate,32.2,76,10.4
India,Meghalaya,Yamuna Nagar,NH3,220.7,447,253,212,Very Unhealthy,39.3,72.3,29.4
India,Odisha,Madikeri,NO2,7.8,419.7,42.3,27,Good,30.2,88.8,16.3
India,Himachal Pradesh,Tensa,NO2,181.2,303.9,209.9,265,Very Unhealthy,26.9,62.7,24.3
India,Meghalaya,Siwan,NH3,2.9,328.2,251.5,218,Very Unhealthy,16.7,84,27.3
India,Madhya Pradesh,Chandigarh,PM10,167.6,359.8,260.6,202,Very Unhealthy,18.6,79.1,20.8
India,Odisha,Kota,PM2.5,4.5,302.3,255.1,253,Very Unhealthy,20.4,91.6,24.5
India,Punjab,Mangalore,CO,4,351.2,34.6,43,Good,38.4,49.5,1.6
India,Karnataka,Guntur,CO,12.3,127.1,112.1,118,Unhealthy for Sensitive Groups,27,39.1,0.7
India,Bihar,Kashipur,CO,21,363.9,25.7,45,Good,28.7,44.2,6.6
India,Delhi,Chhal,CO,136.4,448.1,176,166,Unhealthy,34.9,52.8,6.4
India,Odisha,Kurukshetra,SO2,50.9,467.9,91,60,Moderate,25,59.1,11.6
India,Bihar,Vijayapura,NO2,48.2,183.2,81.4,65,Moderate,20.9,31.8,18.9
India,Odisha,Pratapgarh,PM10,105.4,325.3,223.3,206,Very Unhealthy,27.3,53,21.8
India,Nagaland,Munger,NO2,43.1,204,101.6,115,Unhealthy for Sensitive Groups,15.1,48.6,8.8
India,Rajasthan,Ludhiana,OZONE,31,285.3,73,92,Moderate,16,91.8,12.5
India,West Bengal,Narnaul,NO2,94.3,416.4,217.5,288,Very Unhealthy,37.2,86.7,11.8
India,Maharashtra,Chhapra,NH3,44.1,418.2,260.4,239,Very Unhealthy,34.8,39.2,20.2
India,Himachal Pradesh,Kalyan,NO2,138.8,431.2,184.4,183,Unhealthy,18,44.1,20.7
India,Jammu and Kashmir,Bengaluru,NH3,52.8,480.9,110.3,134,Unhealthy for Sensitive Groups,18.4,45.8,22.3
India,Punjab,Shivamogga,PM10,16.7,168.5,63,79,Moderate,15.7,90.9,6.6
India,Chandigarh,Munger,SO2,4.8,58.5,50.6,386,Hazardous,23.5,81.4,28.4
India,Karnataka,Gummidipoondi,NO2,84.7,236,216.7,207,Very Unhealthy,26.9,49,6.7
India,Sikkim,Tumidih,PM10,167.5,417,261.9,237,Very Unhealthy,18.5,41.6,29.4
India,Haryana,Ajmer,NH3,50.5,297,66.1,93,Moderate,22,58.4,11.6
India,Rajasthan,Malegaon,CO,0.8,101,63.9,92,Moderate,30.1,40,7.4
India,Andhra Pradesh,Jalore,PM10,27.6,343.5,190.6,167,Unhealthy,25.5,55.2,29.9
India,Himachal Pradesh,Sirohi,PM2.5,159.4,274,246.1,295,Very Unhealthy,22.3,60.2,19.4
India,Uttar Pradesh,Hapur,NO2,32.3,375.2,90.7,97,Moderate,38.1,45.9,4.3
India,Mizoram,Thane,OZONE,4.3,282.7,16.9,48,Good,34.5,35.6,14.6
India,Odisha,Barmer,CO,131.7,375.3,189.6,183,Unhealthy,38.2,37.8,14.5
India,Puducherry,Latur,PM2.5,107,467.9,194.7,153,Unhealthy,17.3,89.3,2.2
India,Himachal Pradesh,Karwar,PM10,256.3,338.6,261.7,242,Very Unhealthy,39.5,81.5,1.9
India,Arunachal Pradesh,Manesar,NH3,88.3,274.3,227.8,266,Very Unhealthy,18.7,88.4,0
India,Bihar,Nagaur,OZONE,10,318.2,148.3,107,Unhealthy for Sensitive Groups,18.2,46.1,27
India,Rajasthan,Nagpur,NO2,95.6,165,96,89,Moderate,15.5,81.2,26.2
India,Odisha,Chhal,CO,17.6,475.4,24,43,Good,27.6,82.6,1.1
India,Tamil Nadu,Dehradun,CO,62,363.6,118.4,150,Unhealthy for Sensitive Groups,28.1,63.4,22.4
India,Himachal Pradesh,Prayagraj,CO,43.2,466.4,144.3,137,Unhealthy for Sensitive Groups,38.7,81.5,23.6
India,Assam,Katihar,OZONE,157.6,283.3,181.6,181,Unhealthy,21.9,49.2,21.4
India,Mizoram,Mangalore,NO2,24.2,298.1,54.9,98,Moderate,25.6,88.9,7.4
India,Delhi,Vatva,PM2.5,97.3,335.9,111.8,105,Unhealthy for Sensitive Groups,37.4,32.4,6.8
India,Karnataka,Patna,NH3,73,295.4,158.3,167,Unhealthy,18.9,50.5,20.7
India,Assam,Agartala,NO2,159.5,463.9,247.7,264,Very Unhealthy,29.1,62.6,18.7
India,Arunachal Pradesh,Tumidih,NH3,6.6,368,27.7,35,Good,27.8,76,20.4
India,Puducherry,Bundi,CO,79.8,387.7,85.9,90,Moderate,30.8,92.6,17.1
India,Puducherry,Ludhiana,PM2.5,4.2,472.4,8.8,3,Good,33.4,52.3,4.9
India,Chhattisgarh,Keonjhar,SO2,33.4,212.9,113.1,131,Unhealthy for Sensitive Groups,27.7,56.7,26.9
India,Maharashtra,Jhalawar,PM10,10.6,193.8,43,19,Good,28.2,55.7,17.3
India,Mizoram,Mysuru,PM2.5,10.7,151.9,36.9,6,Good,15.6,74.1,4.6
India,Tamil Nadu,Kashipur,PM10,66.5,387.6,217.1,284,Very Unhealthy,26.7,89.9,13.7
India,Meghalaya,Suakati,SO2,145.2,468.1,154.3,162,Unhealthy,27.2,53.2,1.6
India,Karnataka,Madikeri,PM2.5,131.7,225.1,145.4,114,Unhealthy for Sensitive Groups,27.8,88.5,6.5
India,Uttar Pradesh,Haldia,OZONE,149,310.1,157.1,158,Unhealthy,37.1,71.6,17.5
India,Gujarat,Sivasagar,NO2,47.6,125.4,54.8,86,Moderate,23,31.5,3.8
India,Delhi,Jaipur,NH3,40.3,316.6,230.5,241,Very Unhealthy,18.5,49.6,13.9
India,Puducherry,Patna,CO,42.4,296,49.5,34,Good,38.6,38.1,25
India,Delhi,Howrah,PM10,23.1,274,157,192,Unhealthy,26.1,91.1,29.9
India,Haryana,Puducherry,NO2,122.7,234.2,171.2,184,Unhealthy,33,33,16.9
India,West Bengal,Mehsana,SO2,61.5,193.6,171.4,157,Unhealthy,27.7,93.9,29.4
India,Nagaland,Chamarajanagar,SO2,124.7,433.4,175,192,Unhealthy,15,66.5,24.6
India,Tripura,Nanded,PM10,51.2,233.6,121,137,Unhealthy for Sensitive Groups,22.3,43.1,7.8
India,Bihar,Kohima,NO2,40.4,332,149.6,132,Unhealthy for Sensitive Groups,26.1,60.8,14
India,Jharkhand,Dungarpur,CO,83,230.5,224.3,219,Very Unhealthy,24.4,30.8,26.8
India,Gujarat,Sirohi,OZONE,45.1,426.8,222.1,274,Very Unhealthy,29.9,74.4,29.6
India,Chandigarh,Bhiwani,NO2,68.1,154.9,100.1,417,Hazardous,34.2,64.7,6.3
India,Nagaland,Karwar,PM2.5,17.7,330.8,103.2,127,Unhealthy for Sensitive Groups,15.3,93.9,5.9
India,Meghalaya,Rairangpur,NO2,56.3,208,124.7,128,Unhealthy for Sensitive Groups,38.3,49.6,26
India,Tripura,Jalgaon,NH3,81.3,343.8,110.4,145,Unhealthy for Sensitive Groups,17.3,78.8,25.2
India,Meghalaya,Kohima,NH3,148.5,239.3,160.6,169,Unhealthy,29.7,30.7,15.2
India,Himachal Pradesh,Navi Mumbai,PM2.5,3.9,171.1,57,60,Moderate,37.7,34.8,18.1
India,Jharkhand,Boisar,NO2,34.2,190.3,78.2,75,Moderate,38.6,52.8,18.8
India,Uttarakhand,Ramanagara,CO,5.2,482.3,113.6,136,Unhealthy for Sensitive Groups,35.1,71,5.7
India,Haryana,Byrnihat,PM2.5,167.3,391.8,169.4,179,Unhealthy,33.1,55.3,23
India,Chandigarh,Badlapur,PM2.5,151.2,287.4,229.6,209,Very Unhealthy,17.2,48.4,15.6
India,Uttarakhand,Kollam,PM2.5,35,405.5,176.3,154,Unhealthy,15.6,63.4,16.9
India,Haryana,Ahmednagar,PM2.5,104.3,353.4,185.2,189,Unhealthy,35.9,39.4,14.6
India,Uttar Pradesh,Latur,OZONE,159.7,410.7,207.5,283,Very Unhealthy,37.1,92.4,1.4
India,Bihar,Meerut,CO,27.5,257.6,199.7,165,Unhealthy,36.7,61,21.8
India,Tripura,Bhilai,PM10,75.8,449.4,80.4,77,Moderate,30.1,86.2,9.4
India,Punjab,Mangalore,NH3,27.9,291.6,74.3,84,Moderate,22.6,91.2,21.9
India,Meghalaya,Jodhpur,NH3,30.9,417.2,177.8,200,Unhealthy,36.2,75.9,4.4
India,Chandigarh,Khairthal,OZONE,117.3,358.8,202.3,279,Very Unhealthy,39.8,45.8,10.1
India,Haryana,Ajmer,OZONE,29.1,230.7,170.6,199,Unhealthy,36.7,92.4,25.6
India,Bihar,Chikkamagaluru,CO,51.9,252.5,122.1,127,Unhealthy for Sensitive Groups,15.8,66.1,13.8
India,Kerala,Barrackpore,NO2,34.4,480.3,152.3,153,Unhealthy,24.4,31.4,5.7
India,Uttarakhand,Munger,CO,2.1,291.3,54.8,79,Moderate,25.2,45.1,9.4
India,Jammu and Kashmir,Indore,OZONE,24.3,175,29.4,17,Good,25.8,79.1,8.2
India,Arunachal Pradesh,Satara,SO2,133,200.5,199.6,184,Unhealthy,24.2,51.5,9.7
India,Punjab,Bhiwani,PM2.5,15.3,423.5,28.8,6,Good,29,80,8
India,Mizoram,Ankleshwar,PM10,26.7,476,99.3,82,Moderate,18,84.1,25.3
India,Punjab,Tensa,CO,38.2,318.7,128.4,133,Unhealthy for Sensitive Groups,32.7,78.5,21.2
India,Punjab,Pratapgarh,SO2,71.2,228,121.5,121,Unhealthy for Sensitive Groups,37.6,53,3.7
India,Chhattisgarh,Thane,NH3,9.2,220.1,175.5,186,Unhealthy,31.1,53.4,26
India,Punjab,Bhagalpur,NO2,66.5,134.8,99.3,74,Moderate,17.6,80.1,8.9
India,Tripura,Baripada,SO2,24.4,379.9,142.4,119,Unhealthy for Sensitive Groups,23.6,42.8,16.3
India,West Bengal,Panchgaon,NH3,55.6,108.3,59.9,100,Moderate,19.1,55.6,1.5
India,Chhattisgarh,Kadapa,PM10,85.3,220.6,85.3,71,Moderate,35.7,90.7,25.1
India,Odisha,Sonipat,NH3,20,385.8,94.5,83,Moderate,18.5,47.8,17.2
India,Madhya Pradesh,Srinagar,CO,30.1,425.8,248.6,208,Very Unhealthy,36.8,68.2,4.4
India,Chhattisgarh,Durgapur,PM2.5,30,276.1,32.7,22,Good,22.5,87.7,8.4
India,Puducherry,Jalandhar,SO2,57.7,405.1,198.7,186,Unhealthy,19.2,77.7,2.1
India,Jammu and Kashmir,Jhunjhunu,NO2,122.7,488.4,221.4,221,Very Unhealthy,31.4,76.2,9.7
India,Sikkim,Haldia,NO2,136.1,315.7,248.1,291,Very Unhealthy,35.1,60.4,17
India,Meghalaya,Khanna,NH3,203.7,296,241.6,247,Very Unhealthy,32.4,39.2,17.7
India,Sikkim,Tensa,NO2,79.6,443.2,238.8,253,Very Unhealthy,38.3,46.3,2.2
India,Delhi,Pithampur,NH3,24.3,240.1,65.9,90,Moderate,23.2,57.5,18.5
India,Jharkhand,Ujjain,NH3,143.6,307.7,207.2,284,Very Unhealthy,22.5,33.4,11.7
India,Telangana,Jorapokhar,CO,87,272.9,163.6,197,Unhealthy,26.6,47.7,15
India,Punjab,Brajrajnagar,NO2,110.9,218.4,160.1,164,Unhealthy,36.2,44.2,10.4
India,Maharashtra,Begusarai,OZONE,42.3,68.6,60.3,58,Moderate,21.6,90.6,27.2
India,Odisha,Guwahati,OZONE,22.6,488.7,112.6,130,Unhealthy for Sensitive Groups,31.5,64.9,25.5
India,Arunachal Pradesh,Madurai,NO2,177.7,421.2,222.6,202,Very Unhealthy,38.5,46.1,16.2
India,Chhattisgarh,Barrackpore,PM2.5,75.5,398.2,220,224,Very Unhealthy,17,50.6,28.8
India,Haryana,Amaravati,SO2,7.6,74.7,8.1,50,Good,24.6,77.7,8.1
India,Kerala,Yamuna Nagar,PM2.5,208.7,289.1,257.9,204,Very Unhealthy,33.5,86.1,19.7
India,Uttarakhand,Bhiwani,CO,101.9,315.2,213.9,284,Very Unhealthy,20.1,74.9,12
India,Nagaland,Vapi,SO2,6.4,327.8,14.6,2,Good,36.7,55.6,26.2
India,Puducherry,Kunjemura,PM2.5,20.7,174.7,167.3,163,Unhealthy,32.6,31.9,24.8
India,Chandigarh,Nanded,CO,88.7,197.3,132.4,132,Unhealthy for Sensitive Groups,34.2,66.7,9.5
India,Arunachal Pradesh,Ahmednagar,PM10,110.5,298.2,256.1,254,Very Unhealthy,27.7,32.7,20
India,Jammu and Kashmir,Katni,PM10,12.4,185.5,164.9,191,Unhealthy,18.1,58.7,15.4
India,Meghalaya,Patiala,CO,126.5,388.1,260.3,203,Very Unhealthy,18.6,37,10.2
India,Haryana,Jalna,NO2,50,367.6,191.2,155,Unhealthy,21.9,73.6,14.1
India,Nagaland,Keonjhar,NO2,73.6,395.7,111,122,Unhealthy for Sensitive Groups,30.2,72.7,14.8
India,Gujarat,Gaya,NO2,57.8,406.7,224.1,205,Very Unhealthy,29.8,54.5,23.9
India,Sikkim,Tirupati,PM10,51.1,487.7,120.5,129,Unhealthy for Sensitive Groups,36.8,86.6,9.2
India,Chandigarh,Kollam,PM10,96.6,472.9,240.7,245,Very Unhealthy,39.9,61.2,11.6
India,Assam,Patiala,PM10,0.4,343.4,0.4,22,Good,23.8,55.4,14.1
India,Arunachal Pradesh,Surat,NO2,23.9,345.2,248.2,207,Very Unhealthy,16.6,56.4,27
India,Chandigarh,Bikaner,PM2.5,7.1,14.3,7.1,30,Good,20.3,91.3,7.8
India,Uttarakhand,Kishanganj,NH3,82.6,485.1,162.5,180,Unhealthy,34.7,92.6,4.3
India,Chhattisgarh,Narnaul,OZONE,83.7,397.3,123.9,137,Unhealthy for Sensitive Groups,22.2,86.6,12.1
India,Punjab,Bhiwadi,PM10,136.9,405.9,221.1,271,Very Unhealthy,21.2,34.8,20.3
India,Rajasthan,Belapur,NH3,34,216,94.4,53,Moderate,18,42.3,20.5
India,Odisha,Mumbai,OZONE,59.5,305.3,253,202,Very Unhealthy,16.4,86.5,2.1
India,Nagaland,Koppal,NH3,66.6,357.7,205.6,267,Very Unhealthy,15.5,63.1,5
India,Tripura,Maihar,CO,8.7,464.9,14.7,9,Good,21.5,79.9,20.7
India,Uttar Pradesh,Tirumala,OZONE,12.6,487.7,184.1,161,Unhealthy,20.8,36.5,25.8
India,Nagaland,Ramanagara,OZONE,12.2,266.4,70,92,Moderate,30.6,70.2,20.2
India,Uttar Pradesh,Kolkata,OZONE,7.4,450.6,7.4,18,Good,27,57.5,4.6
India,Nagaland,Palwal,NH3,9.8,306.5,122.9,140,Unhealthy for Sensitive Groups,24.5,61.7,29.6
India,Gujarat,Howrah,PM2.5,25.6,128.6,39.1,7,Good,26.2,33.3,2.6
India,Sikkim,Nandesari,PM10,109.3,221.3,183.4,188,Unhealthy,32,79.3,22
India,Mizoram,Jaipur,OZONE,103.8,367.8,173.6,157,Unhealthy,24,84.5,9.6
India,Telangana,Jorapokhar,SO2,6,125.9,6,37,Good,21,56.6,5.1
India,Chhattisgarh,Karwar,PM10,37.8,225,216.5,218,Very Unhealthy,33,30.2,18.7
India,Mizoram,Hyderabad,PM10,103.4,448.1,122.7,138,Unhealthy for Sensitive Groups,33.9,51,14.6
India,Madhya Pradesh,Pune,SO2,96.5,496.8,179.4,197,Unhealthy,31.7,77.5,27
India,Chandigarh,Bharatpur,SO2,168.7,494.3,199.2,181,Unhealthy,34.8,41.5,25
India,Karnataka,Vijayapura,NH3,80.2,143.8,113.4,129,Unhealthy for Sensitive Groups,29.6,54.3,18.6
India,Telangana,Bhopal,PM10,79.7,355.2,114.6,113,Unhealthy for Sensitive Groups,27.7,37.9,14.4
India,Meghalaya,Faridabad,NH3,10.6,248,157.4,161,Unhealthy,34.7,81.3,13.1
India,Uttar Pradesh,Kota,PM10,57.2,498.3,148.8,115,Unhealthy for Sensitive Groups,26.9,77,26
India,Puducherry,Dehradun,CO,54.5,77.8,57,62,Moderate,30.3,55.6,24.6
India,Uttar Pradesh,Nagpur,SO2,55.4,357.5,61.3,72,Moderate,18.3,44.2,13.2
India,West Bengal,Kohima,SO2,106.7,353.8,152.8,197,Unhealthy,19.3,36.4,10.4
India,Gujarat,Mira-Bhayandar,NH3,113.8,419.5,158.1,161,Unhealthy,34.3,35.3,23.6
India,Puducherry,Tonk,CO,117.7,206.9,170.4,175,Unhealthy,24.2,83.8,18.9
India,Arunachal Pradesh,Byrnihat,NO2,43,433.9,59,81,Moderate,31,33.1,13.5
India,Kerala,Rajamahendravaram,NH3,68.1,364.5,193.1,179,Unhealthy,36.1,59.6,8.4
India,Gujarat,Karnal,CO,119.3,310.6,198.7,155,Unhealthy,28,68.3,0.3
India,Delhi,Faridabad,SO2,8.6,224,34.7,0,Good,25.8,54.6,11.8
India,Jammu and Kashmir,Beed,CO,4.3,379.3,168.9,183,Unhealthy,22.2,82.2,17.3
India,Nagaland,Bundi,OZONE,6.4,439.6,39.1,44,Good,36.4,54.7,29.1
India,Kerala,Gorakhpur,NO2,3.3,133.7,120.9,133,Unhealthy for Sensitive Groups,33.8,93.8,12.6
India,Bihar,Firozabad,OZONE,89.1,378.8,230.7,266,Very Unhealthy,31.9,68.5,28.8
India,West Bengal,Thiruvananthapuram,PM10,21,159,47.3,48,Good,37,65.9,7.1
India,Jharkhand,Keonjhar,SO2,97,377.2,227.9,232,Very Unhealthy,38.9,47.5,9.3
India,Bihar,Mangalore,NH3,67.7,205.5,83.6,66,Moderate,39.1,64,23.6
India,Karnataka,Guntur,NO2,3,79,76.1,63,Moderate,36,43.5,24
India,Tripura,Sonipat,NH3,11.3,338.6,80.4,92,Moderate,24.1,39.6,8.6
India,Gujarat,Katihar,NH3,25.5,347.2,172.8,197,Unhealthy,21.1,73.8,21.3
India,Tripura,Ankleshwar,NO2,117.4,347.5,162.7,190,Unhealthy,23,61,1.9
India,Nagaland,Cuddalore,OZONE,95.9,205.4,176.3,193,Unhealthy,36.4,77.4,28.6
India,West Bengal,Madikeri,SO2,46.7,105,48.7,31,Good,21.6,51.9,16.3
India,Arunachal Pradesh,Pali,PM10,6.6,20.7,12.5,0,Good,37,40.1,4.2
India,Mizoram,Nashik,SO2,97.2,343.7,230.7,252,Very Unhealthy,22.7,34.9,18.1
India,Haryana,Chandrapur,NH3,1.5,256,4.2,36,Good,27.5,56.1,23.6
India,Punjab,Samastipur,SO2,227.2,319.4,244.4,238,Very Unhealthy,38.6,43.7,1.3
India,Tripura,Chandrapur,OZONE,49.8,321.4,125.8,150,Unhealthy for Sensitive Groups,31.6,37.3,6.5
India,Puducherry,Ambernath,PM2.5,24.3,179,24.6,1,Good,28.3,82.9,5.3
India,Puducherry,Karnal,PM2.5,104,495,125.4,118,Unhealthy for Sensitive Groups,31.5,61.3,1.6
India,Bihar,Chandrapur,NH3,14.4,377.1,46.5,12,Good,31.1,34.9,4.1
India,Gujarat,Muzaffarpur,PM2.5,248.7,322.6,251.4,274,Very Unhealthy,23,50.3,23.3
India,Sikkim,Panchkula,NO2,58.7,320.2,79.7,92,Moderate,39.9,82.5,7.6
India,Uttarakhand,Bettiah,CO,8.7,317.7,256.3,291,Very Unhealthy,19.6,51.2,19
India,Madhya Pradesh,Manguraha,PM10,26,436.5,85.2,98,Moderate,29.2,78.4,10
India,Delhi,Coimbatore,CO,9.3,181.4,55,80,Moderate,28.5,57.4,15.4
India,Meghalaya,Bhilai,SO2,139.3,254.7,191.1,187,Unhealthy,37.6,46,9.4
India,Jharkhand,Milupara,CO,20.3,250.7,205.8,223,Very Unhealthy,17.5,47.5,8.1
India,Karnataka,Hisar,NH3,82.3,475.8,92,96,Moderate,25.4,80.7,2.4
India,Nagaland,Bhavnagar,NH3,58.2,474.8,155.8,200,Unhealthy,27.5,48.3,10.3
India,Karnataka,Korba,PM2.5,12.8,475.7,69.8,87,Moderate,38.6,70.1,5.2
India,Himachal Pradesh,Barbil,NH3,54.5,211.5,76.2,72,Moderate,26.2,65,15.9
India,Punjab,Rajgir,CO,53.7,203.9,186.7,190,Unhealthy,21.1,85.7,6.6
India,Chandigarh,Tirupati,SO2,4,478.1,77.7,62,Moderate,38.3,67.9,3.4
India,Bihar,Mandikhera,PM2.5,21.4,311.6,236.4,263,Very Unhealthy,37,64,24.6
India,Uttarakhand,Bhiwadi,CO,18.9,261.5,51.6,89,Moderate,21.7,58.6,15.1
India,Jammu and Kashmir,Katihar,CO,100.9,270,185.9,171,Unhealthy,15.6,72.3,2
India,Jharkhand,Ujjain,PM10,66.2,175.4,171.9,151,Unhealthy,30.5,78,15.6
India,West Bengal,Hingoli,NH3,30.7,99.2,68.2,100,Moderate,28.1,78.5,22.1
India,Maharashtra,Samastipur,SO2,28.5,442,131.5,111,Unhealthy for Sensitive Groups,23,65,10.9
India,Odisha,Narnaul,PM2.5,33.3,469.1,232.4,256,Very Unhealthy,39.6,50.2,7.7
India,Nagaland,Tonk,SO2,3.7,359.3,117.5,120,Unhealthy for Sensitive Groups,39.3,72.4,19.6
India,Karnataka,Ambernath,PM10,166.9,390.7,223.6,202,Very Unhealthy,18.1,55.4,22.3
India,West Bengal,Katihar,SO2,14.4,127.8,47,1,Good,34,72.1,28.9
India,Haryana,Bareilly,SO2,30.4,128.5,94.4,59,Moderate,20.8,47.5,5.3
India,Himachal Pradesh,Bundi,PM10,44.8,282.4,64.2,94,Moderate,26,59.8,1.9
India,Rajasthan,Raebareli,SO2,40.8,435.8,210.1,280,Very Unhealthy,31.8,42.5,10
India,Andhra Pradesh,Sikar,NO2,9.4,206,32.8,15,Good,20.7,62,8.1
India,Andhra Pradesh,Hisar,NO2,1.5,357.5,20.9,38,Good,17.6,64.6,19.5
India,Rajasthan,Ambala,CO,7.5,425.8,40.3,6,Good,34.5,70.9,23.4
India,Bihar,Korba,NH3,109.7,493.5,264,255,Very Unhealthy,33.7,43.1,16.3
India,Himachal Pradesh,Noida,NH3,15.6,174,159.2,194,Unhealthy,30.1,54.3,23.7
India,Gujarat,Chikkamagaluru,NO2,134.8,378,233.1,270,Very Unhealthy,21.7,68.5,8.4
India,Madhya Pradesh,Baghpat,NO2,114.4,292.5,217,247,Very Unhealthy,24.4,49.8,23.8
India,West Bengal,Aurangabad,NH3,8,132.6,28.8,7,Good,20,82.7,7.5
India,Maharashtra,Bharatpur,SO2,105.2,237.9,221.1,236,Very Unhealthy,24.4,54.9,10.6
India,Arunachal Pradesh,Tumidih,PM10,72.3,281,212.2,243,Very Unhealthy,15.4,56.3,3.2
India,Odisha,Hubballi,NH3,14.2,97.4,38.7,45,Good,15.8,67.3,3.3
India,Tripura,Panchkula,CO,82.6,279.5,123.3,109,Unhealthy for Sensitive Groups,15.7,41.5,5.6
India,Telangana,Sonipat,CO,16.5,490.2,28.6,24,Good,35.2,77.8,0.2
India,Arunachal Pradesh,Bikaner,NO2,161.8,295.5,165.3,196,Unhealthy,36.7,31,12.7
India,Rajasthan,Palwal,CO,42.3,225.9,79.9,99,Moderate,20.1,31.8,22.5
India,Puducherry,Jorapokhar,NH3,68,344.5,166.7,170,Unhealthy,29,46.6,23
India,West Bengal,Chennai,PM2.5,189.4,344.4,193.7,190,Unhealthy,17.1,78.6,3
India,Rajasthan,Nandesari,SO2,5.7,419.1,182.2,187,Unhealthy,35,36.4,22.4
India,Kerala,Raebareli,CO,160.4,369.5,213.1,299,Very Unhealthy,22.3,41.9,20.7
India,Arunachal Pradesh,Hubballi,OZONE,93.5,347.5,167.8,179,Unhealthy,21.7,55,9.6
India,Punjab,Bettiah,PM10,27.5,233.7,156.8,188,Unhealthy,22.4,65.9,23.6
India,Assam,Pimpri-Chinchwad,PM2.5,24.5,458.9,63.2,95,Moderate,25,91.8,24.3
India,Uttarakhand,Damoh,CO,154.1,484,179.7,184,Unhealthy,39.2,60.2,18.9
India,Arunachal Pradesh,Khanna,PM10,78.4,481,194,170,Unhealthy,28.7,39.3,10.6
India,Odisha,Karnal,SO2,54.3,156.2,123.5,111,Unhealthy for Sensitive Groups,23.7,83.9,24.1
India,Punjab,Yamuna Nagar,NH3,2.6,162.9,81.3,69,Moderate,20.3,45.6,3.5
India,Mizoram,Jaipur,CO,18.5,361.1,158.3,184,Unhealthy,20.8,32.4,11.5
India,Chhattisgarh,Singrauli,PM2.5,71.5,352.6,78,89,Moderate,17.7,94.2,25.4
India,Gujarat,Vapi,PM2.5,37.2,135.1,62.3,54,Moderate,35.6,81.2,1
India,Mizoram,Maihar,SO2,59.5,268.7,197.3,199,Unhealthy,15,32.4,1.7
India,Kerala,Khairthal,SO2,39.1,100.2,44.5,34,Good,28.1,50.9,13.3
India,Maharashtra,Katihar,SO2,2.6,251.1,31.8,38,Good,21.3,38.7,3.4
India,Gujarat,Durgapur,NH3,159.6,359.4,205.8,228,Very Unhealthy,39.4,34.7,7.2
India,Nagaland,Siwan,NH3,165.1,286.4,223,278,Very Unhealthy,24.6,82.9,7
India,Haryana,Bundi,PM2.5,50.7,95.8,56.5,96,Moderate,38.8,73.9,7
India,Bihar,Dausa,PM10,77.5,458.2,182.9,172,Unhealthy,39.6,42.4,4.1
India,Uttarakhand,Naharlagun,SO2,1,253.7,4.8,37,Good,25,52.2,3.6
India,Meghalaya,Machilipatnam,OZONE,93.6,210.5,191.8,169,Unhealthy,37.8,90.7,24.9
India,Jammu and Kashmir,Fatehabad,PM10,45.8,283,108.2,131,Unhealthy for Sensitive Groups,28.9,45.8,3.6
India,Madhya Pradesh,Pune,NO2,117.6,334.8,119.1,105,Unhealthy for Sensitive Groups,19.2,93,25.5
India,Kerala,Angul,OZONE,21.1,275.6,100.3,366,Hazardous,27.3,55.2,0.9
India,Himachal Pradesh,Hubballi,PM2.5,19,372.5,26.7,30,Good,21.7,31.2,15.4
India,Madhya Pradesh,Maihar,PM2.5,33.3,241.5,186.4,162,Unhealthy,20.2,93.6,11.5
India,Tripura,Damoh,NO2,55.5,497.3,119,129,Unhealthy for Sensitive Groups,38.4,73.8,6.5
India,Chhattisgarh,Surat,PM2.5,21.7,458.6,111.2,133,Unhealthy for Sensitive Groups,24.6,51.4,3.2
India,Assam,Bahadurgarh,PM2.5,17,380.7,117.3,139,Unhealthy for Sensitive Groups,38.3,41.4,26.5
India,Sikkim,Visakhapatnam,CO,8.1,404,29.7,45,Good,22.1,87.2,24.9
India,Odisha,Angul,SO2,26.9,75.4,55.4,75,Moderate,37.8,65.6,20.9
India,Arunachal Pradesh,Mehsana,SO2,1.4,312,27.1,21,Good,19.3,52.3,19.1
India,Odisha,Buxar,PM10,4.5,361,81.3,89,Moderate,23.7,59.2,7.6
India,Bihar,Pali,PM10,4.4,328.7,39.4,10,Good,39.2,33.2,19.5
India,Madhya Pradesh,Vadodara,PM10,16.4,459.9,249.4,252,Very Unhealthy,22.4,69.4,26.8
India,Punjab,Patna,NH3,55.1,193.4,131.2,150,Unhealthy for Sensitive Groups,21.3,77.2,22.3
India,Punjab,Raipur,OZONE,51.6,183.6,98,66,Moderate,21.7,61,2.5
India,Assam,Bundi,PM2.5,2.3,397.9,48.5,0,Good,34.5,72.1,19.1
India,Telangana,Surat,PM2.5,1.8,475.1,29,50,Good,17.7,85.8,16
India,Andhra Pradesh,Patna,NO2,19.7,76.4,22,36,Good,35.9,56,2.3
India,Assam,Chhal,NH3,13.7,277.1,87.9,62,Moderate,22.1,30.8,26.3
India,Nagaland,Khurja,NH3,94.6,402.1,222.5,241,Very Unhealthy,23.1,85.4,7.1
India,Telangana,Bagalkot,PM10,118.4,262.6,162.2,169,Unhealthy,36.6,44.7,30
India,Assam,Kishanganj,NO2,7.4,355.4,37.2,9,Good,19.5,55.3,22.9
India,Punjab,Vrindavan,NH3,129.6,476.9,211.5,286,Very Unhealthy,24.7,61.9,23.3
India,Mizoram,Bharatpur,NO2,14.2,310.9,256,296,Very Unhealthy,32,64,5.8
India,Nagaland,Panipat,NH3,5.3,469.8,14.3,47,Good,19.7,63.5,12.7
India,Madhya Pradesh,Hajipur,NH3,14.2,451.1,46.9,32,Good,28.1,94,8.2
India,West Bengal,Narnaul,CO,100.2,489.9,119.1,148,Unhealthy for Sensitive Groups,26,63.9,21.1
India,Meghalaya,Chittorgarh,PM10,46.1,492.4,80,56,Moderate,18.5,74.5,21.1
India,Tamil Nadu,Suakati,OZONE,41.4,391.6,105,135,Unhealthy for Sensitive Groups,31.5,41.9,18.3
India,Himachal Pradesh,Tonk,PM10,0.6,361.8,50,4,Good,21.9,53.6,20.9
India,Sikkim,Ujjain,NH3,15.5,216.6,63.9,94,Moderate,35.2,61.1,14.7
India,Uttar Pradesh,Patiala,NO2,2.2,95.5,2.5,9,Good,38.7,80.5,17.2
India,Rajasthan,Khanna,SO2,1.3,490.5,7.9,22,Good,28.7,76.3,10
India,Uttarakhand,Sasaram,CO,98,284.9,179.7,166,Unhealthy,21,31.2,29.9
India,Kerala,Sawai Madhopur,PM10,183.3,287.3,238.8,269,Very Unhealthy,16.9,61.9,10.5
India,Punjab,Hubballi,NH3,122.4,409.8,228.7,247,Very Unhealthy,36.9,44.4,24.7
India,Uttar Pradesh,Mandideep,NO2,15.1,230.1,39.3,11,Good,37.6,72.1,11.7
India,Nagaland,Khairthal,CO,2.8,195.7,14.6,45,Good,35.4,86.1,15.3
India,Chhattisgarh,Guntur,OZONE,115.2,437.1,137.9,130,Unhealthy for Sensitive Groups,28.3,31.6,11
India,Assam,Begusarai,CO,16.9,387.5,18.7,6,Good,25.9,94.1,17.3
India,Delhi,Yadgir,PM10,9.2,249.9,47.6,19,Good,16.9,85.2,21.5
India,Bihar,Vrindavan,NO2,10.3,15.6,14.7,15,Good,25.2,81.4,3.6
India,Sikkim,Bhiwadi,PM2.5,97.8,329.4,186.9,158,Unhealthy,29.6,50.8,10.8
India,Assam,Sasaram,SO2,34.6,124.5,40,44,Good,22.7,68.8,11.4
India,Bihar,Beed,PM2.5,96.6,365.8,245.3,230,Very Unhealthy,37.3,41.1,0.3
India,Madhya Pradesh,Silchar,CO,0.5,307.9,34.3,34,Good,21.7,92.1,13.2
India,Chandigarh,Raebareli,NO2,47.2,224.9,81.3,77,Moderate,23.7,78.2,12
India,Delhi,Gaya,OZONE,137.8,325.4,150.1,353,Hazardous,15.4,75.8,16.8
India,Puducherry,Alwar,CO,214,292.9,257.5,237,Very Unhealthy,17.6,85.7,10.3
India,Arunachal Pradesh,Mira-Bhayandar,CO,4.8,179.9,45.5,24,Good,29.1,40.1,25.5
India,Mizoram,Patna,NO2,8.5,486.5,149.7,149,Unhealthy for Sensitive Groups,24.9,86.7,9.9
India,Chhattisgarh,Vijayapura,PM2.5,6.7,289.6,8.8,3,Good,19.4,73.4,27.3
India,Uttar Pradesh,Mira-Bhayandar,PM10,12.7,390.5,200.5,450,Hazardous,32.2,47.2,12.3
India,Madhya Pradesh,Jalore,SO2,1.4,365,5.4,26,Good,19.6,53.9,24.7
India,Telangana,Suakati,SO2,6.6,484.5,16.4,18,Good,31.1,57.9,11.8
India,Madhya Pradesh,Milupara,NO2,36.8,174.6,169.3,157,Unhealthy,31.9,81.1,0.9
India,Punjab,Mira-Bhayandar,OZONE,113.5,303.8,258.3,205,Very Unhealthy,16.7,86.2,22.1
India,Chhattisgarh,Eluru,PM2.5,32.9,240.2,160.5,155,Unhealthy,18.8,67.6,4.7
India,Kerala,Durgapur,NH3,127.1,172.8,169.1,160,Unhealthy,36.3,83.3,10.5
India,Telangana,Rishikesh,CO,26.1,456.9,243.3,265,Very Unhealthy,29.3,34.5,28.5
India,Maharashtra,Chamarajanagar,PM2.5,21.3,201.7,32,16,Good,38.8,93.2,3.6
India,Chandigarh,Jhunjhunu,CO,173.6,480.6,190.9,178,Unhealthy,34.4,72,26.3
India,Odisha,Kanpur,OZONE,3.3,260,157.8,158,Unhealthy,22.2,56.9,17.4
India,Uttarakhand,Haldia,PM10,128.7,450.2,166.8,190,Unhealthy,32,39.5,3.6
India,Sikkim,Sirsa,PM2.5,26.9,192.5,115,130,Unhealthy for Sensitive Groups,25.4,69.4,16.9
India,Himachal Pradesh,Vapi,NO2,34.1,155.5,70.5,60,Moderate,25.3,44.3,13.7
India,Chhattisgarh,Jaisalmer,SO2,17.7,407.4,20.7,27,Good,38.7,32.4,19.6
India,Rajasthan,Milupara,CO,55.8,255.7,118.6,123,Unhealthy for Sensitive Groups,32.8,70.9,14.1
India,Uttarakhand,Buxar,CO,11.4,22.2,14.8,8,Good,23.2,94.5,13.7
India,Maharashtra,Pratapgarh,PM10,23.8,392,24.2,24,Good,31,44,12
India,Sikkim,Bareilly,PM2.5,83,401.4,116.3,127,Unhealthy for Sensitive Groups,33.2,45.4,0.5
India,Punjab,Gorakhpur,CO,89.4,161.7,93.6,97,Moderate,15.9,39.9,29.9
India,Bihar,Bareilly,CO,64.8,174.4,78.4,53,Moderate,28.9,83.3,14.3
India,Uttar Pradesh,Begusarai,PM10,131.9,438.4,187.8,155,Unhealthy,26,69.2,29.3
India,Tamil Nadu,Manesar,SO2,0.1,414.4,29.1,18,Good,21.6,31.5,7.2
India,Gujarat,Nagaur,PM2.5,201.5,482.8,213.3,255,Very Unhealthy,40,39.3,3.2
India,Bihar,Ujjain,PM10,0.4,118.7,0.5,29,Good,34.3,62,19.6
India,Himachal Pradesh,Gadag,PM2.5,59.7,370,167.8,162,Unhealthy,37,46.8,0.8
India,West Bengal,Ludhiana,CO,165.7,310.3,185.2,197,Unhealthy,27,70.8,13.1
India,Haryana,Baran,OZONE,87.4,242.4,94.8,64,Moderate,25.5,46,28.8
India,Maharashtra,Dewas,NO2,69.4,351.5,99.5,52,Moderate,30.5,55.8,18
India,Delhi,Vijayapura,SO2,63.2,388.5,146.8,123,Unhealthy for Sensitive Groups,31.4,55.2,0.8
India,Odisha,Kalyan,NO2,8.5,190.8,72.1,64,Moderate,39.3,31.6,12.3
India,Jammu and Kashmir,Chikkamagaluru,NO2,32.5,385,80.1,65,Moderate,30.6,78.2,27.2
India,Punjab,Dharuhera,NH3,17,31.4,27.4,8,Good,28.2,40.3,1.3
India,Meghalaya,Udaipur,PM10,92.1,173.5,107,135,Unhealthy for Sensitive Groups,15.4,36.5,9.8
India,Sikkim,Visakhapatnam,CO,23.3,293.3,180.9,193,Unhealthy,16.6,54.9,12.7
India,Gujarat,Kolkata,OZONE,5.3,156.7,23.5,47,Good,39.4,35.2,6.2
India,Chandigarh,Shivamogga,NO2,62.2,374.2,106.9,140,Unhealthy for Sensitive Groups,31,71.1,28.6
India,Maharashtra,Faridabad,OZONE,48.1,456,256.2,250,Very Unhealthy,30,57.6,3.6
India,Nagaland,Bulandshahr,NO2,0.8,482.2,7.8,3,Good,36,55.6,18.8
India,Sikkim,Araria,SO2,53.2,495.9,254.9,258,Very Unhealthy,20.2,57.3,0.8
India,Nagaland,Durgapur,PM2.5,169.9,417.9,248.8,212,Very Unhealthy,28.1,43.9,21.8
India,Himachal Pradesh,Khanna,NH3,62.3,144.7,143.3,142,Unhealthy for Sensitive Groups,37.3,56.9,2.1
India,Arunachal Pradesh,Damoh,OZONE,16.1,495.4,153.6,151,Unhealthy,24.1,44.2,18
India,Meghalaya,Mehsana,PM10,186.3,496.4,233.6,288,Very Unhealthy,32.7,37.6,12.9
India,Chhattisgarh,Guwahati,OZONE,64.9,429.9,68.9,87,Moderate,27.5,77.3,28.9
India,Delhi,Palwal,PM2.5,16.3,71,31.1,6,Good,15.6,40.8,29.8
India,Tamil Nadu,Bhavnagar,NH3,40.4,219.2,72,59,Moderate,22.2,41.4,29.5
India,Tamil Nadu,Kalaburagi,CO,37,432.7,91,70,Moderate,18.1,84.5,18.4
India,Assam,Munger,OZONE,95.2,178.7,157.4,175,Unhealthy,34.5,83.9,26.9
India,Sikkim,Gangtok,CO,165.6,395.6,183.9,161,Unhealthy,21.8,66.9,24.9
India,Maharashtra,Motihari,PM10,0.6,437.4,167.7,152,Unhealthy,24.3,78.1,1.6
India,Kerala,Nandesari,CO,140.5,445.5,253.1,252,Very Unhealthy,31.3,70.7,16.7
India,Tamil Nadu,Purnia,NO2,9,175.1,93.4,71,Moderate,34.8,88.6,25.5
India,Assam,Belapur,NH3,0.4,236.6,0.7,26,Good,33.3,91.3,11
India,Puducherry,Maihar,CO,129.9,418.1,243.4,276,Very Unhealthy,34,84.8,24
India,Karnataka,Nagpur,PM10,17.1,475.2,19.7,36,Good,27.1,32.6,15
India,Uttar Pradesh,Rajkot,SO2,1.3,362.4,111.7,121,Unhealthy for Sensitive Groups,30.9,66.7,16.8
India,Haryana,Tonk,NO2,16.6,260.4,232,235,Very Unhealthy,27.4,63.8,5.9
India,Jammu and Kashmir,Nellore,PM10,15.2,137,111,120,Unhealthy for Sensitive Groups,37.2,37,2.9
India,Uttar Pradesh,Noida,OZONE,54.6,397.1,102.7,103,Unhealthy for Sensitive Groups,29.8,44.7,18.1
India,Madhya Pradesh,Bilaspur,SO2,201.4,242.3,204.2,299,Very Unhealthy,33.3,50.2,2.2
India,Punjab,Mira-Bhayandar,SO2,139,365.2,213.8,274,Very Unhealthy,34.9,33.7,17.4
India,Arunachal Pradesh,Naharlagun,OZONE,10.9,464.3,99.4,66,Moderate,21.1,44.8,22.5
India,Mizoram,Nagaur,SO2,29.5,245.3,43.3,0,Good,39.7,67.4,18.5
India,Karnataka,Gurugram,NH3,53.7,311,183.4,193,Unhealthy,29.2,71.9,6.6
India,Karnataka,Kadapa,NH3,169.1,319.4,253.8,281,Very Unhealthy,19,89.5,15
India,Jammu and Kashmir,Pampore,SO2,161.7,346.7,182.8,177,Unhealthy,30.4,32.1,7.6
India,Madhya Pradesh,Chhapra,NO2,1.1,65.5,6.1,36,Good,20,87.3,12.4
India,Maharashtra,Kunjemura,CO,72.8,139.8,111,123,Unhealthy for Sensitive Groups,27.6,94.4,19.7
India,West Bengal,Bengaluru,NH3,142.6,262.9,181,161,Unhealthy,19.6,93,26.2
India,Odisha,Ambernath,CO,75.2,139.4,106,140,Unhealthy for Sensitive Groups,30.2,86.6,18
India,Himachal Pradesh,Khairthal,NH3,22.7,395,93.6,66,Moderate,33.9,45.9,22
India,Sikkim,Baran,NH3,0.2,406.5,163.6,189,Unhealthy,35.2,58.8,18.3
India,Tripura,Bahadurgarh,NH3,204.4,415.1,214.8,227,Very Unhealthy,33.3,77.1,16.2
India,Chhattisgarh,Begusarai,SO2,9.2,342.7,172.3,160,Unhealthy,16.3,59.7,14.1
India,Chhattisgarh,Vijayapura,CO,25.3,456.8,138.5,128,Unhealthy for Sensitive Groups,32.3,54.9,27.6
India,Jammu and Kashmir,Bahadurgarh,NH3,75.6,188,110.9,109,Unhealthy for Sensitive Groups,25.1,38.6,3.3
India,Arunachal Pradesh,Amritsar,PM10,65.7,293.2,215.2,284,Very Unhealthy,32,93.7,27.1
India,Rajasthan,Mathura,NO2,21.8,255.5,36,11,Good,27.5,62,24.9
India,Telangana,Nagaon,PM10,4.3,497,12.8,11,Good,28.8,76.1,0.9
India,Uttar Pradesh,Kashipur,CO,76.5,414.5,218.4,256,Very Unhealthy,36.5,69.9,17.1
India,West Bengal,Chennai,NO2,154.2,494,170.2,154,Unhealthy,35.8,93.2,16
India,Delhi,Meerut,PM2.5,14.3,458.2,240.7,292,Very Unhealthy,16.8,55.5,26.2
India,Tamil Nadu,Bhubaneswar,PM2.5,110.7,493.7,231,261,Very Unhealthy,15.1,30.2,9.4
India,Arunachal Pradesh,Ghaziabad,NO2,49.1,233.8,84.7,54,Moderate,32,50.4,8.2
India,Punjab,Koppal,NO2,59.4,484.7,85.3,61,Moderate,18,83.3,11.8
India,Bihar,Boisar,NH3,68.9,392,99.7,68,Moderate,37.2,47.7,25.5
India,Karnataka,Katihar,PM2.5,153.3,226.4,179.6,188,Unhealthy,17.6,93.5,8.4
India,Assam,Gummidipoondi,CO,37.2,408.4,78.5,78,Moderate,36.1,52,4.4
India,Arunachal Pradesh,Bileipada,PM2.5,53.6,370.6,153.4,184,Unhealthy,29.6,73.8,24.5
India,Punjab,Ballabgarh,NH3,0.2,433.9,142,132,Unhealthy for Sensitive Groups,22.4,53.7,7
India,Uttarakhand,Sri Ganganagar,NH3,8.3,208.7,48.9,17,Good,28.6,32,6.4
India,Odisha,Shillong,NO2,10,459.3,15.9,24,Good,30,88.6,28.9
India,Andhra Pradesh,Pratapgarh,CO,52.4,332.2,107.4,146,Unhealthy for Sensitive Groups,21.4,92.6,6.4
India,Andhra Pradesh,Maihar,CO,100.5,207.9,162.4,194,Unhealthy,32.9,90.9,14.8
India,Telangana,Chandigarh,CO,23.5,259.5,33.9,18,Good,39.7,56,4.5
India,Chhattisgarh,Ahmedabad,OZONE,28.1,379.3,100.4,484,Hazardous,20.8,54.9,1
India,Odisha,Nagpur,PM2.5,180.9,363.4,248.9,297,Very Unhealthy,25,53,26.5
India,Uttarakhand,Dausa,SO2,65.4,451.4,154.2,176,Unhealthy,26.1,51.7,24.8
India,Jammu and Kashmir,Barmer,PM10,1.9,286.1,5.3,25,Good,38.3,92.9,10.6
India,Assam,Nellore,OZONE,9.2,107.1,77.6,69,Moderate,39.8,39.1,3.4
India,Chhattisgarh,Nagaur,NH3,138.7,410,258.1,241,Very Unhealthy,38.6,54,8.5
India,Tripura,Mehsana,PM10,8.3,234.8,78.5,84,Moderate,36.8,40.4,12
India,Andhra Pradesh,Sonipat,NH3,15.6,199.8,198,182,Unhealthy,23.3,65.2,7.7
India,Himachal Pradesh,Mumbai,NH3,137.1,268.1,227.3,296,Very Unhealthy,31.5,61.6,5.9
India,Haryana,Katni,PM2.5,3.6,495.8,32.4,43,Good,36.2,45.7,17.7
India,Maharashtra,Mumbai,NO2,67.6,317.2,170.7,195,Unhealthy,35.5,68.5,8.6
India,Gujarat,Bhiwandi,NH3,18.9,417.2,27.9,50,Good,26.1,46.7,2.9
India,Haryana,Gangtok,CO,176.1,392.3,222.9,277,Very Unhealthy,31.9,65.2,24.9
India,Andhra Pradesh,Munger,CO,200.2,338.5,240.2,241,Very Unhealthy,15.5,47.8,25.8
India,Delhi,Chamarajanagar,NO2,223.2,350.5,230.3,269,Very Unhealthy,31.8,58.6,0.3
India,Jharkhand,Mathura,CO,92,496.9,170.8,155,Unhealthy,20.4,62.3,28.3
India,Haryana,Bagalkot,CO,16.7,313.3,161.2,192,Unhealthy,20.5,78.2,24.9
India,Puducherry,Baran,NO2,0.2,196.2,0.3,34,Good,27.9,55.1,29.1
India,Nagaland,Bathinda,PM10,85.1,394.3,226.4,255,Very Unhealthy,38.3,76.1,2
India,Rajasthan,Coimbatore,NO2,130.7,484.7,177.4,178,Unhealthy,32.1,93.3,10.3
India,Karnataka,Mandikhera,PM2.5,75.2,314.5,256.2,205,Very Unhealthy,23.6,90,3.6
India,Maharashtra,Tirupati,NO2,28.9,409.9,220.2,204,Very Unhealthy,25.7,50.8,8.6
India,Meghalaya,Patna,PM10,7.3,472.1,11.8,39,Good,17,35.1,24.5
India,Chandigarh,Maihar,NH3,20,391.6,103.4,131,Unhealthy for Sensitive Groups,23,49.5,18.5
India,Puducherry,Rajsamand,NH3,30.5,375.5,64.7,94,Moderate,31.6,63.1,9.7
India,Puducherry,Banswara,CO,48.8,323,247.7,267,Very Unhealthy,38.2,42.7,19.9
India,Chhattisgarh,Kadapa,SO2,1.5,186.4,107.2,129,Unhealthy for Sensitive Groups,24.1,64,10.9
India,Uttarakhand,Bhilwara,NH3,43.3,230.6,85.1,57,Moderate,31.1,62.1,24
India,Uttar Pradesh,Kannur,OZONE,218.9,451.9,234.5,270,Very Unhealthy,40,83.1,0.6
India,Rajasthan,Jalandhar,OZONE,59.6,122.7,65.6,97,Moderate,15.2,30.5,8.6
India,Kerala,Kunjemura,PM2.5,122.3,359.1,233.1,261,Very Unhealthy,29.3,76.5,18.8
India,Punjab,Jodhpur,NO2,8.5,15.3,9,5,Good,36.4,40.9,16.8
India,Madhya Pradesh,Meerut,PM2.5,65.6,365.2,259,291,Very Unhealthy,35.6,36.3,5.5
India,Puducherry,Korba,NH3,119,375.8,145.8,109,Unhealthy for Sensitive Groups,30.6,32.1,2.3
India,Arunachal Pradesh,Motihari,SO2,6.6,422.3,111.9,141,Unhealthy for Sensitive Groups,31.7,85.4,28.4
India,Arunachal Pradesh,Chittorgarh,PM10,7.9,368.7,140.3,123,Unhealthy for Sensitive Groups,37.1,59.7,2.4
India,Jammu and Kashmir,Bhilai,NH3,25.2,450.5,229.4,226,Very Unhealthy,26.6,89.2,18.6
India,Meghalaya,Arrah,SO2,4.9,73.6,8.7,47,Good,39.1,83.5,29.8
India,West Bengal,Vijayawada,PM10,52.9,385.4,85.7,93,Moderate,16.1,62.9,29.3
India,Meghalaya,Sri Ganganagar,SO2,77.6,303.2,92.3,56,Moderate,31.2,35.3,27.9
India,Himachal Pradesh,Vadodara,SO2,115,347,128.6,148,Unhealthy for Sensitive Groups,15.4,54.9,25.6
India,Punjab,Rishikesh,NO2,67,333.5,107.9,145,Unhealthy for Sensitive Groups,34.5,77,7.3
India,Rajasthan,Vijayawada,NH3,95.6,361.3,174.4,172,Unhealthy,19,68,20.5
India,Haryana,Guwahati,CO,8.7,397.9,203.9,211,Very Unhealthy,39.3,74.6,2
India,Punjab,Rourkela,SO2,110.1,487.9,157.8,163,Unhealthy,24.3,30.1,2.5
India,Rajasthan,Beed,NO2,26.4,81.2,49.9,32,Good,31,93.7,23.7
India,Arunachal Pradesh,Dharwad,NO2,131.9,345.8,234.2,259,Very Unhealthy,39.3,55.4,26.4
India,Gujarat,Dungarpur,NO2,143,294.3,258.7,242,Very Unhealthy,16.8,44.5,27.5
India,Nagaland,Nagpur,SO2,11.2,485.8,170.9,193,Unhealthy,35.8,51,18.2
India,Himachal Pradesh,Chhapra,NH3,34.9,388.5,101,121,Unhealthy for Sensitive Groups,25.8,69.6,8.2
India,Himachal Pradesh,Khora,PM2.5,0.8,348,29.6,6,Good,31,34.1,29.9
India,Karnataka,Firozabad,SO2,99.2,311.1,123.1,120,Unhealthy for Sensitive Groups,37.8,78.4,26.6
India,Sikkim,Sirsa,NH3,15.6,124.1,42.1,49,Good,24.4,49.1,28.7
India,Jammu and Kashmir,Rajamahendravaram,PM2.5,10.3,20.4,16.2,33,Good,31.1,68.6,29.3
India,Chandigarh,Churu,NO2,21.7,474.6,193.1,163,Unhealthy,18.4,69.5,20.7
India,Nagaland,Mahad,SO2,91.2,448.1,127.7,101,Unhealthy for Sensitive Groups,38.4,41.3,14.1
India,Assam,Vatva,OZONE,48.1,260.1,67.4,77,Moderate,31.5,61.6,29.2
India,Arunachal Pradesh,Howrah,SO2,96.8,454,133.6,115,Unhealthy for Sensitive Groups,30.4,84.4,11
India,Chhattisgarh,Noida,PM10,40.4,443.2,213,222,Very Unhealthy,17.6,92,29.8
India,Assam,Sivasagar,NO2,34.5,191.4,55.7,62,Moderate,28.2,75.4,18.9
India,Meghalaya,Baran,SO2,43,365.5,178.4,190,Unhealthy,35.6,83.1,20.4
India,Haryana,Byasanagar,NH3,159.5,239.6,203.1,265,Very Unhealthy,35.9,54.7,5
India,Kerala,Gwalior,CO,56.2,438.2,252,222,Very Unhealthy,38.8,90.5,14.4
India,Puducherry,Katni,PM2.5,120.1,425.9,176.8,157,Unhealthy,25.6,74.8,4.1
India,Rajasthan,Bhilai,NH3,14.4,300.3,187,189,Unhealthy,28.5,87.5,5.5
India,Uttarakhand,Jodhpur,NH3,193.6,318.5,233.3,261,Very Unhealthy,26,64.5,11
India,Uttar Pradesh,Boisar,CO,123.1,457.9,253.1,290,Very Unhealthy,36,33.3,13.9
India,Nagaland,Chamarajanagar,PM2.5,12,112.7,17.2,20,Good,28,87,4.6
India,Himachal Pradesh,Indore,CO,18.9,499.6,53.2,90,Moderate,29.3,45.6,14.5
India,Odisha,Vijayapura,NO2,140.7,468.5,247.3,214,Very Unhealthy,38.5,53.2,1.6
India,Madhya Pradesh,Pratapgarh,CO,120.2,309.9,264.3,289,Very Unhealthy,32.7,32.6,0.7
India,Chhattisgarh,Pali,OZONE,0,288.9,3,45,Good,20,72.3,6.1
India,Haryana,Ambala,NO2,23.2,448,155.7,170,Unhealthy,20,62.4,12.4
India,Madhya Pradesh,Ballabgarh,CO,72.6,479.8,86,79,Moderate,34.5,58.3,3
India,Uttar Pradesh,Mathura,NH3,85.5,364.1,197.6,174,Unhealthy,35.1,42.5,10.2
India,Madhya Pradesh,Rupnagar,PM2.5,185.3,369.1,193.1,152,Unhealthy,30.3,80.3,23.5
India,Odisha,Gaya,OZONE,175.2,281.2,261.6,299,Very Unhealthy,31.1,74.2,22.9
India,Telangana,Bettiah,NO2,144.7,269.8,255.9,269,Very Unhealthy,15.9,36.7,4.3
India,Delhi,Jhansi,NH3,15,344,66.1,68,Moderate,25.1,88.4,15.3
India,Rajasthan,Ambernath,PM2.5,28.3,270.1,105.2,130,Unhealthy for Sensitive Groups,32.5,90.8,29.5
India,Gujarat,Amaravati,NH3,48.2,478.8,114.4,147,Unhealthy for Sensitive Groups,38.2,45.4,25.4
India,Gujarat,Udaipur,CO,46.5,392.9,108.8,133,Unhealthy for Sensitive Groups,34.7,41.9,27.8
India,Tripura,Nagaur,OZONE,32.3,465.1,159.2,168,Unhealthy,20.3,92.7,2.7
India,Jharkhand,Amritsar,CO,147.6,342.8,195.1,183,Unhealthy,18.4,53.4,26.9
India,Jharkhand,Sri Ganganagar,PM2.5,107.2,394.9,202.2,275,Very Unhealthy,16.7,51.7,9.6
India,Uttar Pradesh,Coimbatore,NO2,56.9,338.8,126.7,111,Unhealthy for Sensitive Groups,18.9,66.8,25.1
India,Puducherry,Gwalior,PM10,0.4,364.6,7.7,18,Good,29.3,79.3,0.8
India,Chhattisgarh,Visakhapatnam,PM10,1,478.7,1.4,11,Good,28.1,85,3.4
India,Chhattisgarh,Jaisalmer,PM10,11.1,161.3,24,26,Good,27.7,68.3,10.7
India,Gujarat,Kannur,CO,153.4,255.2,240.6,227,Very Unhealthy,16.1,53.4,10.3
India,Andhra Pradesh,Satara,PM2.5,4.8,178,87.7,54,Moderate,23.3,54.8,18.3
India,Rajasthan,Bihar Sharif,PM2.5,58.8,407.8,232.4,242,Very Unhealthy,29.5,32.7,20.4
India,Arunachal Pradesh,Sri Ganganagar,SO2,24.7,75.5,54.1,54,Moderate,39.9,73.6,24.2
India,Nagaland,Gummidipoondi,OZONE,97.9,236.3,197.5,157,Unhealthy,23.3,82.8,3.1
India,Bihar,Naharlagun,PM2.5,220.8,355.3,265.1,247,Very Unhealthy,27.3,60.2,17.1
India,Assam,Singrauli,NO2,189.9,384.3,258.6,251,Very Unhealthy,30.3,70.9,13.8
India,Bihar,Korba,SO2,51,385.5,127.8,148,Unhealthy for Sensitive Groups,25.4,94.5,2.8
India,Madhya Pradesh,Arrah,PM2.5,129,397.1,160.3,166,Unhealthy,36.5,43.6,2.7
India,Odisha,Durgapur,PM2.5,19.7,213.7,82.6,61,Moderate,37.8,87,10.5
India,Andhra Pradesh,Ahmednagar,NO2,11,43.5,21.9,11,Good,32.2,65,16
India,Karnataka,Delhi,CO,21.3,147.7,41.6,35,Good,34.3,50.4,30
India,Assam,Korba,NH3,96.2,170.2,140.8,106,Unhealthy for Sensitive Groups,26.5,55.1,30
India,Rajasthan,Kalaburagi,NH3,15,313.9,15,48,Good,22.6,52,22.4
India,Odisha,Gurugram,NO2,77.5,429.8,262.2,282,Very Unhealthy,18.5,49.6,7.7
India,Uttar Pradesh,Gwalior,NH3,81.6,224.1,150.1,375,Hazardous,18.5,59.1,28.7
India,Jharkhand,Bhilai,PM2.5,56.4,399.1,249.6,279,Very Unhealthy,35.6,89.6,1.7
India,Puducherry,Bundi,NO2,104.2,345.4,265.7,239,Very Unhealthy,16.8,40,15
India,Meghalaya,Gummidipoondi,PM10,8.2,221,166.7,155,Unhealthy,28.7,77.2,19.4
India,Madhya Pradesh,Prayagraj,CO,0.1,100.6,65.2,52,Moderate,21.1,51.4,12.7
India,Himachal Pradesh,Machilipatnam,CO,47.9,353.5,129.2,132,Unhealthy for Sensitive Groups,28.7,76.2,12.8
India,Tripura,Bhopal,SO2,6.2,418.2,50.8,419,Hazardous,16,71.9,16.9
India,Karnataka,Baghpat,PM2.5,14.1,312.9,196.1,154,Unhealthy,35.8,92.5,29.1
India,Maharashtra,Ulhasnagar,NH3,0.5,289.9,21.6,36,Good,18.5,60.1,19.7
India,Uttarakhand,Bharatpur,PM10,4.2,70.8,14.3,48,Good,18.5,66.2,1.3
India,Chandigarh,Jhalawar,NO2,162.9,455.2,167.6,195,Unhealthy,26.9,81.6,20.6
India,Bihar,Ankleshwar,PM10,28.8,222.7,101.4,150,Unhealthy for Sensitive Groups,18,64.7,15.1
India,Delhi,Byrnihat,OZONE,10.2,420.1,81.9,68,Moderate,16.8,53.1,6.3
India,Jammu and Kashmir,Sri Ganganagar,PM10,53.9,491.9,155.2,180,Unhealthy,21.6,50.4,13.6
India,Kerala,Gummidipoondi,PM10,35.7,164.6,137.3,137,Unhealthy for Sensitive Groups,25.8,87.4,29.6
India,Madhya Pradesh,Siwan,NO2,37.8,281.6,124.4,137,Unhealthy for Sensitive Groups,20.3,63.6,20.8
India,Odisha,Tirumala,NH3,13,348.3,174.5,196,Unhealthy,19.1,34.5,5.1
India,West Bengal,Karnal,PM10,137.5,424.5,213.4,251,Very Unhealthy,25.6,37.9,23
India,Jharkhand,Gaya,SO2,15.3,160.4,30.4,0,Good,30.1,42.6,17.4
India,Tripura,Gwalior,NO2,67.9,491,170.6,169,Unhealthy,30.8,66.6,9
India,Rajasthan,Rohtak,PM2.5,160.5,468.2,193.2,158,Unhealthy,36.6,69,17.7
India,Chandigarh,Beed,CO,18.9,224.1,82.6,66,Moderate,23.4,64.8,18.6
India,Chandigarh,Hyderabad,CO,235.4,253.5,245.9,232,Very Unhealthy,21.1,88.3,6
India,Rajasthan,Sagar,NH3,74.3,212.1,160.4,199,Unhealthy,24.2,71.8,17.2
India,Kerala,Chittoor,PM2.5,109.6,289.4,133,143,Unhealthy for Sensitive Groups,24.3,39.1,10.9
India,Delhi,Khurja,CO,3.3,327.9,22.3,17,Good,15.6,65.2,8.2
India,Punjab,Silchar,NO2,77.9,270.4,85.4,96,Moderate,35,80.2,1.6
India,Bihar,Madikeri,NH3,12.3,119.4,59.5,69,Moderate,29.9,46,26.8
India,Punjab,Satara,SO2,206.7,296.5,243.2,297,Very Unhealthy,25,31.5,15.2
India,Mizoram,Bhilai,NO2,76.4,168.5,140.5,108,Unhealthy for Sensitive Groups,24.7,46.6,24.8
India,Uttarakhand,Pimpri-Chinchwad,NO2,39.7,241.1,185.8,181,Unhealthy,29.2,87.2,4.9
India,Odisha,Baghpat,PM2.5,25,334.2,60.5,92,Moderate,20.4,31.4,26.8
India,West Bengal,Firozabad,CO,53.2,269.8,238.6,260,Very Unhealthy,23.9,48.6,21.5
India,Madhya Pradesh,Khanna,PM10,19.1,184.6,72,87,Moderate,38.8,73.7,20.8
India,Haryana,Amritsar,SO2,98.9,384.2,114.6,149,Unhealthy for Sensitive Groups,22,57,25.4
India,Assam,Howrah,NO2,41.9,149.9,115,133,Unhealthy for Sensitive Groups,27.8,88.5,10.4
India,Chhattisgarh,Nandesari,PM10,58.2,92.3,82.2,67,Moderate,36.4,56.4,17.3
India,Tripura,Vapi,CO,198.3,349.7,246.4,300,Very Unhealthy,28.6,59.2,11.7
India,Jammu and Kashmir,Motihari,PM10,98.7,149.6,126.2,105,Unhealthy for Sensitive Groups,32.2,37,0
India,Uttarakhand,Patna,OZONE,34.6,394.6,49,46,Good,24.5,42.5,14.5
India,West Bengal,Bengaluru,PM10,89.8,362.9,150,127,Unhealthy for Sensitive Groups,21,88.3,7.6
India,Delhi,Chamarajanagar,SO2,0.7,98.3,15.8,18,Good,31.2,86,3.8
India,West Bengal,Kadapa,PM10,4.6,446.5,39.9,6,Good,32.3,52.4,2.8
India,Odisha,Jalna,NH3,32.3,290.1,169.4,165,Unhealthy,37.9,69.8,21.1
India,Kerala,Delhi,SO2,20.2,396.6,183.5,195,Unhealthy,18.2,33.9,25.3
India,Rajasthan,Sagar,SO2,25,351.6,195.4,157,Unhealthy,17.5,68.1,7.3
India,Haryana,Karauli,NO2,13.2,352.7,42.1,30,Good,24.4,49.6,10.7
India,Sikkim,Bettiah,NH3,78.9,232,82.3,89,Moderate,37.1,72.1,11
India,Delhi,Hyderabad,PM10,38.4,147.2,94.8,66,Moderate,39.8,90.4,17.5
India,Sikkim,Chittoor,CO,147.4,491.4,151.6,158,Unhealthy,32.1,44.2,26.4
India,Meghalaya,Karwar,OZONE,84.5,497.4,202.1,220,Very Unhealthy,35.2,57.1,0.1
India,Telangana,Jodhpur,PM2.5,128.3,480.6,207.7,251,Very Unhealthy,24.5,32,8.7
India,Puducherry,Ahmedabad,PM10,3,323.7,58.5,95,Moderate,37.1,39.4,15.3
India,Bihar,Ballabgarh,NO2,51.1,119.4,97,82,Moderate,26.2,44.7,19.7
India,Tamil Nadu,Guwahati,OZONE,4.8,357.6,16.5,19,Good,17.7,89.6,26.6
India,Uttarakhand,Begusarai,PM2.5,57,260.8,88.5,55,Moderate,25.3,62.2,6.1
India,Jammu and Kashmir,Solapur,SO2,6.6,398.9,78.6,67,Moderate,28.7,31.5,12.7
India,Uttar Pradesh,Chandigarh,CO,27.2,486,56.6,68,Moderate,34.9,89,7.1
India,Assam,Kashipur,CO,67.5,333.2,224.9,246,Very Unhealthy,35,91.9,21.2
India,Odisha,Dombivli,CO,49,276.2,115,150,Unhealthy for Sensitive Groups,37.1,46.9,7.6
India,Uttar Pradesh,Buxar,PM2.5,103.2,399.4,191.2,180,Unhealthy,38.5,81.9,3.4
India,Sikkim,Singrauli,CO,115.8,364.5,191.6,182,Unhealthy,23.2,61.6,3.3
India,Rajasthan,Motihari,SO2,6,269.5,113.8,127,Unhealthy for Sensitive Groups,39.8,60.7,3.8
India,Bihar,Silchar,SO2,126.8,420.7,211.7,207,Very Unhealthy,20.6,47.4,12
India,Jharkhand,Asansol,OZONE,77.8,163.2,112.5,108,Unhealthy for Sensitive Groups,37.4,87.7,21.4
India,West Bengal,Narnaul,NO2,130.8,283.2,233.3,251,Very Unhealthy,18.6,63.5,18.2
India,Tripura,Rajamahendravaram,PM2.5,10,364.1,130.5,132,Unhealthy for Sensitive Groups,35.9,34.3,25.9
India,Sikkim,Nellore,CO,189.8,372,217.6,262,Very Unhealthy,20.3,30.9,21.8
India,Nagaland,Narnaul,CO,3.7,360.6,25.9,11,Good,16.9,57.9,13
India,Tripura,Visakhapatnam,NH3,139.4,257.9,255.4,226,Very Unhealthy,22.3,48.2,19.8
India,Chandigarh,Madikeri,CO,171.3,491,244.2,261,Very Unhealthy,30.5,88.5,26.8
India,Jharkhand,Bharatpur,PM2.5,15.4,452.5,59.3,89,Moderate,35.1,71.2,4.7
India,Jammu and Kashmir,Modinagar,PM2.5,31.3,295.1,176.4,197,Unhealthy,19.5,75.6,16.2
India,Andhra Pradesh,Sri Ganganagar,SO2,80.9,445,147.9,104,Unhealthy for Sensitive Groups,30.7,38.6,23.5
India,Nagaland,Gorakhpur,NH3,15.3,184.5,69.7,53,Moderate,30.7,65.3,5.5
India,Jharkhand,Kota,SO2,169.9,320,229.3,213,Very Unhealthy,25.7,91.4,15.8
India,West Bengal,Agartala,NH3,137.8,232.3,159.2,193,Unhealthy,23.7,30.5,5.6
India,Odisha,Kadapa,OZONE,94.8,308.5,130,112,Unhealthy for Sensitive Groups,15.9,42.2,11
India,Maharashtra,Navi Mumbai,OZONE,1.6,378.7,4.2,20,Good,17.4,68.6,9.7
India,Maharashtra,Munger,NH3,64.3,241.2,185.8,179,Unhealthy,34.8,79.5,19.8
India,Assam,Gurugram,NO2,52.2,206.2,66.9,78,Moderate,38.3,89.2,20.9
India,Assam,Charkhi Dadri,CO,81.7,387.6,84.2,69,Moderate,22.4,44.8,26.5
India,Tripura,Belapur,NH3,35.8,109,80.6,63,Moderate,21.4,92.2,1.7
India,Chhattisgarh,Byasanagar,SO2,125.9,236.8,224,276,Very Unhealthy,35.7,64,29.3
India,Tamil Nadu,Mangalore,PM2.5,6.1,415.6,8.3,28,Good,15.5,92.4,8.7
India,Bihar,Kishanganj,PM2.5,25.5,256.5,161.8,183,Unhealthy,15.2,33.1,10.9
India,Uttarakhand,Sasaram,NO2,17.6,103.7,23.4,6,Good,18.6,49.1,26
India,Tripura,Gadag,NO2,109.5,312.3,229.1,285,Very Unhealthy,18.9,47.9,11.1
India,Chandigarh,Kishanganj,CO,68.4,458.2,85.9,55,Moderate,24.1,53.5,14.1
India,Jharkhand,Sirsa,NO2,74,146,90,78,Moderate,15.2,34.3,10.2
India,Bihar,Charkhi Dadri,CO,1.1,211.6,21.9,38,Good,33.4,47,3.2
India,Maharashtra,Cuddalore,PM10,10,404.1,31.8,8,Good,17.7,48,28
India,Jammu and Kashmir,Yadgir,PM10,73.7,253.1,86.1,99,Moderate,38.9,54.4,27
India,West Bengal,Hisar,NO2,27.4,199.2,87.7,69,Moderate,30.1,35.5,15.2
India,Maharashtra,Charkhi Dadri,SO2,72.3,370.2,150.1,403,Hazardous,32.5,66.7,6.2
India,Chandigarh,Bhavnagar,CO,49.8,421.1,231.7,287,Very Unhealthy,38.6,72.9,25.9
India,Maharashtra,Angul,NH3,0.6,297.7,37.7,36,Good,33.6,40.7,25
India,Assam,Kalaburagi,NH3,5,379.4,44.5,0,Good,26.6,62.2,29.7
India,Jammu and Kashmir,Jhalawar,SO2,51.6,322,251.2,249,Very Unhealthy,23.3,75.1,24.5
India,Chhattisgarh,Bahadurgarh,NO2,58.7,194.9,125.9,140,Unhealthy for Sensitive Groups,24.7,38.7,7.3
India,Arunachal Pradesh,Mumbai,CO,40.4,411.4,70.8,83,Moderate,36.2,39,21.5
India,Sikkim,Cuddalore,NO2,21.1,449.6,99.8,90,Moderate,30.7,63.9,12.4
India,Rajasthan,Pithampur,NO2,7.9,323.2,18.2,26,Good,22.2,39.6,24.1
India,Maharashtra,Singrauli,NO2,109.7,392.6,111.7,141,Unhealthy for Sensitive Groups,36.9,64.1,11.5
India,Himachal Pradesh,Kollam,NO2,71.4,262.6,93.5,94,Moderate,21.7,92.9,4.6
India,Rajasthan,Parbhani,NO2,1.1,231.6,1.7,29,Good,23.4,85.2,18.4
India,Madhya Pradesh,Khurja,OZONE,5.9,280.3,30.5,41,Good,37.3,81,21.1
India,Chhattisgarh,Baghpat,PM2.5,18.1,268.8,25.1,28,Good,19.1,88.1,12.8
India,Puducherry,Bhavnagar,NO2,23.3,128.3,113.6,107,Unhealthy for Sensitive Groups,16.7,42,10.8
India,Madhya Pradesh,Fatehabad,SO2,232,470.5,235.1,300,Very Unhealthy,27.9,91.6,3.2
India,Odisha,Nellore,SO2,138.2,431,248.3,230,Very Unhealthy,30,77.1,28.1
India,Jammu and Kashmir,Asansol,CO,12.5,457.8,249.9,215,Very Unhealthy,38,41.6,1.8
India,Chhattisgarh,Vapi,PM10,173.1,467.7,195.8,162,Unhealthy,31.2,88.9,16.4
India,Jammu and Kashmir,Kashipur,NO2,26.8,269.1,143.9,107,Unhealthy for Sensitive Groups,26.7,58.8,4.7
India,Delhi,Yadgir,NH3,51.9,325,92.6,100,Moderate,15.6,37.2,14.3
India,Tripura,Bhavnagar,OZONE,11.5,412.1,19,22,Good,35,86,14.7
India,Gujarat,Palwal,NH3,23.6,223.7,29.4,21,Good,16.8,87.6,26.8
India,Mizoram,Indore,SO2,4.3,391.1,5.7,8,Good,15.4,42.7,22.8
India,Delhi,Gaya,SO2,12.6,179.4,152.4,170,Unhealthy,19.4,71.7,18.7
India,Arunachal Pradesh,Ballabgarh,CO,100,260.2,149.2,145,Unhealthy for Sensitive Groups,18,94.7,20.2
India,Bihar,Cuddalore,SO2,50,232,154.2,174,Unhealthy,22.3,44.9,8.3
India,Puducherry,Agartala,NO2,104.3,434.1,206.4,249,Very Unhealthy,28,71.1,28.1
India,Telangana,Bhavnagar,SO2,71,497,149,121,Unhealthy for Sensitive Groups,29.6,51.8,14.7
India,Andhra Pradesh,Amravati,PM2.5,132.8,306.7,134.9,147,Unhealthy for Sensitive Groups,30.3,83.8,25.8
India,Uttarakhand,Jaipur,CO,146.5,356.3,236.9,271,Very Unhealthy,15.2,69,0.2
India,Bihar,Chennai,SO2,6.8,216.1,95.2,61,Moderate,15.5,49.2,0.9
India,Sikkim,Baddi,PM10,95.3,264.1,218.2,204,Very Unhealthy,35.4,66.9,22.5
India,Chhattisgarh,Siliguri,NO2,48.1,250.9,103.2,130,Unhealthy for Sensitive Groups,19.6,67.9,27.5
India,Puducherry,Bhiwandi,NH3,44.4,275.5,128.3,114,Unhealthy for Sensitive Groups,28.5,40.2,4.4
India,Tripura,Gaya,NH3,5.6,292.8,75.5,57,Moderate,24.8,64.7,0.1
India,Chhattisgarh,Agra,CO,134.8,457.3,217.7,289,Very Unhealthy,34,71.7,9.2
India,Haryana,Solapur,OZONE,31.1,272.2,77.9,59,Moderate,21.8,79.5,11.5
India,Punjab,Charkhi Dadri,NO2,140.6,226.9,176.9,159,Unhealthy,30.7,32,23.3
India,Himachal Pradesh,Kannur,PM10,132.1,333.4,158.6,165,Unhealthy,27.9,41.9,7.8
India,Haryana,Bathinda,PM10,233.5,322.2,258.8,208,Very Unhealthy,24.3,74.4,17.5
India,Andhra Pradesh,Chittoor,PM2.5,217.5,448.2,220.9,254,Very Unhealthy,29.7,54,27.1
India,Jharkhand,Raipur,NH3,13.3,424.3,16.7,22,Good,39.7,61,25.8
India,Rajasthan,Madurai,SO2,0.9,229.9,8.1,30,Good,38.1,66.8,6.3
India,West Bengal,Pampore,PM10,92.3,426.7,227.3,236,Very Unhealthy,28.1,55.9,29.9
India,Chandigarh,Rajgir,PM2.5,133.7,314.5,186.8,157,Unhealthy,35.4,70.9,12.7
India,Andhra Pradesh,Bhilai,SO2,0.5,486.2,10.3,18,Good,16.6,57.7,18.9
India,Nagaland,Mangalore,PM2.5,54.9,208.4,82.2,97,Moderate,19,69.6,23.7
India,Madhya Pradesh,Mathura,NH3,50.3,360.6,82.9,56,Moderate,33.4,40.9,28.2
India,Maharashtra,Noida,SO2,86.2,378.7,255.1,279,Very Unhealthy,25.5,32.4,8.6
India,Assam,Raipur,CO,95.5,322.1,178.7,162,Unhealthy,23.8,48.1,24.7
India,Kerala,Pampore,NH3,14.6,117,80.3,87,Moderate,38.9,84.8,10.6
India,Arunachal Pradesh,Bagalkot,PM2.5,17.1,375.7,203.4,255,Very Unhealthy,22.9,49.5,28.2
India,Meghalaya,Shivamogga,NH3,68.5,224.5,189.3,168,Unhealthy,18.5,79.1,21.6
India,Nagaland,Agartala,NH3,78.8,298.4,168.3,168,Unhealthy,16.1,36.9,18.1
India,Telangana,Begusarai,NH3,95.6,339.1,251.1,251,Very Unhealthy,24.9,79.2,19.2
India,Meghalaya,Patna,PM10,4.1,245.9,17.3,6,Good,29.3,93.5,25.3
India,Chandigarh,Ambernath,NH3,163.1,350.2,192.6,195,Unhealthy,16.3,80.7,24
India,Tripura,Chhapra,NO2,59.3,167.7,96.9,91,Moderate,37,61.7,14.3
India,Tamil Nadu,Rohtak,OZONE,20.3,438.9,33.2,25,Good,22.9,51,18.7
India,Tripura,Lucknow,OZONE,160,245.1,197.8,156,Unhealthy,35.2,86.8,6.8
India,Sikkim,Kashipur,NH3,117.3,326.7,165.1,160,Unhealthy,33.3,52.3,11.5
India,Uttarakhand,Mandi Gobindgarh,NH3,12.8,338.6,88.4,81,Moderate,23.5,44.3,26.3
India,Chhattisgarh,Akola,NO2,94.6,289.6,120.9,136,Unhealthy for Sensitive Groups,15.1,63.9,7.9
India,Madhya Pradesh,Milupara,PM10,88,293.9,189.2,199,Unhealthy,20.1,63.5,22.6
India,Arunachal Pradesh,Varanasi,CO,80.6,295.7,87.3,97,Moderate,32.5,44.5,15.5
India,Odisha,Chamarajanagar,SO2,64,285.6,115.7,106,Unhealthy for Sensitive Groups,19.1,50.3,4.7
India,Sikkim,Gangtok,CO,6.9,243,134.4,102,Unhealthy for Sensitive Groups,28.1,32.3,25.1
India,Karnataka,Navi Mumbai,NO2,5.8,263.6,232.1,300,Very Unhealthy,33.3,33.1,27.4
India,Bihar,Varanasi,SO2,20.6,399.1,74.3,93,Moderate,23.3,45.6,27.9
India,Uttar Pradesh,Gorakhpur,NO2,4.1,195.6,20.8,33,Good,26.6,42.7,2.9
India,Odisha,Aizawl,CO,3.8,56.5,32,42,Good,18,92.4,13.6
India,Tamil Nadu,Rishikesh,PM10,10.2,289.8,14,46,Good,26.2,45.8,11.5
India,Jammu and Kashmir,Katihar,NO2,157.2,319.8,207.5,293,Very Unhealthy,38.3,52.4,11.1
India,Tamil Nadu,Baddi,NO2,37.9,260.8,71.4,99,Moderate,26.3,80.9,27.7
India,Jammu and Kashmir,Satna,NH3,158.5,290.3,187.5,176,Unhealthy,37.7,89.1,7
India,Chandigarh,Vrindavan,OZONE,21.1,373.3,21.5,38,Good,26.6,86.8,3
India,West Bengal,Korba,OZONE,9.6,107.3,19.3,29,Good,33.7,32.2,15.5
India,Tripura,Srinagar,PM10,33.7,324.9,54.1,67,Moderate,25.5,79.6,5.9
India,West Bengal,Jhunjhunu,NO2,0.4,370.2,6.2,33,Good,32.1,47.2,15.8
India,Madhya Pradesh,Jodhpur,OZONE,29.5,206,47.2,1,Good,33.2,55.3,27
India,Delhi,Shillong,NO2,20.1,223.8,97.7,89,Moderate,15.9,70.9,10.9
India,Telangana,Milupara,NH3,2.2,286.9,18,17,Good,37,63.5,15.4
India,Uttar Pradesh,Sagar,NO2,103.1,349.1,212.4,271,Very Unhealthy,16.1,51.5,9.2
India,Karnataka,Jalandhar,PM10,58.6,351.5,60.2,79,Moderate,22,44.9,13.8
India,Madhya Pradesh,Dharuhera,PM10,11.7,81.4,48.2,48,Good,23.4,83.6,8.5
India,Maharashtra,Chikkamagaluru,PM10,65.1,397.5,119.6,150,Unhealthy for Sensitive Groups,22.7,42.6,25.4
India,Telangana,Rajamahendravaram,PM2.5,85,370.4,213.6,211,Very Unhealthy,38.2,41.7,12.3
India,Arunachal Pradesh,Udaipur,CO,35.2,469,53.3,96,Moderate,16.4,35.7,25.3
India,Odisha,Tirupati,NO2,179.1,430.3,225.5,271,Very Unhealthy,25.2,36.3,29.7
India,Chhattisgarh,Bengaluru,SO2,1.3,61.7,1.5,33,Good,23.2,57.8,4
India,Gujarat,Ludhiana,CO,42.1,340.3,239.4,228,Very Unhealthy,16.8,55.9,28.8
India,West Bengal,Nandesari,NO2,14,428.6,182.5,183,Unhealthy,36.9,46,19.6
India,West Bengal,Dhanbad,CO,101.7,198.1,191.9,151,Unhealthy,26.2,56.9,11.3
India,Delhi,Bettiah,CO,25,333.2,92.3,56,Moderate,27.9,83.7,2.7
India,Jharkhand,Eluru,SO2,193.9,252.2,232.6,209,Very Unhealthy,34.6,43.9,16.7
India,Kerala,Sirsa,NO2,50,489.3,72.6,99,Moderate,30.9,61.9,1
India,Madhya Pradesh,Panipat,CO,122.7,246.2,197.6,164,Unhealthy,15.4,44.6,11
India,Meghalaya,Eluru,SO2,94.5,338.6,152.8,192,Unhealthy,31.8,38.5,25.9
India,Tamil Nadu,Pampore,PM10,8.3,294.8,208.3,212,Very Unhealthy,35.2,43.1,26.3
India,Meghalaya,Jalore,PM10,157.6,217.3,158.1,182,Unhealthy,20.2,81.7,1.7
India,Chhattisgarh,Malegaon,SO2,4.1,43.4,13.1,8,Good,26.9,93.8,27.7
India,Mizoram,Meerut,SO2,230.8,420.4,257.8,259,Very Unhealthy,37.5,86.2,28.7
India,Himachal Pradesh,Pali,PM2.5,117.8,198.9,131.6,117,Unhealthy for Sensitive Groups,35.1,33.2,6.9
India,Delhi,Charkhi Dadri,CO,67.8,242.1,225.1,268,Very Unhealthy,39.3,92.9,24.2
India,Meghalaya,Dombivli,PM10,18,152.8,19.1,40,Good,26.4,56.1,4.8
India,Rajasthan,Kurukshetra,CO,21.8,338.2,255.3,245,Very Unhealthy,26.9,39.1,0.9
India,Tamil Nadu,Ballabgarh,PM10,43.4,372.1,79.9,61,Moderate,15.4,53.2,10.9
India,Arunachal Pradesh,Vrindavan,SO2,146,354.1,151,191,Unhealthy,25,78.6,22.6
India,Puducherry,Kashipur,NH3,92.9,420.8,158.7,188,Unhealthy,29.8,53.2,6.7
India,Mizoram,Jhalawar,CO,213.5,360.2,255.5,265,Very Unhealthy,38.2,30.1,16.9
India,Tamil Nadu,Sagar,NH3,2.8,349.8,17.5,22,Good,25.5,64.8,4.9
India,Mizoram,Aurangabad,NO2,61,427.9,82.4,51,Moderate,20.1,33.8,8.3
India,Uttarakhand,Jind,NO2,83.6,272.2,84.9,75,Moderate,31.3,72.3,15.5
India,Tamil Nadu,Kunjemura,SO2,31.6,156.4,39.9,36,Good,25.1,45.8,18.1
India,Uttarakhand,Bhubaneswar,SO2,204.7,477.4,210.6,266,Very Unhealthy,33.2,43.3,23.2
India,West Bengal,Tirumala,PM10,67.1,367.6,219.1,214,Very Unhealthy,37.2,74.3,0.2
India,Gujarat,Guntur,NO2,52.6,292.4,137.1,141,Unhealthy for Sensitive Groups,21.3,40.4,14.8
India,Maharashtra,Maihar,OZONE,65.3,227.5,225.9,295,Very Unhealthy,33.4,33,5.7
India,Andhra Pradesh,Ambernath,NH3,130.8,498.2,236.9,276,Very Unhealthy,22.5,82.8,12.7
India,Puducherry,Durgapur,PM2.5,22.9,339.5,88.1,90,Moderate,36.5,85.5,7.7
India,Bihar,Virar,NO2,1.4,248.7,8.1,40,Good,30.4,73.7,9.8
India,Uttarakhand,Sirsa,NH3,93.6,489,165.7,172,Unhealthy,19.4,70.6,7.5
India,Odisha,Mandideep,SO2,34.9,98.6,64.1,66,Moderate,16.9,40.2,23.5
India,Arunachal Pradesh,Gwalior,NH3,89,300.4,180.5,170,Unhealthy,30.5,46.4,13.4
India,Himachal Pradesh,Charkhi Dadri,NO2,76.9,281.1,147.2,112,Unhealthy for Sensitive Groups,36.8,47.7,26
India,Andhra Pradesh,Hyderabad,SO2,5,182.6,50.8,442,Hazardous,15.6,38.1,8
India,Jharkhand,Dungarpur,NH3,12.3,295.7,41.6,48,Good,36.1,32.8,23.9
India,Mizoram,Sagar,NH3,0.3,121.1,1.4,33,Good,27.5,64.1,8.3
India,Punjab,Amritsar,PM10,92.4,318.4,212.1,277,Very Unhealthy,30.4,44.6,15.5
India,Punjab,Bathinda,CO,0.2,150,103.8,123,Unhealthy for Sensitive Groups,37.6,81.9,13.3
India,Puducherry,Rohtak,OZONE,180.4,317.5,248.2,252,Very Unhealthy,21.3,77.9,28.4
India,Madhya Pradesh,Bhavnagar,SO2,29.7,462.8,44.2,45,Good,17.4,53.7,23.6
India,Jammu and Kashmir,Amritsar,OZONE,39.7,154.6,71.4,60,Moderate,20.5,75.5,16.7
India,Sikkim,Banswara,NH3,58.6,113.2,69.4,93,Moderate,29,81.8,27.3
India,Madhya Pradesh,Kanpur,OZONE,33.1,266.1,185,185,Unhealthy,30.2,53,18.8
India,Odisha,Palwal,CO,23.3,267,57.3,73,Moderate,28.3,76.6,3.4
India,Maharashtra,Ballabgarh,NO2,49.1,78.9,77.8,86,Moderate,20.7,66.9,13.4
India,Jharkhand,Bharatpur,CO,101.6,239.3,175.5,184,Unhealthy,39.5,36.7,29.7
India,Punjab,Latur,NH3,122.9,412.3,151.9,173,Unhealthy,24.4,80,24.8
India,West Bengal,Boisar,OZONE,0.1,114.9,0.2,23,Good,27.7,94.1,0
India,Mizoram,Maihar,NO2,12.4,166.8,75.7,76,Moderate,16.2,73.7,16.8
India,Jammu and Kashmir,Ahmednagar,OZONE,19.5,454.6,155.6,153,Unhealthy,30.3,56.6,7.6
India,Maharashtra,Satara,OZONE,10.8,40.9,16.6,27,Good,22.8,65.2,11.8
India,Jammu and Kashmir,Thoothukudi,NH3,151.6,476.5,167.7,190,Unhealthy,38.8,87.5,22.2
India,Punjab,Koppal,NH3,12.4,459.4,15.8,15,Good,20.9,94.1,26.2
India,Mizoram,Dungarpur,NH3,51.9,360.5,163.4,193,Unhealthy,30.7,89.6,27.4
India,Tamil Nadu,Hisar,NH3,3.7,308.3,114.8,147,Unhealthy for Sensitive Groups,36.6,92.3,17.2
India,Delhi,Chikkaballapur,OZONE,10.5,481.6,53.5,83,Moderate,29.3,61.9,19.6
India,Rajasthan,Vadodara,CO,38.4,497.1,224.8,287,Very Unhealthy,29.8,53.1,4.8
India,Meghalaya,Amritsar,SO2,37.3,411.6,101.3,137,Unhealthy for Sensitive Groups,30.7,66.6,17.9
India,Gujarat,Churu,OZONE,3.3,463.5,263.2,257,Very Unhealthy,28.2,47.7,26.5
India,Puducherry,Hisar,CO,72.5,439.6,136,101,Unhealthy for Sensitive Groups,33.2,77.6,25.4
India,Andhra Pradesh,Noida,OZONE,66.1,343.4,156.1,161,Unhealthy,22.3,47.2,15.5
India,Jharkhand,Meerut,PM2.5,52.5,478.5,123.1,127,Unhealthy for Sensitive Groups,37.2,79.2,25.3
India,Nagaland,Patna,NH3,0.3,488.7,1.2,8,Good,24.5,36.2,11
India,Bihar,Kashipur,PM2.5,148.6,344.9,174.1,158,Unhealthy,25,62.8,18.7
India,Punjab,Bhagalpur,OZONE,61.6,248.1,91.4,67,Moderate,17.6,50.7,23.2
India,Sikkim,Ratlam,OZONE,39.6,423.2,157,200,Unhealthy,32.2,58.9,14.1
India,Chhattisgarh,Guwahati,PM10,85.8,205.4,123.3,112,Unhealthy for Sensitive Groups,20.5,41.5,7.4
India,Bihar,Kohima,CO,165.8,498.6,180.6,188,Unhealthy,24.3,61.3,22.9
India,Gujarat,Jaisalmer,PM10,65.6,494.5,122.2,116,Unhealthy for Sensitive Groups,38.8,87.1,5.3
India,Haryana,Amaravati,NH3,60.3,446.7,256.7,247,Very Unhealthy,27.1,58.8,20.9
India,Telangana,Durgapur,OZONE,50,324.9,76.7,63,Moderate,37.7,56.8,25.6
India,Puducherry,Madikeri,NH3,2.7,275.3,26.8,38,Good,31.4,64.7,7.2
India,Delhi,Ahmednagar,PM10,10.2,91.4,28.4,24,Good,21,76.5,0.6
India,Himachal Pradesh,Virar,SO2,11,383.6,18.2,26,Good,17.5,48.9,8.6
India,Uttar Pradesh,Lucknow,OZONE,3.3,225.4,217.3,230,Very Unhealthy,20,70.9,19.2
India,Haryana,Vrindavan,PM2.5,0.8,225.3,4.3,6,Good,38.5,78.2,27.8
India,Nagaland,Nellore,SO2,48.1,422.8,88.8,59,Moderate,38.8,43.4,13.7
India,Chandigarh,Ankleshwar,PM10,23.4,146.5,32.7,40,Good,23.3,67.2,22.2
India,Arunachal Pradesh,Pali,PM10,44.4,427.2,52.9,84,Moderate,30.1,76,13
India,Madhya Pradesh,Kohima,NH3,4.1,240.6,68,89,Moderate,16.5,47.4,22.1
India,Puducherry,Modinagar,NO2,79.5,361.7,183.8,177,Unhealthy,22.5,79.1,16.7
India,Madhya Pradesh,Tirupati,NO2,24.6,305.2,100.3,445,Hazardous,29.4,34.2,6.3
India,Himachal Pradesh,Palwal,SO2,23.1,115.4,68.3,57,Moderate,25.8,64.5,20.1
India,Himachal Pradesh,Bhiwani,SO2,27.5,433.8,79.7,78,Moderate,33.2,76.4,24.6
India,Tamil Nadu,Rairangpur,NO2,15.4,399.8,151,183,Unhealthy,30.6,55.5,25.9
India,Tamil Nadu,Puducherry,CO,0.3,62,13.4,39,Good,28.2,93.9,13.8
India,Meghalaya,Agra,OZONE,5.4,433.1,32.1,8,Good,39.2,55,13.5
India,Sikkim,Sirohi,NH3,202.4,258.9,226.6,241,Very Unhealthy,19.3,51,6.1
India,Punjab,Byrnihat,PM2.5,32.4,151.1,106.9,124,Unhealthy for Sensitive Groups,30.5,41,27
India,Assam,Mangalore,CO,52.4,370.5,223.4,213,Very Unhealthy,24.6,60.9,24.6
India,Haryana,Baddi,SO2,30,148.4,98.9,99,Moderate,35.3,83.9,2
India,Punjab,Maihar,NO2,0.3,493,106,105,Unhealthy for Sensitive Groups,20.6,34.4,25.7
India,Arunachal Pradesh,Meerut,PM2.5,21,232,80.4,74,Moderate,34.3,86.5,6.6
India,Rajasthan,Barrackpore,PM10,214.8,365.4,216.2,257,Very Unhealthy,25.9,74.9,21.2
India,Andhra Pradesh,Tonk,NO2,19.5,460.1,206.1,299,Very Unhealthy,31.3,59.3,18.3
India,Nagaland,Panchgaon,OZONE,119.8,352,124.4,135,Unhealthy for Sensitive Groups,23.2,67,26.1
India,Karnataka,Ahmedabad,CO,44.6,139.6,61.9,98,Moderate,18.7,65,26.7
India,West Bengal,Byrnihat,PM10,20.9,104.6,52.5,69,Moderate,22.7,81,15.9
India,Gujarat,Bagalkot,PM2.5,2,416.8,81.2,77,Moderate,32.3,55.3,26.2
India,Sikkim,Faridabad,PM2.5,1.5,184.7,7.1,13,Good,29.5,67.3,17.6
India,Jharkhand,Dehradun,NO2,24.2,187.3,47.9,36,Good,34.6,42.5,4
India,Nagaland,Latur,CO,4.1,60.8,4.8,16,Good,21.4,52.6,25.4
India,Nagaland,Bhilai,NH3,58,139.6,138.1,142,Unhealthy for Sensitive Groups,18.9,62.5,21.1
India,Delhi,Guwahati,OZONE,100.8,287.8,167.6,160,Unhealthy,32.8,50.7,4.3
India,Telangana,Gaya,PM10,43.5,472.2,54.9,63,Moderate,31.2,52.4,4.5
India,Puducherry,Sirsa,NH3,38.6,414,250.8,295,Very Unhealthy,22.4,79.9,11.8
India,Madhya Pradesh,Saharsa,OZONE,6.6,403.8,119.4,147,Unhealthy for Sensitive Groups,16.9,40,11.5
India,Uttarakhand,Kunjemura,PM10,73.7,307.6,232.8,284,Very Unhealthy,20.4,93.4,9.4
India,Puducherry,Bilaspur,PM2.5,40.6,299.3,85,55,Moderate,30.5,39.5,2.5
India,Jammu and Kashmir,Vijayapura,SO2,82.9,247.7,94.4,66,Moderate,36.8,88.1,22.9
India,Assam,Puducherry,OZONE,177.7,448,242.2,288,Very Unhealthy,20.8,40.4,10.2
India,Maharashtra,Damoh,PM10,11.2,466,93.6,99,Moderate,34.6,36.9,20.9
India,Punjab,Jind,SO2,108.4,252.1,230.6,252,Very Unhealthy,17.1,53.5,6.9
India,Gujarat,Lucknow,PM10,11.4,493.3,21.4,50,Good,38.3,63.2,4.9
India,Meghalaya,Jalandhar,NH3,14.8,169,25,46,Good,26.6,48.5,27.7
India,Madhya Pradesh,Panchkula,NO2,189.8,347.7,244.5,280,Very Unhealthy,33.6,93.5,1
India,Haryana,Kishanganj,PM10,142.1,476.5,185.5,200,Unhealthy,26.2,94,7.3
India,Madhya Pradesh,Coimbatore,NH3,153,373.8,153.7,182,Unhealthy,35.4,62.5,23.5
India,Jammu and Kashmir,Nellore,NO2,41,242.8,45.1,37,Good,23,73.4,9.3
India,Mizoram,Dombivli,SO2,176.9,335.5,219.4,231,Very Unhealthy,31.3,92.5,22.8
India,Haryana,Noida,NH3,43.7,401,108.3,135,Unhealthy for Sensitive Groups,15.2,73.1,25.1
India,Tamil Nadu,Asansol,SO2,5.4,216.2,64.6,68,Moderate,34.8,86.8,21
India,Rajasthan,Talcher,CO,55.6,148,92.8,52,Moderate,34.5,31.7,13
India,Jammu and Kashmir,Angul,SO2,5.7,323.8,42.8,39,Good,36.8,87.7,2.8
India,Himachal Pradesh,Jhansi,SO2,42.4,468.9,54.7,64,Moderate,29.1,87.8,1.3
India,West Bengal,Jind,CO,1,174.4,4.7,8,Good,25.8,73,9.3
India,Uttarakhand,Kannur,PM10,33.5,412.8,51.7,72,Moderate,22.6,94.5,3.2
India,Nagaland,Patna,NH3,73.5,247.6,234.6,244,Very Unhealthy,27.8,58.2,10.2
India,Puducherry,Narnaul,PM2.5,54.1,281.5,105.1,105,Unhealthy for Sensitive Groups,31.1,82.7,9.3
India,Jammu and Kashmir,Keonjhar,SO2,67,195.2,77.1,97,Moderate,28.5,30.7,26.4
India,Telangana,Angul,SO2,137.7,203.6,155.4,163,Unhealthy,32.9,54.1,5
India,Chandigarh,Rishikesh,PM2.5,32.1,180.3,43.8,35,Good,17.3,87.4,3.2
India,Assam,Kanpur,OZONE,5.7,388.1,22.1,7,Good,23,62.3,24.5
India,Rajasthan,Mathura,NH3,8.3,206.1,24.5,17,Good,30.9,35.9,24.7
India,Kerala,Kolkata,CO,57.3,361.3,233.8,275,Very Unhealthy,26.4,94.3,7.5
India,Uttarakhand,Parbhani,SO2,70.9,341.8,180.1,181,Unhealthy,26.6,75.9,15.5
India,Uttar Pradesh,Akola,CO,178.6,249.8,228.1,292,Very Unhealthy,15.3,83.1,12.1
India,Assam,Delhi,NH3,14.4,304.9,153.8,168,Unhealthy,39.3,89.2,20.7
India,Assam,Suakati,PM10,156.8,431,162.9,172,Unhealthy,38.5,46.7,15.3
India,Meghalaya,Dharuhera,NH3,83.1,333.2,197.4,173,Unhealthy,38.3,86.5,12.8
India,Kerala,Mehsana,NO2,13.1,97.4,43.1,31,Good,30.9,90.7,19.1
India,Tripura,Araria,PM2.5,87.7,423.7,137.5,127,Unhealthy for Sensitive Groups,39.3,33.6,15
India,Kerala,Jorapokhar,PM2.5,66.1,412.5,135.7,126,Unhealthy for Sensitive Groups,34.9,68.2,16.4
India,Odisha,Rajsamand,PM10,56.5,284.4,171.5,152,Unhealthy,18.2,55.6,18.8
India,Assam,Jodhpur,NH3,52.3,400.8,139.3,129,Unhealthy for Sensitive Groups,35.5,80.9,26.2
India,Andhra Pradesh,Araria,NO2,80.7,405.7,143,135,Unhealthy for Sensitive Groups,26.3,53.2,24.3
India,Andhra Pradesh,Rishikesh,OZONE,36.2,182.6,181.5,160,Unhealthy,31,47.3,0.4
India,Nagaland,Jhansi,NH3,170.5,397.4,247.2,249,Very Unhealthy,19,55.4,15.6
India,West Bengal,Ambernath,SO2,184.5,255.1,231.1,256,Very Unhealthy,31.9,74,20.2
India,Chandigarh,Siliguri,NH3,157.3,341.6,161.8,178,Unhealthy,28.4,66.1,5.3
India,Tripura,Hyderabad,PM10,120.5,258.2,123.9,107,Unhealthy for Sensitive Groups,27.9,81,18.7
India,West Bengal,Jalore,PM2.5,91.6,324.2,121.5,135,Unhealthy for Sensitive Groups,25.1,68.3,20.1
India,Gujarat,Kunjemura,CO,196.9,365.1,200.3,417,Hazardous,23.2,72.7,22.1
India,Madhya Pradesh,Bareilly,PM2.5,97.6,281.8,225.8,245,Very Unhealthy,15.2,51.9,16.6
India,Chhattisgarh,Sonipat,PM10,51.8,70,66.5,81,Moderate,32.6,33,7.5
India,Jharkhand,Rajkot,PM2.5,66.6,274.2,218,293,Very Unhealthy,22.9,71.6,17.6
India,Rajasthan,Indore,SO2,21.4,445.1,256.7,296,Very Unhealthy,20.3,31.9,22.6
India,Arunachal Pradesh,Shillong,NH3,90.7,440.9,105,143,Unhealthy for Sensitive Groups,38.3,46.4,3.6
India,Uttar Pradesh,Amravati,PM2.5,74.7,321.6,238.1,211,Very Unhealthy,21,80.3,3.7
India,Odisha,Khora,PM10,144.2,361.8,181.3,163,Unhealthy,35.5,90.3,11.7
India,Assam,Gurugram,NO2,14.8,197.7,172.7,194,Unhealthy,23.3,47.1,29.5
India,Haryana,Raipur,SO2,3.3,299.9,246.8,296,Very Unhealthy,26.1,78.1,16.1
India,Chandigarh,Rohtak,CO,28.3,405.4,123.2,148,Unhealthy for Sensitive Groups,27.5,46.3,27.7
India,Delhi,Singrauli,NO2,112,476.4,203.6,273,Very Unhealthy,38.5,31.8,28.6
India,Madhya Pradesh,Bhiwandi,PM2.5,19.2,450.1,163.6,169,Unhealthy,33,40.3,6.4
India,Andhra Pradesh,Samastipur,CO,168.5,265.3,223,299,Very Unhealthy,18.4,43.5,17
India,Karnataka,Shivamogga,OZONE,4.9,365.3,118.3,111,Unhealthy for Sensitive Groups,19.6,36.9,18.4
India,Karnataka,Ballabgarh,NH3,108.2,194.7,148.7,108,Unhealthy for Sensitive Groups,35.7,74.6,8.9
India,Mizoram,Rajamahendravaram,OZONE,53.1,125.4,63.4,82,Moderate,33.2,69.8,18.8
India,Madhya Pradesh,Tirumala,PM10,109.3,388.8,207.2,238,Very Unhealthy,27.2,94.3,3.4
India,Kerala,Ujjain,NH3,32.2,104.1,32.9,36,Good,17.7,73,25.7
India,Tamil Nadu,Ajmer,PM2.5,69.1,455.8,260.1,244,Very Unhealthy,26.2,49.7,24.6
India,Maharashtra,Maihar,PM2.5,51.2,356.6,65.2,71,Moderate,33.1,46,0.8
India,Mizoram,Delhi,PM10,128.2,234.4,194.4,200,Unhealthy,22.4,84.5,4.4
India,Maharashtra,Alwar,SO2,176,485.3,255.5,288,Very Unhealthy,35.7,49.7,6.2
India,Punjab,Rajgir,SO2,28,482.9,47.1,29,Good,15.1,30.8,3.2
India,Puducherry,Cuddalore,CO,210,316,263.6,237,Very Unhealthy,24.9,92.9,17
India,Mizoram,Varanasi,NO2,56.6,475,155.4,169,Unhealthy,27.4,35.7,15
India,Meghalaya,Chittoor,PM10,33.6,189.6,118.8,147,Unhealthy for Sensitive Groups,22.7,84,27.7
India,West Bengal,Patiala,NO2,162.4,190.5,167.1,193,Unhealthy,21.9,70.8,1
India,Maharashtra,Jaisalmer,NO2,8.6,422.1,139.7,126,Unhealthy for Sensitive Groups,16.7,64.7,23.8
India,Jharkhand,Bhiwani,SO2,22.3,191,96.3,82,Moderate,28.7,71.8,22.7
India,Rajasthan,Satna,PM10,26.7,424.7,58.7,62,Moderate,16,65.5,2.4
India,Uttarakhand,Karwar,NH3,174.9,218.3,203.4,258,Very Unhealthy,20.2,55.1,2.2
India,Andhra Pradesh,Kadapa,OZONE,15.4,184.9,99,95,Moderate,18.2,69.7,15.3
India,Maharashtra,Belapur,NO2,7.2,103.5,97.2,60,Moderate,26.1,51.9,0.7
India,Assam,Mandideep,NH3,83.3,279.9,210.7,208,Very Unhealthy,26.3,34.8,12
India,West Bengal,Virar,NH3,74.7,108.7,105.7,147,Unhealthy for Sensitive Groups,22.1,61.1,20.9
India,Arunachal Pradesh,Katni,CO,140,257.7,232.6,235,Very Unhealthy,29.7,59,4.8
India,Rajasthan,Jaipur,SO2,11.6,131.1,37.5,44,Good,16.5,82,25.1
India,Chhattisgarh,Gandhinagar,SO2,126.4,410.2,212.2,252,Very Unhealthy,39.3,41.9,6.7
India,Jammu and Kashmir,Kolhapur,SO2,78.9,227.7,150.6,303,Hazardous,21.9,83.7,27.3
India,Bihar,Buxar,PM2.5,13.5,253.5,51.1,58,Moderate,29.4,38.1,10.1
India,Mizoram,Balasore,NH3,33.7,283.3,83.4,67,Moderate,25.2,41,15.9
India,Meghalaya,Ahmednagar,NH3,37.8,375.1,71.2,86,Moderate,17.5,61.2,21
India,Sikkim,Maihar,CO,102.1,438.1,129.7,135,Unhealthy for Sensitive Groups,20.8,38.9,27.4
India,Haryana,Jhansi,PM10,39.4,135.4,48.8,46,Good,27.8,57.6,29.7
India,Kerala,Kanpur,SO2,13.9,303.6,165.1,195,Unhealthy,25.9,64.3,6.4
India,Karnataka,Bileipada,CO,53.1,454.7,192,176,Unhealthy,25,69.8,0.7
India,Chhattisgarh,Cuddalore,CO,0.6,462.6,1.2,19,Good,31.7,85.9,18.9
India,Chhattisgarh,Solapur,PM2.5,17.7,175.9,100.1,404,Hazardous,36.3,71.1,23.9
India,Meghalaya,Jhansi,PM10,56.7,487.4,114.1,139,Unhealthy for Sensitive Groups,30.7,56.8,6.7
India,Odisha,Maihar,SO2,25.9,328.2,60.6,90,Moderate,31.6,36.8,0.9
India,Uttarakhand,Sirohi,CO,153.4,168.1,154.4,164,Unhealthy,21.8,63.4,5.2
India,Sikkim,Kadapa,SO2,31.2,219.8,214.7,270,Very Unhealthy,23.6,51.6,22.7
India,Uttar Pradesh,Rupnagar,NO2,55.1,238.1,209.4,287,Very Unhealthy,35.8,58.2,20.9
India,Uttar Pradesh,Bagalkot,CO,174.4,197.1,181.4,183,Unhealthy,20,68.1,11.1
India,Andhra Pradesh,Chennai,NH3,53,159.6,83.4,83,Moderate,20.2,76.6,12.8
India,Kerala,Baripada,PM2.5,79.9,410.3,96.7,88,Moderate,24.5,66.4,4.1
India,Delhi,Madurai,PM2.5,28.8,411.5,52,95,Moderate,37.9,64.8,10.5
India,Arunachal Pradesh,Panchgaon,OZONE,74.1,411.6,124.9,124,Unhealthy for Sensitive Groups,17.8,89.3,29.3
India,Karnataka,Muzaffarnagar,NH3,16.2,248.7,111.8,147,Unhealthy for Sensitive Groups,30,94.8,20.4
India,Chhattisgarh,Singrauli,PM10,131.8,485,205.3,255,Very Unhealthy,33,85.8,18.6
India,Haryana,Panchkula,NH3,62.2,247.9,214.2,277,Very Unhealthy,31.7,65.2,8
India,Uttarakhand,Kannur,NH3,62.5,458.5,71.8,78,Moderate,17.2,92.5,3
India,Tamil Nadu,Jind,NH3,151.4,244.1,219.6,226,Very Unhealthy,19.2,35.4,19
India,Gujarat,Puducherry,NO2,45.6,252.7,210.4,224,Very Unhealthy,35.8,31.9,23
India,Himachal Pradesh,Amaravati,NH3,32.3,385.2,153.8,153,Unhealthy,21.1,69,20.6
India,Bihar,Aurangabad,PM2.5,193.1,405.5,240.4,287,Very Unhealthy,36,45.3,28.5
India,Mizoram,Akola,CO,142.4,204.6,186.2,189,Unhealthy,18.3,41.2,5
India,Rajasthan,Ujjain,SO2,38.9,204.1,97,65,Moderate,34.7,73.5,5.2
India,Sikkim,Korba,NO2,48.5,279.9,79.4,69,Moderate,16.4,65.8,23.3
India,Karnataka,Chhapra,PM10,9.6,437,21.1,6,Good,21.5,35,2.7
India,Jammu and Kashmir,Thrissur,PM2.5,1.2,88.8,12.1,41,Good,30.5,85.7,20.2
India,Madhya Pradesh,Mehsana,PM10,173.7,277.7,260.8,282,Very Unhealthy,20.8,41.8,22
India,Tripura,Jodhpur,PM10,82.2,352.4,145.5,118,Unhealthy for Sensitive Groups,19.5,90.1,16.8
India,Nagaland,Bulandshahr,PM2.5,221.2,263.1,244.9,208,Very Unhealthy,27.4,80.2,6.8
India,Maharashtra,Jalore,NH3,38.9,448.5,149.4,129,Unhealthy for Sensitive Groups,19.1,41.9,19.2
India,Maharashtra,Coimbatore,NH3,15.6,360.6,85.1,79,Moderate,25.5,89.1,7.1
India,Jammu and Kashmir,Koppal,CO,37.7,460.9,87.8,52,Moderate,33.1,82.7,0.3
India,Gujarat,Vapi,SO2,66.5,203.9,143.8,126,Unhealthy for Sensitive Groups,39.6,77.2,10.3
India,Meghalaya,Gandhinagar,SO2,76.3,450.4,101.4,105,Unhealthy for Sensitive Groups,25.8,31.3,27.3
India,Punjab,Hanumangarh,SO2,87.1,288.1,133.2,126,Unhealthy for Sensitive Groups,28,42.4,26.7
India,Delhi,Jalna,SO2,33.7,320.2,253.1,259,Very Unhealthy,18.9,51,15.2
India,Andhra Pradesh,Barbil,SO2,85.6,259,139.1,143,Unhealthy for Sensitive Groups,30.8,77.9,7.7
India,Uttarakhand,Beed,PM2.5,46.1,319.8,119.2,150,Unhealthy for Sensitive Groups,32.5,30,23
India,Jharkhand,Palwal,NO2,23.1,243.9,99.7,78,Moderate,16.2,54.1,7.6
India,Andhra Pradesh,Bathinda,OZONE,17.6,465.8,180.8,161,Unhealthy,35.8,82.5,22.9
India,Chandigarh,Panchgaon,OZONE,37.2,293.4,68.8,78,Moderate,29.2,39.5,7.6
India,Gujarat,Ajmer,SO2,48.2,215.8,210,214,Very Unhealthy,19.9,45,18.8
India,West Bengal,Sivasagar,NO2,29.8,414.7,37.5,26,Good,39.7,93.9,15.9
India,Odisha,Ratlam,NH3,147.3,315,223.9,256,Very Unhealthy,32.7,39.4,16.2
India,Nagaland,Kolhapur,PM10,76.6,468.2,178.3,173,Unhealthy,20.8,83.8,2.1
India,Nagaland,Khurja,SO2,17.8,269,21.2,0,Good,31.2,49.7,26.9
India,Madhya Pradesh,Jind,CO,9.2,133.6,56.2,95,Moderate,21.2,89.7,11.3
India,Uttarakhand,Jind,SO2,14.4,424.5,135.9,117,Unhealthy for Sensitive Groups,25.9,81.2,18.1
India,Telangana,Mandideep,PM2.5,88.8,478.3,169.6,152,Unhealthy,33.9,43.7,11.7
India,Chandigarh,Kashipur,PM2.5,115.6,317.5,255.9,297,Very Unhealthy,24,59.5,13.4
India,Delhi,Jalore,NH3,8.8,167.3,13.8,26,Good,25.1,72.1,4.3
India,Tripura,Pratapgarh,CO,199.4,492.8,225.3,262,Very Unhealthy,38.6,61.1,20.9
India,Nagaland,Patiala,NO2,3.9,202.8,104.4,134,Unhealthy for Sensitive Groups,24.9,88.8,21.6
India,Andhra Pradesh,Jalandhar,OZONE,23,119.9,25.5,13,Good,24.1,62.4,19.6
India,Jammu and Kashmir,Aizawl,CO,165.8,356,258.2,280,Very Unhealthy,21.9,83.8,13.2
India,Meghalaya,Chhapra,SO2,162.9,312.2,233.9,218,Very Unhealthy,20,85.9,6.1
India,Kerala,Mehsana,PM10,56.9,380.8,88.7,61,Moderate,36,45.1,16.8
India,Uttarakhand,Machilipatnam,PM10,75.1,291.4,191.1,153,Unhealthy,22,67.4,5.1
India,Odisha,Dhanbad,SO2,39.5,296.1,125,108,Unhealthy for Sensitive Groups,38.5,52.4,2.4
India,Himachal Pradesh,Charkhi Dadri,NO2,3.3,460.1,52,97,Moderate,28.8,57.9,12.9
India,Chhattisgarh,Araria,OZONE,45.7,165.1,71.3,61,Moderate,20.5,53.2,1.8
India,Andhra Pradesh,Prayagraj,PM10,81.4,374.2,243.6,285,Very Unhealthy,29.7,51.8,14.6
India,Jammu and Kashmir,Saharsa,OZONE,8.7,361.3,146.2,111,Unhealthy for Sensitive Groups,28.5,46.5,21.1
India,Himachal Pradesh,Kolkata,NH3,3.2,140.1,25.6,27,Good,24.1,32.3,29.7
India,Assam,Kishanganj,SO2,14.4,336.7,114.4,106,Unhealthy for Sensitive Groups,24.6,65.2,4.7
India,Puducherry,Malegaon,PM10,1.2,90.5,85.9,100,Moderate,39.7,71.5,13.9
India,Arunachal Pradesh,Sri Ganganagar,CO,80.6,173.4,153.8,183,Unhealthy,22.9,64.7,27.3
India,Delhi,Howrah,PM2.5,51.7,232.1,83.2,100,Moderate,34.3,91.6,8.8
India,Telangana,Ramanagara,PM10,79.7,240.7,168,153,Unhealthy,37.7,62,9.1
India,Nagaland,Jhansi,PM10,157.4,428.9,231.4,273,Very Unhealthy,38.4,87.1,27
India,Uttarakhand,Boisar,NH3,23,425.3,25.2,42,Good,18.4,34.3,21.9
India,Assam,Kohima,PM10,49.1,342.2,167.9,157,Unhealthy,19.7,61.6,4.4
India,Andhra Pradesh,Pampore,PM2.5,1.1,230.5,27.5,21,Good,30.1,42.6,6.4
India,Meghalaya,Rajsamand,CO,99.2,421.9,186.5,186,Unhealthy,19.6,94.9,17.8
India,Telangana,Panchkula,CO,41.2,125.1,107.7,110,Unhealthy for Sensitive Groups,30.6,73,11.3
India,Nagaland,Buxar,NO2,34.2,156,118.3,143,Unhealthy for Sensitive Groups,19,43.7,10.6
India,Gujarat,Kota,NH3,6.8,150.4,16.3,24,Good,32.1,63.2,23.3
India,Sikkim,Navi Mumbai,CO,96.6,290.1,168.1,186,Unhealthy,27.3,40.5,1
India,Puducherry,Jhunjhunu,NO2,43.9,165.2,55.8,82,Moderate,17.7,82,21
India,Uttar Pradesh,Guwahati,CO,186.2,198.5,191.5,155,Unhealthy,20.2,92.6,12.2
India,Himachal Pradesh,Amaravati,NO2,162,393.7,237.9,299,Very Unhealthy,29.3,68.7,1.6
India,Delhi,Vijayawada,OZONE,202.1,348.9,259.7,300,Very Unhealthy,29.7,46.4,3.6
India,Kerala,Baddi,NH3,35.6,237.8,172.1,178,Unhealthy,28,79.5,28.8
India,Karnataka,Dholpur,OZONE,26.7,191.3,54.1,83,Moderate,32.1,89.7,23.5
India,Odisha,Charkhi Dadri,PM2.5,138.7,254.8,245.4,222,Very Unhealthy,20.5,79.8,28.9
India,Rajasthan,Ahmednagar,PM10,61.2,327.7,131.6,149,Unhealthy for Sensitive Groups,18.6,32.6,9.6
India,Sikkim,Machilipatnam,PM2.5,71.5,213,196.5,183,Unhealthy,26.9,63.5,24.9
India,Puducherry,Chennai,NO2,72.7,137,75.7,57,Moderate,32.6,93.6,7.2
India,Punjab,Ahmednagar,PM2.5,94.8,383.6,99.3,57,Moderate,26.3,50.3,6.4
India,Chhattisgarh,Sirohi,NO2,45.3,243,156.6,166,Unhealthy,23.3,43.1,11.9
India,Haryana,Latur,SO2,50.5,268.5,240.1,227,Very Unhealthy,29.7,83.6,12.8
India,Rajasthan,Katihar,OZONE,36.2,363,140.3,102,Unhealthy for Sensitive Groups,32,45.7,28.7
India,Rajasthan,Kolkata,SO2,75.1,483,107.1,146,Unhealthy for Sensitive Groups,24.3,86.1,26.4
India,Chandigarh,Chikkaballapur,CO,25.2,470,113.9,133,Unhealthy for Sensitive Groups,27.1,87,11.2
India,Punjab,Mira-Bhayandar,OZONE,8,99.1,65,68,Moderate,34.4,54.9,5
India,Uttar Pradesh,Delhi,NO2,243.5,497,254.4,292,Very Unhealthy,35.7,53.9,16.9
India,Punjab,Mumbai,PM10,42.1,118.6,68.6,97,Moderate,16,74.5,26.5
India,Delhi,Bhagalpur,SO2,148.2,233.6,180.4,172,Unhealthy,35.2,40.8,27.2
India,Assam,Gorakhpur,OZONE,3.8,499.5,8.2,35,Good,22.5,60.2,24.9
India,Uttarakhand,Bhilwara,SO2,33.7,140.4,54,97,Moderate,31.6,34.2,1.2
India,Meghalaya,Bhubaneswar,CO,90,262.5,261.5,267,Very Unhealthy,37,75.3,8.9
India,Rajasthan,Panchgaon,NH3,124.9,308.4,213,287,Very Unhealthy,28.5,93.8,26.4
India,Meghalaya,Gorakhpur,PM10,121.4,325.9,146.7,127,Unhealthy for Sensitive Groups,20.7,77.3,17.7
India,Chandigarh,Byrnihat,PM2.5,103.8,115.4,105.3,121,Unhealthy for Sensitive Groups,35.1,70.1,27.4
India,Sikkim,Khora,NH3,88.4,242.5,229.1,219,Very Unhealthy,17.6,72.9,9.4
India,Jharkhand,Manesar,NO2,64.2,193,100.4,424,Hazardous,38.9,45.6,22.5
India,Rajasthan,Coimbatore,SO2,27.8,359.5,230.3,250,Very Unhealthy,36.7,39.3,2
India,Himachal Pradesh,Baripada,NO2,107,299.5,130.3,137,Unhealthy for Sensitive Groups,26.2,69.5,3.3
India,West Bengal,Thane,SO2,2.3,448.2,17,46,Good,29.5,40.1,24.7
India,Odisha,Khanna,OZONE,7.8,462.8,140.7,122,Unhealthy for Sensitive Groups,27.5,91.8,13.3
India,West Bengal,Dehradun,PM10,35.7,301,43.4,8,Good,16.7,83.4,18.8
India,Sikkim,Bhilai,OZONE,7.6,299.4,133,142,Unhealthy for Sensitive Groups,29,40.3,27.2
India,Arunachal Pradesh,Rohtak,CO,23.7,443.5,147.5,104,Unhealthy for Sensitive Groups,37.8,92.3,23
India,Himachal Pradesh,Ankleshwar,NO2,1.9,282.4,114.1,121,Unhealthy for Sensitive Groups,21.1,52.6,13.7
India,Chhattisgarh,Panchgaon,NH3,50.3,328,101.5,149,Unhealthy for Sensitive Groups,18.2,78.8,14.1
India,Tamil Nadu,Bahadurgarh,NO2,48.8,212.8,192.9,160,Unhealthy,28.8,69.4,20.8
India,Kerala,Rourkela,SO2,5.8,426.2,219.2,285,Very Unhealthy,30.8,77.9,27.7
India,Maharashtra,Bengaluru,PM10,5.9,262.8,53.2,82,Moderate,18,42.3,2.1
India,Chhattisgarh,Khanna,PM2.5,56.3,354.1,86.6,74,Moderate,34.6,65.7,21.2
India,Telangana,Machilipatnam,NO2,39.4,169.6,58.7,90,Moderate,24.1,73.6,20.2
India,Nagaland,Nagpur,OZONE,79.1,195.1,143.6,133,Unhealthy for Sensitive Groups,37.4,36.8,29.8
India,Telangana,Bhilwara,OZONE,56.1,412.2,193.4,155,Unhealthy,16.8,78,28.2
India,Mizoram,Chandigarh,CO,164.5,308.5,238.8,246,Very Unhealthy,33.2,73.7,8.9
India,Odisha,Amritsar,PM10,206.1,293.3,223.5,277,Very Unhealthy,28.9,50.1,16
India,Uttarakhand,Samastipur,OZONE,51.1,342.2,132.6,125,Unhealthy for Sensitive Groups,37.3,35.4,15.4
India,Puducherry,Bikaner,NO2,29.7,158.1,70.2,63,Moderate,21.7,83.2,15.1
India,Arunachal Pradesh,Gummidipoondi,NO2,48.8,242.5,103.1,142,Unhealthy for Sensitive Groups,20.7,74.4,6.9
India,Chandigarh,Bulandshahr,NO2,37.8,362,191.2,186,Unhealthy,33.5,74.6,20.3
India,Maharashtra,Rajamahendravaram,SO2,114.1,421.8,216.3,256,Very Unhealthy,33.3,93.5,24.8
India,Himachal Pradesh,Virar,NO2,138.2,408.4,201.3,297,Very Unhealthy,25.5,52.7,29.8
India,Sikkim,Asansol,OZONE,9.2,144.8,14.3,17,Good,35.9,59.4,0.9
India,Uttar Pradesh,Tensa,OZONE,164.7,366.5,262.1,210,Very Unhealthy,27.3,63.4,21
India,Uttar Pradesh,Jind,NH3,122.3,251,169,173,Unhealthy,33.2,72.5,15.8
India,Punjab,Karauli,SO2,190.4,205.9,205.7,265,Very Unhealthy,29.8,56.7,13.4
India,Rajasthan,Thiruvananthapuram,NH3,4.8,340.6,7.8,33,Good,19.1,78.8,12
India,Gujarat,Nandesari,CO,81.2,165,99.5,86,Moderate,16.8,56.3,19.7
India,Haryana,Mangalore,SO2,12.5,150.6,27.9,33,Good,30.1,49.4,9.5
India,Himachal Pradesh,Bhiwadi,OZONE,1.3,306.3,28,10,Good,33,47.9,27.9
India,Bihar,Rohtak,PM10,0.5,480.7,82.1,100,Moderate,34.7,79.7,13
India,Haryana,Agra,CO,7.6,382.7,31.4,23,Good,16.7,85.8,10.3
India,Uttarakhand,Beed,PM10,22.8,197.1,66.2,64,Moderate,35.2,77.9,19.1
India,Meghalaya,Hyderabad,PM2.5,246.4,270.8,256.2,233,Very Unhealthy,30.6,94,29
India,Odisha,Bileipada,SO2,109.2,319.8,185,161,Unhealthy,38.7,83.8,5
India,Uttarakhand,Ahmednagar,CO,37.3,132.3,116.9,116,Unhealthy for Sensitive Groups,20,79.5,2.7
India,Telangana,Noida,PM2.5,26.3,316.4,65.2,53,Moderate,18.6,70.8,8.1
India,Assam,Gandhinagar,SO2,48.3,187.6,50.6,383,Hazardous,21.2,59.3,23.4
India,Tripura,Dausa,OZONE,21.8,66.3,25.6,48,Good,24.1,60.2,11.2
India,Punjab,Bareilly,CO,9.2,232.3,30.5,18,Good,38.3,53.2,25.7
India,Kerala,Banswara,SO2,49.5,424.2,132.2,115,Unhealthy for Sensitive Groups,37.7,51.3,11.8
India,Meghalaya,Bundi,NO2,119.5,428.5,135.4,125,Unhealthy for Sensitive Groups,15.3,62.6,5.4
India,Arunachal Pradesh,Amaravati,NH3,53,341.9,71.7,58,Moderate,22.7,40.6,2.8
India,Kerala,Siliguri,SO2,61.9,290.9,154.2,171,Unhealthy,24.2,76.5,16
India,Assam,Thane,NO2,14.1,179.8,75.1,69,Moderate,31.7,56.7,8.4
India,Mizoram,Coimbatore,OZONE,87.8,406.1,245.7,201,Very Unhealthy,23.9,67.7,28.8
India,Assam,Madikeri,CO,72.8,181.4,98.4,88,Moderate,15.2,73.3,20.2
India,Himachal Pradesh,Coimbatore,NO2,10.2,171.8,49.2,29,Good,29.6,85,8.5
India,Madhya Pradesh,Ambala,CO,105.3,215.1,117.3,134,Unhealthy for Sensitive Groups,34.8,41.7,28.5
India,Andhra Pradesh,Hisar,NH3,1.1,296,7.9,21,Good,34.7,57.4,6.8
India,Tamil Nadu,Raebareli,CO,99,435.4,110.3,115,Unhealthy for Sensitive Groups,21.7,56.3,11.3
India,Tamil Nadu,Chikkamagaluru,NH3,66.2,442.2,88.7,74,Moderate,32.3,81.1,14
India,Madhya Pradesh,Sikar,OZONE,212.4,393.4,235.9,263,Very Unhealthy,25.7,84.6,12
India,Chhattisgarh,Buxar,SO2,14.1,477.7,51.7,53,Moderate,30.6,66.9,2.5
India,Kerala,Thoothukudi,PM10,59.9,274.5,109.3,121,Unhealthy for Sensitive Groups,37.2,52.2,13.4
India,Puducherry,Barbil,SO2,171.7,342,236.2,226,Very Unhealthy,27.4,86.8,8.9
India,Kerala,Hajipur,NO2,44.4,349.5,130.4,114,Unhealthy for Sensitive Groups,26.6,93.4,5.3
India,Karnataka,Jhansi,NH3,82.2,417.3,234,239,Very Unhealthy,28.3,64.5,1.9
India,Kerala,Motihari,OZONE,30.7,132,85.3,79,Moderate,18,61.3,25.8
India,Jharkhand,Thrissur,CO,53.5,408.5,260.1,238,Very Unhealthy,30.8,40.8,20.4
India,Chandigarh,Hubballi,OZONE,217.2,387.3,218.7,285,Very Unhealthy,35.5,45.5,20.4
India,West Bengal,Chamarajanagar,OZONE,5,433.6,18.1,46,Good,30.5,50.5,2.9
India,Haryana,Sri Ganganagar,NO2,0.2,188.6,186.3,183,Unhealthy,20.8,52.7,5.6
India,Gujarat,Bikaner,CO,114.1,140.2,118.7,115,Unhealthy for Sensitive Groups,17,47.3,17.2
India,Uttarakhand,Pithampur,SO2,170.8,222,198.9,155,Unhealthy,26.8,82.3,19.7
India,Jharkhand,Chhapra,SO2,103,294.9,255.9,267,Very Unhealthy,33.5,58,4.1
India,Uttarakhand,Jhunjhunu,SO2,24.7,376.1,259.4,289,Very Unhealthy,19,33.5,15.1
India,Uttar Pradesh,Faridabad,PM2.5,1.2,297.1,2.5,4,Good,34.5,48.6,14
India,Tamil Nadu,Chittorgarh,NH3,69.7,213.3,142.4,101,Unhealthy for Sensitive Groups,27.7,93,12.5
India,Maharashtra,Rourkela,NH3,136.1,403.4,139.4,145,Unhealthy for Sensitive Groups,28.2,69.1,19.7
India,Haryana,Sikar,NO2,239.5,433.1,239.9,299,Very Unhealthy,22.6,31.8,17.9
India,Jharkhand,Gorakhpur,SO2,34.7,275.7,216.7,220,Very Unhealthy,18.6,87.9,24.8
India,Assam,Bhilwara,NH3,100.5,305.3,164.3,166,Unhealthy,35.5,68.5,9.8
India,Punjab,Chandrapur,OZONE,0.9,429,58.4,70,Moderate,35.6,90,7
India,Andhra Pradesh,Jaisalmer,NO2,71,381.3,177.3,187,Unhealthy,25.2,84.6,29.7
India,Sikkim,Koppal,SO2,46.3,242.2,94.3,56,Moderate,33.4,65.1,8
India,Nagaland,Aizawl,CO,14.3,73,59.2,88,Moderate,26,58.3,21.2
India,Delhi,Manesar,OZONE,20.3,286.2,119.5,108,Unhealthy for Sensitive Groups,25.9,30.8,20.8
India,Kerala,Madikeri,NH3,8.7,364.4,121.7,108,Unhealthy for Sensitive Groups,22.9,70.2,12
India,West Bengal,Vapi,NH3,25.7,387.9,216.1,259,Very Unhealthy,27,78.7,20.5
India,Delhi,Bagalkot,NH3,129.8,351.8,170,164,Unhealthy,17.3,86.9,26.5
India,Madhya Pradesh,Panchkula,SO2,94,152.1,98.3,60,Moderate,26.7,47.8,25.4
India,Chhattisgarh,Manguraha,PM10,124.6,328.5,214.5,221,Very Unhealthy,24.1,82.1,25.4
India,Meghalaya,Solapur,PM10,101.6,208.7,200.1,372,Hazardous,39.7,50.4,27
India,Kerala,Bhilai,PM10,98.1,349.2,248.3,219,Very Unhealthy,36.5,78.1,17.8
India,Delhi,Firozabad,PM10,2,100.6,61.7,88,Moderate,22.7,66.9,22.2
India,Haryana,Panchgaon,OZONE,44.9,442.4,200,159,Unhealthy,29.2,41.5,4.7
India,Gujarat,Ambernath,PM2.5,69.7,474.7,142.4,114,Unhealthy for Sensitive Groups,17.3,48.7,17.2
India,Delhi,Munger,NO2,136.4,277.1,232,257,Very Unhealthy,32.4,82.3,29.9
India,Odisha,Suakati,NH3,62.5,146.3,65.4,81,Moderate,37.8,34.4,2.4
India,Sikkim,Karauli,PM2.5,186.2,205.9,200.6,336,Hazardous,30.5,47.6,10.1
India,Chhattisgarh,Gwalior,PM10,41.9,471.3,90.5,99,Moderate,24.2,77,8.7
India,Tamil Nadu,Jalna,CO,148.8,385.3,251.6,247,Very Unhealthy,22.2,91.1,15.2
India,Telangana,Ulhasnagar,PM2.5,36,280.1,147.6,130,Unhealthy for Sensitive Groups,27.2,62.8,8.9
India,Haryana,Singrauli,OZONE,162.6,339.6,265.5,225,Very Unhealthy,22.8,83.3,15
India,Himachal Pradesh,Gangtok,SO2,42.7,416.6,51.4,66,Moderate,16.4,69.5,2.6
India,West Bengal,Malegaon,NO2,120.3,183,178.6,190,Unhealthy,15.4,70.4,11.6
India,Chandigarh,Ulhasnagar,PM10,18.4,407.2,47.5,12,Good,37.4,55.4,8.8
India,Mizoram,Latur,SO2,18.7,410.1,29.1,22,Good,17.8,85.7,22.7
India,Uttarakhand,Patna,PM10,29.9,200.8,106.3,117,Unhealthy for Sensitive Groups,22.9,73,8.8
India,Punjab,Barbil,NH3,36.1,423,194.4,168,Unhealthy,37.4,35.2,14.5
India,Odisha,Dungarpur,PM10,95,269.4,201.8,297,Very Unhealthy,33.8,74.7,3.1
India,Tamil Nadu,Chittorgarh,PM10,15.1,330.6,79.6,63,Moderate,29.7,54.4,24
India,Haryana,Ludhiana,SO2,140.3,240.9,141.3,141,Unhealthy for Sensitive Groups,29.9,84,17.8
India,Uttarakhand,Bhilai,NH3,35.4,330.3,89.1,90,Moderate,33.5,92.3,13.4
India,Rajasthan,Ambala,SO2,75.6,219.9,82.8,51,Moderate,35.4,88.2,28
India,Chhattisgarh,Lucknow,PM10,0.1,176,0.8,48,Good,36.9,64.7,3.3
India,Himachal Pradesh,Hubballi,NH3,17.9,430.8,24,18,Good,36.6,89,7.3
India,Assam,Begusarai,SO2,21.7,286.9,146,113,Unhealthy for Sensitive Groups,17.6,32.3,18.2
India,Jharkhand,Beed,PM2.5,57.7,338.6,181.8,170,Unhealthy,18.5,32,15.8
India,Himachal Pradesh,Chamarajanagar,NO2,39.3,333.4,121.6,149,Unhealthy for Sensitive Groups,32.4,89.3,15.6
India,Telangana,Amravati,CO,19.7,222.6,21.7,49,Good,32.5,40.6,12.8
India,Uttar Pradesh,Khairthal,PM10,38.5,397.1,169.1,193,Unhealthy,38.8,35.5,29.7
India,Jharkhand,Kurukshetra,SO2,17,233.9,96.1,96,Moderate,26.9,65.8,7.2
India,Maharashtra,Jind,PM10,166.1,398.9,194,199,Unhealthy,22.6,57.5,17.5
India,Andhra Pradesh,Srinagar,SO2,6.7,248.7,246.2,225,Very Unhealthy,15.2,34.9,14.7
India,Madhya Pradesh,Kurukshetra,PM10,135.4,343,235.6,217,Very Unhealthy,28.1,75.7,6.1
India,Andhra Pradesh,Nagaon,NH3,157.1,204.3,203.2,282,Very Unhealthy,30.7,94.4,17.9
India,Chhattisgarh,Puducherry,OZONE,102.9,235.6,180,184,Unhealthy,25,83.1,26.8
India,Karnataka,Malegaon,PM2.5,95.5,487.7,147.3,122,Unhealthy for Sensitive Groups,18.8,57.7,6.7
India,Sikkim,Chittoor,PM2.5,24.7,258.5,252.5,203,Very Unhealthy,32.4,77.1,24.8
India,Puducherry,Tirupati,NO2,136.2,221.5,151,151,Unhealthy,33.3,66.4,1.4
India,Karnataka,Keonjhar,CO,37,316.6,112.9,113,Unhealthy for Sensitive Groups,29.5,79.5,20.1
India,Jammu and Kashmir,Ambala,OZONE,7.1,217.5,75.1,95,Moderate,25.1,54.2,16.4
India,Tamil Nadu,Singrauli,NO2,114,145.3,127.6,145,Unhealthy for Sensitive Groups,17.4,54.6,25.3
India,Karnataka,Srinagar,PM2.5,0,224.1,134,138,Unhealthy for Sensitive Groups,21.6,63.6,0.7
India,Tamil Nadu,Suakati,NH3,6.4,142.9,23.3,7,Good,26.2,40.7,27.7
India,Tripura,Katihar,NH3,20.6,170.1,39,23,Good,15.9,91.4,5.5
India,Bihar,Jhalawar,NH3,180.7,390.3,261.9,244,Very Unhealthy,23.8,37.4,8.1
India,Mizoram,Bhopal,PM2.5,74.7,371.8,167.5,179,Unhealthy,18.4,39,26.3
India,Kerala,Rajsamand,NH3,65.1,408.8,248.5,272,Very Unhealthy,20.6,65,0.2
India,Mizoram,Ambernath,CO,117.8,472.8,247.7,270,Very Unhealthy,16.2,39.4,15.1
India,Assam,Baripada,OZONE,81.2,474.1,82.8,80,Moderate,19.6,82,6.3
India,Andhra Pradesh,Pratapgarh,PM2.5,57.7,428,262.4,277,Very Unhealthy,35.8,92.9,6.4
India,Telangana,Kishanganj,NO2,6.6,80.3,54.3,74,Moderate,24.1,42.4,18.3
India,Chandigarh,Mira-Bhayandar,OZONE,174.1,372.8,195.7,167,Unhealthy,26.3,58.1,25.4
India,Andhra Pradesh,Baran,OZONE,31,378.5,235.4,228,Very Unhealthy,28,75.1,9.4
India,Himachal Pradesh,Rishikesh,OZONE,239,334.3,241.7,220,Very Unhealthy,38.2,71.4,15.4
India,Uttar Pradesh,Rupnagar,PM2.5,27.5,275.5,29.4,17,Good,34,79.6,24.6
India,Maharashtra,Vijayawada,SO2,2.9,28.7,5.5,3,Good,28.3,61.7,13.4
India,Jammu and Kashmir,Vatva,NO2,48.5,471,259,289,Very Unhealthy,24.1,65.9,3.8
India,Meghalaya,Arrah,CO,70.3,394.6,110,103,Unhealthy for Sensitive Groups,33.6,47.5,2.8
India,Nagaland,Nagpur,PM10,143.5,283,226.2,238,Very Unhealthy,28,82,6
India,Punjab,Mangalore,OZONE,11.3,389.5,162.6,185,Unhealthy,31.7,81.2,6.4
India,Tripura,Baripada,OZONE,2.1,95,88.7,60,Moderate,31.4,94.9,25
India,Madhya Pradesh,Bathinda,NO2,88.9,462.4,111.2,141,Unhealthy for Sensitive Groups,15.1,34.2,11.9
India,Jammu and Kashmir,Bhagalpur,CO,47.7,163.4,103,138,Unhealthy for Sensitive Groups,18.3,93.1,5
India,Meghalaya,Rourkela,NH3,68.5,342.8,91.3,97,Moderate,37,69.1,6.6
India,Mizoram,Boisar,OZONE,5.3,436.2,36.6,26,Good,19,34.5,18.9
India,Chhattisgarh,Vijayawada,CO,22.6,72.5,58.5,57,Moderate,27.3,59.5,8.6
India,Sikkim,Sagar,PM10,41.2,368.5,70.2,69,Moderate,24.9,44.8,19.6
India,Arunachal Pradesh,Bharatpur,NO2,7.5,103.1,16.8,23,Good,35.4,33.8,12.1
India,Karnataka,Hapur,PM10,5.7,450.9,29.7,12,Good,31.8,44.9,29.6
India,Chandigarh,Rajgir,SO2,42.4,385.3,49.1,21,Good,35.6,63.5,2.9
India,Meghalaya,Agartala,OZONE,69.5,479.7,175.2,185,Unhealthy,26.2,80.3,22.5
India,Meghalaya,Raipur,SO2,91,443.8,148,139,Unhealthy for Sensitive Groups,27.8,51.9,26.9
India,Odisha,Araria,OZONE,55.6,228.7,122.3,116,Unhealthy for Sensitive Groups,17.8,75.7,28
India,Telangana,Tumidih,PM10,12.7,169.8,14.3,8,Good,20.2,83.2,12.7
India,Rajasthan,Ujjain,CO,21,66.9,34.4,21,Good,39.3,92.4,20.4
India,Rajasthan,Sawai Madhopur,NO2,13.5,480.6,28.2,21,Good,33.6,50.1,15.1
India,Jharkhand,Manesar,OZONE,237.9,428.1,265,296,Very Unhealthy,24.9,54.2,0.6
India,Tamil Nadu,Jhunjhunu,PM10,65.5,265.7,102.2,117,Unhealthy for Sensitive Groups,20,53.4,14.1
India,West Bengal,Hyderabad,NH3,23.4,245.8,141.1,149,Unhealthy for Sensitive Groups,30.8,40.9,0.3
India,Tripura,Satara,PM2.5,69.2,464.4,89.6,54,Moderate,25.1,77.8,18
India,Tamil Nadu,Mehsana,SO2,17.8,445.6,151,157,Unhealthy,37.8,51.5,14.6
India,Tamil Nadu,Badlapur,SO2,97.3,402.7,265.9,214,Very Unhealthy,36.4,71.3,0.5
India,Karnataka,Visakhapatnam,CO,26.8,139.4,58.8,55,Moderate,30.9,67.6,24.8
India,Arunachal Pradesh,Madikeri,CO,109.5,381,258.8,227,Very Unhealthy,29.6,60.8,19.6
India,Maharashtra,Thane,NH3,10.4,365.1,134.6,143,Unhealthy for Sensitive Groups,31.7,84.4,6.3
India,Jharkhand,Agartala,CO,19,138.6,76.7,89,Moderate,24.3,76.4,28.1
India,Jammu and Kashmir,Keonjhar,PM2.5,37.7,362.4,69.6,55,Moderate,20.2,44.3,27.8
India,Meghalaya,Tensa,NH3,15.4,328.6,48.2,26,Good,27.4,85.6,0.8
India,Kerala,Sonipat,PM10,105.7,230.4,154.3,191,Unhealthy,39.4,78.5,0.2
India,Meghalaya,Ludhiana,PM10,3.4,422.9,230.1,236,Very Unhealthy,25.9,31.1,20.6
India,Uttar Pradesh,Gorakhpur,PM2.5,34.9,367.5,82.5,85,Moderate,38.1,55.6,22.9
India,Assam,Hingoli,CO,2.6,262.3,118.6,141,Unhealthy for Sensitive Groups,22.7,70,28.7
India,Meghalaya,Hapur,NO2,74.4,246.9,226.7,202,Very Unhealthy,30.2,59.7,26.3
India,Bihar,Muzaffarnagar,PM10,55,275.5,204.7,268,Very Unhealthy,15.5,35.9,8.7
India,Tripura,Malegaon,NO2,57.8,132.8,119.8,141,Unhealthy for Sensitive Groups,18.6,45.2,16.6
India,Uttarakhand,Araria,SO2,103.2,145.8,111,103,Unhealthy for Sensitive Groups,32.6,58.9,14.5
India,Jharkhand,Sawai Madhopur,PM10,3.8,370.7,28.8,40,Good,30.7,53.6,9.7
India,Andhra Pradesh,Aizawl,SO2,134.1,245.3,220.6,227,Very Unhealthy,27.2,42.5,18
India,Himachal Pradesh,Rajkot,PM10,77.2,176.1,79.5,72,Moderate,36,81.4,4.2
India,Assam,Mathura,SO2,25.1,479.3,128.4,112,Unhealthy for Sensitive Groups,26.1,75.4,13.8
India,Jharkhand,Bharatpur,NH3,12.1,246.3,46.9,19,Good,31.3,57.1,26.3
India,Rajasthan,Hingoli,OZONE,44.6,141,131.3,135,Unhealthy for Sensitive Groups,28.9,66.8,15.7
India,Tamil Nadu,Mira-Bhayandar,CO,49.9,247.9,181.4,163,Unhealthy,36.6,78.8,2.4
India,Punjab,Bhagalpur,PM2.5,83.7,235.7,94.7,88,Moderate,28.7,39.9,25.7
India,Jharkhand,Kohima,CO,73.5,470.3,124.9,134,Unhealthy for Sensitive Groups,25.7,39.7,24.8
India,Chhattisgarh,Tonk,NO2,55.2,240.7,143.5,146,Unhealthy for Sensitive Groups,32.8,91.3,17.6
India,Tripura,Shivamogga,PM2.5,36.7,283.8,170.4,174,Unhealthy,15.7,31.4,6.5
India,Himachal Pradesh,Lucknow,SO2,16,142,36.9,9,Good,22.7,60.7,14.3
India,Karnataka,Mumbai,NH3,30.9,313.1,44.8,14,Good,35.8,59.2,0.5
India,Telangana,Gummidipoondi,SO2,2.5,381.1,180.2,196,Unhealthy,29.5,46.6,23.9
India,Chhattisgarh,Byasanagar,SO2,58.6,281.8,242.3,223,Very Unhealthy,17.3,36.5,10
India,Chandigarh,Greater Noida,PM2.5,142.4,368.4,153.8,180,Unhealthy,38.5,37.3,13.5
India,Andhra Pradesh,Ahmedabad,NO2,27.2,486,160,165,Unhealthy,26.1,85.5,4.8
India,Jammu and Kashmir,Gaya,PM10,138.5,285.2,188,191,Unhealthy,38.8,34.7,15.8
India,Haryana,Jodhpur,OZONE,5.8,239.4,203.9,250,Very Unhealthy,35.8,33.5,10.4
India,Andhra Pradesh,Gummidipoondi,NO2,222.3,341.1,252.5,224,Very Unhealthy,27.9,76.1,3.3
India,Chandigarh,Guwahati,PM10,15.5,291.2,210.9,244,Very Unhealthy,38.6,60.9,29.2
India,Arunachal Pradesh,Munger,OZONE,14.9,216.5,22.1,22,Good,30.6,89.1,22.8
India,Nagaland,Chennai,PM2.5,12.9,411.9,28.1,16,Good,31.8,83.5,24.1
India,Delhi,Srinagar,PM2.5,48.6,472.3,151.7,174,Unhealthy,30.8,42.5,6.5
India,Puducherry,Samastipur,NH3,38.6,359,118.6,149,Unhealthy for Sensitive Groups,16.6,53,0.2
India,Meghalaya,Narnaul,CO,110.1,280,234.8,248,Very Unhealthy,20.3,70,10.9
India,Haryana,Belapur,OZONE,162.8,385.8,177.4,169,Unhealthy,27.4,87.3,9.9
India,Punjab,Parbhani,NH3,33.7,483.5,56.1,51,Moderate,35.1,54.3,4.5
India,Meghalaya,Puducherry,PM2.5,180,233.9,227.2,224,Very Unhealthy,22.5,77.2,5.8
India,Odisha,Alwar,PM2.5,73.1,387.5,103.8,111,Unhealthy for Sensitive Groups,15.3,85.2,26.6
India,Puducherry,Karnal,NO2,35.5,226.9,85.4,84,Moderate,31.3,90.6,0.1
India,Assam,Bhiwandi,SO2,55.5,454.6,71.2,82,Moderate,23,72.2,13.6
India,Himachal Pradesh,Bengaluru,NO2,167.2,388.2,232.7,203,Very Unhealthy,26.3,45.5,7.4
India,Jammu and Kashmir,Shillong,SO2,13.4,317.5,35.5,28,Good,32.2,94.9,27.5
India,Assam,Greater Noida,OZONE,10.3,132.2,56.3,91,Moderate,28.4,83.5,2
India,Telangana,Mangalore,CO,46.9,294,56.5,84,Moderate,21.5,42.3,5.6
India,Assam,Bhiwandi,NH3,96.7,235.5,100.6,388,Hazardous,27.6,55.1,12.6
India,Bihar,Vatva,OZONE,57.1,345.7,256.2,256,Very Unhealthy,16.4,52.2,23.9
India,Kerala,Thiruvananthapuram,NH3,17.9,462.6,224.1,266,Very Unhealthy,20.1,37.3,27.4
India,Bihar,Aurangabad,NO2,213.8,277.4,238.4,276,Very Unhealthy,20.4,33,19.6
India,Nagaland,Faridabad,NH3,48.7,272.1,147.8,143,Unhealthy for Sensitive Groups,37.4,66.3,8.9
India,Bihar,Srinagar,PM2.5,7.6,110.1,93.1,64,Moderate,24.3,33.9,4.4
India,Telangana,Bharatpur,CO,46.6,382.5,212.5,229,Very Unhealthy,31.5,35.2,13.6
India,Odisha,Maihar,PM2.5,118.5,299.4,179.1,178,Unhealthy,38,90.4,13.6
India,Karnataka,Bhiwani,SO2,7.4,173.3,125,150,Unhealthy for Sensitive Groups,37.7,67.8,23.7
India,Jammu and Kashmir,Prayagraj,PM2.5,15.7,344,221.4,253,Very Unhealthy,17.3,66.5,8.8
India,Chhattisgarh,Kashipur,PM2.5,7.3,210.1,42.2,28,Good,15.4,86.7,7.1
India,Uttarakhand,Begusarai,NH3,34.2,196,144.9,144,Unhealthy for Sensitive Groups,15.7,48.9,20.2
India,Jammu and Kashmir,Bahadurgarh,CO,30.4,275.5,157.4,192,Unhealthy,39.3,91.1,8.3
India,Delhi,Gurugram,SO2,27.5,290.3,114.5,123,Unhealthy for Sensitive Groups,20.5,81.6,22
India,Haryana,Ahmedabad,NH3,0.8,494.3,237.6,243,Very Unhealthy,29.8,72,21.1
India,Puducherry,Byrnihat,PM2.5,49.5,200.9,181.7,160,Unhealthy,37.7,37.3,22.4
India,Madhya Pradesh,Sikar,OZONE,3.5,335.5,6.2,19,Good,18.9,66.2,12.8
India,Himachal Pradesh,Parbhani,CO,31.5,477.6,134.8,148,Unhealthy for Sensitive Groups,36.2,90.1,15.5
India,Delhi,Jaisalmer,CO,230.6,298.9,249,221,Very Unhealthy,29.2,47.3,10.9
India,Chandigarh,Gummidipoondi,NO2,8.4,266.9,18.3,44,Good,20.3,93.2,18.4
India,Punjab,Nandesari,PM2.5,87.6,247.5,101.6,112,Unhealthy for Sensitive Groups,36.2,61.6,17.8
India,Kerala,Udaipur,NH3,184.9,486.9,264.2,240,Very Unhealthy,22.4,39.6,4
India,Jammu and Kashmir,Vadodara,PM2.5,3.6,450.9,10,16,Good,36.9,57.6,1.6
India,Haryana,Vrindavan,PM2.5,136.2,442.4,256.3,251,Very Unhealthy,38.4,75.9,21.2
India,Andhra Pradesh,Kolkata,SO2,2.6,389.8,10.5,5,Good,27.2,69.5,4.6
India,Maharashtra,Baran,PM10,129.2,488,176.6,169,Unhealthy,36.6,50.8,4.1
India,Telangana,Amaravati,CO,22.3,210.3,40.7,44,Good,38,37.4,22.9
India,Jammu and Kashmir,Khurja,SO2,203.8,419.9,217,208,Very Unhealthy,26,35.3,29.8
India,Jharkhand,Pali,PM10,90.8,401,97.9,69,Moderate,24.1,62.2,26.4
India,Madhya Pradesh,Bettiah,PM10,8,173.2,170.2,158,Unhealthy,32.3,42.5,26.5
India,Bihar,Tonk,SO2,1.1,291.4,107.8,148,Unhealthy for Sensitive Groups,27,36,27.2
India,Odisha,Kolkata,PM2.5,41.6,455,41.8,20,Good,21.5,47,5.3
India,Mizoram,Mandikhera,CO,74.5,209.2,85.8,61,Moderate,36.6,57,29.1
India,Telangana,Angul,NO2,89.5,327.8,175.3,173,Unhealthy,36.9,66.2,22.9
India,Chhattisgarh,Purnia,NO2,64.9,391,67.9,98,Moderate,32.8,80.6,4.9
India,Haryana,Kota,NH3,0.9,254,24.5,39,Good,23.9,30.7,16.5
India,Maharashtra,Sirsa,NH3,93.8,437.6,112.5,102,Unhealthy for Sensitive Groups,32.3,33,19.2
India,Maharashtra,Hingoli,PM10,13.9,460.1,32,1,Good,17.5,88.9,22
India,Maharashtra,Balasore,NH3,74.9,380.1,97.5,67,Moderate,31.5,92.9,4.3
India,Puducherry,Rishikesh,PM2.5,6.7,327.8,18.1,8,Good,32.3,55.9,1.2
India,Haryana,Noida,PM2.5,74.5,486.7,126.4,145,Unhealthy for Sensitive Groups,25.8,71.3,0.6
India,Assam,Sivasagar,NO2,127.3,379.1,195.2,162,Unhealthy,22.3,30.4,5.5
India,Madhya Pradesh,Yamuna Nagar,NO2,42.6,474.9,137,143,Unhealthy for Sensitive Groups,33.9,69.6,2.9
India,Andhra Pradesh,Shillong,NH3,169.5,202.7,175.1,195,Unhealthy,30.7,80.3,16
India,Jammu and Kashmir,Nagaon,SO2,85.3,303.5,133.7,135,Unhealthy for Sensitive Groups,15.1,70.3,7.6
India,Puducherry,Sirsa,OZONE,9.4,278.1,42.4,10,Good,36.4,40.2,29.8
India,Uttarakhand,Kurukshetra,CO,35.1,143.8,60.5,58,Moderate,28.5,59.8,3.7
India,Chandigarh,Panchkula,PM2.5,31.2,361.8,95.7,87,Moderate,24.5,50.8,20.6
India,Jharkhand,Jalgaon,PM2.5,117.3,466.6,239.6,276,Very Unhealthy,17.1,54.5,18.5
India,Delhi,Hanumangarh,SO2,50,437.1,98.1,79,Moderate,25.2,69.4,7.6
India,Andhra Pradesh,Hajipur,NO2,224.2,292.1,254.5,296,Very Unhealthy,32,61.5,30
India,Chandigarh,Patiala,SO2,59,452.6,61.3,64,Moderate,29.9,78.4,13.8
India,West Bengal,Thiruvananthapuram,SO2,202.3,223.1,216.3,258,Very Unhealthy,17.8,93.5,25.7
India,Rajasthan,Hanumangarh,CO,101.5,299.7,108.2,110,Unhealthy for Sensitive Groups,25,73.8,18.8
India,Telangana,Noida,OZONE,41.6,198,117.8,145,Unhealthy for Sensitive Groups,25.3,75.7,18
India,Puducherry,Hisar,SO2,29.9,479.4,33.7,31,Good,36.7,83.3,4.2
India,Odisha,Saharsa,PM10,65.4,140,87.9,80,Moderate,32.9,78.4,7.7
India,Uttar Pradesh,Agra,NO2,52.1,97.2,75.1,76,Moderate,27.4,88.7,13.7
India,Odisha,Bileipada,NO2,8.6,319.9,55.1,100,Moderate,26.4,62.8,6.6
India,Tripura,Panchgaon,SO2,93.3,305.4,103.5,106,Unhealthy for Sensitive Groups,26.7,78.3,20.9
India,Puducherry,Ratlam,SO2,23.7,484,50.3,328,Hazardous,20,81.5,28.9
India,Chandigarh,Jind,NO2,36.6,182.1,118.7,105,Unhealthy for Sensitive Groups,37,71.5,5
India,Bihar,Hapur,PM10,85.6,494.2,187.7,164,Unhealthy,24,51.1,29.5
India,Chhattisgarh,Balasore,CO,54.8,273.8,213.2,265,Very Unhealthy,20.6,58.7,3.8
India,Karnataka,Nagaon,OZONE,34.3,487.7,239.7,227,Very Unhealthy,24.9,62,8
India,Maharashtra,Boisar,SO2,26.8,414.8,32.9,11,Good,30.4,31,7.2
India,Rajasthan,Suakati,SO2,1.7,329.6,6.1,15,Good,16.9,45.7,14.3
India,Assam,Hanumangarh,SO2,1.2,81.4,2.2,16,Good,37,54.3,5.3
India,Uttarakhand,Kohima,NH3,1.1,271.1,30.4,7,Good,34.2,56,8.8
India,Arunachal Pradesh,Tirumala,OZONE,152,381.7,223.6,290,Very Unhealthy,26.4,71.5,14
India,Himachal Pradesh,Lucknow,NH3,24.6,293.2,34.1,48,Good,26.6,91.5,19.5
India,Jammu and Kashmir,Ahmedabad,OZONE,52.2,385.3,195.4,164,Unhealthy,28,89.7,28.8
India,Rajasthan,Tumidih,NO2,88.1,198.1,89.7,75,Moderate,30,46,7.1
India,Assam,Byasanagar,NO2,144.1,476.5,171.4,176,Unhealthy,36.7,79.6,18.4
India,Arunachal Pradesh,Gorakhpur,CO,1,461,25.7,18,Good,21.5,86.2,29.2
India,Arunachal Pradesh,Talcher,PM10,139.1,490.9,166.8,163,Unhealthy,32.3,72.3,18
India,Chandigarh,Ludhiana,SO2,113.2,203.7,185.1,151,Unhealthy,19.1,49.6,7.8
India,Arunachal Pradesh,Satna,PM2.5,5.8,365.4,11.3,45,Good,18.5,46.7,14.9
India,Himachal Pradesh,Ludhiana,PM10,95.3,219.7,101.6,115,Unhealthy for Sensitive Groups,31.1,62.4,24.3
India,Uttarakhand,Dharuhera,NO2,21.6,388.5,104.8,133,Unhealthy for Sensitive Groups,17.2,60.6,0.6
India,Telangana,Narnaul,SO2,28.1,158.2,129.6,132,Unhealthy for Sensitive Groups,35.1,91.5,14.3
India,Nagaland,Rajgir,PM10,77.4,238.2,226.6,220,Very Unhealthy,33.3,94.8,11.7
India,Rajasthan,Kanpur,CO,150.7,256.3,161.9,155,Unhealthy,15.5,69.6,16.3
India,Himachal Pradesh,Narnaul,PM10,101.2,248.8,114.4,122,Unhealthy for Sensitive Groups,20.2,72.4,6.3
India,Assam,Ulhasnagar,NO2,18.3,353.6,203.7,278,Very Unhealthy,23.5,39.3,17.5
India,Karnataka,Chhal,PM10,108.2,422.5,259.6,295,Very Unhealthy,31,50.2,21.1
India,Chhattisgarh,Agra,NH3,169.3,321.7,214.8,220,Very Unhealthy,21.2,85.2,16.8
India,Nagaland,Srinagar,SO2,83.7,300.1,180.5,198,Unhealthy,38.9,51.5,21.4
India,Nagaland,Chandrapur,CO,3.4,147.3,94.6,96,Moderate,21.2,36.9,19
India,Tamil Nadu,Udaipur,OZONE,106.5,357.1,165,162,Unhealthy,23.8,46.3,5.9
India,Odisha,Siliguri,CO,4.9,314,126.5,127,Unhealthy for Sensitive Groups,23,53.3,12.1
India,Jharkhand,Motihari,SO2,86.5,396.8,238.9,243,Very Unhealthy,18.6,42.8,6.1
India,Telangana,Samastipur,CO,171.1,495,265.9,250,Very Unhealthy,37.8,57.4,25.2
India,Karnataka,Ujjain,PM10,101.6,361.6,242.9,257,Very Unhealthy,36.7,54.6,28.5
India,Uttarakhand,Mandikhera,CO,11.8,324.3,249.6,224,Very Unhealthy,22.3,75.4,27.7
India,Sikkim,Hubballi,PM2.5,38,461.6,168.9,177,Unhealthy,17.4,61.4,25.2
India,Tamil Nadu,Sangli,OZONE,121.4,356.6,225.8,201,Very Unhealthy,33.1,74,16.2
India,Haryana,Varanasi,PM10,55.7,474.6,209.2,285,Very Unhealthy,31.7,83.8,25
India,Jammu and Kashmir,Agra,NO2,85.8,202.8,189.7,171,Unhealthy,29.9,71,21.9
India,Delhi,Khanna,NH3,83.5,482,154.3,187,Unhealthy,35.7,62.8,5.6
India,West Bengal,Amravati,OZONE,25.1,231.4,200.3,449,Hazardous,30.8,49.7,27.9
India,Himachal Pradesh,Sirohi,PM2.5,23,359.3,140.6,126,Unhealthy for Sensitive Groups,27.3,61.3,19.7
India,Meghalaya,Kashipur,NO2,130.4,426.3,237.4,221,Very Unhealthy,20.4,84.6,1.7
India,Assam,Dharuhera,OZONE,102.4,399.2,221.4,215,Very Unhealthy,39.3,42.9,26.7
India,West Bengal,Beed,PM10,66.4,484,158.1,179,Unhealthy,31.9,52.2,7.7
India,Rajasthan,Anantapur,NH3,30.2,344.9,67.2,52,Moderate,18.3,74,3.6
India,Punjab,Bhilai,CO,187.2,391.7,219.5,294,Very Unhealthy,28.2,42.8,14
India,Telangana,Ramanagara,NH3,74.8,468.8,162.2,159,Unhealthy,29.7,95,17.3
India,Telangana,Saharsa,CO,216.9,452.6,252.3,219,Very Unhealthy,38.4,72.3,17.3
India,Chhattisgarh,Munger,NH3,93.9,286,262.8,232,Very Unhealthy,39.2,91.6,28.1
India,Mizoram,Kohima,NO2,31,391.9,124.5,104,Unhealthy for Sensitive Groups,24.7,33.1,22.5
India,Assam,Kanpur,CO,6.9,146.2,53.6,53,Moderate,26.4,82.8,10.7
India,Bihar,Vadodara,SO2,68.6,446.2,165,178,Unhealthy,33.2,33,8
India,Maharashtra,Baddi,NO2,11.6,227.6,21.7,33,Good,19.7,54.6,22.7
India,Tamil Nadu,Chandigarh,PM10,149.7,290.7,172.9,187,Unhealthy,18.8,77.7,28.3
India,Karnataka,Kanpur,PM2.5,38.2,457.2,44.1,12,Good,31,90.4,0.3
India,Arunachal Pradesh,Nagpur,NH3,6.3,385.8,87.1,83,Moderate,36.4,39,11.6
India,Chandigarh,Pali,CO,71.6,111.5,110.3,141,Unhealthy for Sensitive Groups,32.4,35.3,24.3
India,Karnataka,Gurugram,OZONE,33.1,149.1,115.1,146,Unhealthy for Sensitive Groups,29.2,85.9,14.3
India,Haryana,Pimpri-Chinchwad,SO2,10.4,103.1,55,97,Moderate,18.5,64.4,12.8
India,Sikkim,Jodhpur,CO,33.9,430.4,157.6,161,Unhealthy,16.9,66.9,19.5
India,Chhattisgarh,Hubballi,CO,73.1,447.1,210,273,Very Unhealthy,31.9,42.9,26.2
India,Arunachal Pradesh,Jhunjhunu,CO,4.2,214.2,209.7,202,Very Unhealthy,31.5,52.1,0.7
India,Gujarat,Sangli,OZONE,13.6,240.4,81.4,64,Moderate,20.2,48.6,1.6
India,Haryana,Jind,PM10,0.7,479.9,34.5,49,Good,33.3,78.8,7.8
India,Haryana,Alwar,NO2,217.2,377.1,223.3,276,Very Unhealthy,26.1,40.6,19.4
India,Tripura,Ahmedabad,NO2,81.3,280.2,203.7,263,Very Unhealthy,15.1,33.2,5.4
India,Kerala,Latur,PM2.5,35.2,153.7,69.6,96,Moderate,22.4,31.5,13.1
India,Jammu and Kashmir,Jhalawar,CO,82.4,461.8,161.2,173,Unhealthy,34.4,59.5,28.5
India,Punjab,Bhilwara,NO2,35.5,440.7,50.4,318,Hazardous,17.7,32.9,18.4
India,Jammu and Kashmir,Machilipatnam,CO,42.5,243.8,102.6,133,Unhealthy for Sensitive Groups,16,42.7,21.1
India,Bihar,Charkhi Dadri,CO,34,338.5,251.1,291,Very Unhealthy,18.4,51.2,21.1
India,Nagaland,Sonipat,PM2.5,62.5,459.9,145.4,120,Unhealthy for Sensitive Groups,36.4,73.6,18.6
India,Jammu and Kashmir,Hapur,NH3,5,284.6,68.6,86,Moderate,21.7,69.9,20.5
India,Andhra Pradesh,Manguraha,PM10,45.6,293.2,230.2,213,Very Unhealthy,34.7,37.6,1.6
India,Maharashtra,Patiala,NO2,24.5,336.3,37.1,1,Good,16,94.7,20.1
India,Mizoram,Chamarajanagar,OZONE,123.1,288.7,188.6,197,Unhealthy,19.2,65.7,25.9
India,Arunachal Pradesh,Singrauli,OZONE,185.5,309.3,243.2,211,Very Unhealthy,25.5,60.2,18.6
India,Assam,Ahmedabad,PM2.5,188.5,497.6,260.7,257,Very Unhealthy,36.2,69.1,21.7
India,Bihar,Bhavnagar,SO2,90.6,221.5,104.9,103,Unhealthy for Sensitive Groups,30.8,42.5,13.7
India,Nagaland,Nagaon,PM2.5,32.1,395.1,140.1,121,Unhealthy for Sensitive Groups,15.8,34.2,27
India,Arunachal Pradesh,Milupara,SO2,52.6,187.7,63.5,82,Moderate,20.3,53.4,4.3
India,Uttarakhand,Coimbatore,OZONE,42.6,365.1,189.1,172,Unhealthy,38.2,56.2,0.8
India,Punjab,Vijayapura,OZONE,7.6,293.5,44.2,9,Good,15.1,34.8,17.2
India,Uttar Pradesh,Gummidipoondi,OZONE,5.3,297.7,22.4,34,Good,26.5,80.5,21.5
India,Meghalaya,Rishikesh,NH3,64.1,334.9,102.4,147,Unhealthy for Sensitive Groups,19.5,77.8,17.4
India,Mizoram,Bhiwadi,CO,49.6,443.3,220,253,Very Unhealthy,37.2,78.1,29.9
India,Sikkim,Rajkot,NH3,187,411.1,220.5,289,Very Unhealthy,17.5,55.1,0.6
India,Bihar,Manesar,OZONE,18.2,428,224.8,264,Very Unhealthy,29.9,79.6,5
India,Punjab,Saharsa,NH3,7.5,492.2,35.4,15,Good,35.1,82.2,29.8
India,Uttar Pradesh,Satna,OZONE,3.3,291.1,67.3,93,Moderate,35.6,59.7,13.2
India,Chhattisgarh,Asansol,OZONE,14.8,383.7,17.3,30,Good,27.3,49,2.3
India,Jharkhand,Shivamogga,PM10,39.6,467.8,116.4,139,Unhealthy for Sensitive Groups,32.8,59.4,0.2
India,Odisha,Mandikhera,PM2.5,29.8,218.7,76.6,63,Moderate,16.4,83.4,15.9
India,Mizoram,Bharatpur,NO2,38.3,236.6,113.2,135,Unhealthy for Sensitive Groups,36.1,65,6.7
India,Jharkhand,Panchgaon,PM2.5,40.7,348.9,211.9,240,Very Unhealthy,34.2,75.1,10.7
India,Haryana,Milupara,OZONE,32.7,437.1,61.6,78,Moderate,34.7,33.5,19.4
India,Tripura,Barbil,NO2,121,153.2,132.3,115,Unhealthy for Sensitive Groups,19.8,30.2,29.1
India,Rajasthan,Chikkamagaluru,SO2,44.9,316.7,258.4,237,Very Unhealthy,33.1,33,15.3
India,Sikkim,Bhiwadi,OZONE,22.9,384.2,239.2,221,Very Unhealthy,33.9,64,11.9
India,Jharkhand,Thane,NO2,47.2,248.1,226.9,275,Very Unhealthy,18.8,38.7,5.7
India,Haryana,Manesar,CO,37.8,201.7,128.1,126,Unhealthy for Sensitive Groups,35.5,33.9,17.7
India,Puducherry,Yadgir,NH3,57.3,235.3,169.7,192,Unhealthy,38.9,89.3,26
India,Meghalaya,Lucknow,CO,17.5,247.5,72.5,67,Moderate,33.2,40.3,8.1
India,Assam,Palwal,CO,5,69.4,39.5,10,Good,18.6,78.2,11.5
India,Himachal Pradesh,Dharuhera,NH3,30.9,457.1,38.4,8,Good,15.1,73.9,7.7
India,Rajasthan,Satna,PM10,64.2,366.7,185.5,185,Unhealthy,36.8,73.9,10.6
India,Himachal Pradesh,Varanasi,SO2,12,300.4,25.7,0,Good,16.7,57.4,2.3
India,Telangana,Madurai,PM10,168.9,292.8,193.6,169,Unhealthy,28.1,84.4,0.2
India,Sikkim,Coimbatore,PM2.5,75.7,407.2,105.7,111,Unhealthy for Sensitive Groups,36.7,54.6,15.2
India,Himachal Pradesh,Raebareli,NO2,140.5,386.7,202.1,284,Very Unhealthy,18,93.7,27.1
India,Himachal Pradesh,Katihar,CO,140.4,457.5,244.5,289,Very Unhealthy,37.4,47.3,25.5
India,Maharashtra,Ghaziabad,PM2.5,160.6,397.6,253.8,253,Very Unhealthy,34.7,86.3,6.4
India,Odisha,Sonipat,NH3,4.7,100.1,7.5,18,Good,17.2,48.9,24.4
India,Andhra Pradesh,Kollam,CO,67.4,337.9,246.5,204,Very Unhealthy,38.2,63.5,25.2
India,Odisha,Bhiwani,SO2,138.4,422.6,257,201,Very Unhealthy,39.2,84.5,20
India,Jharkhand,Bilaspur,OZONE,93.1,444.9,99,57,Moderate,27.8,68.7,24.4
India,Karnataka,Chittoor,NO2,29.3,469,262.2,244,Very Unhealthy,26.5,63.3,5.1
India,Chhattisgarh,Balasore,OZONE,96.9,273.7,167.8,182,Unhealthy,34.5,56.2,4.2
India,Punjab,Chikkamagaluru,SO2,106.5,387.7,189.5,178,Unhealthy,30.7,87.8,19.1
India,Delhi,Sirsa,NO2,176.5,420.8,207.6,265,Very Unhealthy,33,58.3,28.9
India,Assam,Dharwad,PM2.5,3.5,260.5,102.3,117,Unhealthy for Sensitive Groups,21.5,41,20.9
India,Tamil Nadu,Milupara,NH3,43.7,187.9,146.1,124,Unhealthy for Sensitive Groups,21.4,80,4.1
India,Maharashtra,Bharatpur,PM10,4.1,149.6,13.9,46,Good,24.5,95,29.9
India,Assam,Chandigarh,NO2,17.3,301.5,73.5,57,Moderate,22,49.4,26
India,Meghalaya,Bhopal,PM2.5,115.2,222.4,117,117,Unhealthy for Sensitive Groups,35.3,47.2,4.2
India,Puducherry,Mandideep,NO2,21.3,426.8,82.3,79,Moderate,19.4,74.9,3
India,Meghalaya,Kunjemura,CO,37.3,367.7,248.4,289,Very Unhealthy,34.3,62,22.7
India,Punjab,Ambernath,SO2,131.5,202.2,175.1,191,Unhealthy,35.3,63.3,4.8
India,Uttar Pradesh,Panchkula,SO2,112.9,474.6,259.1,259,Very Unhealthy,38.4,89.5,10.6
India,Uttarakhand,Varanasi,SO2,115.3,275.8,192.1,193,Unhealthy,34.4,60.1,29.9
India,Arunachal Pradesh,Mandikhera,SO2,216.9,299.7,219.3,216,Very Unhealthy,26,89.1,1.7
India,Nagaland,Ulhasnagar,NH3,2.5,191.4,10,11,Good,20.3,34.5,22.3
India,Uttarakhand,Chandrapur,CO,2,248.1,3.8,17,Good,31.9,39.2,29.9
India,Uttar Pradesh,Suakati,NO2,108.2,385.6,151.7,199,Unhealthy,34.3,94.3,3.3
India,Mizoram,Bhiwadi,NH3,51.5,162.1,88.9,51,Moderate,37.9,49.8,6.9
India,Punjab,Faridabad,NO2,30.7,481.7,41.9,1,Good,27.1,71.7,14.8
India,Telangana,Bhiwadi,NO2,12.1,215.4,109.4,110,Unhealthy for Sensitive Groups,32.1,32.9,21.6
India,Nagaland,Gorakhpur,SO2,53.5,216.1,156.9,176,Unhealthy,21.6,68.9,23.2
India,Telangana,Madikeri,OZONE,39.1,101.3,81,68,Moderate,29.6,82.1,29.2
India,Tripura,Ahmednagar,NO2,2.8,496.6,119.5,130,Unhealthy for Sensitive Groups,29,66.9,25.5
India,Odisha,Chikkaballapur,PM2.5,18.8,422.7,19.8,33,Good,37.5,61.3,13.9
India,Bihar,Thrissur,NH3,71,124.4,82.7,75,Moderate,17.1,75.1,26.4
India,Uttar Pradesh,Silchar,CO,78.6,317,217.3,298,Very Unhealthy,16.3,45.3,29.8
India,Himachal Pradesh,Bareilly,PM10,118.1,340.1,149.2,131,Unhealthy for Sensitive Groups,34.1,83.1,13.5
India,Chandigarh,Prayagraj,NO2,42.3,365.8,115.6,137,Unhealthy for Sensitive Groups,16.4,51.7,13.2
India,Bihar,Buxar,NO2,15.6,162.6,34.7,34,Good,15.8,45.5,17.5
India,Kerala,Milupara,SO2,140.1,288.6,189.8,159,Unhealthy,32.4,82.9,0.6
India,Madhya Pradesh,Sri Ganganagar,NH3,76.2,203,86.2,71,Moderate,36.6,73.1,15.7
India,Tamil Nadu,Srinagar,OZONE,14.5,92.6,21.7,42,Good,20.6,82.1,14.7
India,Punjab,Virar,SO2,5,394,10.8,5,Good,15.9,32,27.2
India,Maharashtra,Kanpur,PM2.5,30.4,136.1,97.3,58,Moderate,27.7,45.8,7.6
India,Jharkhand,Ahmednagar,CO,73.5,121.9,81.3,83,Moderate,32,63.3,26.2
India,Punjab,Dholpur,SO2,129.4,460,247.5,276,Very Unhealthy,18.5,51.6,10.6
India,Karnataka,Ballabgarh,PM10,30.9,321.9,136.4,112,Unhealthy for Sensitive Groups,27.1,42.6,24.6
India,Jharkhand,Mahad,PM10,11.8,274,264.7,220,Very Unhealthy,17.6,45.7,13.8
India,Rajasthan,Nagpur,NH3,141.6,303.9,244.6,281,Very Unhealthy,39.6,88.3,7.5
India,Tamil Nadu,Satna,SO2,37,130.8,72,65,Moderate,16.5,77.3,21.7
India,Odisha,Charkhi Dadri,PM2.5,152.5,250.3,208.2,236,Very Unhealthy,37.2,54.4,19.9
India,Delhi,Siwan,NH3,26.1,163.1,26.6,35,Good,15.8,50.5,12.1
India,Odisha,Churu,CO,0.9,211.1,98.8,56,Moderate,23,42.2,14.6
India,Arunachal Pradesh,Belapur,NH3,5.5,121.9,6.2,15,Good,37.8,92.4,20.7
India,Tamil Nadu,Dholpur,OZONE,0.3,449.6,265.1,268,Very Unhealthy,32.8,38.6,1.9
India,Mizoram,Mumbai,PM2.5,186.2,265.7,261.5,237,Very Unhealthy,19.4,63,7.1
India,West Bengal,Bhilwara,NO2,14.5,442.3,218.9,285,Very Unhealthy,38.6,41,28.2
India,Arunachal Pradesh,Virar,NO2,69.5,291.7,90.9,92,Moderate,39,93.9,3.1
India,Telangana,Palwal,CO,94.2,325.5,176.4,176,Unhealthy,23.5,72.4,9.2
India,Delhi,Patiala,CO,115.9,229.7,124,141,Unhealthy for Sensitive Groups,25.9,48,29.9
India,Tamil Nadu,Vadodara,NH3,6.1,180.5,8.8,5,Good,16.2,72.3,1.9
India,Haryana,Khurja,CO,81.5,201.7,95.4,92,Moderate,20.2,32.7,12.7
India,Delhi,Akola,CO,51.4,116.3,57.9,82,Moderate,38,52.1,21.2
India,Chandigarh,Jind,NH3,2.4,205.9,54.6,76,Moderate,28.5,68.2,18.3
India,Rajasthan,Motihari,NH3,164.4,184.4,178,200,Unhealthy,15.5,94.9,14.1
India,Maharashtra,Mandikhera,CO,84.2,410,235.1,202,Very Unhealthy,29.4,70.4,11.3
India,Chhattisgarh,Mandideep,PM10,2.9,302.6,83.7,75,Moderate,23.4,40.7,15.3
India,Kerala,Kurukshetra,PM2.5,103.5,245.5,218.4,261,Very Unhealthy,29.3,91.6,23.4
India,Uttarakhand,Sawai Madhopur,PM2.5,72.8,321.3,222.1,221,Very Unhealthy,30,75,23.9
India,Himachal Pradesh,Pali,NO2,108.6,177.5,132.7,141,Unhealthy for Sensitive Groups,33.7,85.9,0.5
India,Punjab,Damoh,NO2,10.3,364.9,40.7,4,Good,29.3,76.7,28.1
India,Bihar,Vrindavan,SO2,33.7,452.8,79.2,100,Moderate,37.4,83.5,0.4
India,Punjab,Naharlagun,PM10,23.3,104.9,64.9,77,Moderate,38.5,74.7,4
India,Odisha,Thane,NO2,38.8,439,233.2,240,Very Unhealthy,35.9,62,25.2
India,Sikkim,Chandrapur,PM2.5,203,262.8,245,259,Very Unhealthy,32.7,41.1,15.2
India,Gujarat,Sirohi,OZONE,114.2,409,254.1,270,Very Unhealthy,34.1,49.1,0.8
India,Andhra Pradesh,Bhubaneswar,PM10,81.4,350.6,176.3,174,Unhealthy,29.7,64.7,17.4
India,Bihar,Kollam,CO,13.9,182.5,130.6,101,Unhealthy for Sensitive Groups,20.5,78,28.3
India,Karnataka,Yamuna Nagar,NO2,90.9,394.3,228.6,236,Very Unhealthy,32.2,46.6,24.1
India,Andhra Pradesh,Bhopal,NH3,6.6,322.4,17,40,Good,30.5,92.4,27.2
India,Mizoram,Arrah,PM2.5,19.9,487.4,206.4,287,Very Unhealthy,22.7,41.8,14.9
India,Delhi,Ulhasnagar,PM10,2.5,189.9,129.2,107,Unhealthy for Sensitive Groups,24.4,64.7,24.4
India,Meghalaya,Mira-Bhayandar,NO2,140.4,368.9,185,172,Unhealthy,25.6,32.8,13.8
India,Assam,Kalaburagi,OZONE,81.8,204.9,118.8,140,Unhealthy for Sensitive Groups,17.8,57.4,16.1
India,Uttar Pradesh,Tirupati,CO,213.1,352.1,230.5,269,Very Unhealthy,39.3,59.2,17.1
India,Maharashtra,Hajipur,OZONE,67.5,409.5,121.3,146,Unhealthy for Sensitive Groups,34.5,94.5,20.5
India,Arunachal Pradesh,Cuddalore,PM2.5,42,388.9,249,275,Very Unhealthy,24.1,80.1,10.2
India,Sikkim,Delhi,CO,202.5,364.8,233.6,214,Very Unhealthy,17.5,78,29.2
India,Kerala,Machilipatnam,NO2,128.3,416.1,259.2,207,Very Unhealthy,28,46.3,10.3
India,Andhra Pradesh,Mandikhera,PM10,2.5,134.7,9.8,41,Good,22.3,33.8,19.5
India,Rajasthan,Nanded,PM10,3.6,97.5,5.8,25,Good,24.1,88.3,3.5
India,Tripura,Visakhapatnam,CO,1.9,354.2,89.8,68,Moderate,34.6,65.2,12.9
India,Delhi,Hyderabad,PM2.5,54.5,370.5,140.5,145,Unhealthy for Sensitive Groups,25.3,55.3,23.8
India,Gujarat,Sirohi,CO,7.9,446.9,169.3,172,Unhealthy,20.4,42.6,24.7
India,Karnataka,Byrnihat,SO2,78.1,418.2,120.2,108,Unhealthy for Sensitive Groups,26,60.5,16
India,Maharashtra,Chittoor,NH3,22.8,127.5,52.3,65,Moderate,24.7,93.2,24.4
India,Madhya Pradesh,Mumbai,NH3,128.7,278.9,229.4,210,Very Unhealthy,27.7,38.8,28
India,Andhra Pradesh,Gurugram,NH3,133.4,457.6,190.5,184,Unhealthy,21,73.7,19.9
India,Odisha,Thiruvananthapuram,PM10,30.8,481.1,60.8,78,Moderate,22.2,77,12.1
India,Himachal Pradesh,Solapur,CO,9.8,356.8,184.4,172,Unhealthy,20.9,45.9,9.2
India,Tamil Nadu,Jabalpur,NO2,62.7,297.2,244.9,233,Very Unhealthy,25,93.6,12.2
India,Uttarakhand,Pali,NO2,84.9,302.8,133.6,106,Unhealthy for Sensitive Groups,24,34.1,20.2
India,Punjab,Begusarai,PM2.5,56.1,118.2,88.1,69,Moderate,19,85.2,17.2
India,Bihar,Ramanagara,PM10,24.6,341.7,148.7,117,Unhealthy for Sensitive Groups,28.6,41.5,19.1
India,Arunachal Pradesh,Pune,PM10,110.9,397.5,129,106,Unhealthy for Sensitive Groups,24.3,35,19.3
India,Sikkim,Navi Mumbai,NH3,98.3,488.8,219.5,289,Very Unhealthy,38.6,42.3,4.4
India,Andhra Pradesh,Puducherry,CO,115.5,234.2,197.9,174,Unhealthy,37.6,36.3,3.5
India,Odisha,Rajamahendravaram,SO2,12.1,336.9,68.5,54,Moderate,39.9,53.1,11
India,Andhra Pradesh,Ujjain,CO,65.8,426.4,175.8,188,Unhealthy,36.6,62,11.4
India,Jammu and Kashmir,Kishanganj,NO2,22,156,81.7,79,Moderate,38.5,91.5,25.7
India,Puducherry,Madikeri,SO2,26.7,95.5,59.3,90,Moderate,20.3,85.9,12.6
India,Karnataka,Panchgaon,SO2,32.4,336.4,171.8,158,Unhealthy,26,89.8,24.9
India,Tripura,Latur,NH3,10.2,271.5,53.1,76,Moderate,31.4,70.3,15.5
India,Himachal Pradesh,Narnaul,NO2,66.6,244.3,201.9,257,Very Unhealthy,38,56,16.6
India,Uttarakhand,Hingoli,CO,29.3,318.8,75.5,89,Moderate,17.8,52.8,27.3
India,Jharkhand,Bhavnagar,SO2,98.9,329.5,224.9,278,Very Unhealthy,24.2,55,29.1
India,Meghalaya,Chikkaballapur,OZONE,126.3,371.4,169.7,172,Unhealthy,33.6,68.8,23.6
India,Chhattisgarh,Rajgir,NH3,118.3,362,143.1,142,Unhealthy for Sensitive Groups,19.2,43,24.9
India,Tripura,Barmer,OZONE,41.7,467.6,72.9,98,Moderate,17.7,47.2,1
India,Punjab,Gadag,NH3,75.5,427.8,252.5,290,Very Unhealthy,39,39.8,0.6
India,Mizoram,Mahad,NO2,164.8,453.5,227.2,231,Very Unhealthy,19.9,80.3,9.5
India,Sikkim,Aizawl,PM10,224.5,446.1,230.5,268,Very Unhealthy,33.3,74.9,3.3
India,Punjab,Mahad,NO2,53.5,408.7,115.3,116,Unhealthy for Sensitive Groups,27.8,88.1,25
India,Jammu and Kashmir,Bhiwandi,SO2,77.6,412,234.6,282,Very Unhealthy,25.9,76,18.2
India,Arunachal Pradesh,Nellore,SO2,17.9,246.1,136.3,109,Unhealthy for Sensitive Groups,29.4,88,25.3
India,Telangana,Virar,CO,8,323.4,153.3,157,Unhealthy,15.6,85.3,9.6
India,Puducherry,Indore,SO2,29.4,350.3,92,74,Moderate,39.2,37.3,7.5
India,Bihar,Nagaur,PM10,104.8,361.5,199.5,167,Unhealthy,26.7,92.8,25.2
India,West Bengal,Vrindavan,NO2,64.4,145.1,95.6,59,Moderate,38.4,82,17.8
India,Maharashtra,Ambernath,SO2,21.6,238.6,80.5,63,Moderate,29.5,39.1,25.4
India,Uttarakhand,Ulhasnagar,NH3,141.5,382.1,161,172,Unhealthy,15.8,43.6,15.5
India,Delhi,Rohtak,PM10,29.1,347.9,36.9,19,Good,27,38.3,20.9
India,Arunachal Pradesh,Madikeri,SO2,66.7,466.6,92,73,Moderate,34.1,76.4,29.7
India,Rajasthan,Bhopal,SO2,23,400.9,200.3,438,Hazardous,30.1,87.8,25.8
India,Karnataka,Motihari,PM10,76.6,164.7,146,121,Unhealthy for Sensitive Groups,33.5,94.2,19.5
India,Jammu and Kashmir,Thoothukudi,CO,116.1,460.4,212.8,215,Very Unhealthy,24.7,81.5,12.7
India,Gujarat,Durgapur,PM10,109.5,415,210,245,Very Unhealthy,17.5,38.9,14.2
India,Punjab,Singrauli,OZONE,5.6,289.7,36.1,31,Good,19.5,86.2,4.7
India,Tamil Nadu,Tirumala,CO,18.8,265,70.1,52,Moderate,28.6,68.9,24.1
India,Maharashtra,Beed,OZONE,140.7,206.8,189.2,179,Unhealthy,24.9,43.2,11.5
India,Karnataka,Hyderabad,NH3,108.4,176.4,118.7,142,Unhealthy for Sensitive Groups,16.2,39.3,13.2
India,Sikkim,Chittorgarh,PM10,29.6,61.2,61,95,Moderate,22.8,71.1,23.2
India,Maharashtra,Akola,OZONE,128.4,432.7,137.6,148,Unhealthy for Sensitive Groups,34.9,42.3,29.1
India,Chandigarh,Amaravati,NO2,19.2,170.4,20.1,31,Good,32.9,72.8,8.9
India,Odisha,Bharatpur,OZONE,103.8,334.5,154.8,190,Unhealthy,29.6,42.1,11.2
India,Rajasthan,Byasanagar,PM2.5,120.1,455.2,175.7,159,Unhealthy,31.4,32.6,8
India,Mizoram,Noida,CO,25.9,333.8,103.3,131,Unhealthy for Sensitive Groups,27.5,79.3,24.1
India,Tamil Nadu,Baghpat,OZONE,139.1,421,147.1,119,Unhealthy for Sensitive Groups,19.8,37,1.9
India,Kerala,Kolhapur,CO,141.8,377.8,210.9,274,Very Unhealthy,23.5,90.4,1.6
India,Maharashtra,Dholpur,CO,45.9,479.5,121.5,144,Unhealthy for Sensitive Groups,19.4,46.2,13
India,Haryana,Agartala,PM2.5,151,285.4,162,196,Unhealthy,22.4,38.9,13.8
India,Telangana,Bhagalpur,OZONE,8.3,328.4,35.5,23,Good,30.1,71.1,2.8
India,Chhattisgarh,Banswara,PM10,60.8,481.8,155.1,175,Unhealthy,36.7,58.8,18.7
India,West Bengal,Rajkot,PM10,6.1,262.6,71.2,81,Moderate,31,42.5,9.1
India,Tamil Nadu,Mangalore,CO,24.5,329.7,45.4,3,Good,30.7,73.2,29.8
India,Delhi,Hyderabad,PM10,10.7,209.9,25.7,27,Good,37.2,54.3,14.9
India,Haryana,Barrackpore,PM2.5,16.8,138.7,83.8,60,Moderate,35.2,77,17.2
India,Jharkhand,Sirsa,PM2.5,90,274.6,113.8,134,Unhealthy for Sensitive Groups,39.3,90.9,11.4
India,Meghalaya,Varanasi,NO2,46.4,476,207,297,Very Unhealthy,22.6,49.3,21
India,Tripura,Barrackpore,SO2,210.7,492.7,212.6,265,Very Unhealthy,38.2,31.9,0.4
India,Bihar,Araria,NO2,16.8,205,55.8,51,Moderate,15.6,89.3,3.9
India,West Bengal,Satna,SO2,241.8,268.1,261.3,265,Very Unhealthy,39.9,49,20.3
India,Maharashtra,Bundi,PM10,0.5,187.8,0.6,33,Good,36,77.4,5.6
India,Chhattisgarh,Virar,PM2.5,41.6,284.7,213.7,271,Very Unhealthy,16.2,94.6,15
India,West Bengal,Satna,OZONE,158.9,191.7,173.6,175,Unhealthy,37,63.2,27.7
India,Mizoram,Panipat,OZONE,128.8,491.5,166,184,Unhealthy,19.4,72.2,7.7
India,Punjab,Vijayapura,PM10,93.4,373.2,223.9,265,Very Unhealthy,22.4,82.2,17
India,Tamil Nadu,Agra,NH3,86.7,463.5,265,237,Very Unhealthy,19.4,46.9,0.2
India,Karnataka,Udaipur,NO2,67.1,334.7,86.6,59,Moderate,30.1,83.7,12.1
India,Madhya Pradesh,Parbhani,SO2,88.8,227,122.9,150,Unhealthy for Sensitive Groups,31.3,55.4,15.4
India,Himachal Pradesh,Chikkaballapur,NO2,30.2,448.2,124.5,126,Unhealthy for Sensitive Groups,26.2,70.2,5.8
India,Assam,Chandrapur,NH3,195.2,469.2,247.7,212,Very Unhealthy,18.1,87.5,3.8
India,Assam,Greater Noida,SO2,105.5,241.3,225.7,223,Very Unhealthy,36.3,62.7,23.8
India,Arunachal Pradesh,Karnal,NO2,49,376.3,187,171,Unhealthy,37.1,30.9,26.7
India,Delhi,Brajrajnagar,NH3,18.9,480,224.6,225,Very Unhealthy,21.2,32.1,29.5
India,Uttarakhand,Charkhi Dadri,CO,4.4,399.2,128.7,126,Unhealthy for Sensitive Groups,20.6,42.9,16.9
India,Rajasthan,Madikeri,PM10,156.9,401,209.8,208,Very Unhealthy,39.8,31.2,26.3
India,Delhi,Gurugram,NH3,11,255.9,46.1,39,Good,32.3,81.2,21.6
India,Punjab,Katni,SO2,18.7,282.9,150.5,479,Hazardous,22.6,58.4,22.3
India,Himachal Pradesh,Chikkamagaluru,PM10,32.6,208,121.2,139,Unhealthy for Sensitive Groups,32.8,81.7,3.6
India,Tamil Nadu,Ramanagara,SO2,115.6,325.8,160.9,177,Unhealthy,32.5,38.9,26
India,Haryana,Jaipur,OZONE,70.8,395.8,85.3,77,Moderate,34.3,74.1,12.7
India,Gujarat,Pune,SO2,9.9,292.8,21,38,Good,23.9,86.7,26.8
India,Bihar,Sangli,CO,187.5,288.3,202,271,Very Unhealthy,16.6,56.3,26.5
India,Uttarakhand,Milupara,NO2,3.8,444,29.2,47,Good,33.6,90.1,14.2
India,Odisha,Tensa,NO2,36.6,221.9,62.7,54,Moderate,27.5,82.6,26.3
India,Odisha,Mangalore,NH3,8,137.6,20,23,Good,31.7,40.2,28.2
India,Jammu and Kashmir,Khanna,CO,253.1,441.8,264.6,274,Very Unhealthy,33.1,36.1,19
India,Maharashtra,Indore,NH3,101.8,156.5,153.3,176,Unhealthy,15.6,78.1,4.1
India,Chhattisgarh,Nanded,NO2,22.8,456,80.2,99,Moderate,32.9,60.5,20.6
India,Tripura,Bahadurgarh,NO2,81.1,290.9,122.9,101,Unhealthy for Sensitive Groups,36.3,46.1,1.5
India,Odisha,Thane,SO2,170,443.3,239.1,249,Very Unhealthy,23.5,65.4,24
India,Chhattisgarh,Karauli,SO2,19.1,183.2,38.2,34,Good,21.8,35,10.7
India,Arunachal Pradesh,Kishanganj,NO2,3.6,404.7,115.6,119,Unhealthy for Sensitive Groups,24.1,79.9,16.3
India,Meghalaya,Kalyan,NH3,110,216.6,145.2,147,Unhealthy for Sensitive Groups,31.5,30.3,7.7
India,Himachal Pradesh,Navi Mumbai,PM2.5,225.9,411.9,244.3,229,Very Unhealthy,38.2,64,21.1
India,Jammu and Kashmir,Manesar,PM10,220.1,357.6,246.8,258,Very Unhealthy,31.4,44.9,0.7
India,Delhi,Bihar Sharif,PM2.5,48.5,192.8,61.7,52,Moderate,19.6,54.2,1.3
India,Maharashtra,Kolkata,CO,35.5,461.4,172.3,162,Unhealthy,31.4,74.8,1.9
India,Maharashtra,Belapur,OZONE,111.3,137.3,119,125,Unhealthy for Sensitive Groups,30,58.9,17.2
India,West Bengal,Dehradun,CO,12.4,279,52.4,66,Moderate,18,80.6,6.7
India,Uttarakhand,Vadodara,PM2.5,90.3,323.8,191,165,Unhealthy,38.4,46.4,23
India,Tamil Nadu,Kollam,CO,30.6,217.3,213.4,252,Very Unhealthy,19.1,70.4,12
India,Sikkim,Rupnagar,PM2.5,89.2,288.6,239.8,288,Very Unhealthy,33.2,72.2,9.4
India,Chandigarh,Coimbatore,PM10,3.8,115.1,9.5,24,Good,30.9,62,9.4
India,Puducherry,Kota,PM2.5,162.6,483.3,260.6,283,Very Unhealthy,31.8,42.4,11.9
India,Bihar,Singrauli,SO2,87.6,323.5,122.7,122,Unhealthy for Sensitive Groups,18.4,58.4,29.1
India,Uttar Pradesh,Dewas,SO2,78.2,230.8,174.9,181,Unhealthy,33.6,70.8,13.5
India,Haryana,Rourkela,NO2,98,389.1,101.4,108,Unhealthy for Sensitive Groups,39.5,59.1,27
India,Nagaland,Tirupati,CO,192.4,402.3,247.8,243,Very Unhealthy,24.3,94.1,7
India,Puducherry,Ramanagara,PM2.5,217.4,396.1,225.6,235,Very Unhealthy,23.1,58.5,10.5
India,Tamil Nadu,Panchkula,SO2,40.4,330.2,55.8,59,Moderate,28,50.9,21.5
India,Karnataka,Nagaon,SO2,151.9,432.4,227.3,265,Very Unhealthy,29.9,46.1,9.6
India,Karnataka,Kishanganj,OZONE,12,320.3,26.5,11,Good,34.1,41.1,16.7
India,Punjab,Gwalior,SO2,87.2,349.7,255.6,244,Very Unhealthy,32.2,48.5,10.6
India,Uttarakhand,Rohtak,NH3,0.2,373.3,240.3,204,Very Unhealthy,29.9,60.4,0.7
India,Karnataka,Aizawl,PM10,39.6,397.6,91.6,96,Moderate,33.2,57.9,28
India,Uttarakhand,Khairthal,NO2,22.7,271.7,24.9,16,Good,33.8,43.2,26.7
India,Kerala,Beed,NO2,15.9,358.7,164.9,199,Unhealthy,31.7,41.6,7.4
India,Puducherry,Agra,NH3,12,25.5,12.2,9,Good,17.8,85.8,29.8
India,Himachal Pradesh,Kannur,SO2,220.3,297.3,235.8,229,Very Unhealthy,21.7,43.7,21.2
India,Karnataka,Gurugram,CO,53.7,294.6,179.6,189,Unhealthy,28.5,51.4,25.1
India,Puducherry,Khora,OZONE,160.2,467.8,248.7,271,Very Unhealthy,39.5,35.5,23.8
India,Meghalaya,Chhapra,PM10,40.1,468.5,49,4,Good,19.5,55,14.9
India,Odisha,Faridabad,PM2.5,30,300.1,40.9,39,Good,20.9,51.1,6.5
India,Meghalaya,Madurai,CO,28,106.9,46.9,22,Good,18.7,43.4,20.7
India,Madhya Pradesh,Faridabad,CO,24.3,229,69.6,72,Moderate,31.4,31.7,27.7
India,Sikkim,Meerut,PM10,55.4,480.2,89.4,81,Moderate,33.6,37.7,28.5
India,Mizoram,Dharwad,PM10,34.6,439.3,255.8,285,Very Unhealthy,36.1,44.1,10.3
India,Delhi,Rourkela,CO,10.4,365.7,62.7,92,Moderate,32,68,17.2
India,Nagaland,Narnaul,NO2,148.8,392,207.6,234,Very Unhealthy,26.8,78.6,1.7
India,Madhya Pradesh,Chennai,PM2.5,42.4,125.3,58.6,78,Moderate,24.5,64.5,12.5
India,Assam,Karwar,PM2.5,141.7,312.6,222.2,284,Very Unhealthy,22.4,49.8,17.1
India,Nagaland,Jalna,NH3,57.8,140.2,115,105,Unhealthy for Sensitive Groups,29.3,54.2,23.6
India,Sikkim,Madurai,SO2,130.4,401,158.4,191,Unhealthy,31.8,80.1,2.5
India,Meghalaya,Vadodara,NO2,76.5,378.3,204.9,238,Very Unhealthy,35.2,76.2,24.1
India,Delhi,Coimbatore,PM10,29.6,475.5,46.8,36,Good,39.9,32.5,29.6
India,Mizoram,Baran,CO,85.9,476.7,211.1,242,Very Unhealthy,25.2,93.5,5.8
India,Meghalaya,Varanasi,NH3,59.5,173.3,164.1,153,Unhealthy,30.6,49.3,21.9
India,Uttarakhand,Sivasagar,NO2,0.6,298.2,33.2,13,Good,35.1,33.7,0.9
India,Madhya Pradesh,Barbil,SO2,38.3,277,163.8,167,Unhealthy,16.6,91.2,8.8
India,Himachal Pradesh,Latur,PM2.5,14.6,425.5,42,40,Good,39.4,60.8,14.4
India,Tripura,Rairangpur,NH3,65.8,446.1,129.8,148,Unhealthy for Sensitive Groups,37.4,85.5,1.3
India,Punjab,Rajamahendravaram,CO,35.8,259.1,232.8,280,Very Unhealthy,38.3,37.1,25
India,Jharkhand,Dausa,CO,184.2,245.8,185.1,183,Unhealthy,24.2,68.1,10.1
India,Rajasthan,Navi Mumbai,SO2,14.3,323.5,161.7,172,Unhealthy,23.5,71.1,16.7
India,Kerala,Sangli,PM10,17,227,28.2,5,Good,25,91.6,6.8
India,Himachal Pradesh,Araria,PM10,45.7,253.7,149.6,149,Unhealthy for Sensitive Groups,15.8,39.1,25.5
India,Punjab,Vadodara,CO,3.2,215.6,39.2,18,Good,33.4,63.5,17.7
India,Mizoram,Bagalkot,SO2,152.5,198.2,162.8,169,Unhealthy,24.1,35.4,4.3
India,Tripura,Thane,NO2,167.8,273,254.4,252,Very Unhealthy,26.4,89.6,4.6
India,Maharashtra,Arrah,PM2.5,82.7,285.6,205.3,268,Very Unhealthy,15.6,89.6,13.3
India,Karnataka,Howrah,NH3,102.4,270,209.8,236,Very Unhealthy,30.6,53.7,24.5
India,Kerala,Shivamogga,PM2.5,131.4,409.7,136.1,118,Unhealthy for Sensitive Groups,37.5,70.3,22.3
India,Arunachal Pradesh,Siwan,PM10,141.8,219.6,206.4,208,Very Unhealthy,32.5,87,22.7
India,Haryana,Mehsana,PM10,222.4,316.5,230.7,242,Very Unhealthy,32.4,33.4,6.2
India,Himachal Pradesh,Mangalore,PM10,215.7,481.7,241.3,259,Very Unhealthy,16.9,48.9,11
India,Assam,Byrnihat,SO2,12.5,369.6,117.2,118,Unhealthy for Sensitive Groups,23.2,64,22.1
India,Assam,Asansol,CO,18.3,121.9,25.5,43,Good,35.1,37.2,21.1
India,Puducherry,Bahadurgarh,PM2.5,104.5,444,161.9,166,Unhealthy,19,33.8,4.7
India,Chandigarh,Jabalpur,SO2,128.8,392.8,153.5,182,Unhealthy,29.8,90,20.9
India,Haryana,Ahmednagar,NH3,153.9,408.6,237.6,293,Very Unhealthy,28.4,83.1,12.6
India,Rajasthan,Araria,PM10,17.3,84.8,84.7,77,Moderate,22,92.7,19.2
India,Andhra Pradesh,Ahmednagar,PM10,10.8,333.6,202,247,Very Unhealthy,25.2,89.4,17.4
India,Mizoram,Varanasi,OZONE,88.7,456.9,227,296,Very Unhealthy,16.8,93.4,2.1
India,Mizoram,Bhopal,PM10,16.3,61.8,37.2,25,Good,34,44.2,27.6
India,Tripura,Greater Noida,CO,121.8,260.4,129.3,136,Unhealthy for Sensitive Groups,24.2,56.3,18.5
India,Arunachal Pradesh,Amaravati,OZONE,101.7,399.3,204.4,274,Very Unhealthy,15.5,64.8,28.6
India,Jharkhand,Vadodara,OZONE,57.6,346.8,178,180,Unhealthy,32.4,87.5,14.7
India,Maharashtra,Barmer,NO2,7.6,68.6,8.7,14,Good,36.4,35.7,26.1
India,Chhattisgarh,Sangli,NO2,30.8,499.4,33.9,7,Good,20.2,76.1,10.5
India,Madhya Pradesh,Nagaur,NH3,106,172.7,139.6,109,Unhealthy for Sensitive Groups,30.3,63.5,27.2
India,Meghalaya,Agra,NH3,14.6,386.7,168.8,161,Unhealthy,38.8,32,25.9
India,Rajasthan,Boisar,NO2,159.5,408.9,204.8,287,Very Unhealthy,23.5,45.9,11.6
India,Puducherry,Narnaul,SO2,19.1,414.4,48.8,27,Good,26.4,85.1,16.7
India,Sikkim,Haldia,NO2,145.5,470.2,147.6,140,Unhealthy for Sensitive Groups,38,84.6,9
India,West Bengal,Kota,CO,100.3,205.3,140.9,125,Unhealthy for Sensitive Groups,16.4,93.7,15.1
India,Rajasthan,Patna,NH3,24,444.7,73.5,97,Moderate,27.4,36.6,21.4
India,Nagaland,Solapur,NO2,78.3,155.3,138.6,110,Unhealthy for Sensitive Groups,34.1,70,20
India,Madhya Pradesh,Puducherry,PM2.5,5.5,240.5,8.9,13,Good,36.5,90.4,5.1
India,Bihar,Tensa,OZONE,18.8,264.7,91.7,60,Moderate,35.1,41.2,6.3
India,Uttar Pradesh,Ankleshwar,PM10,1.8,448,31.7,36,Good,39.5,36.4,25.1
India,Chhattisgarh,Kota,NH3,49.2,458.1,132.9,120,Unhealthy for Sensitive Groups,34.6,32.4,1.4
India,Chandigarh,Solapur,NO2,70,373.5,188,200,Unhealthy,26.7,32.2,12.7
India,Madhya Pradesh,Delhi,PM10,56.7,324,64.6,83,Moderate,32.8,92.5,4.5
India,Karnataka,Dhanbad,SO2,152.8,315.2,200.7,311,Hazardous,18.7,72.2,20.7
India,Meghalaya,Kanpur,NH3,5.3,270,45.8,39,Good,24.2,94,25.3
India,Rajasthan,Dhanbad,OZONE,163.3,258.3,193.5,180,Unhealthy,28.8,81.6,20.2
India,Odisha,Srinagar,SO2,53.4,364.2,262.5,229,Very Unhealthy,16.6,87.7,13.9
India,Odisha,Mathura,NH3,192.2,380.1,263.1,232,Very Unhealthy,22.1,72.2,4.6
India,Mizoram,Begusarai,OZONE,21.8,302.4,221.8,267,Very Unhealthy,33.4,81.5,26.8
India,Mizoram,Dausa,PM2.5,5.7,480.9,89.1,81,Moderate,33.4,64.1,8.9
India,Mizoram,Arrah,PM2.5,37.6,431.8,188.1,173,Unhealthy,17.8,65.5,7.7
India,Andhra Pradesh,Bengaluru,PM10,69.8,224,86.5,60,Moderate,33.9,93.1,18.1
India,Uttar Pradesh,Jalna,PM10,54,281.7,64.6,77,Moderate,21,35.6,28.2
India,Mizoram,Madikeri,OZONE,106.4,294.1,246.8,226,Very Unhealthy,21.4,85.1,4.8
India,Telangana,Ghaziabad,NO2,187.3,257,216,295,Very Unhealthy,19.4,60.6,18.3
India,Karnataka,Sasaram,OZONE,6.4,294.4,131.8,138,Unhealthy for Sensitive Groups,38.5,78,17
India,Nagaland,Gaya,OZONE,109.4,278.9,238.4,274,Very Unhealthy,17.1,57.1,16.3
India,Jammu and Kashmir,Kalyan,PM10,56.8,357.2,250.9,267,Very Unhealthy,32.8,35.3,24.7
India,Bihar,Ballabgarh,NH3,55.9,318.7,90.5,92,Moderate,19.2,90.1,18.8
India,Puducherry,Mumbai,NO2,45,179.8,63.5,82,Moderate,34.4,35.2,2.1
India,West Bengal,Sasaram,NH3,8.1,66.7,14.7,39,Good,16.8,56.8,19.2
India,Tripura,Sasaram,OZONE,57.9,454.4,123.2,134,Unhealthy for Sensitive Groups,35.8,72.8,23.7
India,Arunachal Pradesh,Kanpur,PM2.5,236.4,332,243,231,Very Unhealthy,26.1,52.7,12
India,Andhra Pradesh,Chikkaballapur,CO,4.4,476.5,6.7,29,Good,18.5,50.5,1.5
India,Tripura,Panchgaon,SO2,3.7,349.3,171.1,180,Unhealthy,37.8,64.6,24.2
India,Karnataka,Boisar,NH3,146.3,457.6,239.3,227,Very Unhealthy,30.5,84.1,14.4
India,Maharashtra,Nashik,NH3,80.8,193.6,179.3,180,Unhealthy,15.4,33.5,5.8
India,Haryana,Fatehabad,NH3,151.8,434.6,166.1,198,Unhealthy,17.2,59,18.4
India,Karnataka,Pimpri-Chinchwad,OZONE,21.1,100.1,38.2,16,Good,16.9,78.2,25.1
India,Punjab,Koppal,PM10,48,386.2,66.7,93,Moderate,33.4,80.4,9
India,Madhya Pradesh,Sirohi,NO2,169.2,299.3,264.1,299,Very Unhealthy,28.8,62.9,14.1
India,Rajasthan,Khora,CO,16.3,257.6,119.7,118,Unhealthy for Sensitive Groups,24.1,88.4,11.3
India,Rajasthan,Dausa,CO,110.8,283.6,226.4,257,Very Unhealthy,26.2,65.9,23.1
India,Punjab,Virar,NH3,261.5,357.1,262.6,300,Very Unhealthy,16.1,59.3,19.2
India,Chandigarh,Jhansi,PM10,29.8,361.7,33.9,13,Good,30.9,52.9,15.3
India,Sikkim,Keonjhar,SO2,212.2,372.1,260.9,298,Very Unhealthy,33.5,38.8,12.3
India,Telangana,Bhiwandi,PM2.5,121.9,351,181.4,155,Unhealthy,30.6,61.1,3.7
India,Tamil Nadu,Chandrapur,PM2.5,15.3,57.6,21,35,Good,35.6,57.6,26.9
India,Maharashtra,Vrindavan,OZONE,229.5,492.1,262.9,295,Very Unhealthy,22.7,54.9,2.9
India,Maharashtra,Milupara,NH3,30.9,446.1,62.2,71,Moderate,18.1,32.4,27.2
India,Puducherry,Byrnihat,CO,28.3,398.3,80.3,66,Moderate,26.3,89.9,26.2
India,Meghalaya,Hisar,NH3,114.1,201.9,123.7,147,Unhealthy for Sensitive Groups,27.1,94.9,25.9
India,Arunachal Pradesh,Ankleshwar,NO2,0.5,382.4,0.7,33,Good,24.1,83.1,3.9
India,Gujarat,Asansol,PM2.5,95,281.9,200.3,302,Hazardous,39.2,60.4,18.3
India,Rajasthan,Pampore,SO2,1.8,387.9,4.1,25,Good,17.8,88.6,25.5
India,Tamil Nadu,Chamarajanagar,NH3,16.2,354.6,72.7,61,Moderate,23.4,65.6,28.6
India,Tripura,Chhal,SO2,14.8,443.1,21.7,46,Good,23.9,69.8,17.7
India,Meghalaya,Akola,NO2,31.5,391.5,122.8,144,Unhealthy for Sensitive Groups,31.1,87,5.9
India,Bihar,Tonk,NH3,42.8,311.3,58.3,84,Moderate,39.4,89.6,8.1
India,Himachal Pradesh,Yamuna Nagar,NH3,13,432.5,76.6,74,Moderate,19.1,48.5,7.1
India,Kerala,Dholpur,SO2,4.3,215.9,121.1,137,Unhealthy for Sensitive Groups,18.5,93.6,19.8
India,Haryana,Gorakhpur,OZONE,23.2,231.8,35.3,50,Good,23.6,56,10.2
India,Himachal Pradesh,Eluru,NO2,57.2,141.7,77.4,98,Moderate,34.6,59.1,19.3
India,Assam,Nanded,NH3,59.4,367.1,178.6,162,Unhealthy,33.2,45.6,16.3
India,Karnataka,Pimpri-Chinchwad,CO,0.8,192.9,2.6,45,Good,15.3,31.5,18.8
India,Arunachal Pradesh,Surat,PM2.5,11.2,444.2,31.4,35,Good,38.5,77.1,3.3
India,Chandigarh,Ajmer,NH3,52.7,367.8,186.3,152,Unhealthy,21.4,71.5,0.8
India,Mizoram,Moradabad,PM2.5,83,400,144.3,108,Unhealthy for Sensitive Groups,32,52.8,16.8
India,Tamil Nadu,Motihari,CO,58.2,155.9,71,85,Moderate,16.8,35.7,5.6
India,Gujarat,Kalyan,SO2,30.3,234.7,83.6,99,Moderate,36.6,78.1,2.8
India,Tripura,Faridabad,PM2.5,7.9,307,25.7,10,Good,31.1,66.3,7.4
India,Himachal Pradesh,Latur,SO2,49,310.4,248.5,251,Very Unhealthy,38.7,48.4,26.7
India,Puducherry,Bhilai,NH3,2.6,376.2,27.6,32,Good,23.4,55.6,10.8
India,Tamil Nadu,Nagpur,OZONE,6.8,478.2,163,161,Unhealthy,23.4,84.7,9.7
India,Odisha,Alwar,PM10,11.8,473.1,45.6,13,Good,24.9,41.1,11.8
India,Karnataka,Satara,NO2,27.8,315.8,242.8,257,Very Unhealthy,24,65.6,8.2
India,Maharashtra,Pratapgarh,PM2.5,35.2,381,238.2,237,Very Unhealthy,18.8,75.4,12.9
India,Meghalaya,Vijayapura,OZONE,25.3,436.8,235.1,237,Very Unhealthy,30.6,30.1,1.1
India,Sikkim,Hingoli,PM2.5,90.7,307.2,93.6,80,Moderate,25.2,57,20.5
India,Arunachal Pradesh,Gummidipoondi,CO,199.3,325.5,217.6,266,Very Unhealthy,20.6,89.8,17.8
India,Sikkim,Chandigarh,PM10,5.5,143.1,14.6,35,Good,30.6,43.8,18.8
India,Mizoram,Jind,NO2,1.1,142.2,2.5,24,Good,24.6,67.9,1.1
India,Rajasthan,Thrissur,NH3,60.6,209,207.8,253,Very Unhealthy,20.5,69,7.5
India,Himachal Pradesh,Bagalkot,NH3,17.9,338.9,207.2,260,Very Unhealthy,16.9,94.8,4
India,Mizoram,Haldia,OZONE,172.3,250.7,227.3,204,Very Unhealthy,32.5,53.9,14.7
India,Chhattisgarh,Nellore,NO2,19.7,452.5,136.9,144,Unhealthy for Sensitive Groups,18,37.1,11.5
India,Delhi,Sagar,NH3,86.3,434.6,104,134,Unhealthy for Sensitive Groups,35.8,93.1,22.1
India,Karnataka,Gorakhpur,CO,61.2,360.7,66.5,87,Moderate,25.7,70.7,5
India,Uttar Pradesh,Jhansi,PM10,33.9,304,232.6,246,Very Unhealthy,23.2,41.9,19.6
India,Uttar Pradesh,Puducherry,NO2,57,378.3,220.3,211,Very Unhealthy,33.2,77.7,23.1
India,Haryana,Banswara,NH3,14.7,226.6,40.6,6,Good,27.5,80,21.4
India,Bihar,Ludhiana,PM10,27.4,100,83.9,60,Moderate,24.7,90.7,24.3
India,Maharashtra,Dehradun,PM10,55,454.7,215.1,256,Very Unhealthy,39.2,45.8,2.2
India,Sikkim,Bahadurgarh,PM10,1,26.7,6,50,Good,16.9,65.3,10.9
India,Bihar,Nashik,NO2,66.5,432.2,181.9,163,Unhealthy,31.2,31.1,15.7
India,Kerala,Byrnihat,NO2,100.1,424.7,125.4,101,Unhealthy for Sensitive Groups,26.9,89.5,4.8
India,Telangana,Chhal,SO2,235,378.7,246.8,222,Very Unhealthy,31.3,51.7,0.8
India,Kerala,Mathura,NO2,91.2,185.5,98.1,62,Moderate,25.6,76.7,30
India,Mizoram,Manesar,CO,192.4,243.1,232.2,239,Very Unhealthy,39.5,37.3,11.8
India,Rajasthan,Damoh,NH3,37.5,386.3,122.1,141,Unhealthy for Sensitive Groups,33.9,65.6,6.9
India,West Bengal,Bettiah,OZONE,87,136.3,88.7,57,Moderate,38.6,38.8,5
India,Odisha,Parbhani,OZONE,37.3,225.5,92.2,65,Moderate,22,62.9,21.5
India,Arunachal Pradesh,Ballabgarh,CO,7.6,486.8,17.4,42,Good,30.9,91.6,15.4
India,Haryana,Angul,NH3,42.7,256.8,113.4,135,Unhealthy for Sensitive Groups,22.8,89.9,14.7
India,Chandigarh,Bulandshahr,SO2,22.3,309,26.7,28,Good,24.2,88.8,26.3
India,Haryana,Puducherry,NO2,11.3,407.8,244,245,Very Unhealthy,26.2,93.1,16.6
India,Haryana,Kadapa,OZONE,14,231.4,195.8,178,Unhealthy,26.5,89.1,25.4
India,Maharashtra,Baripada,OZONE,21,383.1,24.9,50,Good,29.6,61.6,1.3
India,Bihar,Noida,PM10,213.8,372.6,260.8,229,Very Unhealthy,30.1,56.3,12.3
India,Meghalaya,Jorapokhar,SO2,97.2,489,176.1,195,Unhealthy,28.8,51.8,19.5
India,Telangana,Kolkata,SO2,54.7,414.6,127.4,142,Unhealthy for Sensitive Groups,23.8,72.3,19.9
India,Jammu and Kashmir,Sri Ganganagar,PM10,186.2,303.4,206.9,218,Very Unhealthy,19.6,71.1,26
India,Himachal Pradesh,Cuddalore,NH3,33.4,193.7,35.4,28,Good,22.4,89.6,6.9
India,Madhya Pradesh,Saharsa,PM2.5,81.4,388.7,217.6,240,Very Unhealthy,29.2,74.3,25.2
India,Uttarakhand,Mangalore,CO,195.8,387.5,217,222,Very Unhealthy,21.2,47.3,14.3
India,Puducherry,Amritsar,CO,4.4,415.7,4.5,41,Good,19,51.8,8.9
India,Jharkhand,Malegaon,CO,7.3,356.1,36.1,10,Good,32.7,83,22
India,Bihar,Satna,PM10,11.8,441.6,121.8,139,Unhealthy for Sensitive Groups,29.3,88.5,8.7
India,Chandigarh,Jaisalmer,PM10,49.2,285.9,189.9,184,Unhealthy,16,85.9,10.5
India,Kerala,Manguraha,SO2,201.1,298.1,230.1,265,Very Unhealthy,24.9,75.1,4.8
India,Telangana,Ulhasnagar,CO,33.7,287.7,52.9,89,Moderate,22.9,88,24
India,Jharkhand,Madurai,NO2,21.2,400.8,63.5,67,Moderate,18.5,34.2,25.5
India,Jharkhand,Hanumangarh,PM2.5,27.5,371.1,118.1,132,Unhealthy for Sensitive Groups,17.5,45.2,25.7
India,Arunachal Pradesh,Alwar,PM10,52.4,374.3,75.6,100,Moderate,15.8,59.1,13.4
India,Gujarat,Dharwad,SO2,102.2,411.5,217.8,228,Very Unhealthy,21.8,82.2,8.8
India,Assam,Yadgir,SO2,24.6,303.7,70.5,78,Moderate,37,89.1,18.9
India,Nagaland,Manguraha,CO,24,367.8,112.1,115,Unhealthy for Sensitive Groups,18.1,37.8,26.8
India,Mizoram,Jhunjhunu,NO2,12.8,68.7,52.1,52,Moderate,21.7,37.9,4.8
India,Odisha,Silchar,NH3,158,381.8,255.9,252,Very Unhealthy,16.7,42.7,22.8
India,Kerala,Khurja,PM10,15.8,355.5,19.7,13,Good,33.9,42.5,10.4
India,Sikkim,Dholpur,NH3,0.8,155.5,40.7,45,Good,34.5,57.6,27.1
India,Rajasthan,Tonk,OZONE,9.8,187,38.7,21,Good,28.3,39.4,26.8
India,West Bengal,Sagar,OZONE,51,110.1,56.1,98,Moderate,29.5,69.1,10.5
India,Meghalaya,Siwan,SO2,184.6,340.6,265.2,278,Very Unhealthy,27.7,69,0.2
India,Assam,Katni,NO2,9.9,167.7,42.1,27,Good,21.4,46.4,25.2
India,Odisha,Dausa,CO,90.5,391.2,127,148,Unhealthy for Sensitive Groups,31.3,66.4,10
India,Karnataka,Sirohi,PM10,26.7,248.6,190.5,154,Unhealthy,20.1,41.6,11.9
India,Uttar Pradesh,Dombivli,NO2,149.5,261.9,206.8,271,Very Unhealthy,31.7,85.3,24
India,Bihar,Boisar,NH3,15,385.2,228.7,272,Very Unhealthy,17.6,59.6,16
India,Haryana,Bengaluru,PM2.5,180.5,408.1,191.3,190,Unhealthy,26.4,81.8,27.5
India,Himachal Pradesh,Rishikesh,CO,96.5,421.6,163.9,151,Unhealthy,15.6,61.5,4.7
India,Uttar Pradesh,Bettiah,CO,13,456.2,217.3,232,Very Unhealthy,15.4,44.1,15
India,Assam,Thoothukudi,PM2.5,7.3,315.4,99.6,97,Moderate,20.2,44.4,4.9
India,Maharashtra,Barrackpore,PM10,127.4,200,133.6,129,Unhealthy for Sensitive Groups,24.4,34,26
India,Mizoram,Tirupati,NO2,83.9,156.4,152.9,156,Unhealthy,33.1,60.8,0.8
India,Jammu and Kashmir,Ludhiana,PM10,87.2,374.2,179.8,187,Unhealthy,38.1,59.2,27.7
India,Odisha,Faridabad,NH3,59.1,224,133.6,142,Unhealthy for Sensitive Groups,33.2,70.2,16.7
India,Kerala,Rajsamand,OZONE,133.4,401.7,201.9,253,Very Unhealthy,15.7,36.4,24.8
India,Gujarat,Karwar,PM2.5,9.9,196.3,23.5,18,Good,18.4,88.1,17.6
India,Mizoram,Sawai Madhopur,PM10,109.2,207.6,178.9,185,Unhealthy,24.9,47.6,1.3
India,Nagaland,Mahad,PM2.5,44.7,415.3,52.8,80,Moderate,22.8,48.9,15.5
India,Chandigarh,Ballabgarh,OZONE,182.1,213.6,200.3,383,Hazardous,16.7,72.1,16.8
India,Delhi,Haldia,SO2,0.2,179.7,5.1,10,Good,30.9,34.8,28.4
India,Meghalaya,Karauli,CO,2.2,415.1,12.5,46,Good,22.5,74.7,29.2
India,Chandigarh,Moradabad,SO2,1.4,376.5,46.7,37,Good,33.9,77.3,8
India,Meghalaya,Baran,PM2.5,5.7,312.8,22.3,39,Good,26.9,38.5,10
India,Puducherry,Ballabgarh,SO2,2.2,431.4,8,33,Good,19.3,49.5,23.8
India,Mizoram,Asansol,NO2,85.8,372.7,252.7,233,Very Unhealthy,31.4,72.4,10.5
India,Madhya Pradesh,Bhilai,OZONE,63.1,466.4,97.4,88,Moderate,23.3,47.4,13.5
India,Assam,Buxar,CO,132.8,254.9,251.5,273,Very Unhealthy,32.6,30.5,27.7
India,Gujarat,Kollam,PM10,31.5,385.9,34.8,7,Good,18.7,33,29.5
India,Gujarat,Naharlagun,NO2,216.4,458.2,246.6,287,Very Unhealthy,34.3,56,9
India,Chhattisgarh,Khairthal,CO,118.2,284.8,154.2,154,Unhealthy,17,88.1,26
India,Karnataka,Vijayapura,SO2,186.6,479.5,214.5,207,Very Unhealthy,28.9,50.9,28.3
India,Puducherry,Virar,NH3,110.6,319.3,171.8,159,Unhealthy,34.5,93.6,15.8
India,Puducherry,Khanna,OZONE,14.8,268.7,24.1,19,Good,30.4,42.6,23.4
India,Kerala,Prayagraj,NH3,126.4,338.8,145.6,145,Unhealthy for Sensitive Groups,27.5,34.4,18.4
India,Uttarakhand,Jorapokhar,NH3,189.9,407.2,232.9,222,Very Unhealthy,39.7,56.7,13.2
India,Bihar,Baddi,NO2,44.3,355.6,51.7,95,Moderate,20.5,55.7,13.3
India,Uttarakhand,Rajgir,PM2.5,61.2,379.9,246.8,265,Very Unhealthy,31.8,90,11.5
India,Arunachal Pradesh,Nagpur,PM10,194.4,491.6,256.8,211,Very Unhealthy,21.7,55.6,8.2
India,Himachal Pradesh,Brajrajnagar,NO2,34.6,379.8,246.8,220,Very Unhealthy,22.6,42.7,6.4
India,Rajasthan,Karnal,PM2.5,35.4,266.7,225.9,249,Very Unhealthy,37.9,82.1,11.1
India,Telangana,Agartala,NH3,52.8,190.8,124.5,117,Unhealthy for Sensitive Groups,37.7,32.9,4.7
India,Chhattisgarh,Hyderabad,PM2.5,73.7,335,181.3,156,Unhealthy,15.6,46.4,16.9
India,Chandigarh,Madikeri,CO,37.8,257.2,136.2,143,Unhealthy for Sensitive Groups,17.7,56.1,24.2
India,Meghalaya,Karnal,PM2.5,33.5,117.7,90.4,95,Moderate,15.6,73.5,6.9
India,Haryana,Dharuhera,NO2,24.7,318.6,144.1,120,Unhealthy for Sensitive Groups,32.3,88.4,19.9
India,Andhra Pradesh,Ankleshwar,PM10,181.2,472.4,234.8,266,Very Unhealthy,20.1,52.1,10
India,Bihar,Nanded,OZONE,19.7,302,189.6,160,Unhealthy,39,88.9,26.3
India,Punjab,Thane,OZONE,17,129.9,46.7,36,Good,19.3,90.5,21
India,Kerala,Kashipur,NH3,42.9,94.8,47.5,30,Good,38,44.6,13.7
India,Karnataka,Bhilwara,NO2,74.8,433,225.5,249,Very Unhealthy,32.6,87.3,25.9
India,Nagaland,Bundi,SO2,99.4,487.6,116.6,143,Unhealthy for Sensitive Groups,20,64.2,2.2
India,Sikkim,Baddi,CO,127.9,294.9,179.1,173,Unhealthy,21.7,83.1,30
India,Telangana,Kunjemura,CO,60.2,390.8,216.1,251,Very Unhealthy,38.1,87.2,16.8
India,Tripura,Thane,NO2,19.6,242,219.1,234,Very Unhealthy,35.3,94.4,1.1
India,Chhattisgarh,Prayagraj,NH3,3.1,192.5,35.8,23,Good,36.7,64.5,13.5
India,Uttarakhand,Jhansi,OZONE,7.3,75.8,8.4,43,Good,18.7,68,20.3
India,Karnataka,Nellore,CO,7.7,266.8,12.6,47,Good,21.1,56,1.1
India,Assam,Pratapgarh,PM10,145.5,300.1,164.5,188,Unhealthy,34.9,61.4,13.7
India,Jharkhand,Bathinda,NH3,70.7,365.1,74.7,60,Moderate,24.3,37.6,18.2
India,Odisha,Shivamogga,PM2.5,43.6,307,236.9,296,Very Unhealthy,31.6,90.9,27.1
India,Kerala,Srinagar,PM10,113.8,401.1,165.7,179,Unhealthy,15.3,85.1,15.1
India,Tamil Nadu,Narnaul,PM2.5,89.7,217.4,121.4,111,Unhealthy for Sensitive Groups,27.3,70.5,5.4
India,Telangana,Hapur,OZONE,10.3,52.5,40.1,9,Good,16.5,35.2,12
India,Gujarat,Kanpur,NO2,23.1,277.3,206,241,Very Unhealthy,31.3,59.3,27.3
India,Arunachal Pradesh,Firozabad,PM2.5,0.3,174.1,6.7,50,Good,38.3,45.6,12.4
India,Karnataka,Baghpat,SO2,30,494.9,194.4,164,Unhealthy,21.8,37.7,10.5
India,Uttar Pradesh,Maihar,CO,107.2,437.6,257.7,291,Very Unhealthy,21.7,94.2,11.4
India,Kerala,Naharlagun,PM10,36.6,181.5,170,183,Unhealthy,40,65.1,8.1
India,Chandigarh,Barrackpore,OZONE,173.7,275.8,218.5,296,Very Unhealthy,36.1,35.7,4.3
India,Rajasthan,Pithampur,CO,173.8,404,233.7,227,Very Unhealthy,28.4,40.8,21.4
India,Punjab,Mira-Bhayandar,SO2,37.1,143.7,99.3,82,Moderate,30.4,68.1,18.5
India,Chhattisgarh,Agartala,PM10,125.3,486.5,258.1,260,Very Unhealthy,36,90.8,6.2
India,Sikkim,Kishanganj,NO2,134.8,281.3,239.2,244,Very Unhealthy,33,84.7,8.7
India,Puducherry,Dungarpur,CO,42.2,403.3,236.2,260,Very Unhealthy,27.6,67.7,18.3
India,Bihar,Dombivli,PM2.5,47.1,449.3,166.3,189,Unhealthy,22,36.4,1.5
India,Chhattisgarh,Patiala,CO,124.2,429.5,230,256,Very Unhealthy,33.3,66.9,20.2
India,Jammu and Kashmir,Narnaul,OZONE,60.4,191.2,172.7,190,Unhealthy,32.3,64.5,26.9
India,Puducherry,Kadapa,SO2,22.6,491,130.9,126,Unhealthy for Sensitive Groups,27,32.2,10.2
India,Meghalaya,Ramanagara,SO2,35,307.4,160.1,156,Unhealthy,35.4,67.9,15.3
India,Odisha,Sirohi,PM10,44.7,396.9,106.1,124,Unhealthy for Sensitive Groups,32,79,3.1
India,Meghalaya,Bilaspur,OZONE,30.6,217.6,57.9,71,Moderate,29.5,40.2,28.2
India,Mizoram,Nagaur,CO,4,344.6,232.3,227,Very Unhealthy,31.9,71.8,25.4
India,Jharkhand,Bathinda,CO,94.6,462.3,95.5,81,Moderate,25.3,45.3,11.4
India,Arunachal Pradesh,Bhilwara,PM2.5,45.7,491.9,122.7,105,Unhealthy for Sensitive Groups,23.2,81.7,13.2
India,Bihar,Nagaur,NH3,2.4,313.8,91.7,51,Moderate,15.1,70.7,6.8
India,Karnataka,Bhilwara,SO2,49.6,214.4,69,57,Moderate,34.4,53.3,17.4
India,Puducherry,Noida,OZONE,40.5,494.5,90.5,90,Moderate,29.4,80,4.3
India,Odisha,Rohtak,SO2,63,423.5,232.8,271,Very Unhealthy,17.6,52,3.7
India,Tamil Nadu,Talcher,CO,61.1,280.6,78.6,76,Moderate,26.2,58.1,12.8
India,Gujarat,Vijayapura,PM10,63.1,401,233.5,275,Very Unhealthy,33.8,35.3,27
India,Delhi,Udaipur,NH3,53.4,390.2,232.5,253,Very Unhealthy,20.1,75.2,27.8
India,Meghalaya,Mangalore,NO2,84.9,226.6,135.8,134,Unhealthy for Sensitive Groups,34.2,87,6.1
India,Chhattisgarh,Mira-Bhayandar,NO2,22.4,254.8,181.1,197,Unhealthy,29.7,54.9,22.2
India,Meghalaya,Rajsamand,PM2.5,6.9,457.2,145.9,125,Unhealthy for Sensitive Groups,35,81.4,2.9
India,Mizoram,Gwalior,OZONE,28,379.4,145.4,121,Unhealthy for Sensitive Groups,18.5,75.7,26.5
India,Sikkim,Madikeri,NH3,85.4,252.4,88,84,Moderate,34,73.7,3.5
India,Arunachal Pradesh,Alwar,OZONE,6.7,227.9,33,4,Good,22.7,85.3,22.6
India,Karnataka,Dewas,NH3,36.5,270.8,40.7,7,Good,21,77.3,30
India,Andhra Pradesh,Cuddalore,PM2.5,38.2,235.3,226.3,232,Very Unhealthy,36.3,34,14.6
India,Andhra Pradesh,Patna,CO,87.3,357.5,123.6,114,Unhealthy for Sensitive Groups,28.1,83.5,23.4
India,Jammu and Kashmir,Baghpat,SO2,4.5,220.3,7.9,12,Good,24.1,30.8,27.3
India,Sikkim,Panchkula,NH3,17.7,451.6,201.6,255,Very Unhealthy,37.3,73,24.9
India,Haryana,Noida,NO2,106.9,339.5,143.7,104,Unhealthy for Sensitive Groups,21.1,74.2,25.5
India,Jharkhand,Baran,NO2,42.9,414.6,244.8,287,Very Unhealthy,30.2,46.6,12.5
India,Madhya Pradesh,Kalaburagi,PM2.5,73.1,335.8,181.6,188,Unhealthy,29.6,34.4,16.5
India,Andhra Pradesh,Kalyan,SO2,233.2,324.3,252.8,251,Very Unhealthy,30.7,72.9,7.1
India,Delhi,Vrindavan,PM10,83.8,366.8,252.7,288,Very Unhealthy,25.7,87.8,19.5
India,Chhattisgarh,Kashipur,NH3,95.4,386.5,111.3,126,Unhealthy for Sensitive Groups,25.5,49.5,8.7
India,West Bengal,Rajgir,SO2,148.6,204.8,172.8,153,Unhealthy,18.3,35.3,16
India,Nagaland,Rajsamand,NH3,41.2,129.4,62.4,60,Moderate,17.4,52.9,28.4
India,Sikkim,Kanpur,SO2,57.7,74.1,59.5,98,Moderate,26.4,35.1,14.3
India,Gujarat,Satara,NH3,108.6,330.2,171.9,151,Unhealthy,19.8,68,16.1
India,Nagaland,Belapur,PM10,32.4,274.8,62.8,55,Moderate,18.6,89.7,14.4
India,Puducherry,Ghaziabad,PM2.5,6.9,429.4,15.2,23,Good,25.9,64.1,25.5
India,Maharashtra,Korba,SO2,1.8,285.4,26.3,7,Good,33.2,38.6,22.8
India,Mizoram,Silchar,NH3,36.1,229.3,107.3,122,Unhealthy for Sensitive Groups,40,93.8,2
India,Haryana,Eluru,PM10,8.1,40.1,34.4,32,Good,29.9,85.7,14.6
India,Rajasthan,Jalandhar,PM10,46.6,460.9,70.3,60,Moderate,30.9,66,4.9
India,Bihar,Katihar,PM10,14.8,331,32.4,5,Good,39,41.9,22.9
India,Nagaland,Vatva,NO2,39.8,102.6,57.8,60,Moderate,39.9,62.7,17.2
India,Bihar,Rajgir,PM2.5,106.8,168.2,146.7,104,Unhealthy for Sensitive Groups,24.8,61.7,15.8
India,Puducherry,Banswara,PM10,6.8,157.4,9.5,21,Good,15.9,43.2,13
India,Uttar Pradesh,Chhal,NH3,58.4,338.4,121.9,106,Unhealthy for Sensitive Groups,38.1,68.6,7.8
India,Haryana,Delhi,OZONE,44.4,271.1,154.4,176,Unhealthy,27.6,72.4,29
India,Telangana,Khanna,PM2.5,40.4,155.8,95,96,Moderate,29.7,82.5,8.8
India,Punjab,Udaipur,PM2.5,104.9,451.8,136.7,125,Unhealthy for Sensitive Groups,24.8,83.8,7.8
India,Tripura,Kalyan,PM2.5,62.6,350,248.5,289,Very Unhealthy,15.8,35.6,26.2
India,Arunachal Pradesh,Manguraha,OZONE,105.8,344.9,131,129,Unhealthy for Sensitive Groups,29.9,35,27
India,Odisha,Mysuru,CO,107.1,308.7,263.2,232,Very Unhealthy,17.1,77.2,24.7
India,Karnataka,Satna,SO2,5.9,451.5,170.4,168,Unhealthy,23.2,75.6,15.6
India,Meghalaya,Barrackpore,CO,46.4,465.3,70.3,89,Moderate,30.5,84.8,14.8
India,Jharkhand,Munger,PM10,11.5,287.4,51.6,74,Moderate,30.9,49.8,18.1
India,Rajasthan,Gurugram,NO2,12.6,278.2,13.8,28,Good,29.8,53.5,1.6
India,Haryana,Guntur,NO2,57,229.2,125.1,117,Unhealthy for Sensitive Groups,16.5,91.5,6.7
India,Chhattisgarh,Ludhiana,PM10,26.4,428.4,32.9,44,Good,15.6,70.4,20.5
India,Chandigarh,Kota,NO2,10.3,346.2,215.7,262,Very Unhealthy,22.6,85.4,13.5
India,Assam,Ratlam,PM10,91.2,480.8,211.6,222,Very Unhealthy,22.4,42,1
India,Tripura,Ramanagara,PM2.5,6.2,155.2,21.8,24,Good,21.1,37.4,29.6
India,Karnataka,Ambala,NH3,58.1,263.4,121.3,121,Unhealthy for Sensitive Groups,16,52.9,5.8
India,Karnataka,Ahmednagar,CO,41.1,494.2,173.3,173,Unhealthy,24.4,31.8,27
India,Mizoram,Dehradun,NH3,216.3,497.5,258.4,285,Very Unhealthy,17.2,56.1,3.6
India,Rajasthan,Dhanbad,NH3,46.4,413.2,211.6,233,Very Unhealthy,15.2,60.2,21.1
India,Tripura,Badlapur,CO,58.2,219,191.2,186,Unhealthy,40,80.7,12.4
India,Karnataka,Solapur,NO2,43.4,268.1,232.8,283,Very Unhealthy,22.9,93.8,6.2
India,Madhya Pradesh,Baghpat,PM10,83,352.3,93.1,56,Moderate,36.3,77.7,20.6
India,Uttarakhand,Chikkamagaluru,CO,70.8,291.2,99.8,90,Moderate,33.7,56.6,9.1
India,Andhra Pradesh,Guwahati,PM10,94.8,317.3,256.4,239,Very Unhealthy,26.9,60.9,13.7
India,Uttar Pradesh,Machilipatnam,PM10,13.1,259.1,25.7,14,Good,24,50.8,24.1
India,Maharashtra,Ahmednagar,NO2,7,199.7,26.3,7,Good,24.1,41.9,3.3
India,Jharkhand,Nagaur,SO2,16.5,498.2,28,47,Good,23.5,78.1,1.5
India,Andhra Pradesh,Lucknow,NH3,13,497.9,109.6,112,Unhealthy for Sensitive Groups,39.8,36.6,27.7
India,Jammu and Kashmir,Jalna,NH3,127.5,276.9,128.1,148,Unhealthy for Sensitive Groups,16.7,36.5,21
India,Telangana,Manesar,NO2,88.4,256.7,167.9,196,Unhealthy,23.7,57.8,9.7
India,Meghalaya,Jalore,NO2,8.6,477.3,23.7,19,Good,36.1,43.6,29.2
India,Jharkhand,Dewas,CO,88.1,443.8,160.9,193,Unhealthy,22.2,86.9,29.5
India,Chandigarh,Sirohi,CO,102.9,140.6,115.8,119,Unhealthy for Sensitive Groups,33.9,85.7,26
India,West Bengal,Hanumangarh,CO,164.9,287.7,262.5,238,Very Unhealthy,29.1,71.5,22
India,Madhya Pradesh,Cuddalore,SO2,37.4,445.7,217.2,212,Very Unhealthy,39.4,87.9,28.1
India,Meghalaya,Solapur,CO,79.3,241.7,114,107,Unhealthy for Sensitive Groups,27.7,56.4,4.4
India,Bihar,Bundi,PM2.5,160.1,244.4,204,244,Very Unhealthy,23,80.4,4.8
India,Uttar Pradesh,Navi Mumbai,SO2,84.4,278.9,196.8,171,Unhealthy,21,50.5,12.4
India,West Bengal,Mangalore,NO2,32.2,131.9,65.2,97,Moderate,35,78.3,5.1
India,Bihar,Mangalore,CO,57.1,264.1,255.8,286,Very Unhealthy,29.9,44,5.4
India,Andhra Pradesh,Jhalawar,SO2,36.8,135.8,118.6,102,Unhealthy for Sensitive Groups,27.6,43.1,6
India,Madhya Pradesh,Bareilly,NO2,18.6,345.6,22.4,43,Good,15.4,33.5,26.8
India,Arunachal Pradesh,Keonjhar,OZONE,61.7,275.1,182,167,Unhealthy,28.4,48.6,19.4
India,Kerala,Rourkela,NH3,106.6,224.5,202.2,249,Very Unhealthy,31.5,54.5,22.4
India,Andhra Pradesh,Panipat,CO,80.4,274.1,116.7,128,Unhealthy for Sensitive Groups,36.4,67.9,24.6
India,Delhi,Noida,PM10,67.4,237.8,153.2,192,Unhealthy,27.4,35.3,2.3
India,Uttarakhand,Purnia,NH3,182.1,268.2,262,230,Very Unhealthy,16.3,68,29.5
India,Jharkhand,Chamarajanagar,NO2,120.3,481.3,184.4,170,Unhealthy,16.9,79.3,26.5
India,Odisha,Chamarajanagar,PM2.5,213.3,422.8,240.7,276,Very Unhealthy,36.9,59.3,21.5
India,Delhi,Srinagar,NH3,7,382.4,7.7,36,Good,26,61.4,25.5
India,Tamil Nadu,Chittorgarh,SO2,33.9,439.5,265.6,272,Very Unhealthy,33.1,68.7,5.9
India,Jharkhand,Satna,CO,12.4,418,103.7,147,Unhealthy for Sensitive Groups,30.1,88.8,11.3
India,Bihar,Bengaluru,PM10,117.4,440.8,214.8,237,Very Unhealthy,15.9,87,7.9
India,Punjab,Machilipatnam,NO2,13,433.8,45.9,0,Good,33.9,88.7,1.6
India,Uttarakhand,Munger,NO2,180.6,275,248.8,276,Very Unhealthy,29.9,75.5,14.7
India,Jammu and Kashmir,Jalandhar,CO,45.2,323.4,257,300,Very Unhealthy,20,32.3,6.3
India,Himachal Pradesh,Thane,CO,51.6,249.7,75.1,55,Moderate,32,35.4,21.3
India,Arunachal Pradesh,Belapur,NH3,5.2,408.9,29.9,13,Good,25.8,37.2,22.5
India,Bihar,Thiruvananthapuram,CO,3.4,152.9,54.8,85,Moderate,28.9,49.9,2.4
India,Telangana,Mandideep,PM2.5,164.4,302,242.5,257,Very Unhealthy,34.2,47.1,7.7
India,Andhra Pradesh,Bhubaneswar,PM10,12,270.1,265.9,271,Very Unhealthy,25.8,76.2,2.8
India,Bihar,Kohima,PM2.5,63.3,300.1,103.9,107,Unhealthy for Sensitive Groups,18.8,35.2,4.4
India,Gujarat,Nanded,NO2,43.6,475.4,80.5,93,Moderate,18.6,92.7,4.9
India,Sikkim,Bathinda,NH3,63.7,259.1,131.7,138,Unhealthy for Sensitive Groups,28,81.5,12
India,Madhya Pradesh,Bettiah,PM10,62.4,299.2,97.1,80,Moderate,21.6,30,15.8
India,Nagaland,Kota,PM10,5.4,436.9,17.8,44,Good,25.6,70.2,24.2
India,Tamil Nadu,Faridabad,CO,135.2,182.2,153.9,171,Unhealthy,15.6,44.2,26.4
India,Chhattisgarh,Jalore,NH3,105.9,379.4,168.8,175,Unhealthy,37.1,69.1,4.9
India,Karnataka,Guwahati,NH3,7,433.9,16.4,29,Good,33.1,89.2,14.5
India,Maharashtra,Navi Mumbai,OZONE,57,464.5,74.1,85,Moderate,19.2,54.3,19.9
India,Andhra Pradesh,Maihar,SO2,160.2,201.4,167.2,152,Unhealthy,17.2,44.4,10.5
India,Mizoram,Kishanganj,PM10,145.4,250.9,160.8,197,Unhealthy,26.6,58.6,9.9
India,Rajasthan,Bhilwara,PM2.5,199.6,459.6,203.6,227,Very Unhealthy,23.3,68.8,2.7
India,Maharashtra,Aizawl,SO2,16,129.6,78.5,92,Moderate,38.9,40.3,27.2
India,Bihar,Bileipada,PM10,91.3,299.3,193.2,196,Unhealthy,23.8,87,26
India,Maharashtra,Kunjemura,OZONE,56.1,338.7,204.8,282,Very Unhealthy,24.2,90.3,13.6
India,Tripura,Bettiah,CO,28.1,88.6,33.6,15,Good,19.6,62.6,18.8
India,Haryana,Ballabgarh,NO2,59.2,453.6,74.1,73,Moderate,28.2,66.4,13.7
India,Karnataka,Bagalkot,SO2,2.2,250.8,6.7,3,Good,35.3,72.6,14.2
India,Assam,Begusarai,NH3,71,489.9,163.3,170,Unhealthy,25.9,82.8,20.6
India,Madhya Pradesh,Bengaluru,CO,218.3,350.1,265.5,207,Very Unhealthy,18.4,40.9,17.6
India,Arunachal Pradesh,Mathura,PM2.5,168.7,438.6,242.2,220,Very Unhealthy,34.8,92.9,22.3
India,Gujarat,Rupnagar,PM2.5,18.6,149.1,140.4,109,Unhealthy for Sensitive Groups,30.6,89.1,12.5
India,Himachal Pradesh,Sagar,NH3,53.5,395.4,77.4,83,Moderate,19.1,76.5,16.9
India,Andhra Pradesh,Thane,PM10,124.3,258.8,172,178,Unhealthy,26.5,83.2,26.3
India,Maharashtra,Baripada,PM10,198.9,493.1,222.6,215,Very Unhealthy,17.5,45,11.8
India,Gujarat,Boisar,PM10,1.8,254.5,10.1,6,Good,32.3,94.4,19
India,Delhi,Latur,OZONE,78.8,188.6,85.3,70,Moderate,17.6,59.3,26.2
India,Kerala,Shillong,SO2,57.6,230,200.3,487,Hazardous,36.8,54.1,8.7
India,Jharkhand,Kunjemura,PM10,105.9,365.7,180.5,165,Unhealthy,23.8,73.7,14.4
India,Maharashtra,Visakhapatnam,SO2,94.7,473.8,144.5,121,Unhealthy for Sensitive Groups,23.3,62.2,22.8
India,Meghalaya,Ludhiana,OZONE,71.7,478,200.4,346,Hazardous,36.7,73,27.5
India,Rajasthan,Kishanganj,PM10,128.9,236.9,186.4,200,Unhealthy,38.3,35,25.3
India,Punjab,Latur,PM10,84.9,349.9,93.9,78,Moderate,29,76.9,15.4
India,Sikkim,Belapur,CO,50.7,478.7,201.8,299,Very Unhealthy,15.3,43.8,14.9
India,Rajasthan,Bagalkot,CO,161.8,347.5,238.7,247,Very Unhealthy,37.8,84.1,5.8
India,Uttar Pradesh,Delhi,NO2,135.1,434.4,150.3,311,Hazardous,30.3,74.2,1.5
India,Telangana,Bengaluru,OZONE,0.3,260.2,148.1,119,Unhealthy for Sensitive Groups,32,50.4,11.7
India,Meghalaya,Vijayawada,PM10,4.8,268.4,23.3,44,Good,39.7,66.7,12.4
India,Punjab,Anantapur,NH3,39.9,483.2,99.5,98,Moderate,21.5,77.3,6.6
India,Nagaland,Angul,OZONE,181.7,307.3,215.8,287,Very Unhealthy,38.4,89.2,9.4
India,Kerala,Parbhani,CO,21.7,93.5,81,84,Moderate,17.7,52.3,15.7
India,Kerala,Kollam,PM2.5,4.6,432.1,110.7,117,Unhealthy for Sensitive Groups,18.8,30.7,9.8
India,Maharashtra,Purnia,NO2,41.7,365,43.8,30,Good,25.3,39.8,26
India,Arunachal Pradesh,Hanumangarh,CO,134.6,291.7,167.5,154,Unhealthy,22.1,34.5,11.3
India,Jharkhand,Jalore,OZONE,77.1,291.4,256.8,248,Very Unhealthy,32.9,50.8,18.5
India,Mizoram,Baghpat,OZONE,93.7,213.4,130.5,124,Unhealthy for Sensitive Groups,19.6,31.9,24.1
India,Tripura,Kadapa,PM10,16.7,218.8,26.4,33,Good,31.9,88.9,9.9
India,Karnataka,Baran,NO2,9.2,485,27.9,43,Good,39.2,55.1,10.8
India,Nagaland,Araria,PM2.5,22.9,488.5,101.3,138,Unhealthy for Sensitive Groups,31.8,72.8,8.9
India,Tamil Nadu,Dewas,PM10,68.2,106.5,102.1,141,Unhealthy for Sensitive Groups,29,31.6,28.8
India,Maharashtra,Agartala,OZONE,51.1,314.7,156,180,Unhealthy,24.4,50.6,20
India,Nagaland,Tumidih,OZONE,101.4,415.9,102.2,108,Unhealthy for Sensitive Groups,27.4,57.1,4.4
India,Puducherry,Singrauli,PM10,53.2,354.4,229.9,282,Very Unhealthy,17.5,39.6,22.1
India,Rajasthan,Malegaon,PM10,12.3,481.8,39.4,43,Good,25.2,73.5,10.6
India,Jammu and Kashmir,Rajgir,PM2.5,82.3,287.7,190.8,193,Unhealthy,29,44.6,15.1
India,Assam,Shillong,PM2.5,13,462.7,13.2,49,Good,20.8,60.7,12.7
India,Karnataka,Madikeri,PM2.5,17.6,316.5,51.7,92,Moderate,30,85,0.5
India,Meghalaya,Gorakhpur,NO2,7.7,402,30.6,49,Good,21.2,56.1,12
India,Andhra Pradesh,Rajamahendravaram,SO2,2.4,255.7,26,46,Good,32.8,61.6,25.5
India,Karnataka,Latur,SO2,124.4,331.5,157.5,180,Unhealthy,35.5,52,26.4
India,Andhra Pradesh,Gummidipoondi,PM10,145.2,270.6,263.1,296,Very Unhealthy,35.8,68.3,12.6
India,Haryana,Kishanganj,SO2,54.9,471.4,226.7,291,Very Unhealthy,21.2,90.3,11.8
India,Mizoram,Tirumala,PM10,40.1,413.2,51.5,76,Moderate,22.7,53.8,10
India,Gujarat,Baripada,CO,56.1,169,95.1,89,Moderate,30.6,30.2,27.3
India,Gujarat,Delhi,OZONE,8.5,489.9,29.8,14,Good,31.2,66.2,8.4
India,Kerala,Kolkata,PM2.5,60.7,211,132,120,Unhealthy for Sensitive Groups,34,35.4,9.4
India,Chhattisgarh,Thrissur,SO2,2.7,147.5,137.2,141,Unhealthy for Sensitive Groups,29,47.2,2
India,Jharkhand,Singrauli,NO2,1.9,131.2,3.2,8,Good,26.7,91.9,3.1
India,Telangana,Charkhi Dadri,NO2,121.8,240.9,131.7,131,Unhealthy for Sensitive Groups,20.3,69.3,9.5
India,Jammu and Kashmir,Chamarajanagar,NH3,69.2,477.1,89.3,69,Moderate,28.4,37.4,13.1
India,Meghalaya,Muzaffarpur,OZONE,113,348.9,117.7,105,Unhealthy for Sensitive Groups,27.2,35.4,18.7
India,Rajasthan,Dausa,PM2.5,4.1,465.2,23.1,21,Good,33,94.7,13.9
India,Tripura,Dhanbad,CO,44.8,201.6,197.9,198,Unhealthy,22.6,67.3,23
India,West Bengal,Fatehabad,PM2.5,117.2,464,151.8,172,Unhealthy,16.9,69.3,27.3
India,Delhi,Sawai Madhopur,SO2,13.6,257.3,236.2,220,Very Unhealthy,33.6,52,13.9
India,Punjab,Yadgir,SO2,29.5,361.5,72.2,51,Moderate,15.5,94.2,18.5
India,Jharkhand,Bhubaneswar,NH3,177.4,220.8,191.1,170,Unhealthy,27,70.8,28.2
India,Andhra Pradesh,Singrauli,PM10,182.9,495.2,222.3,291,Very Unhealthy,27.1,44,25.9
India,Tamil Nadu,Guntur,CO,19.7,388.9,45.4,41,Good,36.1,36,27.4
India,Meghalaya,Gummidipoondi,NH3,71.6,490.9,104,131,Unhealthy for Sensitive Groups,23.3,55.3,25.8
India,Odisha,Bileipada,NH3,102,168.4,147.2,133,Unhealthy for Sensitive Groups,38.3,30.5,20.5
India,Uttar Pradesh,Palwal,CO,26.7,309.1,136.6,126,Unhealthy for Sensitive Groups,17.9,58.6,26.4
India,Odisha,Badlapur,OZONE,11,405.4,86.3,95,Moderate,18.3,77.2,5.1
India,Assam,Narnaul,PM2.5,212.3,391.3,265.7,244,Very Unhealthy,21.4,84.1,21.7
India,Uttar Pradesh,Mandikhera,NO2,1.9,245.4,152,193,Unhealthy,35.9,63.8,5.8
India,Uttar Pradesh,Bhiwadi,SO2,59.9,331.6,120.2,132,Unhealthy for Sensitive Groups,35.9,61,9.9
India,Tripura,Dehradun,PM10,63.6,354.9,85.2,52,Moderate,35.1,57.7,9.6
India,Rajasthan,Bundi,CO,80.6,199.2,136.7,111,Unhealthy for Sensitive Groups,20.5,42.2,20.7
India,Karnataka,Dhanbad,NH3,18.9,152.8,51.6,97,Moderate,27.5,41.1,8.3
India,Andhra Pradesh,Ulhasnagar,CO,13.9,352.9,145.8,123,Unhealthy for Sensitive Groups,32.8,77.5,2.7
India,Kerala,Beed,PM10,9.5,467.2,112.1,139,Unhealthy for Sensitive Groups,26.6,37.1,26.5
India,Delhi,Ujjain,SO2,55.9,251.8,82.9,91,Moderate,34.6,59.3,2.5
India,Kerala,Mangalore,SO2,111.5,398.2,184.1,195,Unhealthy,16,90.1,17.6
India,Odisha,Rairangpur,OZONE,153.5,466.9,250.4,267,Very Unhealthy,38.4,92.9,2.1
India,Jammu and Kashmir,Kishanganj,OZONE,0.9,479.1,79.4,56,Moderate,36.5,72.8,0.3
India,Tripura,Bhiwandi,CO,94.2,468.3,165.3,162,Unhealthy,31.4,69.2,12.1
India,Tamil Nadu,Dausa,SO2,7,164.3,33.7,14,Good,37.8,46.3,24.8
India,Arunachal Pradesh,Bileipada,OZONE,72.9,456.5,242.3,275,Very Unhealthy,16.3,47.1,12.3
India,Gujarat,Guwahati,OZONE,53.4,247.8,103.2,117,Unhealthy for Sensitive Groups,17.6,92.4,12.8
India,Nagaland,Cuddalore,CO,83,355.9,198.3,185,Unhealthy,26.7,58.3,23.9
India,Rajasthan,Srinagar,NO2,25.7,68.4,33.5,49,Good,31.7,94.8,29.6
India,Tripura,Thane,NH3,21.8,161.1,79.5,93,Moderate,30.1,54.7,17.3
India,Karnataka,Amravati,CO,5.8,406.8,139,105,Unhealthy for Sensitive Groups,32.2,86.2,25.1
India,Rajasthan,Bilaspur,PM2.5,12.5,190.6,14.5,7,Good,22.3,94.9,22.9
India,Andhra Pradesh,Bundi,SO2,57.6,244,161,195,Unhealthy,25.9,93.6,28.6
India,Bihar,Khairthal,OZONE,130.7,231.4,142.5,111,Unhealthy for Sensitive Groups,34.9,67.3,25.5
India,Delhi,Virar,NH3,17.5,480.1,179.8,200,Unhealthy,25.4,55.3,19.8
India,Rajasthan,Hanumangarh,PM10,49.3,140.2,130.8,107,Unhealthy for Sensitive Groups,15.1,85.4,21.2
India,Kerala,Karnal,PM2.5,77.1,334.8,194.9,167,Unhealthy,27.2,30.8,26.5
India,Himachal Pradesh,Bhiwani,PM10,156.4,483.4,233.3,295,Very Unhealthy,28.5,38.2,16.1
India,Bihar,Pratapgarh,CO,62.8,343.4,251.7,218,Very Unhealthy,22.9,55.4,13.6
India,Himachal Pradesh,Kolhapur,NO2,232.2,496.2,257.1,265,Very Unhealthy,16.2,73.7,1.9
India,Bihar,Rajkot,NO2,22.8,140.2,64.4,100,Moderate,27.4,33.8,14.3
India,Rajasthan,Sawai Madhopur,PM10,47.1,156.7,78.4,65,Moderate,27,83.5,5.2
India,Kerala,Bulandshahr,PM10,74.2,468.2,187.6,181,Unhealthy,34.6,46.7,16.5
India,West Bengal,Jaipur,CO,117.3,271.7,253.2,243,Very Unhealthy,31.6,56.6,0.3
India,Madhya Pradesh,Indore,SO2,6.8,405.6,9.4,44,Good,21.3,50,4.3
India,Punjab,Thiruvananthapuram,OZONE,11.6,491.2,12.9,32,Good,25.7,89.4,6.8
India,Kerala,Dholpur,CO,41.4,375.3,127.5,135,Unhealthy for Sensitive Groups,38.4,89.4,27.7
India,Tripura,Naharlagun,OZONE,48.6,289.8,133.7,104,Unhealthy for Sensitive Groups,31,56.6,18.7
India,Puducherry,Bhopal,CO,47.9,342.2,50.7,426,Hazardous,29.7,32.3,5.6
India,Jammu and Kashmir,Dharwad,PM2.5,38.4,497.6,38.5,43,Good,18.5,74.4,22.6
India,Delhi,Shillong,PM2.5,1.7,326.5,21.1,27,Good,19.3,61.3,14.5
India,Puducherry,Satara,NO2,90.9,491.7,219,246,Very Unhealthy,37.9,45.4,5.9
India,Arunachal Pradesh,Shivamogga,NH3,59.5,123.9,69.5,100,Moderate,24.7,80.6,21.6
India,Punjab,Kollam,OZONE,65.4,337.7,145.1,125,Unhealthy for Sensitive Groups,32.9,31.8,2.7
India,Rajasthan,Virar,CO,65.7,442.4,98.2,90,Moderate,36,46,20.8
India,Punjab,Amritsar,OZONE,104.4,472.6,243.5,235,Very Unhealthy,27.2,31.2,6
India,Mizoram,Sonipat,PM2.5,39.7,186.9,186,184,Unhealthy,31.9,37,25.7
India,Nagaland,Bikaner,PM2.5,117.2,148.8,144.1,144,Unhealthy for Sensitive Groups,32.1,76.2,22.7
India,Rajasthan,Bhavnagar,CO,20.4,444.3,30.4,28,Good,34.2,91.5,7.7
India,Jharkhand,Vadodara,PM10,80.8,228.9,111,135,Unhealthy for Sensitive Groups,35,57.4,2.4
India,Punjab,Jalgaon,PM10,56.7,434.6,224.5,204,Very Unhealthy,16.5,61,28.5
India,Chhattisgarh,Siwan,SO2,15.3,261.7,152.5,187,Unhealthy,15.2,66.6,11.5
India,Maharashtra,Sikar,NO2,155.1,358.7,233,296,Very Unhealthy,33.8,35.7,14.7
India,Sikkim,Bengaluru,OZONE,22.4,414.1,76.9,87,Moderate,16.6,94.5,2.5
India,Chhattisgarh,Manguraha,PM10,76.9,369,201,295,Very Unhealthy,23.6,73.4,13.9
India,Meghalaya,Dombivli,NH3,14.4,171.5,117.7,141,Unhealthy for Sensitive Groups,27.2,43.8,27.7
India,Arunachal Pradesh,Mathura,CO,114.7,473.7,115.1,142,Unhealthy for Sensitive Groups,29.4,56.3,28
India,Kerala,Nashik,PM2.5,9.8,330.2,15.2,30,Good,38.8,58.2,20.9
India,Puducherry,Badlapur,CO,0.4,54.7,1,37,Good,32.6,72.6,17.3
India,Karnataka,Hajipur,PM10,29.7,147.3,52,86,Moderate,15.1,79.4,22.2
India,Bihar,Firozabad,NH3,68,499,167.3,189,Unhealthy,21.5,79.7,25.8
India,Arunachal Pradesh,Thrissur,SO2,33.1,156.3,46.4,48,Good,24.2,88,24.7
India,Nagaland,Bagalkot,PM10,92,364.3,242.7,246,Very Unhealthy,18,38.5,17.5
India,Sikkim,Bikaner,SO2,4.3,230.5,47.4,18,Good,28.1,41.7,8.6
India,Jammu and Kashmir,Jhalawar,PM10,75.3,382.2,85.4,79,Moderate,25.7,89.7,2.8
India,Nagaland,Alwar,NO2,41.9,193.9,128.4,133,Unhealthy for Sensitive Groups,26.2,93,17.5
India,Odisha,Beed,PM2.5,90.1,463,207.4,296,Very Unhealthy,29.1,42.4,16.4
India,Andhra Pradesh,Katni,PM2.5,142.9,213.3,206.5,263,Very Unhealthy,34,83.8,19.3
India,Punjab,Kota,PM2.5,136.4,499.3,228.4,214,Very Unhealthy,29.4,67.3,3.7
India,Delhi,Bhiwani,CO,28.8,194.9,126,127,Unhealthy for Sensitive Groups,21.1,50.1,20.4
India,Telangana,Boisar,CO,23.6,436.9,94.5,82,Moderate,35.9,83.7,1.9
India,Bihar,Rajamahendravaram,NO2,7.2,409.1,51.2,74,Moderate,23.1,67.1,9.9
India,Uttar Pradesh,Bundi,PM2.5,17.2,421.7,164.4,199,Unhealthy,36,43.8,26.8
India,Uttar Pradesh,Jaisalmer,OZONE,101.8,256.9,199.8,153,Unhealthy,37.8,76.8,4.7
India,Kerala,Banswara,CO,8.1,282.4,35.4,30,Good,29.5,89.1,10.1
India,Punjab,Baddi,NH3,37.5,150.6,66.5,72,Moderate,25.1,46.4,11.3
India,Jharkhand,Gaya,CO,27,373.9,254.3,215,Very Unhealthy,28.1,79.8,2.3
India,Arunachal Pradesh,Rohtak,PM2.5,3.1,329.6,102.3,125,Unhealthy for Sensitive Groups,31.6,47.2,29.5
India,Mizoram,Pune,NH3,30.5,349.1,99.2,52,Moderate,16.7,76.2,17.4
India,Telangana,Jalgaon,PM2.5,11.7,315.5,100.5,445,Hazardous,22.6,64.7,27.7
India,Madhya Pradesh,Jabalpur,CO,104.4,427.2,134.6,102,Unhealthy for Sensitive Groups,20.6,43.3,0.8
India,Sikkim,Hubballi,PM2.5,81.9,407.8,110,113,Unhealthy for Sensitive Groups,24.4,31.3,21
India,Kerala,Jabalpur,NH3,41.2,200,169.7,186,Unhealthy,19,49.4,14.2
India,Tripura,Jalgaon,NH3,218.3,352.8,229.3,299,Very Unhealthy,33.2,45.4,27
India,Assam,Nashik,NH3,13.2,279.5,256.7,292,Very Unhealthy,37.1,42.7,17.6
India,Telangana,Ambernath,OZONE,15.9,453,32.1,17,Good,26.9,54.9,2.8
India,Karnataka,Hapur,PM2.5,57.4,466.9,172.6,173,Unhealthy,33.6,48.6,2.3
India,Telangana,Raebareli,PM10,205,455.5,250.7,288,Very Unhealthy,26.8,30.8,4.7
India,Nagaland,Bagalkot,CO,34.5,431.3,43.7,46,Good,29.6,73.7,19
India,Chandigarh,Bhilwara,SO2,74.7,233.4,86.7,100,Moderate,25.7,93.6,9.7
India,Odisha,Gadag,NO2,110.8,252.5,191.4,174,Unhealthy,29.6,33.8,9.3
India,Gujarat,Bilaspur,SO2,13.9,412.6,34.1,43,Good,29,41.1,3.3
India,Bihar,Singrauli,PM10,20,201.5,24.5,50,Good,37.2,59.5,17.6
India,Maharashtra,Byrnihat,PM10,34,487.7,237.4,209,Very Unhealthy,32.8,44.7,0
India,Kerala,Raebareli,OZONE,45.3,373.7,98.3,62,Moderate,22.9,84,2.6
India,Sikkim,Sirsa,SO2,46,310.7,80.3,61,Moderate,39.3,30,8
India,Haryana,Ajmer,CO,81.3,286.8,84.9,91,Moderate,27.2,41.1,18.8
India,Jammu and Kashmir,Mandi Gobindgarh,OZONE,18.9,50.1,43.9,23,Good,30.7,54.1,16.5
India,Jharkhand,Malegaon,NO2,1,486.5,17.7,30,Good,35.8,48.6,20
India,Karnataka,Barbil,SO2,49.4,495.3,97.7,81,Moderate,19.6,87.5,21.5
India,Sikkim,Indore,PM2.5,55.4,280.2,123.6,135,Unhealthy for Sensitive Groups,18.3,32.4,23.7
India,Sikkim,Byasanagar,NH3,188.1,493.1,238.9,297,Very Unhealthy,20,89.1,17.5
India,Mizoram,Chandigarh,PM2.5,207,488.4,260,224,Very Unhealthy,16.1,68.6,12.3
India,Punjab,Rajgir,PM10,160.8,366.8,198.1,172,Unhealthy,29.5,78,23.5
India,Arunachal Pradesh,Rishikesh,NH3,10.6,41,12.6,24,Good,30.8,70.5,23.1
India,Delhi,Bhilwara,NO2,126.4,319.7,213.8,242,Very Unhealthy,18.9,77.2,5.2
India,Tripura,Faridabad,CO,252.7,368.5,261.3,240,Very Unhealthy,21.8,30.9,2.9
India,Gujarat,Baddi,OZONE,10.1,342,29.6,37,Good,26.7,81.5,9.6
India,Bihar,Khairthal,NH3,48.2,100.3,57.3,86,Moderate,37.4,39.2,5.9
India,Himachal Pradesh,Muzaffarnagar,CO,8.7,110.3,25.4,43,Good,29,47.3,16.6
India,Gujarat,Agra,CO,92,487.6,258.1,253,Very Unhealthy,20.9,92,14.1
India,Delhi,Mathura,OZONE,63.8,441.3,234.3,226,Very Unhealthy,28.3,34.4,22.6
India,Chhattisgarh,Khairthal,SO2,97.9,474.6,127.3,130,Unhealthy for Sensitive Groups,22.8,31.5,27.7
India,Meghalaya,Vapi,NH3,9.3,454.9,49.7,25,Good,17.5,77.1,23.4
India,Meghalaya,Bilaspur,PM2.5,217.3,412,264.9,276,Very Unhealthy,39.3,82.4,13.9
India,Bihar,Angul,CO,113.9,486.8,265.9,268,Very Unhealthy,23.8,76.5,0.6
India,Puducherry,Nagaon,SO2,6.3,312.2,49,50,Good,31.2,36.8,11.1
India,Kerala,Gandhinagar,SO2,12.3,281.4,20.1,15,Good,17.5,72.1,17.4
India,Chandigarh,Baran,PM10,40.9,226.5,116.6,134,Unhealthy for Sensitive Groups,19.4,31.3,3.1
India,Rajasthan,Nandesari,PM2.5,100.5,178.7,114.4,101,Unhealthy for Sensitive Groups,38.9,57.9,29.5
India,Punjab,Aizawl,SO2,52.4,230.7,102.2,135,Unhealthy for Sensitive Groups,20.4,58.3,11.1
India,Nagaland,Kota,PM2.5,121.4,408.1,140.3,142,Unhealthy for Sensitive Groups,15.8,45.6,9.3
India,Tripura,Rajgir,OZONE,42.7,425.5,206.3,242,Very Unhealthy,39.3,77.3,2.4
India,Himachal Pradesh,Jabalpur,NH3,13.1,454.9,190.5,154,Unhealthy,25.6,76,4.8
India,Andhra Pradesh,Siliguri,CO,134.8,356.5,240.9,267,Very Unhealthy,27.9,41.1,13.9
India,Tamil Nadu,Fatehabad,OZONE,179.5,447.1,245.8,214,Very Unhealthy,16.4,57.8,22.7
India,Madhya Pradesh,Guwahati,CO,118.9,436.4,135.2,129,Unhealthy for Sensitive Groups,27.8,37.9,7.4
India,Chandigarh,Hingoli,PM2.5,41.3,350.5,153.7,193,Unhealthy,19,35.3,21.5
India,Tripura,Ahmednagar,NH3,93.8,260.6,130.9,144,Unhealthy for Sensitive Groups,23.1,83.9,14.6
India,Bihar,Bileipada,PM2.5,31.7,341.7,229.7,280,Very Unhealthy,23.5,74.3,29.3
India,Jharkhand,Katni,PM10,26.7,398.3,48.2,47,Good,15.9,87.2,0.9
India,Kerala,Vrindavan,SO2,8.6,288.4,94.6,83,Moderate,33.5,93,28.3
India,Sikkim,Nagaon,PM2.5,9.6,104.7,16.3,31,Good,15.9,55.5,9
India,Uttar Pradesh,Jabalpur,NO2,11.7,319.1,145.4,144,Unhealthy for Sensitive Groups,28.4,42.2,27.1
India,Uttar Pradesh,Byasanagar,NO2,4,246.1,101.5,115,Unhealthy for Sensitive Groups,33.2,86.5,17.8
India,Telangana,Udaipur,PM2.5,80.4,161.7,105,135,Unhealthy for Sensitive Groups,22.8,67.2,27.8
India,Haryana,Bileipada,CO,65.3,457.2,91,90,Moderate,34.1,38.2,28.7
India,Chhattisgarh,Ambernath,CO,1.7,265.4,4.7,48,Good,36.3,55.6,19
India,Assam,Talcher,NO2,26,159.8,48.4,49,Good,32.2,56.7,27.4
India,Puducherry,Parbhani,OZONE,32.9,159.3,102.3,146,Unhealthy for Sensitive Groups,22,69,12.1
India,Jharkhand,Bhilwara,CO,108.8,289.7,183.9,187,Unhealthy,38.1,45,29.7
India,Chandigarh,Kohima,OZONE,31.7,243,60.3,94,Moderate,24.6,83.9,15.7
India,Andhra Pradesh,Vijayapura,PM10,86.4,130.8,111.3,119,Unhealthy for Sensitive Groups,24.3,49.7,1.3
India,Telangana,Srinagar,NO2,2.1,243.6,2.4,16,Good,15.5,49.8,20.5
India,West Bengal,Chittoor,CO,83.1,222.6,95.7,69,Moderate,20.6,40.5,22.9
India,Arunachal Pradesh,Dhanbad,SO2,1.9,189.8,1.9,14,Good,33.6,85.5,23.5
India,Odisha,Yadgir,NO2,73.5,226.7,195.6,183,Unhealthy,27.4,56.8,27.4
India,Madhya Pradesh,Bilaspur,NO2,174.3,308.3,226.3,202,Very Unhealthy,37.9,84.6,20.3
India,Madhya Pradesh,Moradabad,PM2.5,39.3,174,40.2,16,Good,16.6,47.7,28.7
India,Kerala,Bhiwadi,OZONE,54.4,392.1,241.3,205,Very Unhealthy,30.9,35.3,28.7
India,Karnataka,Khairthal,PM2.5,209.6,451.7,249,236,Very Unhealthy,20.5,77.9,24.8
India,Chhattisgarh,Varanasi,NH3,23.3,115.6,30,29,Good,17.8,73.2,1.8
India,Meghalaya,Patiala,OZONE,29.6,431.6,232.3,202,Very Unhealthy,39.9,31.5,26.1
India,Odisha,Mathura,PM2.5,48.7,291.1,149.8,119,Unhealthy for Sensitive Groups,29.2,38.4,20.2
India,Meghalaya,Koppal,NO2,10.5,256.9,77.9,98,Moderate,34.3,67.5,6.1
India,Himachal Pradesh,Bhiwani,PM2.5,18.4,237.5,218.5,255,Very Unhealthy,27.4,53.5,29.5
India,Sikkim,Mandi Gobindgarh,CO,57.3,177.9,177.2,165,Unhealthy,17,32.2,22.4
India,Himachal Pradesh,Baddi,PM2.5,72.4,430,203.1,253,Very Unhealthy,29.8,63.3,3
India,Haryana,Ahmednagar,PM2.5,67.4,369.7,238.8,215,Very Unhealthy,28.8,43.3,15.6
India,Tripura,Bareilly,PM10,28.2,195.8,65.2,68,Moderate,20.8,33.5,28
India,Punjab,Tonk,OZONE,94.4,307.7,215.1,263,Very Unhealthy,18.2,71.3,5.1
India,Assam,Pampore,SO2,48.4,214.6,174.2,166,Unhealthy,20,45.3,1.7
India,Arunachal Pradesh,Sangli,CO,99.4,282.1,165.6,176,Unhealthy,20.4,34.2,12.8
India,Assam,Nellore,CO,43.6,382,219,236,Very Unhealthy,26.1,89.8,14.5
India,Rajasthan,Siwan,NO2,11.8,387.2,86,93,Moderate,24.6,40.3,8.1
India,Puducherry,Ludhiana,PM10,166.9,369.3,192,175,Unhealthy,26.9,54.2,22.4
India,Haryana,Thane,SO2,157.9,189.7,189.2,197,Unhealthy,19.2,47.6,0.8
India,Andhra Pradesh,Ahmednagar,OZONE,16.5,212.1,202.4,231,Very Unhealthy,30.8,57.8,6.1
India,Haryana,Sri Ganganagar,PM2.5,77.5,374,202.1,202,Very Unhealthy,30.2,94.8,14
India,Assam,Samastipur,PM10,21.4,294.5,200.7,485,Hazardous,17.3,41.9,27.7
India,West Bengal,Sirsa,CO,163.7,275.3,239.6,292,Very Unhealthy,18.9,51.6,15.2
India,West Bengal,Thane,SO2,108.7,414.7,151,151,Unhealthy,37.6,46.2,20.2
India,Rajasthan,Sirohi,NH3,26.8,408.2,255,202,Very Unhealthy,18.2,68.9,29.2
India,Odisha,Yamuna Nagar,NO2,21,389.6,95.5,90,Moderate,34.9,61.3,5.4
India,Uttar Pradesh,Ludhiana,NH3,4.7,112.5,112.4,134,Unhealthy for Sensitive Groups,25.6,89.4,11.5
India,Sikkim,Jodhpur,PM10,75.2,456.8,217.9,204,Very Unhealthy,38.9,90.1,17.4
India,Haryana,Angul,NH3,61.6,237.1,211.6,275,Very Unhealthy,18.6,47.6,10.7
India,Meghalaya,Jhunjhunu,NO2,72.3,275.4,260.9,268,Very Unhealthy,37.9,91.2,18.6
India,Karnataka,Bagalkot,PM2.5,91.1,486.5,152.5,182,Unhealthy,32.4,66.8,27.9
India,Uttarakhand,Pimpri-Chinchwad,PM10,205.7,338.4,221.8,272,Very Unhealthy,35.9,34.7,7.4
India,Punjab,Vapi,OZONE,12.6,226,102.7,106,Unhealthy for Sensitive Groups,29.1,56.5,16.8
India,Telangana,Ahmedabad,PM10,81.1,338.8,160.1,191,Unhealthy,19.2,87.7,23.7
India,Puducherry,Koppal,NH3,38.8,241.2,99.1,99,Moderate,33.6,50.3,6.2
India,Delhi,Firozabad,NH3,15.5,158.7,127.8,110,Unhealthy for Sensitive Groups,20.4,43.7,15.2
India,Maharashtra,Thiruvananthapuram,PM10,92.1,376.5,111.6,133,Unhealthy for Sensitive Groups,21,45,27.4
India,Himachal Pradesh,Sasaram,NO2,43.5,458,197.8,175,Unhealthy,23.1,47.3,7.2
India,Mizoram,Chittoor,SO2,166,301.4,214.8,287,Very Unhealthy,18,67.2,26.2
India,Punjab,Varanasi,NH3,29.6,348.1,32.6,44,Good,23.8,62.6,9.9
India,Bihar,Bathinda,OZONE,17.1,297.2,22.5,29,Good,19,62.7,12
India,Tripura,Ujjain,CO,4.6,384.6,110,108,Unhealthy for Sensitive Groups,16.2,46.8,17.1
India,Tamil Nadu,Bengaluru,SO2,65.7,83.4,72.1,74,Moderate,26.7,44.8,6.5
India,Jammu and Kashmir,Chhapra,CO,8.4,352,12.4,37,Good,18.7,34.8,25.5
India,Assam,Pune,SO2,17.1,335.1,86.7,91,Moderate,17,94.6,25.5
India,Nagaland,Byasanagar,NH3,102,433.1,186,185,Unhealthy,15.6,86.2,15
India,Chandigarh,Hyderabad,NH3,31.8,233,185.1,162,Unhealthy,34.4,37.5,23.4
India,Kerala,Gurugram,CO,38.3,295,86.5,96,Moderate,23.3,76.3,1.3
India,Chhattisgarh,Byasanagar,OZONE,8.6,439.2,13.3,1,Good,34,73.7,6.9
India,Himachal Pradesh,Dharwad,SO2,135.5,305.2,160.2,170,Unhealthy,28.5,79.5,20.8
India,Sikkim,Haldia,PM2.5,1.3,213.5,10.5,1,Good,30.8,52.9,18.6
India,Chhattisgarh,Nagpur,SO2,39.2,225.7,85.3,55,Moderate,30.7,33.7,2.9
India,Chhattisgarh,Virar,NO2,58.1,160.1,76,93,Moderate,16,55.6,3.1
India,Himachal Pradesh,Gwalior,PM10,4.6,318.6,8.8,23,Good,34.7,45.8,12.6
India,Kerala,Sivasagar,SO2,62.4,374.4,79.4,89,Moderate,37.1,82.7,11.5
India,Gujarat,Gadag,PM2.5,88.5,285.7,134.9,119,Unhealthy for Sensitive Groups,19.2,92.4,13.8
India,Bihar,Baripada,PM10,18.3,482.1,18.5,35,Good,22.8,89.5,26.3
India,Chandigarh,Sirohi,PM2.5,12.2,258.3,127.3,128,Unhealthy for Sensitive Groups,32.2,84.1,9.5
India,Karnataka,Dharwad,PM2.5,69.2,364.4,91.6,71,Moderate,24.8,33.2,27.2
India,Delhi,Bulandshahr,SO2,77.6,448.8,134.9,134,Unhealthy for Sensitive Groups,38.7,64.6,23.9
India,Telangana,Dehradun,OZONE,16.8,299.9,110.7,103,Unhealthy for Sensitive Groups,26,91.2,23.4
India,Uttarakhand,Yadgir,PM2.5,43.9,439.1,201,290,Very Unhealthy,31.5,83.8,12.8
India,Andhra Pradesh,Hyderabad,SO2,25.3,485.3,79.4,75,Moderate,35.3,44.9,21.7
India,Odisha,Satna,PM2.5,104.9,359.7,233.7,271,Very Unhealthy,39.4,47,28.5
India,Chandigarh,Greater Noida,NO2,59.8,346.3,173.5,169,Unhealthy,15.5,32.1,3.6
India,Uttarakhand,Muzaffarnagar,CO,98.4,380.9,151.2,163,Unhealthy,29.4,53,22.1
India,Tripura,Prayagraj,OZONE,7.3,456.6,101.8,142,Unhealthy for Sensitive Groups,36.2,40.4,5.9
India,Punjab,Bhagalpur,PM2.5,143.7,289.8,211.9,281,Very Unhealthy,29.6,75,2.5
India,Arunachal Pradesh,Eluru,PM10,84.4,459.8,209,220,Very Unhealthy,31.6,51.7,17.8
India,Jammu and Kashmir,Jaisalmer,NO2,69.2,499.1,98.2,70,Moderate,27.3,59,3.7
India,Telangana,Hajipur,PM2.5,69,269.2,137,126,Unhealthy for Sensitive Groups,17.6,73.6,5.1
India,Andhra Pradesh,Pratapgarh,SO2,59.4,397.5,92.5,100,Moderate,15.8,43.2,21.2
India,Meghalaya,Chamarajanagar,OZONE,6.1,162.6,93.6,87,Moderate,35.1,52.1,5
India,Uttarakhand,Nashik,OZONE,11.7,289.2,48.7,38,Good,32.4,44.5,4.3
India,Odisha,Bileipada,SO2,76.6,428.6,89.4,59,Moderate,38.5,58.1,8.8
India,Mizoram,Korba,NO2,48.4,395.7,138.9,145,Unhealthy for Sensitive Groups,38.4,65.3,21
India,Telangana,Visakhapatnam,SO2,83,490.4,255.1,204,Very Unhealthy,38.2,86.1,26.5
India,Telangana,Dungarpur,NH3,37.4,179.1,139.2,149,Unhealthy for Sensitive Groups,24.9,52.2,23.6
India,Uttarakhand,Muzaffarpur,SO2,0.1,216.3,0.2,20,Good,19,89.3,27.8
India,Chandigarh,Dombivli,OZONE,98.4,265.4,213,246,Very Unhealthy,33.4,82.3,8.3
India,Sikkim,Jaisalmer,PM2.5,71.7,250.5,86,96,Moderate,23.6,40.3,20
India,Rajasthan,Karwar,NH3,6,355.2,67.6,85,Moderate,37.6,80.6,11
India,Uttar Pradesh,Nellore,CO,63.7,344.3,188.6,178,Unhealthy,17.1,45.7,23.8
India,Chandigarh,Brajrajnagar,NH3,8.9,242.6,9.9,26,Good,30.4,64.8,0.7
India,Chhattisgarh,Dehradun,PM2.5,110.5,477.8,131.9,134,Unhealthy for Sensitive Groups,26.3,34.4,23.5
India,Haryana,Nashik,PM10,127.8,234.8,189,197,Unhealthy,21.3,76.1,5.4
India,Delhi,Korba,NO2,8,402.4,63.8,100,Moderate,17.4,90.7,9.3
India,Punjab,Dholpur,PM10,58.5,320.2,75.2,63,Moderate,36.7,64.8,12.3
India,Chandigarh,Thiruvananthapuram,SO2,36.9,319.2,63.7,61,Moderate,16.5,55.9,12
India,Chandigarh,Beed,NO2,6.4,146,105.6,119,Unhealthy for Sensitive Groups,26,80,2.1
India,Odisha,Chikkaballapur,NH3,187.2,472.7,209.5,219,Very Unhealthy,19.3,91.9,9.3
India,Telangana,Siliguri,SO2,79.8,248.5,156.2,152,Unhealthy,38.9,69.5,26.3
India,Jharkhand,Munger,SO2,48.6,418.6,163.9,197,Unhealthy,38.2,57.9,16.6
India,Karnataka,Sirsa,NH3,65.1,240,167.5,189,Unhealthy,26.1,71.5,9.4
India,Odisha,Bhubaneswar,SO2,120.6,285.7,215.3,268,Very Unhealthy,21.3,82.5,21
India,Chhattisgarh,Bettiah,NH3,52.1,304.9,185.4,176,Unhealthy,16.7,40.3,15.8
India,West Bengal,Rohtak,SO2,200.7,275.2,208.4,279,Very Unhealthy,23.8,43.5,27.2
India,Meghalaya,Rourkela,PM10,76.4,492.5,262.3,232,Very Unhealthy,36.6,44.6,19.5
India,Chandigarh,Jorapokhar,PM10,17.5,254.9,43,23,Good,29,57.4,20.9
India,West Bengal,Ambala,PM10,159,488.4,241.5,205,Very Unhealthy,24.7,82.1,22.1
India,Telangana,Vapi,OZONE,111,304.8,170.2,196,Unhealthy,16.3,39.6,6.5
India,Assam,Pune,PM2.5,161.2,318.5,250,206,Very Unhealthy,30.8,84.6,0.8
India,Nagaland,Nagaon,NH3,192.1,288.4,259.7,211,Very Unhealthy,31.4,39.4,19
India,Assam,Haldia,NO2,179.8,395.6,200.2,382,Hazardous,34.3,39.2,8.1
India,Bihar,Baripada,OZONE,125.2,310.1,218.8,251,Very Unhealthy,26.8,55.2,0.9
India,Andhra Pradesh,Beed,SO2,108.3,166.9,155,198,Unhealthy,26.2,47.5,4.1
India,Odisha,Ujjain,NH3,54.4,242.7,69.9,53,Moderate,27.7,92.5,15.4
India,Tamil Nadu,Ulhasnagar,PM2.5,3.8,391.2,32.6,20,Good,30,74.8,25
India,Tripura,Greater Noida,PM2.5,75.9,338.1,187.3,191,Unhealthy,38.9,74.6,13.5
India,Assam,Jalore,SO2,13.8,87.2,60,98,Moderate,33,65.6,17.1
India,Himachal Pradesh,Bileipada,OZONE,74.5,217.2,192.4,186,Unhealthy,29.8,78.7,14.2
India,Arunachal Pradesh,Mangalore,PM10,72.6,307.9,248.9,212,Very Unhealthy,37.7,62.7,9.7
India,Telangana,Agra,PM2.5,23.1,260.4,30,41,Good,39.8,45.1,6.1
India,Puducherry,Tonk,PM10,6.6,70.9,22.5,44,Good,38.6,82.5,0
India,Assam,Parbhani,SO2,6.4,144.2,110.1,101,Unhealthy for Sensitive Groups,16.1,62.1,20.2
India,Chandigarh,Noida,PM10,30.2,313.2,57.3,93,Moderate,24.7,45.6,15.1
India,Puducherry,Mira-Bhayandar,CO,171.1,231.7,188.5,180,Unhealthy,19.4,32.4,7.5
India,Jammu and Kashmir,Ghaziabad,NH3,198.6,452,258.2,218,Very Unhealthy,29.8,45.9,17.6
India,Chandigarh,Jaisalmer,NO2,60.2,248.4,224.1,201,Very Unhealthy,38.8,50.1,22.4
India,Telangana,Rishikesh,CO,96.7,268.9,175.7,164,Unhealthy,33.7,74.9,14
India,Haryana,Dharwad,PM2.5,103.4,306.7,176.8,166,Unhealthy,38.3,38.1,7.8
India,Jharkhand,Puducherry,SO2,12.1,296.6,34,29,Good,31,90.6,24.6
India,Nagaland,Katihar,PM10,94.6,358.4,208.8,239,Very Unhealthy,18.7,35.5,2.7
India,Karnataka,Faridabad,NO2,42.7,301.4,230.2,285,Very Unhealthy,36.1,45,14.1
India,Puducherry,Dharwad,OZONE,32.9,190.3,44.4,0,Good,32.9,82.5,24.6
India,Delhi,Dharuhera,CO,97.4,426.2,224.9,230,Very Unhealthy,25.2,91,12.9
India,Odisha,Guntur,NH3,35.7,187.5,112.3,115,Unhealthy for Sensitive Groups,33.9,75.9,4.1
India,Meghalaya,Chikkaballapur,SO2,0.2,355.8,0.5,46,Good,17.6,41,7
India,Rajasthan,Jaipur,NO2,245.1,405.1,265.3,258,Very Unhealthy,36.2,31.1,0.7
India,Sikkim,Chandigarh,NO2,40.7,369.9,165.2,194,Unhealthy,27.9,70.4,22.6
India,Uttar Pradesh,Pimpri-Chinchwad,SO2,4.1,247.1,229,272,Very Unhealthy,29.5,52.1,23.2
India,Kerala,Dehradun,CO,29.3,398.8,84.6,62,Moderate,37.3,57.6,5
India,Andhra Pradesh,Hyderabad,CO,1.5,400.9,158,166,Unhealthy,21.5,89.8,1.8
India,Karnataka,Jabalpur,CO,116.3,442.3,230.5,211,Very Unhealthy,35.5,50,28.3
India,Chandigarh,Shillong,OZONE,6.6,390.7,7.6,47,Good,23.2,93.5,23
India,Jharkhand,Ankleshwar,PM2.5,210.2,310.2,262,257,Very Unhealthy,25.8,46.6,27.7
India,Rajasthan,Angul,CO,106,244.3,111.4,117,Unhealthy for Sensitive Groups,25.6,67.1,12.6
India,Sikkim,Gorakhpur,NH3,110.8,268.3,237,296,Very Unhealthy,19.6,48.8,25.7
India,Odisha,Baddi,NO2,14.9,171.2,61.5,85,Moderate,29,68.1,12.8
India,Maharashtra,Brajrajnagar,NH3,96.4,224.9,97.7,57,Moderate,28.5,73.9,10.3
India,Bihar,Sirohi,NH3,0.1,380.3,1.5,14,Good,37,80,23.4
India,Tripura,Yadgir,PM2.5,84.6,238.3,174.1,152,Unhealthy,31.2,46.9,6.3
India,Arunachal Pradesh,Patna,NH3,12.8,437.6,33.6,37,Good,16.8,64.6,26.5
India,Meghalaya,Tonk,CO,77.2,397,183.9,181,Unhealthy,28.9,94.6,15.3
India,Jharkhand,Indore,OZONE,112.7,371.1,132.9,115,Unhealthy for Sensitive Groups,23.9,90.5,17.4
India,Puducherry,Thrissur,NO2,80.6,262.1,234.3,273,Very Unhealthy,27.6,62.9,2.2
India,Himachal Pradesh,Hisar,NH3,54.8,179.5,98.2,87,Moderate,22,62.6,18.8
India,Rajasthan,Mandi Gobindgarh,SO2,5.1,458,20.5,40,Good,30.5,83.2,17.7
India,Uttar Pradesh,Munger,OZONE,120,423.7,161.8,199,Unhealthy,22,47.4,12.2
India,Sikkim,Rajgir,NO2,9.2,206.8,63.8,93,Moderate,23.3,37.2,11.9
India,Jammu and Kashmir,Hubballi,PM2.5,57.3,318.7,171.6,181,Unhealthy,34.8,50.3,26.7
India,Arunachal Pradesh,Visakhapatnam,OZONE,10.6,371.9,92.7,71,Moderate,26.8,80.9,24.6
India,Andhra Pradesh,Silchar,PM10,67.3,428.6,241.7,220,Very Unhealthy,20.4,75.9,3.3
India,West Bengal,Gandhinagar,SO2,45.3,153.1,137.6,133,Unhealthy for Sensitive Groups,35.9,54.7,5.2
India,Madhya Pradesh,Sivasagar,NH3,26,326,106,129,Unhealthy for Sensitive Groups,32.5,53.8,26.3
India,Telangana,Pampore,CO,37.4,379.7,98.1,82,Moderate,35.8,39.3,19.1
India,Himachal Pradesh,Sagar,SO2,24.3,309,66.7,70,Moderate,20.4,36.7,2.6
India,Tripura,Rohtak,SO2,67,336.5,253.7,222,Very Unhealthy,35.7,61.6,9.1
India,Gujarat,Jabalpur,NO2,75.2,153.1,143.8,127,Unhealthy for Sensitive Groups,15.7,86.7,1.2
India,Tripura,Kolkata,PM10,44.2,390.6,236.2,229,Very Unhealthy,28.5,61.8,21.9
India,Sikkim,Yamuna Nagar,PM10,46.5,363.7,102.3,118,Unhealthy for Sensitive Groups,33.5,43,13.2
India,Chandigarh,Greater Noida,NH3,20.3,190.9,166.7,179,Unhealthy,38.4,41.7,12.7
India,Karnataka,Gaya,SO2,45.7,274.4,195.2,196,Unhealthy,35.2,54.7,24.7
India,Chhattisgarh,Shivamogga,NH3,25.6,180.6,62.3,88,Moderate,22.3,76.8,29.1
India,Nagaland,Howrah,PM2.5,3.1,149.6,15,14,Good,16,54.6,11.7
India,Kerala,Thoothukudi,SO2,16.5,492.9,115.4,111,Unhealthy for Sensitive Groups,34.9,80,0.5
India,Chandigarh,Nagaur,NO2,17.8,135.3,19.3,26,Good,25.3,80.3,5.9
India,Mizoram,Thane,CO,109,259.4,122.8,139,Unhealthy for Sensitive Groups,38.5,85.1,9.8
India,Telangana,Karnal,CO,59.1,131.1,62.1,68,Moderate,35,48.1,12.6
India,Haryana,Bareilly,PM10,60.2,415.6,245.3,291,Very Unhealthy,20.6,57,22.8
India,Karnataka,Jaisalmer,PM2.5,137.5,323.5,221.1,287,Very Unhealthy,25.8,86.5,19.2
India,Chandigarh,Agra,OZONE,39.6,288,70.8,99,Moderate,37.1,32.3,6.9
India,Telangana,Thiruvananthapuram,SO2,49.6,243.2,107.8,104,Unhealthy for Sensitive Groups,24.6,54.7,24.9
India,Madhya Pradesh,Karauli,PM10,205.5,327.8,231.1,212,Very Unhealthy,27.8,33.1,25.7
India,Jammu and Kashmir,Guntur,PM10,168.7,269.8,264.2,281,Very Unhealthy,16.9,84.6,17.5
India,Odisha,Milupara,OZONE,73.4,463.2,95.3,82,Moderate,39.9,69.3,14.5
India,West Bengal,Sangli,OZONE,30.3,494.7,52.3,54,Moderate,39.2,86.2,24.5
India,West Bengal,Jodhpur,SO2,102.6,467.3,241,212,Very Unhealthy,20.5,94.4,14.6
India,Bihar,Nellore,PM2.5,10.9,143.8,55.1,72,Moderate,28.6,36.6,26.5
India,Uttarakhand,Chikkaballapur,NO2,55.5,459.1,234.5,206,Very Unhealthy,28.7,71.6,8.9
India,Mizoram,Sagar,NH3,2.8,458.2,12.2,41,Good,29.7,87.2,20.7
India,Arunachal Pradesh,Navi Mumbai,PM2.5,35.8,496.3,45.2,0,Good,35.3,46.5,8.8
India,Gujarat,Mahad,SO2,152.5,350.3,181.5,185,Unhealthy,29.6,57.5,27.5
India,Puducherry,Hisar,NH3,3,374.9,262.1,257,Very Unhealthy,32.3,38.6,22
India,Sikkim,Byasanagar,SO2,54.6,274.9,146.2,122,Unhealthy for Sensitive Groups,38.4,34.2,4.7
India,Himachal Pradesh,Keonjhar,OZONE,6.3,314.3,95.9,62,Moderate,22.6,75,22.4
India,Chhattisgarh,Bilaspur,SO2,18.4,262.1,203.3,277,Very Unhealthy,30.7,89.4,12.7
India,Chhattisgarh,Singrauli,SO2,90.9,265.8,97.1,58,Moderate,23.5,68.1,19.7
India,Gujarat,Rajgir,NO2,135.1,472.8,197.7,188,Unhealthy,24.1,47.8,18
India,Odisha,Jabalpur,PM10,58.4,172.5,62.6,63,Moderate,33.1,60.7,22.4
India,Haryana,Rourkela,NO2,46.4,429.3,164.6,158,Unhealthy,35.9,34.5,14.5
India,Meghalaya,Kolkata,NO2,36.4,329.8,48.2,12,Good,26.7,59.6,27
India,Tripura,Firozabad,CO,8.6,226,25,2,Good,33.7,60.5,28
India,Chhattisgarh,Nandesari,PM2.5,88.6,242,166.3,153,Unhealthy,26,38.9,0.2
India,Maharashtra,Banswara,PM2.5,145.5,364.8,148.8,120,Unhealthy for Sensitive Groups,29.9,71.6,4.9
India,Punjab,Nanded,NO2,1.8,345.3,240.2,210,Very Unhealthy,22.8,78.9,27.5
India,Punjab,Guntur,PM2.5,55.4,184,160.7,188,Unhealthy,34.6,82.8,4.1
India,Punjab,Bengaluru,PM10,218.4,436.6,219.7,216,Very Unhealthy,30.4,45.3,5.4
India,Delhi,Yadgir,NO2,164.5,307.7,192.8,154,Unhealthy,15.8,56.8,23.7
India,Sikkim,Surat,PM10,14.7,410.2,108.1,135,Unhealthy for Sensitive Groups,23.4,50.3,7
India,Chhattisgarh,Sri Ganganagar,NH3,3.7,420.4,33.7,43,Good,16,38.9,18.3
India,Maharashtra,Brajrajnagar,CO,18.3,324.6,165.8,167,Unhealthy,18.1,84.6,27.3
India,Chhattisgarh,Gandhinagar,PM10,157.7,338.4,190.1,196,Unhealthy,30.7,74.2,16.9
India,Telangana,Bileipada,NH3,19.9,53.8,42.9,1,Good,36.9,90.8,29.2
India,Telangana,Kalyan,OZONE,23.9,417.1,40.6,32,Good,37,56.8,9.6
India,Kerala,Alwar,SO2,16.1,163.2,44.4,7,Good,21.8,83.9,20.5
India,Telangana,Thoothukudi,NO2,217.9,231.3,219.9,204,Very Unhealthy,39.7,49.8,5.3
India,Sikkim,Jhunjhunu,NO2,8.3,336.2,196.5,161,Unhealthy,39,49,15.9
India,Sikkim,Katni,NO2,20.3,283.9,253.5,284,Very Unhealthy,28.4,37.7,19
India,Himachal Pradesh,Sirsa,PM2.5,40.1,338.5,86.9,53,Moderate,19.8,86.7,8.3
India,Telangana,Bahadurgarh,NH3,76.3,380,182.5,161,Unhealthy,35.9,70.7,4
India,Maharashtra,Bikaner,PM10,221.1,309.5,259.3,226,Very Unhealthy,33.7,88.4,7.3
India,Chandigarh,Ramanagara,CO,58.2,486,65.7,64,Moderate,21,75.9,11.7
India,Madhya Pradesh,Rohtak,PM10,29.7,276.8,237,212,Very Unhealthy,35.8,59.8,8.4
India,Telangana,Bhilai,OZONE,5.6,395.8,6.5,33,Good,22.1,59.1,24
India,Rajasthan,Kalyan,NO2,48,242.6,97.7,52,Moderate,25.6,51.6,0
India,Meghalaya,Coimbatore,NO2,42.5,435.2,169,166,Unhealthy,22.2,76.1,23.8
India,Himachal Pradesh,Sasaram,PM2.5,47.7,496.8,106.5,119,Unhealthy for Sensitive Groups,38.1,49.1,23.3
India,Meghalaya,Singrauli,NH3,82,389.7,124.5,131,Unhealthy for Sensitive Groups,38.7,70.7,18
India,Delhi,Mandikhera,CO,24.8,161.6,92,58,Moderate,27.1,89.2,18.8
India,Uttarakhand,Dehradun,CO,5.4,453.1,233.3,249,Very Unhealthy,34.9,74.5,22.8
India,Chhattisgarh,Jaipur,PM2.5,23.9,444.2,132.8,132,Unhealthy for Sensitive Groups,36,90.9,9.3
India,Mizoram,Banswara,OZONE,17.8,400,149.4,106,Unhealthy for Sensitive Groups,22.7,86.4,29.1
India,Meghalaya,Bhilwara,PM2.5,9.7,62.9,60.3,51,Moderate,34.5,91.5,1
India,Punjab,Ankleshwar,NH3,69.9,418.5,96.7,96,Moderate,16.7,69.4,5.9
India,Madhya Pradesh,Balasore,CO,1.4,429.6,66.3,92,Moderate,29.7,69.5,16.1
India,Uttarakhand,Fatehabad,SO2,65.5,357.2,227.9,242,Very Unhealthy,21.1,83.3,19.8
India,Gujarat,Kalyan,PM10,2.7,206.2,5.3,25,Good,37.2,80.9,12.4
India,Nagaland,Malegaon,NH3,1.1,440.8,2.3,8,Good,22.8,53.1,16.9
India,Sikkim,Jodhpur,OZONE,235.8,250,237,225,Very Unhealthy,39.2,56.3,28.7
India,Telangana,Bhagalpur,OZONE,57.2,196.9,63.9,53,Moderate,16.9,79.8,4.3
India,Nagaland,Ratlam,PM2.5,8.4,248.2,38.2,31,Good,18.4,52,4.4
India,Andhra Pradesh,Delhi,PM2.5,224.3,338.4,236.4,298,Very Unhealthy,31.4,65.5,24.9
India,Punjab,Jalandhar,PM10,143.9,424.6,198.5,190,Unhealthy,27.6,58.4,6.6
India,Telangana,Khora,SO2,10.5,102.8,54.3,68,Moderate,28.6,60.3,21.1
India,Bihar,Raebareli,CO,47.6,268,131.8,120,Unhealthy for Sensitive Groups,23.8,55.9,18.5
India,Chhattisgarh,Keonjhar,NO2,82.1,352.1,122.4,116,Unhealthy for Sensitive Groups,17.2,57,18
India,Himachal Pradesh,Gandhinagar,NO2,13.5,441.6,173.4,175,Unhealthy,39.9,31.3,10.3
India,Nagaland,Kanpur,CO,17.5,333.5,170.8,172,Unhealthy,24.8,86.8,25.3
India,Jharkhand,Chandrapur,SO2,27.3,108.2,32.1,37,Good,28.2,87.7,6.4
India,Telangana,Akola,CO,70.2,442.9,129.5,136,Unhealthy for Sensitive Groups,15.2,56.3,24.3
India,Uttar Pradesh,Bathinda,OZONE,5.8,415.3,64.6,54,Moderate,27.1,90.2,19.4
India,Gujarat,Sirsa,PM10,144.1,265.6,255.8,250,Very Unhealthy,27.4,82.6,16.4
India,Assam,Amaravati,PM2.5,2.9,427.1,24,10,Good,35,78.6,29
India,Uttar Pradesh,Hapur,NH3,20.2,449.8,67.2,61,Moderate,18.3,73,23
India,Tripura,Solapur,CO,123.9,486.1,163.4,200,Unhealthy,33.4,35.8,6.8
India,Telangana,Virar,PM2.5,43.6,200,185.2,166,Unhealthy,17.9,76,11.7
India,Rajasthan,Jaisalmer,NH3,53.4,454.2,137.5,139,Unhealthy for Sensitive Groups,33.4,36.7,8.5
India,Odisha,Pampore,NH3,46.1,426.7,238.7,277,Very Unhealthy,26.3,88.1,13.7
India,Bihar,Bhiwani,OZONE,25.4,456.3,30.4,26,Good,34.7,45.9,22.1
India,Chandigarh,Howrah,CO,11.2,38.7,29.5,3,Good,24,61.5,26.2
India,Meghalaya,Navi Mumbai,SO2,56.8,172.5,159,184,Unhealthy,34.7,64.4,16.2
India,West Bengal,Dharuhera,NH3,11,361.8,184.1,186,Unhealthy,24.9,31.6,20.1
India,Uttar Pradesh,Gaya,NH3,3.3,403.6,76.6,82,Moderate,32.6,91.8,27.5
India,Telangana,Manguraha,PM10,67.4,186.3,93.1,96,Moderate,20.8,31.6,1
India,Delhi,Prayagraj,NH3,117.2,479.9,220.7,292,Very Unhealthy,18.1,70.7,4.8
India,Karnataka,Moradabad,SO2,42.4,203.4,173.2,188,Unhealthy,32,59.4,29.4
India,Mizoram,Fatehabad,OZONE,42.4,57.2,50.7,474,Hazardous,31.9,62.3,19.7
India,Uttarakhand,Vijayawada,OZONE,53,337.3,108,120,Unhealthy for Sensitive Groups,30.7,61.5,23.5
India,Karnataka,Vrindavan,NH3,110.2,247.5,232.3,297,Very Unhealthy,29.5,86,9
India,Chandigarh,Siwan,OZONE,56.9,208,120.5,122,Unhealthy for Sensitive Groups,39.7,73.7,4.9
India,Haryana,Sri Ganganagar,CO,43.2,210.4,64.8,91,Moderate,29.9,31.8,23.3
India,Assam,Bhilwara,SO2,240.3,315.5,246.7,239,Very Unhealthy,17.2,62.4,17
India,Rajasthan,Dewas,CO,141.9,303.3,258.6,293,Very Unhealthy,34.3,59.8,11.2
India,Uttarakhand,Guntur,CO,7.3,208,8.3,5,Good,32.7,67.2,10.6
India,Jharkhand,Madikeri,PM2.5,115.2,129.3,122.6,108,Unhealthy for Sensitive Groups,36.6,37.6,24.1
India,Himachal Pradesh,Jaipur,PM2.5,72.6,354.9,233.5,247,Very Unhealthy,28.7,51.6,4.5
India,Jammu and Kashmir,Lucknow,SO2,78.1,345.6,194.4,169,Unhealthy,30.3,71.8,6.4
India,Mizoram,Chhal,NO2,21.1,103.8,90.7,86,Moderate,24.7,33.9,26.7
India,West Bengal,Haldia,NO2,87.6,161.8,143.5,150,Unhealthy for Sensitive Groups,38.9,51.8,15.6
India,Sikkim,Bhopal,NO2,53.5,265.6,207.2,256,Very Unhealthy,38,70.6,3.6
India,Jammu and Kashmir,Byasanagar,NO2,28.2,332.3,61,60,Moderate,31.9,33.6,22.4
India,Madhya Pradesh,Alwar,CO,5.3,232.3,37.9,17,Good,23.1,62.5,21.7
India,Assam,Kishanganj,PM2.5,94.6,318.1,199.2,155,Unhealthy,28.3,53.1,28.4
India,Kerala,Thrissur,PM10,154,304.2,245.8,277,Very Unhealthy,16.9,44.8,17.8
India,Karnataka,Delhi,NH3,12.9,242.2,20,4,Good,16.1,38,11.5
India,Assam,Thane,OZONE,70.5,435.5,84.7,81,Moderate,22.2,79.8,4.2
India,Himachal Pradesh,Ulhasnagar,NO2,8.4,389.7,199.9,186,Unhealthy,37.7,62.6,17
India,Maharashtra,Khairthal,NO2,22.8,455.4,106.8,133,Unhealthy for Sensitive Groups,32.7,49.5,21.2
India,Assam,Noida,OZONE,11.6,72.4,35.4,30,Good,28,33,26.4
India,Assam,Kishanganj,NH3,104.6,469.9,253,288,Very Unhealthy,34.7,71.5,27.7
India,Odisha,Panchkula,PM2.5,22.4,342.4,24.9,8,Good,30.6,71.7,16.8
India,Nagaland,Ludhiana,PM2.5,148.1,395.8,239.3,252,Very Unhealthy,26.8,52.1,28.9
India,Odisha,Jhunjhunu,SO2,38.4,321.6,190,162,Unhealthy,24.5,66.5,14.5
India,Chhattisgarh,Patiala,OZONE,93.7,448.1,99.1,90,Moderate,28.7,58.3,10.3
India,Odisha,Khurja,PM10,109.6,254.7,169.8,177,Unhealthy,27.8,70.2,5.3
India,Karnataka,Vadodara,NO2,162.8,444.7,245.6,291,Very Unhealthy,32.6,35.5,27.7
India,Gujarat,Manesar,CO,24.4,382.7,64,60,Moderate,37.5,71.4,15.5
India,Mizoram,Fatehabad,OZONE,13,287.5,36.1,10,Good,24.4,76.8,23.9
India,Tamil Nadu,Araria,CO,31.7,461.5,65.7,58,Moderate,31.4,93.2,28.2
India,Meghalaya,Jhunjhunu,OZONE,129.2,368.6,186.5,192,Unhealthy,28.1,39.3,26.6
India,Chhattisgarh,Bileipada,PM10,8.1,336.1,28.2,18,Good,26.6,79.9,28.3
India,Madhya Pradesh,Araria,NO2,11.8,204.4,53.2,53,Moderate,34.3,69.4,10.1
India,Tripura,Delhi,OZONE,4.3,138.6,43.2,27,Good,19.9,56.3,1.5
India,Sikkim,Modinagar,PM10,3.1,449.1,26.3,22,Good,36.5,52.7,6.5
India,Telangana,Narnaul,CO,122.6,334.6,218.8,230,Very Unhealthy,17.5,31.5,22.1
India,Chandigarh,Jaipur,OZONE,35.3,246.9,153.5,158,Unhealthy,25.9,45,28.6
India,Arunachal Pradesh,Pithampur,CO,211.4,432.8,232,251,Very Unhealthy,17.9,36,17.8
India,Gujarat,Jalandhar,NO2,54.4,360.4,72.7,98,Moderate,34.1,85.5,26.5
India,Telangana,Satara,PM10,136,405.9,155.2,162,Unhealthy,33.9,87.7,2.6
India,Meghalaya,Guntur,PM2.5,9.2,317.7,28,40,Good,32.4,46.6,6.9
India,Assam,Bhiwani,PM2.5,27.8,199.7,43.3,0,Good,27,65.4,24.3
India,Punjab,Mandi Gobindgarh,NO2,62.7,445.2,112,141,Unhealthy for Sensitive Groups,27.1,91.9,9.5
India,Haryana,Dausa,OZONE,1.3,305.2,170.2,161,Unhealthy,38.1,44.3,26.9
India,Sikkim,Guntur,PM2.5,36.3,433.1,219.9,216,Very Unhealthy,17.6,82.2,8.8
India,Madhya Pradesh,Raipur,OZONE,57.3,113.9,97.9,83,Moderate,30.5,72.2,11.2
India,Jammu and Kashmir,Katihar,PM2.5,5.8,294.4,10.2,4,Good,16.6,80.7,1.6
India,Telangana,Chandigarh,NO2,33.3,132.2,45.3,37,Good,19.5,79.7,16.2
India,Sikkim,Ulhasnagar,CO,197.2,468.6,264.5,233,Very Unhealthy,15.3,69.9,2.2
India,Kerala,Modinagar,SO2,114.4,189.3,148,127,Unhealthy for Sensitive Groups,25.7,58.2,28
India,Tripura,Talcher,NO2,0.4,5.2,1.6,19,Good,26.9,42.4,10.9
India,Kerala,Thrissur,CO,87,337.8,187.2,165,Unhealthy,39.4,44.3,20
India,Chhattisgarh,Brajrajnagar,PM10,13.2,89,36.2,24,Good,26.6,65.6,5.8
India,Nagaland,Chittoor,PM10,137,359.8,226,241,Very Unhealthy,38.6,68.2,29.9
India,Kerala,Siwan,OZONE,82.3,132.1,92.5,80,Moderate,27.5,72.1,16.6
India,Uttarakhand,Moradabad,OZONE,206.2,237.4,218.5,255,Very Unhealthy,32.5,60.8,8.1
India,Delhi,Rajamahendravaram,SO2,197.6,308.2,242.7,216,Very Unhealthy,26.9,39.1,26.1
India,Puducherry,Jalandhar,NO2,76.4,198.4,87,74,Moderate,16.2,70.7,18.4
India,Andhra Pradesh,Ratlam,NO2,47.6,427.3,52.1,75,Moderate,25.6,48.6,25.6
India,Puducherry,Kollam,CO,11.9,136.5,93.9,85,Moderate,39.5,83.3,11.6
India,Chhattisgarh,Thrissur,NH3,147.4,346.3,238,244,Very Unhealthy,39.7,63.3,1.2
India,Telangana,Ratlam,PM2.5,8.3,392.3,260.9,225,Very Unhealthy,20.8,74.1,21.1
India,Rajasthan,Panchkula,PM10,1.4,340.3,3.1,35,Good,35.9,46.3,27.9
India,Haryana,Nellore,NO2,43.8,264.1,100.7,372,Hazardous,34.6,34.1,10.6
India,Tripura,Rourkela,NO2,75.9,366.3,199.3,186,Unhealthy,38.5,55.3,11.9
India,Puducherry,Rupnagar,NH3,4.8,240.1,33.4,23,Good,30.3,33.9,20.8
India,Haryana,Kurukshetra,CO,31.3,251.1,42.4,13,Good,24.4,77,18.4
India,Haryana,Jalgaon,PM10,0.9,196,13.5,15,Good,38.7,32.7,24.3
India,Himachal Pradesh,Badlapur,SO2,5.3,141.8,79.3,100,Moderate,23,44.7,3.2
India,Uttarakhand,Bhiwani,PM10,21.5,418.6,46.5,48,Good,16.7,66.7,28.6
India,Bihar,Bhiwadi,CO,44.7,144.9,123.4,148,Unhealthy for Sensitive Groups,25.6,38.5,22.5
India,West Bengal,Gandhinagar,NO2,23.6,320,54.2,77,Moderate,37.7,36.5,11.7
India,Andhra Pradesh,Hyderabad,PM10,3.2,302.4,191.4,193,Unhealthy,36.8,71.2,14.1
India,Uttar Pradesh,Amritsar,NO2,132,453.3,139.9,106,Unhealthy for Sensitive Groups,15.8,71.7,12.6
India,Madhya Pradesh,Bhubaneswar,NO2,10.6,358.7,70.7,73,Moderate,21,44.7,27.2
India,Chandigarh,Jabalpur,OZONE,13.4,175.4,26.2,48,Good,27.6,73.2,0.3
India,West Bengal,Suakati,CO,29.1,438.5,247.1,236,Very Unhealthy,39.3,55,2
India,Punjab,Thrissur,PM10,31,418.1,141.5,130,Unhealthy for Sensitive Groups,25.4,35.7,18.3
India,Maharashtra,Sivasagar,PM2.5,18.7,498,134.2,113,Unhealthy for Sensitive Groups,17.4,54.7,9.2
India,Telangana,Jalandhar,NO2,44.2,489.2,47.4,23,Good,30.8,93.2,26.1
India,Meghalaya,Maihar,SO2,4.5,150.9,27.3,31,Good,32,57.8,19.1
India,Punjab,Delhi,NH3,2.4,458.4,144.2,136,Unhealthy for Sensitive Groups,20.2,87.9,13.3
India,Arunachal Pradesh,Manguraha,OZONE,208.2,267.3,262.7,216,Very Unhealthy,36.8,75,21.9
India,Jammu and Kashmir,Dewas,SO2,2.1,178,129.2,135,Unhealthy for Sensitive Groups,23.5,38.1,13.9
India,Jammu and Kashmir,Latur,OZONE,137.2,489.6,140.8,137,Unhealthy for Sensitive Groups,25.5,72.1,17.2
India,Mizoram,Karauli,PM2.5,157.6,392.6,196,160,Unhealthy,17,70.8,17.8
India,Jammu and Kashmir,Chikkaballapur,OZONE,16.6,405.5,19.2,18,Good,33.3,43.9,8.6
India,Tripura,Srinagar,CO,15.7,483.9,31.7,0,Good,35,56.5,19
India,Rajasthan,Boisar,NO2,22.2,222.2,91,65,Moderate,16.8,54.4,22.4
India,Punjab,Firozabad,OZONE,54.6,345,185.5,158,Unhealthy,22.9,89.8,23.9
India,Sikkim,Dewas,PM2.5,18.2,291.5,84.9,94,Moderate,28.4,88.4,8.5
India,Andhra Pradesh,Kohima,PM10,130.8,445.8,243.2,207,Very Unhealthy,25.6,41.2,24.4
India,Assam,Gadag,PM10,47.7,446.3,102.2,123,Unhealthy for Sensitive Groups,32.6,31.2,0.1
India,Assam,Delhi,NO2,131.5,376.2,223.7,215,Very Unhealthy,27.5,43.5,12.7
India,Kerala,Vadodara,NO2,19,459.6,74.9,75,Moderate,35.4,35.6,28.9
India,West Bengal,Churu,SO2,3.3,345.1,196.6,162,Unhealthy,32,71.4,4.6
India,Haryana,Bileipada,PM2.5,90.1,331.9,115.7,134,Unhealthy for Sensitive Groups,31.8,89.9,1.8
India,Maharashtra,Mandi Gobindgarh,CO,26.2,414.3,194.9,168,Unhealthy,26,85.4,28.6
India,Kerala,Bhiwani,SO2,141.5,479.1,163.8,199,Unhealthy,29,59.3,22.4
India,Bihar,Dholpur,PM10,86.5,365.6,200.5,414,Hazardous,28.1,92.3,9
India,Nagaland,Bagalkot,PM10,19.7,72.5,19.8,27,Good,30.1,34.3,5
India,Haryana,Thrissur,OZONE,174.7,463.1,180.7,185,Unhealthy,26.1,67,10.8
India,Karnataka,Bileipada,SO2,34.7,106.5,58.3,75,Moderate,38.5,47.6,7.8
India,Puducherry,Sangli,SO2,150.2,341.7,214.9,218,Very Unhealthy,17.3,37.9,21.3
India,Himachal Pradesh,Bileipada,PM10,129.3,372.7,226.7,257,Very Unhealthy,30.6,70.2,27.6
India,Bihar,Siwan,OZONE,253.6,398.3,263.7,213,Very Unhealthy,37,70.5,16.4
India,West Bengal,Khurja,NH3,177.2,401.5,259,248,Very Unhealthy,35.6,77.2,8
India,Meghalaya,Begusarai,PM10,74.9,456.4,92.6,80,Moderate,20.7,92.8,10.9
India,Odisha,Satna,PM10,46.1,261.1,63,86,Moderate,22.8,76.4,23.2
India,Meghalaya,Kohima,SO2,10.5,66,12.8,49,Good,34,37.5,10.4
India,Kerala,Dharwad,NO2,62.4,425.6,252.7,273,Very Unhealthy,31,36.6,15
India,Assam,Modinagar,CO,17.2,467.4,148.5,106,Unhealthy for Sensitive Groups,28.9,89.7,27.3
India,Tamil Nadu,Lucknow,PM2.5,130,353.8,233.7,216,Very Unhealthy,23.7,61.2,29.4
India,Odisha,Chittorgarh,CO,31.4,109,77.9,75,Moderate,17.3,42.6,3
India,Maharashtra,Pampore,OZONE,179.5,491.1,199.7,164,Unhealthy,22,89.5,28.8
India,Haryana,Delhi,NH3,8.1,426.1,20,49,Good,34.3,38.1,6.2
India,Odisha,Dombivli,OZONE,10.6,447.2,57.3,90,Moderate,35.5,45.5,9.7
India,Mizoram,Kannur,PM10,20.2,187.7,26.7,32,Good,36,52.4,28.8
India,West Bengal,Korba,SO2,101.5,445.1,131.7,133,Unhealthy for Sensitive Groups,32.1,74.3,4.4
India,Himachal Pradesh,Jhalawar,PM10,220.8,474.6,224.2,210,Very Unhealthy,26.1,72.6,17.5
India,Mizoram,Singrauli,PM10,218.9,352.1,262.1,237,Very Unhealthy,34.6,90.5,19.1
India,Himachal Pradesh,Kollam,PM10,22.4,185.2,45.2,34,Good,19.4,55.1,5.5
India,Odisha,Vapi,OZONE,109.2,258.9,138.6,106,Unhealthy for Sensitive Groups,34.3,50.2,16.7
India,Jammu and Kashmir,Bhiwandi,SO2,17,432.1,159.1,175,Unhealthy,39.8,86,11.6
India,Chhattisgarh,Mandikhera,OZONE,90.6,231.4,170.8,180,Unhealthy,24.3,68.5,9.7
India,Jharkhand,Gummidipoondi,NH3,123.6,261.7,177.3,160,Unhealthy,38.7,36.5,7.4
India,Madhya Pradesh,Chamarajanagar,PM2.5,25.1,271,93.7,83,Moderate,16.4,35.9,8.9
India,Uttar Pradesh,Vrindavan,PM10,130.4,392.4,141.9,119,Unhealthy for Sensitive Groups,27.6,81.2,21.1
India,Chhattisgarh,Bareilly,PM2.5,49.5,466.5,61.3,65,Moderate,30.2,64,0.5
India,Jammu and Kashmir,Bulandshahr,OZONE,87.1,244.8,175.9,165,Unhealthy,39.5,40.4,11.2
India,Haryana,Bhiwani,PM2.5,21.8,234.6,72.1,66,Moderate,28.2,49.5,7.3
India,Maharashtra,Mehsana,CO,83,316,164.5,154,Unhealthy,15,70.5,21.6
India,Bihar,Pimpri-Chinchwad,NH3,20.3,251.3,98.1,96,Moderate,28.8,58.4,25.5
India,Nagaland,Charkhi Dadri,OZONE,6.6,57.1,46.9,23,Good,20.4,35.7,3.2
India,Arunachal Pradesh,Munger,NH3,38.3,310,75.5,53,Moderate,28.6,30.2,22.1
India,Madhya Pradesh,Rohtak,NO2,28.5,225,142,149,Unhealthy for Sensitive Groups,19.2,89.7,26.7
India,Rajasthan,Bhubaneswar,NO2,10.6,106,20.7,21,Good,35.3,88.5,3.5
India,Madhya Pradesh,Ajmer,NH3,7.3,258.4,23.9,16,Good,18.7,82.1,26
India,Punjab,Sangli,NH3,6.9,315.8,137.2,106,Unhealthy for Sensitive Groups,19.4,82.3,17.1
India,Madhya Pradesh,Amaravati,PM10,184.4,426.2,208.8,263,Very Unhealthy,24.4,56.2,15.5
India,Karnataka,Dhanbad,NH3,183.6,324.4,238.2,259,Very Unhealthy,39.5,90.4,27.8
India,Mizoram,Bathinda,SO2,4.9,477.4,11.3,46,Good,15.4,65.3,18.5
India,Nagaland,Hubballi,NO2,234.2,455.6,236.8,296,Very Unhealthy,24.9,70.3,29.2
India,Tamil Nadu,Tumidih,PM2.5,31,229.7,46.4,32,Good,23.7,62.1,8
India,Karnataka,Naharlagun,PM2.5,30.7,495.3,136.5,124,Unhealthy for Sensitive Groups,36.6,50.4,26.6
India,Jammu and Kashmir,Bhopal,PM10,0.7,380.1,75.8,74,Moderate,34.7,56.8,6.9
India,Puducherry,Balasore,SO2,7.1,304.4,139.1,131,Unhealthy for Sensitive Groups,22.6,56.9,8.3
India,Nagaland,Vijayawada,PM10,115.9,272.2,206.7,276,Very Unhealthy,31.6,92.1,22.7
India,Delhi,Visakhapatnam,CO,9.2,482.7,140.4,141,Unhealthy for Sensitive Groups,38.2,44.5,3.8
India,Madhya Pradesh,Keonjhar,CO,77,474.1,136.2,112,Unhealthy for Sensitive Groups,18.8,33,6
India,Chandigarh,Virar,PM10,178.1,333.9,250.1,242,Very Unhealthy,26.5,81.7,1.5
India,Delhi,Nanded,PM2.5,131.2,496.4,150.2,414,Hazardous,16.7,51.7,16.1
India,Bihar,Kunjemura,CO,0.1,253.4,0.2,43,Good,27.3,63.5,3.4
India,Uttar Pradesh,Dhanbad,OZONE,67.4,258.1,134.8,115,Unhealthy for Sensitive Groups,17.9,34,5.7
India,Uttar Pradesh,Hubballi,SO2,9.3,124.9,17.7,41,Good,32.1,41.2,17.7
India,Andhra Pradesh,Hubballi,SO2,19.2,364.8,66.4,54,Moderate,21.8,45.1,6.4
India,Uttar Pradesh,Gandhinagar,NH3,108.7,463.8,223.3,259,Very Unhealthy,37.6,75.8,7.5
India,Nagaland,Baghpat,OZONE,51.9,430.6,163.5,185,Unhealthy,28.5,54.7,16.8
India,Jammu and Kashmir,Kalaburagi,CO,31.6,184,107.2,129,Unhealthy for Sensitive Groups,33.5,53.1,22.1
India,Kerala,Panipat,NH3,83,321.1,217.8,271,Very Unhealthy,16.9,44.8,2.4
India,Sikkim,Shillong,PM2.5,144.8,303.3,237.5,203,Very Unhealthy,34.5,78.7,12.9
India,Tamil Nadu,Jalna,OZONE,147.7,256.4,223.1,273,Very Unhealthy,27.9,68.7,21.9
India,Jammu and Kashmir,Korba,PM2.5,83.5,367.6,232.3,225,Very Unhealthy,21.6,65.2,17.9
India,Maharashtra,Bareilly,OZONE,117.4,290.8,153.4,163,Unhealthy,24.5,77.6,28.3
India,Chhattisgarh,Guwahati,NO2,44.2,183.2,92.5,61,Moderate,17.4,73.9,8
India,Odisha,Haldia,NH3,9.4,428.4,156.9,172,Unhealthy,36.6,46.8,7.7
India,Haryana,Khairthal,CO,45.5,335.4,127.9,138,Unhealthy for Sensitive Groups,19.8,79.9,23
India,Rajasthan,Delhi,NH3,30.4,442.3,96.7,92,Moderate,34.6,76.2,2.1
India,West Bengal,Madikeri,CO,12.2,143.3,26.9,22,Good,26.4,88.1,0.6
India,Jammu and Kashmir,Damoh,OZONE,145.5,471.3,148.8,125,Unhealthy for Sensitive Groups,20.9,52.3,17.3
India,Gujarat,Hapur,OZONE,173.8,269.7,235.6,230,Very Unhealthy,37.2,39.1,18.9
India,Chandigarh,Khora,CO,131.2,397.2,252.8,288,Very Unhealthy,20.1,39.7,15.9
India,Delhi,Sri Ganganagar,NO2,2.5,97.8,9.1,13,Good,28.4,41.3,13.4
India,Uttarakhand,Nagpur,PM10,92.8,404.8,222.9,247,Very Unhealthy,38.4,33.3,29.2
India,West Bengal,Kadapa,NO2,100.2,214.8,122.8,117,Unhealthy for Sensitive Groups,27.2,84.9,13.7
India,Gujarat,Rourkela,SO2,9.8,383.7,238.2,296,Very Unhealthy,19.6,70.7,2.6
India,Arunachal Pradesh,Machilipatnam,PM10,152,205.3,156.8,176,Unhealthy,40,46.6,14.3
India,West Bengal,Rajkot,NH3,61.3,291.8,206.6,209,Very Unhealthy,27.2,93,22
India,Punjab,Jaisalmer,OZONE,7.6,487.4,61.2,80,Moderate,38.1,77.7,6.4
India,Assam,Virar,NH3,22.7,258.2,74.3,96,Moderate,38.6,58,28.5
India,Himachal Pradesh,Narnaul,CO,7.1,347,182.9,168,Unhealthy,16.3,54.1,4.3
India,Tamil Nadu,Bareilly,SO2,16.4,415.4,74.5,68,Moderate,38.2,69.1,26.8
India,Mizoram,Thiruvananthapuram,NH3,43.1,385.8,133.3,137,Unhealthy for Sensitive Groups,35.2,47,28.5
India,Nagaland,Hingoli,PM2.5,31,376.7,86.8,63,Moderate,35.5,59.5,17.9
India,Tripura,Ulhasnagar,PM10,171.6,490.7,190.9,178,Unhealthy,16.3,77.6,17.8
India,Arunachal Pradesh,Shivamogga,NO2,51.3,210.4,177.8,165,Unhealthy,28.8,91.4,23.3
India,Himachal Pradesh,Jalore,NO2,172.7,321.8,172.9,162,Unhealthy,39.9,76.4,2.6
India,Odisha,Khurja,NO2,15.7,137,98.4,90,Moderate,36.7,52.8,29.4
India,Telangana,Gummidipoondi,SO2,78.4,130.5,93.4,74,Moderate,39.7,71.3,17
India,Tamil Nadu,Chittoor,PM10,185.8,479,213.7,228,Very Unhealthy,20.2,55.6,18.1
India,Odisha,Pune,PM2.5,118.3,322.6,239.4,240,Very Unhealthy,31.8,47.2,3.2
India,Andhra Pradesh,Siwan,SO2,26.1,353.6,35.3,30,Good,24.9,43,11.9
India,Sikkim,Jalandhar,NH3,50.2,146.8,98.3,61,Moderate,18.1,37.2,22.6
India,Karnataka,Boisar,PM10,3.1,275.8,169,164,Unhealthy,22.3,73.8,1.2
India,Arunachal Pradesh,Beed,OZONE,30.9,150.2,111.5,120,Unhealthy for Sensitive Groups,18.7,31.6,16.9
India,Punjab,Pune,CO,211.7,395.9,236.4,240,Very Unhealthy,15.5,79.7,22.2
India,Bihar,Varanasi,CO,24.4,238.8,67.9,86,Moderate,37.4,35.1,1.1
India,Uttar Pradesh,Hapur,SO2,55.9,322.5,95.8,87,Moderate,35.1,59.7,29
India,Uttarakhand,Baghpat,NO2,14.4,390,34.6,39,Good,32.6,32.5,23.2
India,Jharkhand,Pali,PM10,6.4,261.7,28.5,48,Good,17.4,69.2,12.3
India,Tripura,Tirumala,PM10,7,279.4,120.2,149,Unhealthy for Sensitive Groups,30.6,76.5,12.8
India,Jharkhand,Boisar,CO,238.2,343.8,258.9,299,Very Unhealthy,36.1,46,13.5
India,Maharashtra,Virar,PM10,8.1,212.6,40.6,37,Good,27.9,33.6,14.4
India,Nagaland,Chandrapur,SO2,38.1,117.4,108.6,145,Unhealthy for Sensitive Groups,36.9,78.7,2.2
India,Karnataka,Chikkaballapur,CO,213.1,426.9,231.4,242,Very Unhealthy,38.7,75.2,24.6
India,Nagaland,Bhilwara,PM2.5,69.9,496.5,152.9,155,Unhealthy,29.9,77.9,24.7
India,Telangana,Cuddalore,NH3,0,62.1,18.6,22,Good,32,56,0.5
India,Kerala,Ratlam,CO,47.2,421.6,262,201,Very Unhealthy,30.6,51.4,23.7
India,Odisha,Moradabad,CO,61,283.9,194.3,153,Unhealthy,16.4,32.1,7.7
India,Arunachal Pradesh,Badlapur,PM10,85,443.1,229.8,221,Very Unhealthy,15.1,70.3,18.2
India,Tamil Nadu,Amravati,NH3,11.6,219.8,36.7,10,Good,27.3,83.6,2.7
India,Chhattisgarh,Nagaon,NO2,138.1,483.8,189,174,Unhealthy,35.6,75.7,19.8
India,Bihar,Jaisalmer,NO2,117,322.4,178.8,182,Unhealthy,24.9,39.1,28.7
India,Telangana,Parbhani,PM2.5,5.4,85.2,12.2,20,Good,26.3,47.8,18
India,Gujarat,Bilaspur,CO,241.9,493.9,256.9,244,Very Unhealthy,28,43.6,9.9
India,Punjab,Yamuna Nagar,NH3,12.6,77.4,56.4,97,Moderate,25.5,41.8,14.2
India,Jammu and Kashmir,Bathinda,CO,74.2,81.9,79.2,65,Moderate,37.3,35.9,18.7
India,Telangana,Latur,SO2,101.8,166.5,128.3,137,Unhealthy for Sensitive Groups,20.2,64.4,14.2
India,Haryana,Ratlam,PM10,10.9,305.9,11.7,1,Good,36.8,68.5,17.6
India,Sikkim,Hubballi,PM10,221.7,384.6,242.8,257,Very Unhealthy,20.5,78.8,16.4
India,Andhra Pradesh,Gadag,CO,81.1,473.6,150.3,359,Hazardous,38.3,68.8,18
India,Madhya Pradesh,Ratlam,PM2.5,29,95.8,88.8,57,Moderate,21.1,47.2,29.1
India,Bihar,Panchgaon,NO2,135.6,436.1,170.8,162,Unhealthy,39.5,57.6,29.2
India,Karnataka,Udaipur,PM10,48,191.2,76.6,77,Moderate,28.5,51.6,22.9
India,Arunachal Pradesh,Silchar,NO2,110.3,456.1,155.8,161,Unhealthy,39.2,48,12.8
India,Nagaland,Baripada,NO2,23.4,323,25.1,45,Good,39.2,88.5,27.7
India,Madhya Pradesh,Kashipur,CO,16.3,333.2,121.1,112,Unhealthy for Sensitive Groups,25.5,36,1.3
India,Jammu and Kashmir,Anantapur,NO2,17.4,320.2,150.5,301,Hazardous,39.8,49.9,24.9
India,Odisha,Asansol,SO2,14.3,454.6,133.1,134,Unhealthy for Sensitive Groups,18.9,34.8,25.2
India,Gujarat,Bettiah,PM2.5,130.6,365.1,211.3,276,Very Unhealthy,19.4,38.9,3.4
India,Meghalaya,Nagpur,CO,23.6,419.5,205.3,257,Very Unhealthy,16.6,38.6,20.2
India,Bihar,Maihar,NH3,100.5,277.7,130.9,147,Unhealthy for Sensitive Groups,29.4,86.8,2.3
India,Chandigarh,Machilipatnam,SO2,23.2,190.2,46.3,31,Good,18.9,89.4,26.1
India,Uttarakhand,Dharuhera,PM10,22.8,273.8,190.3,187,Unhealthy,33,50.3,10
India,Jharkhand,Kishanganj,PM2.5,107.9,248.6,147.2,145,Unhealthy for Sensitive Groups,36.2,66.4,14.7
India,Himachal Pradesh,Malegaon,NO2,25.8,94.6,39.7,48,Good,31.1,33.3,15.6
India,Mizoram,Firozabad,CO,9,466.4,57.8,86,Moderate,32.4,93.8,11.3
India,Sikkim,Chandigarh,SO2,36.1,329.7,37.2,43,Good,15.5,33,28.8
India,Jharkhand,Gwalior,CO,15.3,295.4,132.6,135,Unhealthy for Sensitive Groups,19.1,81,14.7
India,Chandigarh,Tirupati,NO2,112.6,291.1,257.4,281,Very Unhealthy,23.4,67,23.1
India,Assam,Khurja,CO,39.2,406.7,211.4,206,Very Unhealthy,27.5,71.6,2
India,Madhya Pradesh,Khurja,CO,3.7,464.7,118.7,146,Unhealthy for Sensitive Groups,34.5,58.6,0.2
India,Uttar Pradesh,Hajipur,OZONE,118,447.4,208.6,300,Very Unhealthy,16.3,88.3,2.4
India,Nagaland,Sangli,PM2.5,151.1,417.1,265.8,259,Very Unhealthy,31.1,50.2,4.7
India,Uttarakhand,Mathura,CO,27.2,422.3,131.2,107,Unhealthy for Sensitive Groups,15.1,61.6,22.7
India,Maharashtra,Nandesari,SO2,173,462.6,247.6,269,Very Unhealthy,37.5,41.7,22.4
India,Jammu and Kashmir,Modinagar,SO2,15.5,443.5,16.4,31,Good,29.7,33.1,17
India,Tamil Nadu,Ahmednagar,PM10,217.3,421.4,223.7,232,Very Unhealthy,36.2,54.3,27.7
India,Meghalaya,Yamuna Nagar,NO2,67,396.3,69.2,95,Moderate,33.6,68.1,1.6
India,Puducherry,Tumidih,SO2,30.4,499.9,52.2,58,Moderate,23.4,38.8,7.4
India,Telangana,Chhapra,CO,11.6,445.7,66.1,95,Moderate,27.1,34.9,12
India,Delhi,Banswara,NH3,43.8,442.9,168.1,161,Unhealthy,18.8,31.1,14.2
India,Kerala,Khanna,PM2.5,37,308.4,239.7,241,Very Unhealthy,23.8,62,19.2
India,Meghalaya,Ghaziabad,NO2,7.5,330.7,181.6,186,Unhealthy,35.7,76.2,24.4
India,Karnataka,Khairthal,SO2,36.2,186,49.5,11,Good,16.6,50.2,29.8
India,Nagaland,Banswara,NO2,10.8,233.4,184.8,192,Unhealthy,19,72.4,24
India,Uttarakhand,Raebareli,PM2.5,11.5,136.7,110,149,Unhealthy for Sensitive Groups,37.6,59.3,19.6
India,Delhi,Begusarai,PM10,5.6,309.1,54.5,65,Moderate,17,64.8,25.6
India,Bihar,Khanna,NH3,43.8,361.4,243.8,282,Very Unhealthy,34.8,34.9,18.6
India,Punjab,Kishanganj,NH3,127.2,228.7,219.5,278,Very Unhealthy,33.2,58.8,5.7
India,Chhattisgarh,Agartala,PM2.5,14.4,446.9,24.9,0,Good,38.1,68.4,29.6
India,Delhi,Kolhapur,NO2,43.9,243.7,70.6,84,Moderate,28.1,33.6,19.7
India,Karnataka,Mandi Gobindgarh,PM2.5,11.4,489.4,34,45,Good,39.2,64.7,16.2
India,Gujarat,Pithampur,SO2,5.1,390.2,135.5,139,Unhealthy for Sensitive Groups,18.4,78.1,24.6
India,Karnataka,Sivasagar,NH3,27.2,242.5,31.8,18,Good,36.9,61,24.6
India,Odisha,Patna,CO,7.2,205.1,104.9,146,Unhealthy for Sensitive Groups,27.4,35.4,18.3
India,Nagaland,Kollam,PM10,31.6,344,31.9,40,Good,34.7,83.8,6.8
India,Arunachal Pradesh,Haldia,SO2,108.3,266.6,139.8,130,Unhealthy for Sensitive Groups,16.4,47.2,6.5
India,Punjab,Jind,PM10,86.1,444.5,116.2,121,Unhealthy for Sensitive Groups,30.6,70.9,3.1
India,Telangana,Araria,NH3,108.5,284.7,230.4,247,Very Unhealthy,22.4,79.5,25.8
India,Odisha,Malegaon,PM10,29.1,469.7,232.2,201,Very Unhealthy,25.2,38.9,7.6
India,Jharkhand,Chandrapur,PM2.5,137.3,438.1,221,275,Very Unhealthy,39.6,55.8,10.3
India,Telangana,Anantapur,NH3,25.2,344.2,27.1,34,Good,36.1,49.1,28.1
India,Uttar Pradesh,Barmer,SO2,64.6,339.1,91.4,81,Moderate,34.2,50.5,1.9
India,Tamil Nadu,Tumidih,NH3,1.5,294.5,9.4,50,Good,22.8,43.5,13.9
India,Karnataka,Jhunjhunu,NH3,25.7,390.5,40.4,35,Good,29.4,47.3,14.9
India,Uttar Pradesh,Ludhiana,OZONE,18.8,457.8,96.6,62,Moderate,34.5,41.5,3.7
India,Jammu and Kashmir,Kalyan,OZONE,205.9,351.7,235,245,Very Unhealthy,37.1,93.5,14.2
India,Karnataka,Karauli,SO2,84.8,308.6,252.3,249,Very Unhealthy,39.8,44.4,14.4
India,Odisha,Srinagar,NH3,36.8,458,222.3,232,Very Unhealthy,20.4,87.4,12.3
India,Bihar,Aizawl,PM10,124.6,377.3,181,171,Unhealthy,16.1,75.7,17.9
India,Puducherry,Panipat,PM10,7.8,458.4,201.1,287,Very Unhealthy,34.7,31.9,7.2
India,Assam,Amravati,PM10,213.5,352.8,263.9,262,Very Unhealthy,26.6,69.8,28
India,Arunachal Pradesh,Modinagar,OZONE,159.4,250.1,177.3,164,Unhealthy,23.1,39.5,24.8
India,Chhattisgarh,Latur,NH3,96.2,399,250.8,260,Very Unhealthy,38.3,63.4,20.2
India,Delhi,Saharsa,PM10,240,388.5,244.5,235,Very Unhealthy,38.5,43,22.8
India,Punjab,Milupara,CO,76.4,224.9,166.1,166,Unhealthy,18.5,63.1,7
India,Meghalaya,Beed,SO2,53.7,337.5,56,87,Moderate,32.8,38.3,18.5
India,Nagaland,Vadodara,NO2,17.3,429.4,245,273,Very Unhealthy,29.8,92.2,25.3
India,Tripura,Sawai Madhopur,OZONE,41.8,377.6,151.7,200,Unhealthy,32.7,86,13.2
India,Chhattisgarh,Virar,PM10,1.1,391.3,1.2,14,Good,26.3,56.9,14.9
India,Andhra Pradesh,Thrissur,OZONE,12.9,308.7,53.9,70,Moderate,33.5,49.9,3.1
India,Tamil Nadu,Modinagar,SO2,19.5,418.3,90.5,78,Moderate,34,58.6,12
India,Telangana,Akola,SO2,205.1,261,235,237,Very Unhealthy,26.5,59.1,8.2
India,Karnataka,Baripada,PM2.5,132.6,382.5,198,198,Unhealthy,39.4,93.8,19
India,Tamil Nadu,Mumbai,PM2.5,17.6,473.7,50.1,407,Hazardous,23.9,46.2,14.5
India,Chandigarh,Nashik,SO2,37.4,479.2,187.4,154,Unhealthy,32.7,36.4,18
India,Nagaland,Kunjemura,CO,77.3,143.9,126.2,126,Unhealthy for Sensitive Groups,25,42.7,21.1
India,Punjab,Kota,OZONE,81.5,288.1,251.7,204,Very Unhealthy,29.9,61.9,25.9
India,Karnataka,Bhiwani,OZONE,96.9,438.7,120.6,124,Unhealthy for Sensitive Groups,23.6,80.1,5.6
India,Nagaland,Khanna,PM10,3.3,347.5,11.3,31,Good,20.6,86.5,15.4
India,Meghalaya,Thane,NO2,21.7,486.8,158.7,167,Unhealthy,16,64.3,23.2
India,Uttarakhand,Greater Noida,NO2,9.4,185.5,55.5,86,Moderate,38.7,52.8,26.7
India,Telangana,Thrissur,SO2,18.2,132.5,53.7,91,Moderate,38.7,43.5,24.9
India,Chhattisgarh,Ankleshwar,NO2,69.6,249.6,168.7,182,Unhealthy,26.1,87.5,24.9
India,Rajasthan,Chamarajanagar,SO2,4.1,289,55.3,73,Moderate,17.9,61.7,29.3
India,Chhattisgarh,Mumbai,CO,17.9,303.6,193.1,177,Unhealthy,18.1,35.1,8.4
India,Gujarat,Hyderabad,PM2.5,210,497.3,261.8,299,Very Unhealthy,38.4,90.6,22.5
India,Assam,Chittorgarh,PM10,40.4,423.4,116.8,137,Unhealthy for Sensitive Groups,33.9,43.7,8.8
India,Chhattisgarh,Mathura,OZONE,72.1,295.7,233.6,272,Very Unhealthy,29.2,64.4,5.4
India,Arunachal Pradesh,Koppal,NO2,115.3,258.2,199,160,Unhealthy,27,53.5,25
India,Sikkim,Pampore,SO2,44.2,198.3,113.2,101,Unhealthy for Sensitive Groups,18.1,91.5,0.1
India,Gujarat,Araria,NH3,102.5,254.9,188.6,188,Unhealthy,38.8,90.7,23.8
India,Jammu and Kashmir,Madurai,CO,166.4,386.9,255.2,211,Very Unhealthy,28.7,39.7,4.5
India,Arunachal Pradesh,Siwan,PM10,10.9,80.2,42.1,21,Good,18.6,57.6,12.2
India,Jammu and Kashmir,Dholpur,CO,1.1,464.6,15,39,Good,29.9,65.5,15.1
India,West Bengal,Rourkela,NO2,181.3,318.9,206.7,268,Very Unhealthy,34.3,38.2,26.5
India,Assam,Bulandshahr,SO2,58.2,282.5,169.4,197,Unhealthy,30.1,69.2,11.3
India,West Bengal,Baran,CO,101.2,427.1,118.5,150,Unhealthy for Sensitive Groups,33.3,72.8,12.7
India,Karnataka,Keonjhar,PM2.5,13,94.1,32.3,5,Good,21.8,32.1,1.7
India,Uttar Pradesh,Sasaram,PM10,179,326.1,235.4,256,Very Unhealthy,18.6,65.3,8.2
India,Andhra Pradesh,Coimbatore,NO2,55.8,443.7,122.6,117,Unhealthy for Sensitive Groups,33.4,84.7,17.7
India,Haryana,Amaravati,NH3,84.1,419.1,209.4,259,Very Unhealthy,25.9,91.4,24.8
India,Mizoram,Jabalpur,PM2.5,146.1,371.5,152.7,159,Unhealthy,18,49.1,1
India,Himachal Pradesh,Angul,PM2.5,35.2,295.8,37.1,17,Good,23.7,43.4,8.1
India,Maharashtra,Gangtok,NO2,11,389.2,136.1,124,Unhealthy for Sensitive Groups,19.4,65.1,16.5
India,Tamil Nadu,Byrnihat,PM10,198.7,483.4,241.3,265,Very Unhealthy,38.4,93.8,28.7
India,Nagaland,Jind,SO2,52.4,337.8,257.7,226,Very Unhealthy,33.3,89.8,26.8
India,Odisha,Bharatpur,PM10,24.4,328.7,262.4,278,Very Unhealthy,20.5,35,13.7
India,Rajasthan,Charkhi Dadri,OZONE,198.2,319,249.4,252,Very Unhealthy,30.5,79.7,7.7
India,Nagaland,Koppal,NH3,2,472.4,59.8,91,Moderate,23.6,36.3,12.4
India,Chhattisgarh,Dharuhera,OZONE,71.9,365.2,110,114,Unhealthy for Sensitive Groups,38.3,62.8,14.5
India,Karnataka,Pratapgarh,SO2,100.7,489.6,211.6,212,Very Unhealthy,37.3,75.6,9.4
India,Mizoram,Panchgaon,PM2.5,6.8,194.4,73.5,89,Moderate,25.1,74,25.2
India,West Bengal,Balasore,SO2,14.6,91.9,38.4,36,Good,24.6,38,0.6
India,Arunachal Pradesh,Sri Ganganagar,PM10,7.1,347.9,61.9,59,Moderate,31,41.2,7.6
India,West Bengal,Surat,OZONE,62.2,115.2,70.7,66,Moderate,32.4,76.2,6.2
India,Tamil Nadu,Kalyan,NH3,13.8,203.6,14.3,5,Good,17.8,92.3,13.6
India,Arunachal Pradesh,Raipur,PM2.5,170.7,404.2,260.5,223,Very Unhealthy,29.6,89.9,16.1
India,Arunachal Pradesh,Agra,PM10,86.2,466.6,97.2,94,Moderate,22.3,34.7,16.8
India,Mizoram,Guntur,SO2,1.2,334.7,4.2,31,Good,28.3,75.1,1.9
India,Madhya Pradesh,Jhunjhunu,CO,153.9,311.7,241.2,211,Very Unhealthy,28.2,61.7,11
India,Tamil Nadu,Araria,NH3,43.2,431.6,249.1,274,Very Unhealthy,31.7,92.1,12.3
India,Mizoram,Machilipatnam,PM2.5,56.3,478.4,181.7,159,Unhealthy,22,35.4,3.7
India,Jammu and Kashmir,Jalore,NH3,183.1,445.3,253.5,262,Very Unhealthy,21.1,75.9,14.7
India,Maharashtra,Hingoli,PM2.5,33.3,188.9,37.2,16,Good,30.8,45.1,8.8
India,Puducherry,Patiala,PM2.5,95.1,335.5,104.4,149,Unhealthy for Sensitive Groups,33.5,65,23.4
India,Jharkhand,Bhiwandi,NO2,83.6,474.3,236.1,214,Very Unhealthy,25.1,60.4,22.2
India,Mizoram,Manesar,NH3,117.8,249.3,126,139,Unhealthy for Sensitive Groups,16.4,30.3,17
India,Haryana,Varanasi,NH3,20.2,116,112.1,147,Unhealthy for Sensitive Groups,18.1,46.3,19.8
India,Chhattisgarh,Srinagar,CO,21.3,319.5,140.9,143,Unhealthy for Sensitive Groups,23.6,68.8,7.9
India,Chandigarh,Sonipat,CO,44.3,225.9,194.1,165,Unhealthy,17.3,39.5,24.4
India,Maharashtra,Ahmedabad,CO,30,238.3,154.4,164,Unhealthy,19.6,60.7,17.1
India,Kerala,Ahmednagar,CO,79.7,333.3,126.2,120,Unhealthy for Sensitive Groups,29.7,61.9,17.6
India,Uttar Pradesh,Charkhi Dadri,SO2,45.7,275.3,115.3,112,Unhealthy for Sensitive Groups,30.6,55.6,5.5
India,Meghalaya,Moradabad,PM10,75.3,223.8,188.7,163,Unhealthy,34.1,47.4,9.8
India,Punjab,Bhilai,CO,84.9,416.1,243,290,Very Unhealthy,27.9,68.6,4.4
India,Delhi,Dombivli,NH3,10.5,360,10.7,25,Good,25.2,40.5,26.5
India,Maharashtra,Sangli,SO2,153.3,254.3,191.1,179,Unhealthy,21.1,52.9,2.9
India,Jammu and Kashmir,Anantapur,SO2,60.6,287.5,110.1,107,Unhealthy for Sensitive Groups,34.3,90.7,1.3
India,Arunachal Pradesh,Madurai,PM10,5.6,210,187.2,166,Unhealthy,29.3,80,25.6
India,Tamil Nadu,Balasore,SO2,15,337.1,20.5,35,Good,31.6,36.4,2.1
India,Tamil Nadu,Tumidih,PM10,70.2,436.4,71.7,74,Moderate,33.2,65.3,8.7
India,Gujarat,Kishanganj,SO2,62.5,112.9,104.1,133,Unhealthy for Sensitive Groups,21,39.7,21.9
India,Bihar,Yadgir,NH3,115.8,475.1,226.8,281,Very Unhealthy,36.8,75,1.6
India,Uttarakhand,Silchar,SO2,20.2,319.9,74.3,97,Moderate,36.9,38.9,3.3
India,Chhattisgarh,Lucknow,NH3,74.8,269.2,117.3,147,Unhealthy for Sensitive Groups,36.9,66,17.1
India,West Bengal,Jodhpur,NO2,112.9,464.2,266,292,Very Unhealthy,18.2,77.3,19.3
India,Sikkim,Ghaziabad,CO,69.8,314.8,103.6,101,Unhealthy for Sensitive Groups,21.2,39.9,4.1
India,Jharkhand,Dhanbad,NO2,206.4,378.6,250.2,294,Very Unhealthy,23,87.5,19.3
India,Madhya Pradesh,Anantapur,OZONE,35.1,378,129.5,113,Unhealthy for Sensitive Groups,32,69.9,23
India,Telangana,Ambala,OZONE,21.7,277.9,124.2,122,Unhealthy for Sensitive Groups,24.9,73.9,12.2
India,West Bengal,Purnia,PM2.5,5.4,123,97.6,65,Moderate,39.2,92.2,28.3
India,Gujarat,Sikar,NO2,15.6,196.3,138.4,119,Unhealthy for Sensitive Groups,30,66.9,10.5
India,Sikkim,Khurja,NO2,61.3,261.3,79.6,87,Moderate,23.6,38.8,7.9
India,Karnataka,Khora,CO,17.6,405.2,99,87,Moderate,15.9,39.7,8.3
India,Uttar Pradesh,Sonipat,PM2.5,9.7,214.4,90.7,93,Moderate,21.1,36.6,3.2
India,Haryana,Ludhiana,CO,208.5,411.6,255.4,297,Very Unhealthy,27.3,72.1,23.1
India,Tripura,Jalore,PM2.5,0.3,307.3,20.1,22,Good,17.6,60.4,29.8
India,Odisha,Barrackpore,OZONE,43.9,301.9,67.7,93,Moderate,36.1,57.4,3.9
India,Tamil Nadu,Banswara,SO2,76.2,110.1,101.4,115,Unhealthy for Sensitive Groups,20.1,69,20.8
India,Madhya Pradesh,Ahmednagar,PM2.5,218.3,421.4,239.7,257,Very Unhealthy,18.4,75.4,12.4
India,Meghalaya,Tumidih,PM10,141.4,483.6,255.9,226,Very Unhealthy,33.3,45,6.4
India,Chandigarh,Raebareli,PM10,51.2,404.7,98.8,99,Moderate,23.7,75.1,18.1
India,Jharkhand,Chennai,NO2,78.6,356,133.4,122,Unhealthy for Sensitive Groups,16.7,77.1,14
India,Haryana,Jodhpur,NH3,93.5,481.7,104.5,146,Unhealthy for Sensitive Groups,20.3,93,17.9
India,Uttar Pradesh,Kalaburagi,OZONE,5.3,117.1,5.7,35,Good,16.9,48.4,12.7
India,Kerala,Khairthal,OZONE,35.1,471.3,39.3,9,Good,26.1,82.2,2.5
India,Chhattisgarh,Bileipada,OZONE,148.3,473.8,216.5,259,Very Unhealthy,25.1,47.2,5.5
India,Puducherry,Guntur,PM2.5,26.3,293.8,56.4,76,Moderate,21.2,77.3,27.6
India,Sikkim,Amritsar,PM2.5,17.6,106.4,98.7,64,Moderate,38.4,37.8,29.3
India,Odisha,Madikeri,OZONE,20.1,186.3,147.8,125,Unhealthy for Sensitive Groups,38.9,45.9,3.8
India,Himachal Pradesh,Bhubaneswar,PM10,126.8,394.2,193.7,189,Unhealthy,38.3,57.7,25.5
India,Haryana,Banswara,OZONE,209.8,493.8,256.3,265,Very Unhealthy,38.7,43.8,2.9
India,Meghalaya,Baddi,OZONE,0.8,389.4,110.5,130,Unhealthy for Sensitive Groups,38.1,58.3,2.8
India,Tripura,Bhiwadi,PM10,155.3,426.5,215.1,204,Very Unhealthy,18.6,94.1,22.6
India,Bihar,Sirsa,SO2,116.7,205.7,174.7,176,Unhealthy,25.8,81.2,11.3
India,West Bengal,Khanna,NO2,52.7,190,78.9,98,Moderate,32.7,81.7,13.1
India,Karnataka,Damoh,SO2,133.6,277.9,245.1,208,Very Unhealthy,17.5,71.1,5
India,Tamil Nadu,Latur,SO2,7.5,164.4,134.5,134,Unhealthy for Sensitive Groups,26.8,41.5,27.1
India,Gujarat,Nanded,CO,13.5,385.4,23.2,44,Good,22,47.8,18.9
India,Tamil Nadu,Milupara,SO2,25.8,271.4,213.9,240,Very Unhealthy,37.8,82,23.9
India,Tamil Nadu,Ballabgarh,PM10,37.7,401.1,41,9,Good,39.1,78.9,3.1
India,Jammu and Kashmir,Agartala,CO,197.2,407,248.7,258,Very Unhealthy,29.3,69.1,2.4
India,Rajasthan,Akola,PM10,101.3,173.2,171.1,165,Unhealthy,19.7,87.9,25.4
India,Madhya Pradesh,Angul,NO2,32.2,155.7,152.5,181,Unhealthy,17.4,71.2,13.9
India,Karnataka,Agartala,NH3,81.9,247,121.5,116,Unhealthy for Sensitive Groups,28.1,44.7,21.8
India,Arunachal Pradesh,Guntur,OZONE,20.2,430.6,228.1,223,Very Unhealthy,28.1,68.3,13.5
India,Maharashtra,Amritsar,CO,15.2,393.4,17.9,21,Good,22.6,91.5,23.9
India,Nagaland,Mandi Gobindgarh,PM2.5,45.7,417.4,118.5,133,Unhealthy for Sensitive Groups,36.4,30.7,8.5
India,Meghalaya,Delhi,PM10,29.1,68.1,30.6,35,Good,33.2,85.7,4.2
India,Uttar Pradesh,Chittoor,OZONE,90.3,248.7,220.9,244,Very Unhealthy,36.2,61.9,2.7
India,Punjab,Alwar,SO2,98.3,435.6,215.6,264,Very Unhealthy,18.3,46.4,2.4
India,Punjab,Sri Ganganagar,OZONE,107.4,489.1,107.4,130,Unhealthy for Sensitive Groups,21.6,75.6,27.6
India,Jammu and Kashmir,Tirupati,PM2.5,71.7,317,162.8,169,Unhealthy,16.7,74.6,0.3
India,Mizoram,Jorapokhar,PM10,96.1,302.4,218.6,263,Very Unhealthy,18.7,80.7,15.2
India,Madhya Pradesh,Sonipat,CO,34.8,235.8,100.1,493,Hazardous,22.9,67.4,16.8
India,Odisha,Coimbatore,CO,7.7,374,188.6,190,Unhealthy,25.8,88.3,0.3
India,West Bengal,Ulhasnagar,PM10,190.1,458.1,215.7,251,Very Unhealthy,29.1,85.1,21.3
India,Tamil Nadu,Guwahati,PM2.5,76.3,466.8,264.4,292,Very Unhealthy,38.6,40.9,1.7
India,Chhattisgarh,Karwar,OZONE,161.4,314.2,222.3,265,Very Unhealthy,18.9,38.6,13
India,Maharashtra,Chikkaballapur,CO,6.5,401.4,72.3,88,Moderate,27.1,84.7,15.7
India,Himachal Pradesh,Badlapur,SO2,117.7,394.7,183.1,151,Unhealthy,38.3,87.5,15.2
India,Sikkim,Prayagraj,SO2,171.5,308.1,178.7,177,Unhealthy,30.3,82.7,13.6
India,Tamil Nadu,Sirsa,PM10,82.4,360.4,218.8,246,Very Unhealthy,37.3,71.9,3.2
India,Odisha,Byrnihat,PM2.5,185.9,401.7,230.3,271,Very Unhealthy,39.1,45.5,25.2
India,West Bengal,Dungarpur,OZONE,83.6,167.1,94.1,93,Moderate,29.5,85,19
India,Meghalaya,Nagaon,SO2,19.8,278.2,60.3,86,Moderate,15.4,57.8,6.7
India,Gujarat,Machilipatnam,NO2,15.9,209,20.5,14,Good,28,42.2,25.4
India,Meghalaya,Sawai Madhopur,SO2,23.7,209.5,47.2,40,Good,15.9,35.9,23
India,Delhi,Pimpri-Chinchwad,PM10,82,401.8,146.8,142,Unhealthy for Sensitive Groups,28.2,49.8,4.3
India,Kerala,Dholpur,PM10,13.3,286.6,204,247,Very Unhealthy,21,75.2,10.5
India,West Bengal,Rourkela,NO2,130.3,477.1,183.1,153,Unhealthy,28.2,50,21
India,Madhya Pradesh,Tumidih,PM10,91,470.8,164.6,163,Unhealthy,27.6,71.8,21.2
India,Meghalaya,Jodhpur,OZONE,216.1,458.9,254.3,237,Very Unhealthy,21.9,91.6,7.3
India,Kerala,Raipur,OZONE,35.8,352.9,40.4,45,Good,20.3,89.9,26.2
India,Haryana,Madikeri,PM2.5,96.7,398.8,154.5,191,Unhealthy,20.1,72.8,5.1
India,Karnataka,Rajkot,SO2,9.3,177.6,107.1,137,Unhealthy for Sensitive Groups,24.4,42.5,9
India,Punjab,Shivamogga,NO2,15.7,461.8,19.7,0,Good,32.8,45.3,12.7
India,Uttarakhand,Durgapur,PM2.5,34.4,54.7,43.5,43,Good,16.2,88,10.9
India,Tripura,Nellore,NH3,8.9,262.4,197.8,153,Unhealthy,16.1,77.8,27.4
India,Bihar,Madikeri,PM2.5,50.2,496.5,258.3,286,Very Unhealthy,18,36.8,13.2
India,Chhattisgarh,Meerut,NH3,182.4,264.4,242.5,283,Very Unhealthy,15.6,62.8,6.6
India,Jammu and Kashmir,Bulandshahr,PM10,209.3,351.2,252.6,273,Very Unhealthy,17.1,78.9,6.6
India,Telangana,Bahadurgarh,OZONE,37.8,204.6,90.2,100,Moderate,38.9,42.5,12.7
India,Telangana,Bulandshahr,PM2.5,1.9,216.1,130.4,128,Unhealthy for Sensitive Groups,27.1,92.3,11.5
India,Karnataka,Moradabad,CO,72.7,228.1,224.6,290,Very Unhealthy,27.4,70.2,7.6
India,Jharkhand,Chhapra,CO,58.4,293.1,234.8,292,Very Unhealthy,31.2,70.3,9.5
India,Maharashtra,Rourkela,CO,51.2,385.8,63,93,Moderate,34.1,83.1,2.8
India,Uttar Pradesh,Byrnihat,CO,223.4,451,256.3,222,Very Unhealthy,20.4,84.9,29.4
India,Jharkhand,Singrauli,CO,74.4,295.3,198,192,Unhealthy,39.9,82.4,28.4
India,Sikkim,Agartala,NO2,14.4,324.4,80.2,64,Moderate,15.4,32.7,16.8
India,Jharkhand,Bhilai,NO2,74.5,388.5,153.6,169,Unhealthy,25.7,73.1,2.2
India,Odisha,Bagalkot,OZONE,0.2,395,1.1,42,Good,24.8,68.8,14
India,Nagaland,Tumidih,CO,29,132.9,92.8,74,Moderate,38.6,79.2,16.1
India,Delhi,Boisar,SO2,2.4,275.5,5.6,33,Good,34,70,14.2
India,Haryana,Sangli,OZONE,126.4,420.7,139.5,119,Unhealthy for Sensitive Groups,30.7,62.8,29.7
India,Uttar Pradesh,Nashik,NH3,19.8,109,38.9,20,Good,20.3,35.8,5.3
India,Meghalaya,Dhanbad,NO2,22.4,261.6,22.9,23,Good,25.1,56,21.9
India,Madhya Pradesh,Nanded,PM10,60.7,239.1,131.2,140,Unhealthy for Sensitive Groups,17.2,39.2,2.6
India,Jammu and Kashmir,Gandhinagar,OZONE,184.6,386.5,227.3,251,Very Unhealthy,15.8,64.7,18.4
India,Punjab,Alwar,PM10,20,201.1,163.3,177,Unhealthy,30.3,90.2,26.9
India,Puducherry,Panipat,NH3,1.4,275.1,23.6,12,Good,33.8,58.2,29.4
India,Kerala,Vijayapura,SO2,18.3,281.9,58.1,84,Moderate,15.4,81.7,10.4
India,Karnataka,Tumidih,PM10,48.1,234.3,78.9,66,Moderate,22.2,84.9,22.1
India,Mizoram,Satna,NO2,6.1,435.6,14.7,50,Good,18.8,37.8,1.3
India,Odisha,Koppal,NH3,129.7,313.8,260.8,278,Very Unhealthy,28.9,91.5,12.4
India,Meghalaya,Purnia,OZONE,52.7,224.4,122,127,Unhealthy for Sensitive Groups,18.9,83.5,23
India,Madhya Pradesh,Madurai,PM2.5,26.9,315.6,123.9,124,Unhealthy for Sensitive Groups,21.4,91.6,1.1
India,Andhra Pradesh,Noida,OZONE,169.8,486,170,176,Unhealthy,16.9,58.4,7.9
India,Tripura,Solapur,NO2,46.1,406.1,86.2,79,Moderate,39,46.8,20.3
India,Gujarat,Kollam,SO2,5.9,206.2,6.7,18,Good,26.9,73.9,9.2
India,Uttarakhand,Ghaziabad,OZONE,39.7,372,47,45,Good,38.9,74.9,7.8
India,Bihar,Chennai,NO2,31.1,222.9,104.8,123,Unhealthy for Sensitive Groups,22.3,58.6,1.4
India,Meghalaya,Bhavnagar,PM2.5,18.1,241,61.7,86,Moderate,32.7,74.4,1.5
India,Meghalaya,Chandrapur,SO2,40.9,244.6,171.3,160,Unhealthy,16.4,61.2,12.8
India,Chandigarh,Charkhi Dadri,PM2.5,24.4,461.9,155.5,168,Unhealthy,31,44.7,12.3
India,West Bengal,Chennai,SO2,20.7,350.3,22.8,42,Good,24.4,80.8,25.3
India,Andhra Pradesh,Ratlam,SO2,18.8,159.5,43,50,Good,24.7,89.4,14.9
India,West Bengal,Agartala,SO2,75.7,443.1,163.5,170,Unhealthy,38.9,50.8,29.5
India,Nagaland,Hapur,PM10,33.5,282.2,251.7,236,Very Unhealthy,20.9,58,21.1
India,Tripura,Rishikesh,NO2,13.6,414,180.2,153,Unhealthy,17.7,91.7,12.1
India,Punjab,Modinagar,SO2,43.7,246.5,111,109,Unhealthy for Sensitive Groups,17.9,81.4,23
India,Himachal Pradesh,Hyderabad,OZONE,57.3,172.6,63.3,75,Moderate,21.4,92.4,9.8
India,Mizoram,Jalore,NH3,49.2,430.5,210.6,266,Very Unhealthy,23.3,37.6,20.2
India,Chandigarh,Baripada,PM2.5,22.3,458.9,29.5,39,Good,28.7,61.9,0.4
India,Assam,Dehradun,CO,53.4,497.1,260,220,Very Unhealthy,15.9,62.3,12.3
India,Delhi,Banswara,PM2.5,29.5,358.8,84.6,54,Moderate,23.5,66.1,17.8
India,Arunachal Pradesh,Chandigarh,NH3,16.8,357.2,213,229,Very Unhealthy,32.3,37.6,10.2
India,Chhattisgarh,Chandigarh,NO2,154.3,315.6,260.9,281,Very Unhealthy,16.9,66.5,7.4
India,Chhattisgarh,Sagar,NO2,1.5,483,7.6,13,Good,38,48.6,7.3
India,Gujarat,Hanumangarh,NO2,1.1,439.1,157.9,158,Unhealthy,24.7,88.4,12.2
India,Meghalaya,Purnia,SO2,142.1,346.4,208.4,218,Very Unhealthy,25.5,52.7,9.6
India,Nagaland,Tensa,NO2,35.1,330.7,260.6,240,Very Unhealthy,32.4,40.9,19
India,Andhra Pradesh,Hapur,PM2.5,182.7,391.3,202.6,275,Very Unhealthy,39.7,60.5,15
India,Haryana,Thrissur,SO2,104.6,382.1,238.4,222,Very Unhealthy,22.3,72.3,3
India,Uttar Pradesh,Milupara,PM2.5,21.5,317.2,45.3,10,Good,31.1,53.9,27.6
India,Jharkhand,Chamarajanagar,PM10,146.2,200.6,200.2,494,Hazardous,37.7,35.1,1.8
India,Tripura,Haldia,NH3,43.4,304.5,193.4,181,Unhealthy,34.3,78.8,27.1
India,Chandigarh,Kalyan,PM2.5,39.9,432.5,53.9,70,Moderate,23.1,37.5,15.1
India,Nagaland,Ambernath,SO2,46,188.4,99.7,98,Moderate,15,39.7,9.3
India,Jammu and Kashmir,Jaipur,SO2,90.5,325.6,203.4,237,Very Unhealthy,16.9,54.2,14.9
India,Assam,Bharatpur,OZONE,31,323.8,248.7,274,Very Unhealthy,32.6,53,29.2
India,Karnataka,Dungarpur,PM10,4.3,246.5,94.4,75,Moderate,34.8,78.6,24.8
India,Haryana,Jalore,SO2,26.8,320.8,164.6,152,Unhealthy,34.5,37.6,11.7
India,Bihar,Machilipatnam,CO,1.3,317.2,220.8,232,Very Unhealthy,21.5,56.2,21.2
India,Tripura,Khanna,NO2,8.1,29.8,18.3,33,Good,31.6,84.1,14.6
India,Jammu and Kashmir,Katni,PM10,5.3,222.1,24.6,2,Good,32.3,87.1,24.1
India,Tamil Nadu,Mumbai,NH3,1.9,213.7,35.6,19,Good,29.1,33.1,8.5
India,Chandigarh,Talcher,OZONE,0.1,92.8,6.7,29,Good,23.3,36.1,5.6
India,Rajasthan,Raipur,OZONE,128.2,493.2,252.6,243,Very Unhealthy,36.6,42,4.8
India,Arunachal Pradesh,Faridabad,PM10,171.8,373.9,240.9,207,Very Unhealthy,36.3,83.9,9
India,Arunachal Pradesh,Kannur,OZONE,3.5,252.2,5.5,33,Good,27.9,50,10.5
India,Jammu and Kashmir,Hanumangarh,CO,10.3,335.3,146.4,130,Unhealthy for Sensitive Groups,25,60.4,2.4
India,Chandigarh,Meerut,NH3,56.1,205.9,199.5,152,Unhealthy,35.5,53.3,8.5
India,Mizoram,Mahad,CO,13.8,313.4,17.9,30,Good,29.3,35.2,5.8
India,Tamil Nadu,Balasore,CO,74.4,309.7,136.2,139,Unhealthy for Sensitive Groups,39.8,30.6,22.6
India,Bihar,Raipur,NO2,80.2,446.4,107.4,148,Unhealthy for Sensitive Groups,15.1,37.7,17
India,Haryana,Tirumala,NO2,8.3,378.9,111.2,111,Unhealthy for Sensitive Groups,27.7,74.5,23.6
India,Tamil Nadu,Bathinda,SO2,5.6,235.5,68.5,84,Moderate,36.8,55.2,19
India,Bihar,Udaipur,NH3,33.1,497.7,217.1,206,Very Unhealthy,19.2,73.1,2.1
India,Delhi,Boisar,OZONE,94.7,355.2,207.5,259,Very Unhealthy,18.6,86.9,29.1
India,Punjab,Bhilai,SO2,66.8,430.5,212.3,235,Very Unhealthy,22,58.3,26.3
India,Telangana,Ankleshwar,NH3,127.6,491.7,146.1,141,Unhealthy for Sensitive Groups,18.4,35.1,11.8
India,Uttarakhand,Chikkamagaluru,PM10,12.8,486.1,257.3,276,Very Unhealthy,37.8,76.6,27.4
India,Puducherry,Sikar,NO2,86.4,294.2,87,71,Moderate,18.3,30.5,19.9
India,Madhya Pradesh,Agra,NH3,0.7,370.3,1.7,50,Good,16.4,63.1,27.3
India,Chhattisgarh,Prayagraj,CO,19.1,447.7,171.9,193,Unhealthy,25,56.3,19.1
India,Karnataka,Prayagraj,CO,6.8,341.4,9.6,2,Good,33,76.1,0.9
India,Delhi,Ballabgarh,NH3,92.3,494.8,151.8,180,Unhealthy,27.7,56.2,24.9
India,Kerala,Kota,OZONE,161.4,254.4,177.6,184,Unhealthy,38.5,77,22
India,Delhi,Greater Noida,NH3,81.6,352.5,237.6,275,Very Unhealthy,37,54.5,25.6
India,Karnataka,Panchkula,OZONE,0.6,334.8,265.8,241,Very Unhealthy,30.9,73.6,20.2
India,Rajasthan,Mumbai,PM10,21.1,378.3,26.8,31,Good,29.8,77.5,9.4
India,Rajasthan,Munger,PM10,126.9,271.7,199.5,177,Unhealthy,18.7,78.9,4
India,Andhra Pradesh,Ujjain,PM2.5,140.1,491.3,148.1,126,Unhealthy for Sensitive Groups,31.4,75,27.1
India,Delhi,Guwahati,PM2.5,40.7,490.4,161.7,195,Unhealthy,20.1,67.4,19.3
India,Himachal Pradesh,Purnia,NO2,70.5,487.7,86.2,74,Moderate,21.7,70.6,10.3
India,Gujarat,Anantapur,NO2,75.8,252.2,89,81,Moderate,36.8,41.3,16.6
India,Andhra Pradesh,Faridabad,NH3,58.4,318.1,140.4,117,Unhealthy for Sensitive Groups,26.8,50.2,7.7
India,Chhattisgarh,Jaipur,PM10,62.9,398.3,252,290,Very Unhealthy,20.8,82.5,25
India,Delhi,Jorapokhar,CO,44.8,130.3,76,90,Moderate,39.2,93.6,21.6
India,Puducherry,Ajmer,SO2,43.6,489.9,163.6,183,Unhealthy,36.4,83.8,0.3
India,Tamil Nadu,Tumidih,PM10,10.5,175.9,10.6,50,Good,27.1,77.5,4.7
India,West Bengal,Vatva,NH3,29,477.6,199.7,198,Unhealthy,24,33.1,2.9
India,Kerala,Kolhapur,CO,64.8,312.5,214.6,224,Very Unhealthy,30.3,54.4,7.6
India,Arunachal Pradesh,Mandideep,NH3,9.5,288.2,34.2,42,Good,19.2,94,11.7
India,Mizoram,Mangalore,CO,4.1,321.5,23.4,16,Good,30.4,62.3,9.8
India,Tamil Nadu,Bhiwadi,CO,94.2,358.3,249.5,281,Very Unhealthy,29,71.3,27.5
India,Nagaland,Ankleshwar,SO2,34,174,97.1,81,Moderate,24,50,3.7
India,Nagaland,Badlapur,NO2,100.1,449.9,126.1,122,Unhealthy for Sensitive Groups,27.9,56.4,9.7
India,Odisha,Tensa,PM10,5.5,325.3,7.8,49,Good,15.3,57.4,16.9
India,Tripura,Chittoor,PM10,16.3,342.9,18,0,Good,18.9,32.1,4.1
India,Uttar Pradesh,Jorapokhar,NO2,9.1,471.9,41.6,40,Good,36.5,48.8,17.4
India,Tripura,Bhiwandi,PM2.5,21.9,265.4,201.1,268,Very Unhealthy,26,73.5,20.6
India,Bihar,Bahadurgarh,NO2,13.8,245.6,90,55,Moderate,34.5,50.7,17
India,Chandigarh,Baghpat,OZONE,12.3,341.9,132,148,Unhealthy for Sensitive Groups,15.2,63,3.6
India,Meghalaya,Bahadurgarh,NO2,74.6,179.6,133.5,147,Unhealthy for Sensitive Groups,17.4,66.3,16.9
India,Himachal Pradesh,Moradabad,NH3,168.8,221.4,217.3,266,Very Unhealthy,19.8,90.3,4
India,Tamil Nadu,Manguraha,PM2.5,4.6,170.6,9.5,34,Good,35,39.8,24.3
India,Tripura,Boisar,OZONE,23.2,330.3,175.2,168,Unhealthy,28.7,86.5,18.3
India,Jammu and Kashmir,Puducherry,OZONE,223.5,282.8,257.5,294,Very Unhealthy,21.2,58.6,18
India,Jharkhand,Amaravati,SO2,121.9,329.4,152.6,195,Unhealthy,22.1,43.8,4.4
India,Bihar,Vijayawada,SO2,72.3,208,74.8,77,Moderate,25.2,43.9,27.5
India,Kerala,Asansol,CO,83.3,308,234.5,224,Very Unhealthy,19.4,60.9,28.1
India,Tripura,Ludhiana,OZONE,64.1,267.1,224.7,260,Very Unhealthy,36.9,76.3,7.5
India,Gujarat,Howrah,OZONE,21.6,251.7,72.8,91,Moderate,35.2,32,17.6
India,Chandigarh,Shivamogga,NH3,74.4,146.4,129.8,137,Unhealthy for Sensitive Groups,31.9,64.4,14.5
India,Gujarat,Sonipat,OZONE,78.3,480.2,153.8,168,Unhealthy,36,52.5,9.3
India,Punjab,Vrindavan,NO2,60.3,469.8,104.4,125,Unhealthy for Sensitive Groups,30.8,36,5.9
India,Jammu and Kashmir,Singrauli,OZONE,157.9,207.7,164.6,189,Unhealthy,25.7,69.5,0.2
India,Arunachal Pradesh,Indore,PM2.5,82.2,271.8,248.6,229,Very Unhealthy,24.6,77,7.5
India,Andhra Pradesh,Chhapra,NH3,121.8,495.4,233,254,Very Unhealthy,35,76.9,18.3
India,Maharashtra,Keonjhar,SO2,104.6,385.3,189.5,187,Unhealthy,26.8,53.5,12.2
India,Haryana,Chikkamagaluru,PM2.5,70.9,207,106.8,105,Unhealthy for Sensitive Groups,17.1,33.9,26.6
India,Arunachal Pradesh,Noida,PM2.5,77.2,169.7,150.5,455,Hazardous,33.1,89.2,10.6
India,Karnataka,Chittoor,NO2,159,306.7,260.5,256,Very Unhealthy,29,94.7,15.2
India,Maharashtra,Dholpur,SO2,10,210.1,16.5,16,Good,28.7,65.2,25.1
India,Rajasthan,Faridabad,SO2,42.3,75.5,46.7,7,Good,22.2,91.5,22.2
India,Tamil Nadu,Baghpat,OZONE,143.1,264,232.1,201,Very Unhealthy,23.4,32.6,2.6
India,Nagaland,Madikeri,PM2.5,77.4,363.1,126.9,134,Unhealthy for Sensitive Groups,30.4,69.4,16.9
India,Telangana,Anantapur,CO,102.1,209.5,103.7,134,Unhealthy for Sensitive Groups,29.5,49.2,22.8
India,Jammu and Kashmir,Shivamogga,NO2,72.1,336.9,254.5,294,Very Unhealthy,21,90.1,6.8
India,Meghalaya,Chikkaballapur,NO2,14.5,382.3,70.2,83,Moderate,31.5,38.7,2.6
India,Andhra Pradesh,Rajamahendravaram,PM10,25.9,144.2,105.2,122,Unhealthy for Sensitive Groups,27.6,53.7,7.5
India,West Bengal,Amritsar,PM10,8.8,217,9.9,33,Good,17.8,67.7,2.3
India,Chhattisgarh,Kollam,PM10,50.8,211.7,107.8,102,Unhealthy for Sensitive Groups,25.1,93.8,29.1
India,Jharkhand,Karwar,SO2,77.6,270,173.1,161,Unhealthy,23,40.7,2.2
India,Uttar Pradesh,Dewas,SO2,69.6,160.7,155,176,Unhealthy,23,87.8,2.7
India,Odisha,Amaravati,CO,45.6,395.9,121.2,115,Unhealthy for Sensitive Groups,27,83.7,25.9
India,Himachal Pradesh,Ankleshwar,NO2,38.8,423.9,237.9,293,Very Unhealthy,20.1,84.1,13.1
India,Odisha,Dholpur,OZONE,168.9,459.2,223.3,233,Very Unhealthy,19.3,48.1,26.5
India,Punjab,Dharwad,OZONE,28,420.5,193.8,169,Unhealthy,38.2,47.5,17.7
India,Uttarakhand,Chhapra,PM2.5,46.2,329.8,65.9,100,Moderate,25.2,63.6,16.2
India,Maharashtra,Milupara,CO,14.9,239.3,18,12,Good,33.5,33.7,22.7
India,Sikkim,Haldia,PM2.5,42.9,466.4,70.3,55,Moderate,26,79.1,13.5
India,Tripura,Chittoor,PM2.5,116.5,489.6,172.5,164,Unhealthy,22.6,46.2,27.9
India,Arunachal Pradesh,Madikeri,NH3,10.7,325,71,90,Moderate,39.7,94.1,4.7
India,Nagaland,Ghaziabad,NH3,44.6,367.1,75.5,84,Moderate,24.3,30.1,1.6
India,Mizoram,Amritsar,CO,69.2,258.7,189.8,173,Unhealthy,31.9,32.4,3.3
India,Chandigarh,Sagar,OZONE,1.6,255.6,109.6,101,Unhealthy for Sensitive Groups,29.7,67.3,8.3
India,Rajasthan,Suakati,PM10,33.4,480.6,72.7,69,Moderate,28.6,70.6,26.4
India,Tripura,Amravati,OZONE,72.9,465.3,203.4,283,Very Unhealthy,34.3,70.5,15.5
India,Himachal Pradesh,Vatva,NH3,98.8,446.3,201.3,227,Very Unhealthy,37.9,38.1,4.1
India,Nagaland,Udaipur,PM2.5,15.6,372.2,26.9,34,Good,36.5,74.6,1.9
India,Gujarat,Buxar,NH3,4.5,138.9,133.3,144,Unhealthy for Sensitive Groups,37.2,73.1,19.7
India,Delhi,Bhiwadi,NH3,96.7,209.5,100,63,Moderate,29.4,51.1,23.6
India,Jharkhand,Kanpur,PM10,41.2,482.4,171.9,190,Unhealthy,21.8,39.9,20.4
India,Maharashtra,Siliguri,PM10,42.3,130.9,49.6,28,Good,28.1,62.8,24.6
India,Kerala,Satna,NO2,85,384.3,90.4,96,Moderate,28.2,83.5,13.4
India,Nagaland,Sangli,NO2,1.5,85.7,4.5,3,Good,35.8,56.6,15.6
India,Andhra Pradesh,Mumbai,NH3,74.7,412.6,94.8,100,Moderate,35.9,71.1,3.9
India,Puducherry,Mysuru,SO2,57.4,453.8,177.1,157,Unhealthy,31.2,85,28.3
India,Nagaland,Naharlagun,SO2,127.6,324,242.8,230,Very Unhealthy,24.8,70.1,1.8
India,Uttarakhand,Haldia,NO2,8.5,405,205.9,256,Very Unhealthy,15.3,71.8,17.5
India,Arunachal Pradesh,Srinagar,SO2,43.3,200.8,156.2,173,Unhealthy,15.4,89.5,6
India,Madhya Pradesh,Meerut,SO2,65.8,247.9,74.5,76,Moderate,30.5,34.1,21.9
India,Puducherry,Gummidipoondi,NO2,128.3,466.5,136.9,120,Unhealthy for Sensitive Groups,35.2,42.5,14.5
India,Maharashtra,Bihar Sharif,NO2,7.5,266.1,13.8,41,Good,26.7,70.4,6.4
India,Tamil Nadu,Chikkaballapur,NO2,60.5,454.5,257.2,221,Very Unhealthy,34.9,53.7,3.8
India,Tripura,Palwal,SO2,205.2,339.5,209.7,286,Very Unhealthy,17.4,90,11.4
India,Madhya Pradesh,Chikkamagaluru,PM2.5,24.3,368.9,198.1,180,Unhealthy,39.5,32.8,26.8
India,Uttarakhand,Ahmednagar,PM10,24.8,378.9,54,78,Moderate,24.9,35.2,25.4
India,Chandigarh,Vijayawada,PM10,34.7,161.3,124.8,118,Unhealthy for Sensitive Groups,21.3,93.1,2.5
India,Haryana,Shivamogga,SO2,54.7,487.7,74.5,70,Moderate,19,92.9,26.1
India,West Bengal,Banswara,PM2.5,60.2,214.2,151.7,182,Unhealthy,34.8,45.7,3.7
India,Kerala,Khora,OZONE,95.2,259.1,114.3,138,Unhealthy for Sensitive Groups,20.1,91.5,1.8
India,Jharkhand,Hingoli,PM10,76.8,324.2,96.7,59,Moderate,34.1,62.9,2.7
India,Mizoram,Bhilai,PM2.5,26.3,153.3,26.4,40,Good,29.6,94.5,3.7
India,Sikkim,Narnaul,NH3,8.4,427.5,14,5,Good,38.8,93.3,13
India,Tripura,Purnia,PM2.5,21.2,438.7,192.3,197,Unhealthy,24.7,66.5,16
India,Assam,Howrah,NO2,191.3,284.1,202,216,Very Unhealthy,21.4,55.6,19.1
India,Odisha,Agartala,SO2,4.4,150.5,19.6,43,Good,35.9,44,5.2
India,Nagaland,Sirsa,PM2.5,3.8,282.7,222.4,239,Very Unhealthy,29.4,57.3,24.6
India,West Bengal,Cuddalore,NO2,36.4,382.3,109.5,115,Unhealthy for Sensitive Groups,21,93.1,9.7
India,Mizoram,Ankleshwar,NO2,44.3,299.5,248.2,251,Very Unhealthy,23.1,46.1,22.7
India,Sikkim,Ajmer,NO2,105.5,357.8,138.3,107,Unhealthy for Sensitive Groups,28.1,66.3,15.9
India,Rajasthan,Cuddalore,SO2,52.3,359.3,118.3,128,Unhealthy for Sensitive Groups,23.8,63,29.1
India,Tripura,Panchkula,NO2,27.5,364.6,132.1,134,Unhealthy for Sensitive Groups,25,35.3,26.1
India,Madhya Pradesh,Ajmer,PM2.5,35,132.8,59.8,53,Moderate,26.5,82.8,11
India,Odisha,Patna,NH3,149.2,283.4,184,157,Unhealthy,25,69.2,3.6
India,Andhra Pradesh,Bhiwadi,PM2.5,179,403.4,213.2,221,Very Unhealthy,22.1,84.5,17.9
India,Telangana,Churu,NO2,67.4,199.6,84.8,95,Moderate,39.6,49.7,21.1
India,Andhra Pradesh,Bhavnagar,OZONE,19.1,82.7,66.8,97,Moderate,38.9,59.2,23.5
India,Jharkhand,Hisar,PM10,34.3,387.2,46.6,17,Good,36.6,86.7,19.3
India,Odisha,Lucknow,SO2,219.2,234.1,231.9,256,Very Unhealthy,29,75.6,6.1
India,Uttarakhand,Shillong,SO2,14,374.3,24,42,Good,32.6,80,5.7
India,Mizoram,Ghaziabad,NO2,12,292.5,70.3,99,Moderate,33.5,34.1,4.7
India,Karnataka,Ahmednagar,SO2,77.1,372.6,131.7,128,Unhealthy for Sensitive Groups,39.7,34.7,27.7
India,Himachal Pradesh,Sirsa,PM10,61.1,224.3,88.6,84,Moderate,37.6,71.5,12.5
India,Meghalaya,Jalandhar,SO2,45.2,468.3,161.4,199,Unhealthy,35.6,49.6,28.3
India,Rajasthan,Khora,SO2,55.8,443.5,199.6,180,Unhealthy,29.7,67.3,26.4
India,Uttar Pradesh,Dholpur,PM10,15.9,432.1,98.2,94,Moderate,34,33.8,9.5
India,Punjab,Pali,OZONE,6.5,411,209.7,206,Very Unhealthy,28.4,72.9,8.9
India,Chhattisgarh,Ulhasnagar,PM2.5,123.4,360.7,252.2,222,Very Unhealthy,26.2,46.4,14.6
India,Chhattisgarh,Yamuna Nagar,PM10,74.7,413,101.2,137,Unhealthy for Sensitive Groups,25.6,36.7,5.2
India,Meghalaya,Hyderabad,NH3,8.9,303.8,39.6,33,Good,18,36.3,13.3
India,Rajasthan,Chhapra,NO2,59.1,262,132.1,124,Unhealthy for Sensitive Groups,31.1,34.9,3.5
India,Uttarakhand,Ambernath,CO,103.6,465.5,118.4,118,Unhealthy for Sensitive Groups,15.9,52.6,29.8
India,Karnataka,Purnia,SO2,2.5,286.5,58.2,51,Moderate,15.1,47.5,5.7
India,Gujarat,Tirupati,PM10,9.9,428,229.9,206,Very Unhealthy,30.1,64.7,6.9
India,Arunachal Pradesh,Ambernath,NO2,26.4,365.3,56.7,74,Moderate,39.7,91,18.5
India,Madhya Pradesh,Jhansi,CO,25.8,117,95.6,89,Moderate,25.7,73.2,6.7
India,Jammu and Kashmir,Kadapa,PM10,68.8,135.3,81.8,94,Moderate,24.4,34.6,9
India,Tripura,Mathura,NH3,45,387.9,69.6,65,Moderate,37.9,59.5,29.7
India,Tamil Nadu,Jabalpur,NO2,131.2,320.1,252,223,Very Unhealthy,17,38,23.3
India,Chandigarh,Tensa,PM2.5,6.7,371.9,11.1,16,Good,28.7,68.2,23.9
India,Haryana,Nagaur,SO2,13.1,275.6,20.4,26,Good,32.9,72.3,15.4
India,Karnataka,Vijayawada,PM10,50,374.6,176.5,163,Unhealthy,20.8,65.7,20.5
India,Arunachal Pradesh,Gaya,PM10,8.7,235.5,54.3,96,Moderate,37.3,41.8,22.6
India,Punjab,Karauli,CO,129.4,458,248.1,243,Very Unhealthy,21.6,90.6,5.6
India,Jammu and Kashmir,Navi Mumbai,OZONE,12.6,60.8,26.4,10,Good,25.4,78.1,26.1
India,Punjab,Hapur,PM10,130.7,467,218.2,212,Very Unhealthy,25.8,73.4,4.2
India,Puducherry,Pune,CO,26.9,323.3,90.6,69,Moderate,22.7,55.9,8.2
India,Meghalaya,Madurai,SO2,39.9,181.2,91,75,Moderate,21.8,73.4,10.1
India,Kerala,Vapi,NO2,24.2,284.2,261.4,262,Very Unhealthy,35.3,80.6,1.2
India,Puducherry,Chandrapur,NH3,4,438,101.4,110,Unhealthy for Sensitive Groups,34.5,76.2,5.5
India,Karnataka,Chennai,PM2.5,17,440.5,43.1,35,Good,15.7,38.1,15.7
India,Assam,Bettiah,PM10,28.7,43,37.1,21,Good,37.6,80.8,5.6
India,Andhra Pradesh,Koppal,NH3,10.3,129.8,18.8,25,Good,34.7,56.2,19.5
India,Jharkhand,Jhalawar,NH3,28,258,45.6,2,Good,15.5,57.3,0.2
India,Odisha,Siwan,NH3,151.7,282.4,153.5,187,Unhealthy,28.8,42.8,23.7
India,Himachal Pradesh,Haldia,PM10,161,477.6,258.4,211,Very Unhealthy,15.5,55.7,17.7
India,Delhi,Ludhiana,SO2,169.3,413.7,209.7,208,Very Unhealthy,27.3,47.1,5.2
India,Meghalaya,Sirsa,PM10,4.9,289.7,86.3,76,Moderate,16,63.6,24.7
India,Maharashtra,Jalna,PM2.5,0.9,463,3.2,39,Good,30.8,48.7,13.9
India,Andhra Pradesh,Dehradun,PM10,34.7,235.3,56.4,93,Moderate,30.4,87.8,29.9
India,Sikkim,Jaipur,CO,57.1,346.4,252.2,237,Very Unhealthy,17.5,72.1,19.5
India,Himachal Pradesh,Patiala,OZONE,2.5,218.8,11.5,40,Good,26.6,88.3,28
India,Chandigarh,Nashik,PM2.5,23.4,348.6,70.7,94,Moderate,29.7,39.2,4
India,Nagaland,Balasore,PM10,15.6,288.6,33.8,14,Good,27.8,91.6,7.3
India,Jammu and Kashmir,Panipat,PM2.5,155.8,228.2,193.6,199,Unhealthy,18.9,55.2,1.7
India,Tamil Nadu,Thane,CO,12.8,176.5,80.5,55,Moderate,31.7,33.1,21.3
India,Maharashtra,Bhopal,PM2.5,14.1,399.5,111.7,130,Unhealthy for Sensitive Groups,21.2,64.5,11.5
India,Karnataka,Khurja,CO,106.6,276.7,231.3,296,Very Unhealthy,38.8,42.3,21.6
India,Mizoram,Vatva,PM2.5,30.7,252.9,227.6,277,Very Unhealthy,21.2,34.4,26.3
India,Jammu and Kashmir,Lucknow,NO2,22.6,421.5,42.2,24,Good,19.8,53.5,11.7
India,Sikkim,Jhunjhunu,PM2.5,71.1,194.1,121.7,130,Unhealthy for Sensitive Groups,26.5,46.2,29
India,Nagaland,Panchkula,PM10,139.3,400.9,147.2,144,Unhealthy for Sensitive Groups,32.6,56,3.3
India,Meghalaya,Ankleshwar,PM10,86.2,399.4,131.1,133,Unhealthy for Sensitive Groups,25,31.1,16.3
India,Madhya Pradesh,Firozabad,NH3,63.8,337.5,165.3,186,Unhealthy,29.7,41.2,10.6
India,Nagaland,Chittoor,PM10,51.5,386.2,81.5,51,Moderate,24.6,54.9,10
India,Chandigarh,Baddi,OZONE,59.4,296.2,99.9,64,Moderate,35,66.9,14.9
India,Tripura,Korba,OZONE,67.3,491.6,179.4,176,Unhealthy,17.4,86.1,3.1
India,Gujarat,Haldia,NH3,1.4,264.5,240.6,295,Very Unhealthy,22.2,54,6.7
India,Jharkhand,Ankleshwar,CO,20.6,329.9,95.8,51,Moderate,21.1,39.6,26.8
India,Assam,Sivasagar,CO,112.2,437.5,250.2,247,Very Unhealthy,16.1,79.5,11.7
India,Mizoram,Nellore,NH3,6.8,484.9,150.1,487,Hazardous,15.4,41.1,3.9
India,West Bengal,Shillong,SO2,18.9,449,213.2,229,Very Unhealthy,29,59.5,2.5
India,Jammu and Kashmir,Panchgaon,PM10,0.2,426.1,14.6,19,Good,17.9,71.9,5.5
India,Madhya Pradesh,Beed,NH3,107.3,328.3,237.4,207,Very Unhealthy,33.9,80.2,23.8
India,Meghalaya,Pithampur,CO,43,260,194.1,156,Unhealthy,29.7,76.3,20.8
India,Chandigarh,Mira-Bhayandar,PM10,28.2,367.6,206.5,263,Very Unhealthy,18.4,30.3,15.8
India,Kerala,Fatehabad,PM2.5,20.7,161.3,26.3,19,Good,37.1,84.4,4.5
India,Meghalaya,Ahmedabad,OZONE,15.8,473.7,80.1,81,Moderate,26.9,69.1,24.5
India,Tamil Nadu,Bathinda,SO2,148.2,432,262.7,243,Very Unhealthy,23.5,30.6,12.2
India,Chhattisgarh,Panchgaon,PM2.5,11.6,175.8,151.3,165,Unhealthy,17.4,90.1,20.9
India,Karnataka,Raebareli,SO2,108,312.4,155,192,Unhealthy,18.6,40.4,16.4
India,Delhi,Mangalore,PM10,53.4,444.7,119.9,115,Unhealthy for Sensitive Groups,35.4,81.5,15.9
India,Nagaland,Hapur,PM2.5,61.5,120.5,119.6,147,Unhealthy for Sensitive Groups,32.3,84.4,23.5
India,Andhra Pradesh,Bhilwara,OZONE,61.8,487.2,205.9,273,Very Unhealthy,17.7,93.1,19.4
India,Mizoram,Nandesari,NO2,62,136,73.7,82,Moderate,34.7,58.9,8.7
India,Assam,Chamarajanagar,OZONE,3.1,304.6,64.6,71,Moderate,28.9,42.7,20.2
India,Kerala,Baghpat,NO2,28.2,322.8,40.8,42,Good,28.8,41.7,13.3
India,Himachal Pradesh,Mira-Bhayandar,PM2.5,12.9,141.1,16.4,2,Good,25.8,74.6,3.6
India,Madhya Pradesh,Kohima,NH3,99.5,494.8,139.2,150,Unhealthy for Sensitive Groups,25.1,78.3,18.2
India,Rajasthan,Gorakhpur,NO2,147.5,486.7,174.6,167,Unhealthy,34.5,66.6,14.1
India,Gujarat,Motihari,NO2,39.6,119.4,96.2,58,Moderate,22.9,62.2,18.8
India,Maharashtra,Sawai Madhopur,PM2.5,11.6,271.5,35.1,43,Good,25.2,39,13.4
India,Punjab,Bahadurgarh,OZONE,13.4,122.2,117.7,128,Unhealthy for Sensitive Groups,38,36.9,19.2
India,Gujarat,Narnaul,NH3,36.2,417,72.9,51,Moderate,36.3,30.2,22.2
India,Chhattisgarh,Kota,OZONE,82.9,291.1,251.8,257,Very Unhealthy,39.2,37,21.7
India,Tamil Nadu,Bagalkot,OZONE,134.4,227.8,162.5,182,Unhealthy,15.7,83.8,23.8
India,West Bengal,Dhanbad,NH3,32.5,84,40.2,21,Good,16.8,31.4,0.7
India,Rajasthan,Tumidih,NO2,42.8,286.4,195.5,163,Unhealthy,20.5,49.7,18.8
India,Sikkim,Durgapur,NH3,26.8,160.3,52.8,65,Moderate,32.3,56.6,15.6
India,Jharkhand,Nashik,OZONE,10.3,253.9,248.2,277,Very Unhealthy,27.5,68.5,29.8
India,Chandigarh,Bathinda,OZONE,95.2,272,119.1,104,Unhealthy for Sensitive Groups,28,85.2,17.3
India,Assam,Noida,SO2,19.5,396.8,37,0,Good,22.6,36.2,1.6
India,Assam,Bulandshahr,SO2,32.2,455.3,147.3,134,Unhealthy for Sensitive Groups,36,86.6,10.1
India,Assam,Singrauli,NH3,55.5,136.9,94.7,83,Moderate,20.5,89.3,0.6
India,Maharashtra,Kollam,NO2,16.3,194.2,107.3,136,Unhealthy for Sensitive Groups,15.4,58.1,12.5
India,Himachal Pradesh,Dombivli,SO2,6,318.4,44.5,31,Good,20.8,39.6,7.7
India,Madhya Pradesh,Ludhiana,CO,128,224.9,181.7,199,Unhealthy,17.9,46.8,13.3
India,Maharashtra,Arrah,PM10,93.4,324,134.3,123,Unhealthy for Sensitive Groups,15.2,90.8,19.4
India,Uttar Pradesh,Ballabgarh,OZONE,17.9,403.4,93.7,72,Moderate,21.4,80.2,10.9
India,Punjab,Moradabad,SO2,46.1,440.4,190.1,167,Unhealthy,32,67.3,22.4
India,Gujarat,Katihar,CO,40.1,154.7,127.3,129,Unhealthy for Sensitive Groups,24.6,92.2,6.7
India,Gujarat,Raipur,NH3,5.6,455.3,18.2,38,Good,16.2,32.7,28.4
India,Madhya Pradesh,Bhilwara,NO2,3.7,21.9,5.4,6,Good,36.1,51.8,6.8
India,Sikkim,Rajkot,PM10,29.2,148.8,72.9,83,Moderate,34.1,54.1,4
India,Tamil Nadu,Dehradun,CO,28.9,168.5,36.2,26,Good,30.9,90.3,20.4
India,Nagaland,Kishanganj,CO,25.9,195.1,149,139,Unhealthy for Sensitive Groups,28.2,53.1,0.2
India,Tripura,Firozabad,SO2,145.9,224.5,211.5,284,Very Unhealthy,36,36.2,1.9
India,Tamil Nadu,Jalna,PM2.5,34.9,273.8,39.8,39,Good,38.7,43.1,5.3
India,Telangana,Panipat,OZONE,60.5,412.4,68.4,85,Moderate,21.8,83.4,16.3
India,Haryana,Gangtok,SO2,26.6,364.2,127.1,143,Unhealthy for Sensitive Groups,16.7,55.8,23.8
India,Odisha,Khurja,NO2,43.1,94.6,47.9,20,Good,37.5,75.1,2.2
India,Assam,Satara,SO2,50.2,467.1,91.2,100,Moderate,19.7,31.7,27.1
India,Uttarakhand,Agartala,SO2,83.4,487.9,250.9,299,Very Unhealthy,16.6,77.7,6
India,Nagaland,Hapur,NH3,4.8,165.5,138.4,124,Unhealthy for Sensitive Groups,32.9,56.6,4.8
India,Tripura,Chhapra,NO2,10.2,184.8,110.9,111,Unhealthy for Sensitive Groups,24.1,41.3,23.7
India,Himachal Pradesh,Vapi,NH3,58.6,219.4,126,137,Unhealthy for Sensitive Groups,33.9,50.8,4.6
India,Arunachal Pradesh,Kalaburagi,PM10,50.3,281.5,96.3,66,Moderate,31.4,72.2,8.1
India,Nagaland,Kolkata,PM2.5,68.9,393.3,108.7,105,Unhealthy for Sensitive Groups,30.9,42,16.5
India,Chandigarh,Vatva,CO,80.6,468.6,193.1,157,Unhealthy,38.2,73.9,7.2
India,Assam,Gandhinagar,SO2,27.7,243.7,103.8,104,Unhealthy for Sensitive Groups,25,58.9,15.3
India,Mizoram,Talcher,NO2,25.3,431.1,42.5,24,Good,15.6,82.5,15.5
India,Sikkim,Jalna,OZONE,43.1,265.9,65.4,91,Moderate,19.2,85.5,26.9
India,Chhattisgarh,Baran,PM10,35.5,481.1,152,196,Unhealthy,36.3,37.3,23.7
India,Kerala,Amaravati,PM10,3.8,288.1,8.2,25,Good,21.5,39.5,11.7
India,Sikkim,Dehradun,OZONE,181.8,320.3,257.7,289,Very Unhealthy,33.9,63.9,13.5
India,Uttarakhand,Firozabad,OZONE,6.1,387.5,127.5,101,Unhealthy for Sensitive Groups,31.9,60.8,29.8
India,Himachal Pradesh,Surat,PM10,27.2,100.9,48,12,Good,36.7,90.6,17.7
India,Uttarakhand,Cuddalore,PM10,76.5,459.4,201.1,231,Very Unhealthy,21.3,32.7,20.2
India,Arunachal Pradesh,Bikaner,CO,29.6,344,141.1,109,Unhealthy for Sensitive Groups,24.2,69,13.3
India,Kerala,Koppal,NO2,55.4,189.2,170.3,173,Unhealthy,30.9,77.7,21.5
India,Tamil Nadu,Balasore,SO2,64.4,242.4,119.2,143,Unhealthy for Sensitive Groups,22.3,55.2,8
India,Assam,Vijayawada,CO,30.4,379.6,35.7,33,Good,38.7,44.2,2.2
India,Himachal Pradesh,Akola,NH3,54.9,291.9,157.6,153,Unhealthy,16.7,73.9,3.8
India,Delhi,Kunjemura,CO,59,486.6,223.6,232,Very Unhealthy,39.8,45.2,7.4
India,Meghalaya,Khairthal,NH3,114,319.7,215.9,248,Very Unhealthy,39.6,42.6,16.8
India,Himachal Pradesh,Noida,NH3,102.1,491.5,154.1,161,Unhealthy,20.8,66.9,13.1
India,Himachal Pradesh,Greater Noida,NH3,80.7,464.4,244.8,259,Very Unhealthy,36,37.2,11.2
India,Nagaland,Barmer,SO2,8.4,243.9,26.1,13,Good,30.8,87.4,4.3
India,Sikkim,Madikeri,CO,41,442.9,56.5,82,Moderate,34.4,50.9,7.1
India,Maharashtra,Kalyan,OZONE,118,277.9,221.3,257,Very Unhealthy,17.1,77,10.5
India,Puducherry,Jaipur,SO2,43.8,232.8,224.8,255,Very Unhealthy,19.1,76.8,18.7
India,Jharkhand,Bikaner,CO,75.6,209.8,138.5,104,Unhealthy for Sensitive Groups,39.1,84.1,6.6
India,Punjab,Pimpri-Chinchwad,PM10,9.2,45.1,32.6,49,Good,24.3,78.9,19.8
India,Delhi,Bulandshahr,NO2,136,358.3,160.2,198,Unhealthy,15.4,89.2,13.4
India,Bihar,Firozabad,PM2.5,137.3,345.1,238.4,212,Very Unhealthy,25,63,7.8
India,Tripura,Greater Noida,SO2,81.7,472.1,253.1,224,Very Unhealthy,24.5,51.4,0
India,Chhattisgarh,Delhi,SO2,239.9,467.5,259.1,225,Very Unhealthy,28.7,61.3,13.3
India,Mizoram,Bhilai,OZONE,14.7,55,52.2,53,Moderate,29.6,84.4,16.4
India,Tamil Nadu,Virar,CO,12.6,126.7,18.9,0,Good,30.4,46.8,26.2
India,Maharashtra,Indore,OZONE,17.9,133.3,127,115,Unhealthy for Sensitive Groups,15.2,40.7,0.6
India,Assam,Karnal,SO2,15.7,196.9,37.5,43,Good,28.7,92.3,26.9
India,Andhra Pradesh,Dharwad,SO2,207.5,412.2,242.7,225,Very Unhealthy,35,61.4,4.4
India,Tamil Nadu,Dewas,PM2.5,10.8,198.9,16.8,42,Good,35.9,39.9,2.6
India,Jammu and Kashmir,Nanded,PM10,51.1,159.7,139,111,Unhealthy for Sensitive Groups,32.8,77,23.2
India,Uttarakhand,Vijayapura,PM2.5,39.6,189.6,69.2,58,Moderate,24,33.9,5.3
India,Uttar Pradesh,Virar,OZONE,14.9,253.9,27.8,2,Good,37.8,91.8,18.3
India,Assam,Prayagraj,NH3,81.9,153.6,112.6,126,Unhealthy for Sensitive Groups,37.7,92.3,12.6
India,Madhya Pradesh,Ambernath,PM10,0.3,185.5,0.5,32,Good,36.3,56.7,21.5
India,Meghalaya,Bagalkot,NH3,77.2,92.4,87.4,55,Moderate,37.3,31.4,28.2
India,Delhi,Karauli,NH3,15.7,332.8,96.7,95,Moderate,35.8,83.6,22.1
India,Bihar,Visakhapatnam,OZONE,18.1,195.4,93.5,91,Moderate,18.2,53.3,14.1
India,Himachal Pradesh,Byasanagar,NO2,135.9,438.4,149.9,113,Unhealthy for Sensitive Groups,35.3,47.2,28.6
India,Assam,Bilaspur,CO,4.1,217.9,30.3,18,Good,21.2,38.5,23.6
India,Chhattisgarh,Rajamahendravaram,PM2.5,3.4,148.3,29.9,22,Good,31.3,46,16.7
India,Gujarat,Panchgaon,PM2.5,212.3,267,227.9,263,Very Unhealthy,32.9,85.4,0.5
India,Jharkhand,Satara,SO2,69,345.2,196.1,167,Unhealthy,31.6,43.4,23.9
India,Kerala,Chandrapur,OZONE,164.6,361.5,223.8,214,Very Unhealthy,18.2,76,11.8
India,Maharashtra,Angul,SO2,80.4,282.8,182.2,154,Unhealthy,35.9,75.3,3.9
India,Puducherry,Kishanganj,NH3,1.2,320.9,1.3,1,Good,18.9,56.3,15.6
India,Rajasthan,Madikeri,PM2.5,6.1,424.4,33.7,43,Good,24,71.8,14.7
India,Chandigarh,Bihar Sharif,OZONE,149.9,192.4,173.3,190,Unhealthy,24.1,59.2,5.1
India,Uttar Pradesh,Ajmer,SO2,78.1,370.5,90.7,51,Moderate,33.3,55.2,3.5
India,Uttar Pradesh,Byasanagar,NO2,219.5,389.9,258.3,252,Very Unhealthy,31.6,80.5,4.8
India,Delhi,Sirohi,NO2,123.2,250.1,157.4,190,Unhealthy,27.4,92.3,29.7
India,Puducherry,Solapur,OZONE,180.7,296.3,201.1,250,Very Unhealthy,30.3,33.7,14.7
India,Assam,Sikar,NH3,3.2,234.2,49.3,37,Good,31.2,35.9,2.8
India,Telangana,Guntur,PM2.5,97.5,497,265.9,223,Very Unhealthy,33.9,83.9,22.2
India,Maharashtra,Gaya,SO2,52.1,246.1,238.9,217,Very Unhealthy,33,72.8,17.3
India,Meghalaya,Firozabad,OZONE,42.5,118.6,83.8,68,Moderate,32.6,66.2,8.1
India,Odisha,Nellore,CO,23.1,261.6,66.3,52,Moderate,18.6,94.5,25.4
India,Madhya Pradesh,Navi Mumbai,OZONE,90,363.4,234.8,222,Very Unhealthy,38.1,93.1,25.4
India,Gujarat,Satna,CO,94.5,178.4,172.4,192,Unhealthy,21,73.5,0.9
India,Jharkhand,Gwalior,OZONE,28.9,259.4,228.5,202,Very Unhealthy,27.4,79.9,15.8
India,West Bengal,Pratapgarh,OZONE,103.2,459.1,240.7,241,Very Unhealthy,37,83.8,17
India,Telangana,Mandikhera,CO,115.7,461.5,261.9,210,Very Unhealthy,37.1,55.6,6.5
India,Bihar,Asansol,NH3,161.3,435.4,200.7,484,Hazardous,18.3,90.7,13.4
India,Arunachal Pradesh,Kashipur,SO2,91.1,353.1,246.3,241,Very Unhealthy,31.2,67.8,9.3
India,Gujarat,Gaya,SO2,18.9,140.4,94,76,Moderate,26.4,78.5,8.6
India,Madhya Pradesh,Panchkula,NH3,151.2,162.8,158.4,156,Unhealthy,27.2,61.5,9.4
India,Arunachal Pradesh,Tumidih,SO2,49.9,483.5,152.2,151,Unhealthy,16.9,31.4,6.1
India,Telangana,Bareilly,PM2.5,107.6,440.6,206.6,268,Very Unhealthy,33.6,47.5,9.5
India,Tamil Nadu,Mandideep,NO2,87,464.1,93.9,91,Moderate,18.9,51,22.3
India,Nagaland,Alwar,SO2,45.7,435.8,185.3,181,Unhealthy,39,47,13.8
India,Assam,Sivasagar,SO2,164,487.1,175.5,191,Unhealthy,35.4,87.1,5.5
India,Chhattisgarh,Bhiwani,CO,143.3,419.2,212.2,237,Very Unhealthy,33.8,41.3,12.7
India,Assam,Dhanbad,SO2,70.5,110.7,102,118,Unhealthy for Sensitive Groups,33.1,56.9,23.1
India,Maharashtra,Gummidipoondi,PM2.5,102.5,354.7,158.5,185,Unhealthy,18.3,51.7,21
India,Odisha,Jhalawar,SO2,97.6,235,224.6,280,Very Unhealthy,39.1,40.2,16.3
India,Delhi,Vijayawada,OZONE,178.7,421.5,181.4,192,Unhealthy,26.1,65.9,24.1
India,Mizoram,Sangli,CO,188.2,319.2,220.8,235,Very Unhealthy,38.3,37.8,29.4
India,Punjab,Asansol,NO2,218.2,362.4,258.5,212,Very Unhealthy,17,45.5,3.9
India,Telangana,Bileipada,SO2,0.3,106.3,0.7,27,Good,31.7,72.5,13.1
India,Jammu and Kashmir,Kanpur,PM10,22.3,205.4,95.7,67,Moderate,33.3,37,17.7
India,Jharkhand,Tumidih,SO2,127.9,304.8,194.2,168,Unhealthy,25.1,37.4,27.4
India,West Bengal,Mandikhera,NH3,78.2,338.9,242.9,263,Very Unhealthy,36.1,82.3,23.4
India,Nagaland,Satara,NO2,48.9,262.4,87.1,56,Moderate,33.8,74.6,21
India,West Bengal,Cuddalore,OZONE,17.4,225.8,25.9,45,Good,37.1,88.7,25.4
India,Nagaland,Sangli,PM2.5,145.5,487.7,215.1,268,Very Unhealthy,18.6,57.3,13.5
India,Uttar Pradesh,Tensa,SO2,73.7,251.1,192.6,176,Unhealthy,36.6,43.1,24
India,Tamil Nadu,Tonk,SO2,11.7,391.5,14,15,Good,28.8,61.2,24.6
India,Himachal Pradesh,Dewas,SO2,42.4,498.3,83.2,70,Moderate,20,70.3,15.2
India,Delhi,Boisar,NO2,11.4,15.8,12.4,38,Good,22,60.6,8.9
India,Tamil Nadu,Hanumangarh,SO2,2.9,51.5,29.7,50,Good,26.7,51.2,25.2
India,Uttar Pradesh,Rajamahendravaram,SO2,1.7,233,11,45,Good,25.3,51.9,7.7
India,Himachal Pradesh,Chennai,NH3,81.6,253.5,146.1,110,Unhealthy for Sensitive Groups,18,49.9,23.5
India,Sikkim,Manguraha,OZONE,126,248,140.2,115,Unhealthy for Sensitive Groups,25.5,33.6,24.7
India,Odisha,Vrindavan,NO2,72.9,403.6,99.8,83,Moderate,18.6,53.3,8
India,Assam,Bulandshahr,NH3,52.4,291.7,71.7,62,Moderate,34.3,43.1,26.3
India,Delhi,Mehsana,CO,46.4,218.6,138.3,119,Unhealthy for Sensitive Groups,20.9,89.4,7.7
India,Delhi,Jorapokhar,CO,20.1,360.1,28.1,39,Good,31.2,55.4,3.9
India,Haryana,Vatva,NH3,14.5,313.2,231.3,287,Very Unhealthy,20.7,75.5,2.4
India,Meghalaya,Durgapur,NH3,10.9,66.4,19.6,34,Good,29.3,73.7,1
India,Himachal Pradesh,Baddi,PM2.5,113.2,307.3,156.8,171,Unhealthy,38.1,52,9.9
India,Tripura,Mathura,OZONE,119.7,449.2,252.3,290,Very Unhealthy,35.8,83.6,17.5
India,Jharkhand,Palwal,CO,165.3,330,187.2,154,Unhealthy,16.2,48.4,3.7
India,Madhya Pradesh,Sirsa,PM10,84.9,249.9,105,101,Unhealthy for Sensitive Groups,24.7,87.2,27.2
India,Jharkhand,Khora,NH3,36,284.2,199.8,177,Unhealthy,25.9,37.8,29.3
India,Bihar,Bikaner,NO2,18,90.5,29.5,38,Good,27.2,59.1,15.2
India,Tripura,Jhunjhunu,SO2,104.6,260.5,137.5,108,Unhealthy for Sensitive Groups,31.3,73,7.1
India,Madhya Pradesh,Indore,PM2.5,77.8,476.9,228.7,272,Very Unhealthy,30,56.3,12.8
India,Puducherry,Thiruvananthapuram,PM10,66.7,192,139.4,104,Unhealthy for Sensitive Groups,27.9,68.8,19.4
India,Meghalaya,Bikaner,SO2,38.2,499.1,101.2,146,Unhealthy for Sensitive Groups,29.6,44.8,26.3
India,Chandigarh,Koppal,PM10,85.2,494.3,159,158,Unhealthy,25.1,62.3,26.6
India,Chandigarh,Amravati,NO2,180.4,192.7,183,180,Unhealthy,37.1,53.1,1.9
India,Assam,Kurukshetra,NO2,50.4,442.8,111.4,119,Unhealthy for Sensitive Groups,27.9,87.7,11
India,Jammu and Kashmir,Bathinda,PM10,47.5,458.1,94,68,Moderate,15.2,80.7,22.2
India,Tamil Nadu,Bhiwani,NH3,9.8,219.8,49.3,7,Good,22.1,30.8,12.9
India,Chhattisgarh,Hanumangarh,NH3,90.4,374,153.4,199,Unhealthy,22.9,65.9,23.6
India,Delhi,Gummidipoondi,NH3,25.8,361.7,171,193,Unhealthy,32.4,51.9,8.8
India,Chhattisgarh,Nagaon,CO,188.9,453.7,219.6,222,Very Unhealthy,16.7,60,20.1
India,Sikkim,Manesar,PM2.5,1.8,210.2,8.3,38,Good,34.6,43.3,27.2
India,Puducherry,Vapi,PM10,3.4,276.4,35.6,16,Good,27.5,53.4,10.6
India,Maharashtra,Ambala,NO2,33.3,485.8,37.4,41,Good,18.3,46.2,5.6
India,Haryana,Keonjhar,SO2,56.7,456.8,61.3,62,Moderate,39.1,43.8,1.5
India,Bihar,Manguraha,CO,36.1,430.5,115.8,124,Unhealthy for Sensitive Groups,38.3,84.4,17.4
India,Jammu and Kashmir,Agra,PM2.5,65.5,202.9,76.1,58,Moderate,15.7,46.6,17.5
India,Nagaland,Panchkula,OZONE,40.4,428.9,91.6,66,Moderate,20.3,73.6,13.2
India,Haryana,Bilaspur,NO2,106.1,396.1,155,164,Unhealthy,32,81.1,17.8
India,Bihar,Ulhasnagar,PM2.5,111.2,298.7,155.1,190,Unhealthy,22.7,75,27.3
India,Puducherry,Sangli,PM2.5,3,366.5,4.1,22,Good,33.2,74.1,5.2
India,Mizoram,Kolhapur,NH3,82.5,167.3,164.7,170,Unhealthy,32.7,70.5,26.2
India,Kerala,Jalgaon,SO2,58.8,428.6,69.5,91,Moderate,38.8,82.5,9.4
India,Odisha,Ulhasnagar,SO2,128.8,465.6,187.2,160,Unhealthy,21.8,30.7,8.8
India,Chhattisgarh,Bhopal,NO2,171.1,486.4,206.5,292,Very Unhealthy,18.4,63.1,25.1
India,Uttar Pradesh,Bhavnagar,PM10,53.6,351,248.9,238,Very Unhealthy,27.6,39.1,25.8
India,Uttar Pradesh,Chittoor,SO2,30,63.3,44,45,Good,35.1,62,9.7
India,Sikkim,Bharatpur,PM2.5,120.9,244.8,222.7,222,Very Unhealthy,39.8,86.3,13.5
India,Gujarat,Tumidih,NH3,59.8,222.8,68.2,53,Moderate,32.8,74.1,1.3
India,Maharashtra,Gangtok,PM2.5,117.3,359.7,256.2,295,Very Unhealthy,39.4,59.9,18
India,Uttar Pradesh,Vapi,CO,9.6,415.1,248.5,258,Very Unhealthy,16.3,81.8,21.7
India,Madhya Pradesh,Sasaram,PM2.5,156.6,472.3,157.1,180,Unhealthy,27.3,84.9,8.9
India,Odisha,Munger,SO2,16.7,195.9,108.1,146,Unhealthy for Sensitive Groups,34,33.9,14.6
India,Assam,Bhiwandi,CO,7.7,464.5,11.5,27,Good,30.2,77,15.7
India,Jammu and Kashmir,Beed,PM2.5,74.5,288.2,255.8,201,Very Unhealthy,20,72.7,9.3
India,Haryana,Nagaur,PM10,208,496.7,224,261,Very Unhealthy,23.3,43.4,19.8
India,Nagaland,Sikar,PM2.5,49.3,434.8,76.6,100,Moderate,25.6,81.2,16.4
India,Uttarakhand,Srinagar,CO,7.7,162.5,61.2,73,Moderate,35.9,35.4,26.2
India,Bihar,Kollam,CO,20.5,396.8,150,146,Unhealthy for Sensitive Groups,19.4,88.5,27.9
India,Uttar Pradesh,Pithampur,CO,1.7,487.8,159.5,198,Unhealthy,39.6,41.9,7.7
India,Madhya Pradesh,Hingoli,NH3,84,201.1,89.3,60,Moderate,16.9,88.6,11.3
India,Andhra Pradesh,Bhilai,CO,3.3,192.8,51.9,70,Moderate,20.2,70.1,10
India,Uttarakhand,Gandhinagar,CO,27.7,403.7,29.5,13,Good,26,65.4,26
India,Chandigarh,Mandi Gobindgarh,CO,154.9,486.8,195.8,172,Unhealthy,30.6,89.1,4.5
India,Chhattisgarh,Barrackpore,CO,32.9,229.4,132.9,146,Unhealthy for Sensitive Groups,39,66.7,24.4
India,Jharkhand,Mandikhera,PM10,130,477.1,190.2,168,Unhealthy,15.1,74.4,10
India,Karnataka,Khurja,CO,49.3,230.4,116.3,140,Unhealthy for Sensitive Groups,15.5,65.1,18.6
India,Jammu and Kashmir,Nagaon,NO2,82.1,172.6,87.6,81,Moderate,29.4,90.4,15.3
India,Uttarakhand,Mehsana,PM2.5,25.3,455.9,109.9,118,Unhealthy for Sensitive Groups,29.2,68.4,14
India,Andhra Pradesh,Mandi Gobindgarh,PM2.5,12.9,404.3,60.7,87,Moderate,34.6,60.2,21.2
India,Bihar,Delhi,CO,161.3,489.3,212.3,260,Very Unhealthy,28.1,86,15.3
India,Assam,Siwan,PM2.5,7.1,171.9,32.1,0,Good,18.4,82.6,23.9
India,Delhi,Sagar,PM2.5,87.7,397.2,103.3,122,Unhealthy for Sensitive Groups,26.2,54.7,16.7
India,Karnataka,Munger,NO2,208.4,484.3,214.8,233,Very Unhealthy,29.9,56.8,23.3
India,Gujarat,Ambernath,NO2,20.4,214.3,165.6,187,Unhealthy,18.2,94.8,14.7
India,Tripura,Mandikhera,PM2.5,97.5,390.8,122.9,126,Unhealthy for Sensitive Groups,26.4,59.8,13.2
India,Madhya Pradesh,Jind,PM10,103.2,421.8,116.6,140,Unhealthy for Sensitive Groups,25.5,64.5,14.6
India,Karnataka,Purnia,CO,8.5,200.5,94.4,54,Moderate,20.7,48.4,12.8
India,Chhattisgarh,Bilaspur,CO,133,451.8,167.9,197,Unhealthy,37,56.2,24.5
India,Delhi,Sivasagar,PM2.5,79.5,337.5,184,157,Unhealthy,21,66.2,14
India,Kerala,Vijayawada,OZONE,8.3,87.7,27.9,22,Good,32.8,44.7,11.5
India,Telangana,Guwahati,CO,70.4,281.7,233.2,239,Very Unhealthy,27.9,58.6,1.3
India,Uttar Pradesh,Bundi,NH3,232.2,321.6,241.9,289,Very Unhealthy,21.4,90.4,19.3
India,West Bengal,Varanasi,PM2.5,57.5,236.5,130.7,148,Unhealthy for Sensitive Groups,34,65.9,6
India,Haryana,Keonjhar,NH3,63,386.8,126.4,125,Unhealthy for Sensitive Groups,27.6,61.8,24.1
India,Uttar Pradesh,Saharsa,NH3,178.1,335.1,253.4,237,Very Unhealthy,31.5,89.1,26.8
India,West Bengal,Korba,PM10,93.7,458.9,122.8,109,Unhealthy for Sensitive Groups,39.9,35,18.2
India,Delhi,Bileipada,PM10,62.7,266.4,101.8,147,Unhealthy for Sensitive Groups,19.3,65.4,11.8
India,Chhattisgarh,Amravati,NO2,83.5,475.3,207.4,219,Very Unhealthy,16.3,70.5,21.9
India,Meghalaya,Hajipur,PM2.5,18.3,345.6,58.7,60,Moderate,17.1,35.5,25.3
India,West Bengal,Chittorgarh,CO,42.3,461.7,135.8,118,Unhealthy for Sensitive Groups,29.3,73.1,25.9
India,Mizoram,Jhunjhunu,SO2,144.2,242.2,152.4,171,Unhealthy,39,52.4,29.3
India,West Bengal,Chittoor,CO,8,165.1,81.1,55,Moderate,23.7,44.9,20.7
India,Sikkim,Mangalore,PM2.5,1,316.1,8.8,33,Good,25.7,71.9,1.7
India,Delhi,Karnal,NO2,55.1,357.8,222.9,258,Very Unhealthy,31.4,57.1,5.9
India,Kerala,Rajgir,CO,13.6,251.1,20.2,32,Good,19.7,42.7,3.4
India,Rajasthan,Virar,PM2.5,126.2,326.3,132.4,137,Unhealthy for Sensitive Groups,35.6,88.6,4.8
India,Gujarat,Gangtok,OZONE,18.8,106.7,23.2,33,Good,36.1,60.1,14.1
India,Bihar,Shivamogga,SO2,44.9,209.1,166.5,163,Unhealthy,36,88.9,12.1
India,Meghalaya,Bilaspur,NH3,83.8,477.8,165.4,168,Unhealthy,20.9,48.6,13.5
India,Chandigarh,Firozabad,PM2.5,26.6,307.4,30.9,0,Good,33.5,77.7,0.1
India,Puducherry,Mathura,PM2.5,198.2,322.9,217.5,262,Very Unhealthy,23.8,83.9,24
India,Himachal Pradesh,Faridabad,SO2,135.2,274.3,171.8,164,Unhealthy,31.1,71.6,22.2
India,Odisha,Malegaon,PM10,71.2,405.5,149.8,140,Unhealthy for Sensitive Groups,30.1,51.1,10.9
India,Tripura,Vatva,PM2.5,6.5,262,21.3,38,Good,30.2,76.3,2
India,Gujarat,Thoothukudi,PM2.5,25.2,150.5,41.5,3,Good,23,53.2,20.7
India,Kerala,Jaisalmer,PM2.5,111.7,482.7,222,288,Very Unhealthy,15.4,93.6,8.7
India,Uttar Pradesh,Barmer,CO,109.1,486.9,258.8,250,Very Unhealthy,25.4,85.6,28.7
India,Himachal Pradesh,Karauli,NO2,94.4,430.4,122.4,146,Unhealthy for Sensitive Groups,35.2,79.6,18
India,Rajasthan,Nagpur,SO2,150.4,456.1,255.4,267,Very Unhealthy,38.4,69.6,28.8
India,Kerala,Bilaspur,NO2,21.9,157.7,123.2,110,Unhealthy for Sensitive Groups,25.6,90.4,25.9
India,Rajasthan,Surat,PM2.5,69.4,433.1,111.1,147,Unhealthy for Sensitive Groups,26.3,52,25.9
India,Tamil Nadu,Varanasi,SO2,12,160.1,126,116,Unhealthy for Sensitive Groups,20.6,61.7,16.1
India,Telangana,Pratapgarh,PM2.5,3.6,229.9,69.6,85,Moderate,32.6,90.5,19.1
India,Rajasthan,Katni,NO2,7.4,297.2,22.6,8,Good,30.8,48.3,5.5
India,Haryana,Bahadurgarh,PM10,3.6,171.7,10.2,43,Good,16.5,68.9,16.2
India,Sikkim,Palwal,PM2.5,16.3,228.4,167.2,197,Unhealthy,33.5,30.3,23.6
India,Rajasthan,Siwan,NH3,22.5,389.6,23.9,0,Good,32.7,45.8,1.1
India,Mizoram,Manguraha,PM10,163.8,310.5,197.8,191,Unhealthy,33.8,33.3,13.3
India,Delhi,Pratapgarh,NO2,10.9,422.3,71,73,Moderate,34.6,89.5,10.5
India,Bihar,Arrah,PM10,45.1,477.1,254.4,204,Very Unhealthy,39.7,52.8,26
India,Chandigarh,Satna,OZONE,74.2,424.7,148.7,142,Unhealthy for Sensitive Groups,21.3,73,7.7
India,Himachal Pradesh,Kalyan,PM2.5,19.4,117.3,106.2,138,Unhealthy for Sensitive Groups,38.6,86.9,15.5
India,Karnataka,Visakhapatnam,CO,88.3,464.1,92.1,58,Moderate,17.5,64.8,22.5
India,Gujarat,Patiala,OZONE,122.6,420.3,132.8,129,Unhealthy for Sensitive Groups,36.5,78,9.5
India,Bihar,Ahmedabad,NH3,0.3,87.1,28.2,30,Good,16.2,36.2,20
India,Rajasthan,Satara,NO2,2.4,271.6,2.6,22,Good,27.4,74.3,3.7
India,Jammu and Kashmir,Visakhapatnam,SO2,128.8,239,219.7,209,Very Unhealthy,18.8,49.4,29.5
India,Tamil Nadu,Meerut,OZONE,54.2,236.2,156.2,187,Unhealthy,33.5,93.2,29.2
India,Uttarakhand,Chikkaballapur,OZONE,74.2,451.6,183.8,200,Unhealthy,20.4,63.2,22.3
India,Haryana,Pithampur,NH3,164.1,358.2,250.6,224,Very Unhealthy,31.4,35.7,2.8
India,Odisha,Modinagar,PM10,177.5,411.3,241.3,204,Very Unhealthy,26.2,36.9,10.2
India,Odisha,Aizawl,OZONE,10.4,449.8,15.9,13,Good,37.3,58.6,8.4
India,Karnataka,Meerut,NO2,124.9,482.3,210.6,251,Very Unhealthy,20.9,88.7,28.1
India,Chandigarh,Solapur,PM10,122.8,390.4,159.2,157,Unhealthy,34.3,53.2,12.8
India,Madhya Pradesh,Kanpur,PM2.5,32.6,78.9,39.3,45,Good,32.9,33,18.2
India,Madhya Pradesh,Haldia,NH3,37.2,365.9,83.2,54,Moderate,36.3,75.9,1.4
India,Maharashtra,Kurukshetra,PM2.5,27.4,412.2,173.1,153,Unhealthy,24.9,71.7,29.4
India,Sikkim,Pithampur,NH3,38.9,347.5,58.1,59,Moderate,34,31.1,19.7
India,Jharkhand,Howrah,PM10,157.4,463.5,257.8,228,Very Unhealthy,31,30.9,17.6
India,Telangana,Maihar,CO,80.2,468.7,211.4,252,Very Unhealthy,17.9,81.7,23.6
India,Karnataka,Bulandshahr,CO,219.1,349.1,224.6,208,Very Unhealthy,22.3,53.9,26.4
India,Tripura,Chhal,SO2,15.9,112,30.7,7,Good,34.6,62.7,28.9
India,Assam,Jalore,NH3,93.9,363.9,95.8,80,Moderate,28.7,45.3,0.5
India,Bihar,Vrindavan,OZONE,72.9,313,243.5,266,Very Unhealthy,27.5,52.5,0.2
India,West Bengal,Jabalpur,OZONE,114.4,245.4,165.8,173,Unhealthy,19.2,47.7,1.9
India,Mizoram,Charkhi Dadri,NH3,11.9,119.6,13.4,23,Good,32.1,37.7,29.9
India,Uttar Pradesh,Tirupati,SO2,125.1,268.1,134.9,134,Unhealthy for Sensitive Groups,20,58.6,29.5
India,Haryana,Jalandhar,NO2,4,176.2,17.2,20,Good,25.4,94.1,18.2
India,Sikkim,Mandideep,PM10,104.9,372.5,146,123,Unhealthy for Sensitive Groups,20,32.4,23.7
India,Sikkim,Faridabad,NH3,203.9,373,215.7,300,Very Unhealthy,21.1,89.6,19.1
India,Sikkim,Thiruvananthapuram,NO2,49.7,175.5,170.3,190,Unhealthy,16.4,66,23.3
India,Arunachal Pradesh,Bathinda,SO2,146.9,400.1,205.7,269,Very Unhealthy,19.2,94.1,1.8
India,Kerala,Sirohi,PM2.5,213.8,380.7,254.7,235,Very Unhealthy,25,38.2,24.1
India,Tamil Nadu,Bulandshahr,SO2,222.6,401.3,245.1,292,Very Unhealthy,30.3,92.8,5.2
India,Chandigarh,Sonipat,CO,16.9,243.1,27.4,9,Good,33.9,74.6,3.4
India,Jammu and Kashmir,Bhilai,OZONE,17.8,346,83.4,73,Moderate,23.4,51.9,18.3
India,Odisha,Rourkela,NH3,20.4,267.5,111.3,102,Unhealthy for Sensitive Groups,32.7,86.9,25.5
India,Sikkim,Koppal,CO,55,447.4,62.1,96,Moderate,39.1,79.7,6.8
India,West Bengal,Noida,CO,142.8,383.1,183.1,197,Unhealthy,16.7,35.5,26.3
India,Jharkhand,Bhopal,OZONE,7.3,137.5,13.3,5,Good,38.5,39.1,7.7
India,West Bengal,Jhansi,PM2.5,16.8,87.2,79.7,62,Moderate,32.2,30.4,8.8
India,Jharkhand,Jhalawar,OZONE,8,188.8,16,13,Good,16.4,87.5,15.1
India,Chhattisgarh,Gangtok,CO,10.4,333,12.7,2,Good,21.7,59.7,6.4
India,Karnataka,Motihari,NH3,119.6,235,155,165,Unhealthy,36.6,57.4,15.9
India,Andhra Pradesh,Hajipur,NO2,106.3,434.1,109.8,139,Unhealthy for Sensitive Groups,20.5,89,0.5
India,Maharashtra,Bhiwandi,NH3,30.7,394.6,186.6,196,Unhealthy,39.4,81.4,28.1
India,Delhi,Keonjhar,CO,216.3,265.9,258.4,293,Very Unhealthy,30.6,50.6,17.8
India,Jharkhand,Surat,PM2.5,1.7,409.1,12.2,33,Good,19.7,58.5,25.7
India,Tripura,Alwar,NH3,4.2,359.9,177.9,176,Unhealthy,15.1,68,21.2
India,Himachal Pradesh,Kunjemura,CO,164.8,325.5,187.9,152,Unhealthy,16.4,31.7,26.7
India,Chhattisgarh,Udaipur,OZONE,10.4,205.4,22.5,28,Good,28.5,62.7,17.3
India,Kerala,Jaisalmer,CO,53.9,309.9,170.5,171,Unhealthy,36.7,48.3,18.1
India,Andhra Pradesh,Sirsa,CO,28.6,322.9,76.8,77,Moderate,25.1,58.9,26.5
India,Uttarakhand,Bhiwani,SO2,8.3,247.1,104.5,129,Unhealthy for Sensitive Groups,34,81.1,17.8
India,Haryana,Ahmednagar,NH3,10.6,480.9,162.7,196,Unhealthy,28.2,54.8,1.4
India,Kerala,Dholpur,PM2.5,25.7,248.5,246.3,255,Very Unhealthy,25,69.3,29.2
India,West Bengal,Jorapokhar,CO,78.8,364,109.8,128,Unhealthy for Sensitive Groups,36.5,64,5.6
India,Uttarakhand,Sivasagar,PM2.5,3.8,253,25,17,Good,17.2,33.2,17.8
India,Odisha,Begusarai,NH3,26.8,253.7,229.2,275,Very Unhealthy,34.9,53.4,23.8
India,Chhattisgarh,Mandideep,NH3,12.8,134.4,95.9,69,Moderate,27.1,38.4,11.9
India,Maharashtra,Chittorgarh,CO,120.2,339,249.9,219,Very Unhealthy,29.6,36.1,1
India,Kerala,Visakhapatnam,NO2,23.2,208.3,193,177,Unhealthy,18.3,85.6,15.4
India,Andhra Pradesh,Ambala,CO,47.1,441,49.5,12,Good,21.5,45.4,13.7
India,Meghalaya,Yadgir,SO2,109,152.4,134.7,142,Unhealthy for Sensitive Groups,23.7,61.6,9
India,Punjab,Asansol,SO2,85.7,300.4,176.2,159,Unhealthy,25.8,77.6,26
India,Uttarakhand,Bhilai,NO2,0,493.7,0.1,15,Good,33.4,72.1,23.7
India,Uttar Pradesh,Patiala,OZONE,91.1,403.7,167.3,159,Unhealthy,31,47.9,1.1
India,Himachal Pradesh,Samastipur,CO,32.3,490.7,60.9,97,Moderate,27,68.4,15.7
India,Mizoram,Satara,NH3,150.6,243.1,157.7,189,Unhealthy,32.5,58.6,1.2
India,Odisha,Madurai,OZONE,87.1,210.2,180.5,169,Unhealthy,19.8,44.9,3.2
India,Tamil Nadu,Ratlam,NO2,102,411.8,130.4,139,Unhealthy for Sensitive Groups,38.6,47.9,16.6
India,Kerala,Aurangabad,PM10,16.5,423.3,143,122,Unhealthy for Sensitive Groups,15.4,31.5,8.8
India,Andhra Pradesh,Rajkot,SO2,60.9,228.9,105.8,149,Unhealthy for Sensitive Groups,17.9,41.6,2.1
India,Kerala,Jaisalmer,SO2,23.9,171.7,89.5,77,Moderate,38.9,59.1,24.2
India,Telangana,Silchar,OZONE,19,83.8,34.6,13,Good,39.8,32.6,11.9
India,Maharashtra,Madurai,CO,89.3,419.9,97.6,78,Moderate,26.7,80.5,12.7
India,Arunachal Pradesh,Barrackpore,PM10,115.7,178.5,138.2,136,Unhealthy for Sensitive Groups,34.9,57.7,25.9
India,Jharkhand,Nagaon,CO,106.4,361.9,190.1,157,Unhealthy,38,47.7,26.3
India,Delhi,Suakati,NH3,64.7,293.8,204.8,274,Very Unhealthy,33.7,87.4,18.9
India,Tripura,Karwar,CO,5.8,63.7,16.7,33,Good,26.9,45.2,23.4
India,Tripura,Bhilwara,PM2.5,6,79.1,44.6,35,Good,38.7,70.6,21.9
India,Madhya Pradesh,Pampore,NO2,75.6,302.2,265,280,Very Unhealthy,29.7,88.7,27.7
India,Rajasthan,Ambala,OZONE,16.9,232.5,142.7,140,Unhealthy for Sensitive Groups,34.7,77,6.9
India,Madhya Pradesh,Sonipat,CO,59,413,69.3,99,Moderate,38.1,41.2,26.8
India,Punjab,Angul,PM10,110.4,324.4,233.4,273,Very Unhealthy,28.5,59.2,18.6
India,Uttar Pradesh,Amravati,PM2.5,30.8,411.4,87.4,53,Moderate,32.6,59.4,8.8
India,Chhattisgarh,Hubballi,NH3,4.4,265.7,155.8,159,Unhealthy,27.7,70.2,19.3
India,Uttar Pradesh,Asansol,OZONE,184.9,370.5,261.1,260,Very Unhealthy,30.5,46.1,20.6
India,Chhattisgarh,Dausa,PM10,8.2,197,39.3,36,Good,35.4,92.7,24.8
India,Telangana,Bhiwandi,PM2.5,11.4,446.8,25,16,Good,17.7,43.7,2.1
India,Arunachal Pradesh,Baddi,OZONE,13.2,475.2,38.6,21,Good,32.5,53.2,28.9
India,Chandigarh,Mumbai,OZONE,130.3,243.1,201.3,214,Very Unhealthy,35.1,77.2,28.9
India,Tripura,Silchar,SO2,129,238.9,146.9,105,Unhealthy for Sensitive Groups,15.5,93.9,15.2
India,Bihar,Dausa,PM2.5,210.2,333.8,237.3,263,Very Unhealthy,17.7,77.9,4.6
India,Andhra Pradesh,Surat,PM2.5,200.7,328.4,228.6,210,Very Unhealthy,19.3,70.3,4.3
India,Assam,Vapi,OZONE,4.5,219.5,20.7,21,Good,15.6,88.1,22.7
India,Jharkhand,Bundi,PM2.5,117.1,423.5,222.4,272,Very Unhealthy,35.3,35.6,1.7
India,Chhattisgarh,Bhiwani,OZONE,34.4,81.6,46,9,Good,30.5,81.1,9.4
India,Nagaland,Kanpur,OZONE,2.2,229.6,39.3,2,Good,37.3,48.9,10.1
India,Telangana,Fatehabad,SO2,12.8,345.9,22,15,Good,39.9,63.5,23.3
India,Telangana,Latur,OZONE,51,478.2,253.2,209,Very Unhealthy,22.1,42.5,8.7
India,Jharkhand,Ballabgarh,CO,243.3,486,260.4,254,Very Unhealthy,20.1,36.1,10.8
India,Haryana,Charkhi Dadri,PM10,151.5,413.8,212,279,Very Unhealthy,28.2,84.6,7.1
India,Himachal Pradesh,Pampore,PM10,94.3,206,100.8,376,Hazardous,26.7,70.3,3.6
India,Jammu and Kashmir,Guntur,PM10,17,112.9,56.4,91,Moderate,31.7,89.2,29.5
India,Chandigarh,Thoothukudi,SO2,0.6,366.6,2.1,0,Good,23.5,44.9,26.7
India,Andhra Pradesh,Kolhapur,SO2,97.9,464.8,173.5,154,Unhealthy,16.4,94.4,20.6
India,Delhi,Akola,PM2.5,6.1,437.8,242.8,216,Very Unhealthy,19.3,85.9,8.1
India,Puducherry,Aurangabad,CO,135.2,294.2,147.1,101,Unhealthy for Sensitive Groups,18.8,71,4.9
India,Telangana,Bhiwadi,NH3,11.7,100.3,20.6,20,Good,16,51.2,28.5
India,Kerala,Mysuru,PM10,65.1,413.4,165.3,198,Unhealthy,28.8,42.3,12.2
India,Tamil Nadu,Rohtak,SO2,89.6,439.3,150.4,327,Hazardous,24.2,83.3,12.3
India,Himachal Pradesh,Maihar,OZONE,40.6,204.4,152.7,152,Unhealthy,29.4,45.9,18.9
India,Jharkhand,Kolhapur,NO2,4.7,447.6,32.2,17,Good,34.3,63.9,14
India,Gujarat,Dharwad,CO,66.3,342.1,179.5,176,Unhealthy,24.4,65.7,24.2
India,Uttarakhand,Bhiwadi,OZONE,195.9,497.1,242.2,264,Very Unhealthy,18.3,65.9,2.8
India,Rajasthan,Virar,PM10,0.7,56.8,2.9,44,Good,28.7,94,10.6
India,Gujarat,Manesar,NH3,0,352.6,182.5,180,Unhealthy,20.5,51.9,7.9
India,Madhya Pradesh,Banswara,NH3,106,414.1,202.6,266,Very Unhealthy,25.6,42,15.3
India,Jharkhand,Mandi Gobindgarh,SO2,0.5,110,71.5,55,Moderate,17.6,50.7,5.2
India,Punjab,Nellore,CO,91.2,353.6,232.4,237,Very Unhealthy,33,74.4,7
India,Meghalaya,Puducherry,CO,16.7,180.6,36.8,39,Good,36.4,64.8,19.6
India,Meghalaya,Bhiwadi,PM2.5,3.1,313.7,197,169,Unhealthy,32,37.8,1.6
India,Haryana,Badlapur,NO2,26.1,85.5,32.6,26,Good,32,86.6,27.9
India,Jharkhand,Thoothukudi,PM2.5,89.9,128.3,111.7,136,Unhealthy for Sensitive Groups,28.1,64,17.7
India,Bihar,Ahmedabad,CO,187,309.4,234,231,Very Unhealthy,37.3,77.1,3.6
India,Meghalaya,Byrnihat,CO,1.8,384.8,25.3,43,Good,40,62.3,9.3
India,Odisha,Khurja,CO,74.4,276.3,119.6,139,Unhealthy for Sensitive Groups,18.5,49.2,28.2
India,Punjab,Yadgir,CO,27.2,240.6,84.2,68,Moderate,22.8,65.3,17.1
India,Kerala,Karnal,SO2,54.3,229.2,168.5,161,Unhealthy,24.2,50.5,2.2
India,Chandigarh,Modinagar,OZONE,171.7,427.9,172.8,182,Unhealthy,30.3,38.2,2
India,Andhra Pradesh,Mandi Gobindgarh,SO2,1.6,318.8,2.5,24,Good,15.9,44,14.3
India,Chhattisgarh,Fatehabad,PM10,5.6,218.7,122.9,124,Unhealthy for Sensitive Groups,21.4,90.1,12.1
India,Andhra Pradesh,Bikaner,PM2.5,177.8,252.5,193.3,174,Unhealthy,26.2,94.4,27.1
India,Sikkim,Jaisalmer,CO,135.7,492.7,146.2,103,Unhealthy for Sensitive Groups,38.6,92.5,7.2
India,Jharkhand,Aizawl,NH3,13,301.7,100.2,490,Hazardous,20.5,47.5,13.4
India,Nagaland,Barbil,NH3,59.7,353.5,97.1,60,Moderate,33.7,85.6,19.4
India,Bihar,Alwar,OZONE,83,462.1,215.7,219,Very Unhealthy,23.1,82.8,12.6
India,Bihar,Amaravati,OZONE,42,346,116.4,118,Unhealthy for Sensitive Groups,31.2,46.5,6.7
India,Odisha,Kohima,PM2.5,125.4,481.4,181.4,162,Unhealthy,24.8,52.3,14.8
India,Meghalaya,Tensa,OZONE,64.4,413.6,164.9,159,Unhealthy,21.7,37.7,14.8
India,Chhattisgarh,Ujjain,SO2,200.1,280.5,260.7,240,Very Unhealthy,34.2,73.5,26.4
India,Jharkhand,Mumbai,PM2.5,195,293.5,196.6,168,Unhealthy,16.4,83.3,19.4
India,Gujarat,Amravati,SO2,150.9,267.3,214,220,Very Unhealthy,38.7,38,29.9
India,Haryana,Mira-Bhayandar,SO2,37.8,433.7,248.6,203,Very Unhealthy,34.9,87.4,25.6
India,Chhattisgarh,Fatehabad,PM2.5,156.3,469.6,171.9,176,Unhealthy,28.8,57.3,3.9
India,Kerala,Gwalior,SO2,141.7,286.8,186,154,Unhealthy,21.3,66.4,12.3
India,Jammu and Kashmir,Katni,PM10,10,148.5,67.5,66,Moderate,15.4,51.9,9.7
India,Puducherry,Gandhinagar,PM10,23,352.3,237.3,234,Very Unhealthy,39.8,83.3,29.3
India,Kerala,Rishikesh,NH3,78.7,455.9,162,192,Unhealthy,21.3,40.1,27.8
India,Sikkim,Puducherry,PM10,22.9,245.4,215.6,286,Very Unhealthy,38.1,57.2,27.6
India,Jammu and Kashmir,Ghaziabad,NH3,41.7,310.4,47.2,34,Good,27,85.7,3.6
India,Meghalaya,Churu,OZONE,110.2,242,218.3,291,Very Unhealthy,18.8,71.6,9.3
India,Jharkhand,Mahad,PM2.5,28.2,454.1,141.7,122,Unhealthy for Sensitive Groups,35.1,44.4,7.3
India,Telangana,Siliguri,PM10,2.3,63.1,37.1,18,Good,29.7,83.5,4.3
India,Jharkhand,Araria,SO2,21,175.7,54.7,63,Moderate,30.8,37.6,6.1
India,Jammu and Kashmir,Karauli,NH3,44.2,272.3,111.7,104,Unhealthy for Sensitive Groups,15.6,47.7,22.4
India,Uttarakhand,Pampore,OZONE,1.1,89.9,5.2,36,Good,19,72.4,21.1
India,Andhra Pradesh,Badlapur,PM10,115.6,421.6,154.8,162,Unhealthy,39,66.9,24.8
India,Mizoram,Satna,SO2,37.5,333.2,123,132,Unhealthy for Sensitive Groups,22.1,75.1,14.4
India,Meghalaya,Palwal,NO2,94.9,469.1,117.2,120,Unhealthy for Sensitive Groups,21.4,41.7,25.2
India,Meghalaya,Sirohi,PM10,21.9,121.3,39,49,Good,27.1,66.1,11.9
India,Nagaland,Bhilai,NH3,60.7,470.2,95.1,93,Moderate,20.9,49.7,9.3
India,Nagaland,Satara,PM10,48.8,402.4,91,87,Moderate,39,92.6,27.3
India,Maharashtra,Naharlagun,NO2,0.6,329.3,2.8,43,Good,20.6,62.8,28.7
India,Sikkim,Siliguri,SO2,0.7,309.1,260.2,213,Very Unhealthy,20.2,88.5,5.6
India,Haryana,Vatva,PM10,7.2,434.5,173.8,158,Unhealthy,30.4,48.2,11.3
India,Bihar,Baripada,PM10,115.8,264,217.9,201,Very Unhealthy,30.9,54.5,17.8
India,Delhi,Navi Mumbai,PM10,120.6,200.6,123.7,144,Unhealthy for Sensitive Groups,38.6,71.4,4.3
India,Jharkhand,Aizawl,PM10,73,157,118.8,149,Unhealthy for Sensitive Groups,19.4,33.5,4.9
India,Arunachal Pradesh,Srinagar,SO2,27,314.5,139.7,106,Unhealthy for Sensitive Groups,23.8,70.4,3.3
India,Assam,Patiala,OZONE,20,420.7,235.4,246,Very Unhealthy,21.9,93.3,1.5
India,Mizoram,Pampore,PM10,56.8,71.5,59,100,Moderate,36.6,52.6,10.5
India,Punjab,Cuddalore,PM10,50.6,274.3,95.8,51,Moderate,37.4,94.6,19.7
India,Uttarakhand,Bengaluru,PM10,16.8,33.1,21.5,9,Good,21.9,44.4,0.9
India,Himachal Pradesh,Gorakhpur,CO,4.4,145.6,5.5,21,Good,30.8,68.3,7.8
India,Tripura,Modinagar,NH3,23.5,218.2,73.6,72,Moderate,34.4,47.9,20.3
India,Bihar,Naharlagun,CO,1.8,208.7,50.7,451,Hazardous,17.5,70.9,22.2
India,Jammu and Kashmir,Gangtok,SO2,5.1,435.6,23,32,Good,36,60.5,29.1
India,Jammu and Kashmir,Udaipur,NH3,49.8,113,84.2,96,Moderate,34,42.6,6.4
India,Bihar,Thiruvananthapuram,NH3,38.1,201.9,93.5,74,Moderate,32.6,56.9,2.9
India,Punjab,Gandhinagar,SO2,39.8,257.5,68.8,86,Moderate,39.4,70.2,4.7
India,Telangana,Udaipur,CO,80.8,486.7,153.5,187,Unhealthy,39.6,47.6,4.4
India,Kerala,Agra,SO2,60.7,470.3,157.4,193,Unhealthy,20.7,61.7,14.5
India,Andhra Pradesh,Damoh,PM2.5,137.4,417.9,166.5,177,Unhealthy,31.2,80.6,21.4
India,Himachal Pradesh,Bhavnagar,OZONE,4.8,201.8,22.4,39,Good,34,73.7,17.1
India,Karnataka,Rairangpur,SO2,55.5,334.8,107.7,148,Unhealthy for Sensitive Groups,37.2,50,7.8
India,Delhi,Hisar,NO2,238,411.7,257.8,223,Very Unhealthy,32.8,52.2,25.5
India,Jammu and Kashmir,Katni,OZONE,3.8,481.2,205.6,231,Very Unhealthy,35.6,61.7,13.8
India,Punjab,Firozabad,SO2,90.4,279,169.3,197,Unhealthy,38.4,66.2,2.5
India,Andhra Pradesh,Dhanbad,NH3,175.4,352.2,211.4,242,Very Unhealthy,35.1,81.8,18
India,Nagaland,Cuddalore,NO2,128.6,358.1,205.4,218,Very Unhealthy,20.2,66.3,9.6
India,Haryana,Satara,PM10,167.2,365,254.4,263,Very Unhealthy,29.5,58.3,11.5
India,Meghalaya,Ulhasnagar,NO2,117.6,453,122.1,149,Unhealthy for Sensitive Groups,20.1,89.7,10.4
India,Bihar,Ambernath,NH3,119.3,205.2,141.8,134,Unhealthy for Sensitive Groups,28,90.1,10.9
India,Arunachal Pradesh,Jhansi,NO2,128,213.1,192.5,159,Unhealthy,35.8,90.5,5.3
India,Assam,Jind,CO,129.4,397.1,142,110,Unhealthy for Sensitive Groups,23.3,86.6,12.5
India,Chandigarh,Madurai,PM10,23.7,291.6,202,280,Very Unhealthy,30.8,36,17
India,Arunachal Pradesh,Gummidipoondi,OZONE,55,427.1,242.6,203,Very Unhealthy,32.2,69.2,9.1
India,Jammu and Kashmir,Virar,CO,58.2,474.6,166.6,179,Unhealthy,28.3,52.6,6.2
India,Uttar Pradesh,Ramanagara,SO2,61.5,492.8,64.8,62,Moderate,39.2,41,25.6
India,Karnataka,Pune,PM10,23,485.9,215.4,279,Very Unhealthy,39.6,83.8,7.2
India,Delhi,Nellore,NH3,101.9,322.7,115.5,135,Unhealthy for Sensitive Groups,36.7,68.7,21.3
India,Himachal Pradesh,Vrindavan,SO2,18.6,159.4,75.9,59,Moderate,22.6,90.4,0.7
India,Nagaland,Amaravati,CO,188.4,246.8,201.9,223,Very Unhealthy,20.5,75.8,20.5
India,West Bengal,Ujjain,CO,1.3,487,12.4,14,Good,28.8,56.1,10.4
India,Maharashtra,Varanasi,NH3,59,476.6,175.3,185,Unhealthy,35.2,86.9,2.6
India,Rajasthan,Vatva,PM2.5,97.6,310.9,171.3,196,Unhealthy,31.6,48,3.4
India,Telangana,Jodhpur,CO,53.5,304.8,131.2,127,Unhealthy for Sensitive Groups,20.1,92.1,18.6
India,Nagaland,Vrindavan,CO,185.6,373.4,207,226,Very Unhealthy,37.4,54.1,25.2
India,Meghalaya,Yadgir,PM10,120.9,279.4,139.5,138,Unhealthy for Sensitive Groups,37.1,52.6,4.5
India,Assam,Greater Noida,NH3,178.7,268.8,219.3,269,Very Unhealthy,35.4,66.3,19.3
India,Delhi,Ulhasnagar,PM2.5,11.4,31.3,26,32,Good,17.2,41.9,2.1
India,Tripura,Khanna,OZONE,81.4,213.2,205.3,262,Very Unhealthy,35.2,71.7,16.1
India,Meghalaya,Vatva,CO,2.4,44.6,8.4,7,Good,36.9,57.6,5.8
India,Himachal Pradesh,Thrissur,NH3,15.2,401.2,42.9,4,Good,19.3,87.4,22.3
India,Kerala,Faridabad,CO,10.7,452.3,13.9,26,Good,21.3,51.6,14.9
India,Andhra Pradesh,Gorakhpur,PM10,84.8,360.7,125.2,139,Unhealthy for Sensitive Groups,35.7,44.8,11.6
India,Meghalaya,Durgapur,CO,89.1,467.5,97.1,62,Moderate,24.9,64.9,21
India,Uttar Pradesh,Mandi Gobindgarh,PM2.5,2.1,98.9,3.1,19,Good,39.6,83.1,24.1
India,Telangana,Jalna,NO2,52,395.3,158.4,188,Unhealthy,31.7,43.6,23.3
India,West Bengal,Tirumala,PM10,38.1,103.8,91.7,61,Moderate,24.2,89.4,25.5
India,Sikkim,Tirumala,CO,40.6,459.9,70.1,60,Moderate,18.5,62.6,22.2
India,Karnataka,Sivasagar,PM2.5,103.9,411.8,142.2,116,Unhealthy for Sensitive Groups,24.2,70.6,0.6
India,Delhi,Pune,OZONE,0.7,466.9,101.4,108,Unhealthy for Sensitive Groups,34,50.7,16.4
India,Bihar,Akola,NO2,0.3,380.4,3.4,35,Good,33.8,60.7,15
India,Uttarakhand,Siwan,PM10,60,265.6,157.3,153,Unhealthy,19.6,81.8,0.5
India,Nagaland,Satara,OZONE,3.1,389.5,252,236,Very Unhealthy,31,63.8,12.7
India,Haryana,Churu,PM2.5,24.2,396.5,195,191,Unhealthy,40,53.8,16.4
India,Tripura,Jhansi,NO2,39.2,287.1,166.9,181,Unhealthy,38.3,37.3,9.6
India,Madhya Pradesh,Meerut,CO,95.7,433,216.3,272,Very Unhealthy,33.7,41.6,14.4
India,Arunachal Pradesh,Belapur,NO2,207.3,421.1,215.1,284,Very Unhealthy,24.5,68.5,5.6
India,Tripura,Gummidipoondi,NH3,102.1,405.4,165.4,151,Unhealthy,24.9,35.2,19.8
India,Mizoram,Karnal,PM2.5,64.3,452,148,138,Unhealthy for Sensitive Groups,20.4,38.2,27.4
India,Punjab,Kannur,NO2,1.8,432,122.7,143,Unhealthy for Sensitive Groups,17.2,42.8,3.2
India,Meghalaya,Amravati,NH3,6.5,451.4,190.3,189,Unhealthy,26.1,83.7,6.9
India,West Bengal,Guntur,NO2,101.1,206.3,132.6,105,Unhealthy for Sensitive Groups,36.3,91,4.6
India,Uttar Pradesh,Nandesari,PM10,207.7,390.3,230,237,Very Unhealthy,29.2,72.5,0.7
India,Assam,Gwalior,PM10,40.4,382.8,175.5,162,Unhealthy,31,93.3,26.1
India,Chhattisgarh,Surat,NO2,49.8,183.4,152.1,151,Unhealthy,32.8,42.4,12.6
India,Tamil Nadu,Ulhasnagar,PM2.5,46.8,449.3,251,292,Very Unhealthy,24.9,64.6,9.9
India,Nagaland,Kanpur,OZONE,196.7,388.9,229,237,Very Unhealthy,36,40.1,6.1
India,Maharashtra,Hisar,SO2,57.3,273.1,92.4,77,Moderate,17.1,62.9,9.7
India,Andhra Pradesh,Coimbatore,NO2,1.3,64.5,1.7,46,Good,23.8,61.2,22.9
India,Meghalaya,Kunjemura,CO,55.2,337.5,260.7,203,Very Unhealthy,36.6,93.5,12.9
India,Meghalaya,Amritsar,SO2,181.2,328.1,263.8,283,Very Unhealthy,30.2,42.4,17.8
India,Andhra Pradesh,Jalna,PM2.5,2.8,418,19.7,25,Good,32,90.7,16.1
India,Kerala,Bharatpur,OZONE,49.8,124.5,65.7,89,Moderate,30.3,31.5,5.4
India,Karnataka,Bihar Sharif,PM10,96,223.6,144.2,120,Unhealthy for Sensitive Groups,22.6,42.1,17
India,Gujarat,Thiruvananthapuram,PM10,89,192.7,190.2,181,Unhealthy,26.3,55.8,23.2
India,Gujarat,Hajipur,PM10,85.1,447.6,249.1,263,Very Unhealthy,21.9,52.4,0.5
India,Sikkim,Rairangpur,NO2,183.8,382.2,244.8,253,Very Unhealthy,21,82.9,29.3
India,Chhattisgarh,Araria,CO,49,267.4,63.1,95,Moderate,27.3,35.6,15.4
India,Chhattisgarh,Chandigarh,OZONE,51.1,314.6,245,295,Very Unhealthy,36.9,64.6,26.4
India,Maharashtra,Eluru,OZONE,25.9,463.8,235,297,Very Unhealthy,31.5,93.1,19
India,Mizoram,Patna,NO2,138.7,390.8,153.7,162,Unhealthy,21.2,78.4,0.3
India,Punjab,Kishanganj,CO,77.7,267.9,212.6,214,Very Unhealthy,32.5,50,0.4
India,Nagaland,Sasaram,OZONE,110.1,298.5,202.2,228,Very Unhealthy,17.5,82.1,27
India,Tripura,Panipat,NH3,162.6,249.5,173.1,181,Unhealthy,33.4,60.3,24.3
India,Himachal Pradesh,Sagar,PM2.5,30.1,394.6,234,237,Very Unhealthy,31.4,93.5,3.2
India,Rajasthan,Dharuhera,OZONE,60.6,421.3,97.9,97,Moderate,36.5,73.4,19.4
India,Nagaland,Gandhinagar,PM10,27.6,274.2,45.6,3,Good,16.9,46.6,14.7
India,Bihar,Banswara,PM10,183.6,466.6,216.9,268,Very Unhealthy,36.2,48.2,4.7
India,Gujarat,Dehradun,PM2.5,71.1,177.8,99,83,Moderate,15.7,35.7,13
India,Uttar Pradesh,Prayagraj,SO2,46.2,319.8,209.3,245,Very Unhealthy,29.2,87.7,13.5
India,Tamil Nadu,Navi Mumbai,NO2,6.2,189,19.5,1,Good,24.2,86.7,7.3
India,Karnataka,Surat,SO2,113.4,365.5,207.5,241,Very Unhealthy,36.2,87.9,13.8
India,Rajasthan,Siwan,OZONE,24.2,284.7,256.6,215,Very Unhealthy,35.6,91.1,28.9
India,Kerala,Vatva,CO,65.8,198.9,160.6,185,Unhealthy,35,91,8.6
India,West Bengal,Yadgir,OZONE,199.7,344.7,231.2,288,Very Unhealthy,36.3,58.4,11.2
India,Rajasthan,Thane,NO2,7.5,132.8,53.3,55,Moderate,29.2,63.4,28.2
India,Uttar Pradesh,Shivamogga,PM2.5,43.6,263.3,228.1,294,Very Unhealthy,39.6,91.4,29.3
India,Jammu and Kashmir,Varanasi,PM10,97.3,227.4,113.2,144,Unhealthy for Sensitive Groups,31.9,53.5,26.9
India,Gujarat,Gummidipoondi,OZONE,70.6,470.3,174.1,195,Unhealthy,39.8,64.9,10.2
India,Maharashtra,Ludhiana,NH3,41.6,146.5,61.9,93,Moderate,23.7,56.9,10.5
India,Tripura,Udaipur,CO,148.8,380.3,176.1,153,Unhealthy,24.2,57.5,18
India,Punjab,Baran,PM10,94.4,497.5,184.7,199,Unhealthy,30.7,64,20.2
India,Assam,Asansol,CO,207.9,348.6,257.9,209,Very Unhealthy,26.5,42.5,6.8
India,Delhi,Baripada,PM10,5.9,248.1,88.5,98,Moderate,20,74,29.8
India,Maharashtra,Rourkela,CO,41.7,356.1,164.1,154,Unhealthy,34.4,34.4,4.4
India,Meghalaya,Keonjhar,OZONE,19.6,263.9,136.7,122,Unhealthy for Sensitive Groups,30.9,48.5,17.2
India,Uttarakhand,Parbhani,PM10,49.5,103.8,94.9,85,Moderate,34.2,64,1.8
India,Tripura,Dombivli,PM10,123,394.8,209.2,254,Very Unhealthy,37.3,52.9,14.1
India,Puducherry,Angul,PM10,143.5,330.3,184.2,178,Unhealthy,19.2,40.4,11.4
India,Karnataka,Karwar,PM2.5,95.5,239.4,159.3,164,Unhealthy,22.1,32.9,13.5
India,Gujarat,Patiala,NO2,81,203.1,161.3,174,Unhealthy,20.4,63.7,26.3
India,Gujarat,Gaya,PM10,63.4,277.6,100.9,460,Hazardous,16.2,44.2,18.3
India,Sikkim,Madikeri,SO2,0,287.3,0.6,37,Good,30.7,76.5,4.7
India,Maharashtra,Kalyan,NH3,43.4,261.8,46.1,29,Good,29.9,70.2,19.3
India,Rajasthan,Ahmednagar,OZONE,6.2,410.6,159.5,153,Unhealthy,19.3,53.8,6.7
India,Telangana,Fatehabad,PM2.5,161.6,489.8,191.2,198,Unhealthy,19.5,74.9,25.9
India,Assam,Bikaner,PM10,154.3,173.5,171.7,178,Unhealthy,29.1,45.1,15.4
India,Karnataka,Chandrapur,PM2.5,53.3,323.7,89.6,67,Moderate,28.7,88.5,18.9
India,Rajasthan,Jodhpur,CO,43,491,88,73,Moderate,34,73.4,0.8
India,Uttarakhand,Machilipatnam,PM10,144.3,225.7,167.9,173,Unhealthy,38.6,56.9,7.2
India,Delhi,Surat,NO2,10,316.9,166.6,175,Unhealthy,31.1,67.6,7.2
India,Madhya Pradesh,Prayagraj,OZONE,24.5,121.7,93.5,63,Moderate,18.8,78.2,1.2
India,Rajasthan,Bhiwani,OZONE,115.5,449.8,175.7,164,Unhealthy,26.6,37.5,24.3
India,Telangana,Khanna,SO2,35.1,425.8,136.4,124,Unhealthy for Sensitive Groups,38,40.2,16.7
India,Gujarat,Karnal,OZONE,97.1,465.6,140,130,Unhealthy for Sensitive Groups,24.1,52.2,18.5
India,Jammu and Kashmir,Amaravati,PM10,60.4,161.9,91.9,56,Moderate,29.3,42.2,5.1
India,Tripura,Dewas,PM10,116.7,462.8,220.7,234,Very Unhealthy,36.2,42.9,0.2
India,Andhra Pradesh,Amravati,OZONE,49.1,278.9,202.3,213,Very Unhealthy,33.1,82,4.9
India,Telangana,Fatehabad,NO2,13.2,216.8,18.2,18,Good,37.9,64.4,10.9
India,Maharashtra,Aizawl,NH3,144.6,365.8,210.2,269,Very Unhealthy,31.4,88.6,7.3
India,Uttar Pradesh,Rupnagar,PM2.5,106.1,134.8,116.7,149,Unhealthy for Sensitive Groups,37.2,60.7,6.3
India,Uttar Pradesh,Anantapur,OZONE,115.9,388.3,206.1,259,Very Unhealthy,20,67.6,11.7
India,Karnataka,Chikkamagaluru,PM10,186.9,278.4,217.6,265,Very Unhealthy,29.5,85,19.3
India,West Bengal,Tumidih,PM10,21.2,397.1,36.5,2,Good,27.6,45.9,28.7
India,Tamil Nadu,Mira-Bhayandar,SO2,79.5,425.8,151.9,152,Unhealthy,30.6,31.8,8.6
India,Meghalaya,Asansol,OZONE,169.3,387.3,229.3,258,Very Unhealthy,34.9,35.6,21
India,Odisha,Sawai Madhopur,OZONE,2,286.2,185.7,171,Unhealthy,23.5,50.8,2.7
India,Delhi,Ankleshwar,PM10,32.7,457.3,219.2,274,Very Unhealthy,27.3,64.5,2.1
India,Jharkhand,Thoothukudi,PM2.5,103.3,236.3,194.7,199,Unhealthy,37.2,64.8,28.3
India,Nagaland,Indore,NO2,4.7,234,16.1,50,Good,37.5,47.6,9.4
India,Kerala,Amritsar,OZONE,41.5,435.3,65.9,61,Moderate,35.8,80.6,28.2
India,Odisha,Beed,PM2.5,9.1,451.7,207.2,258,Very Unhealthy,28.6,71.6,15.6
India,Arunachal Pradesh,Bundi,CO,0.6,14.6,4,49,Good,18.8,66.8,10.9
India,Himachal Pradesh,Bhopal,OZONE,88,428.8,197.6,185,Unhealthy,32.4,84.3,17.6
India,Sikkim,Hyderabad,CO,102.7,264.2,254.7,237,Very Unhealthy,17.9,87.9,13.1
India,Odisha,Munger,SO2,34.7,297.6,76.6,67,Moderate,30.3,69.7,3.5
India,Bihar,Indore,SO2,30.8,160.3,106.6,143,Unhealthy for Sensitive Groups,26.5,90.8,27.4
India,Haryana,Bilaspur,OZONE,0.5,272.9,1.9,35,Good,30,77.5,13.9
India,Jammu and Kashmir,Panchgaon,CO,15.8,418.5,232.2,288,Very Unhealthy,28,31.3,8.3
India,Assam,Nellore,SO2,7.5,346.6,54.5,63,Moderate,26.2,38.4,26.5
India,Chhattisgarh,Fatehabad,PM2.5,5.7,37.5,29.8,28,Good,23.1,72.2,24.8
India,Tamil Nadu,Raipur,PM10,52.4,498.5,262.5,268,Very Unhealthy,19.5,35.2,11
India,Odisha,Boisar,SO2,3.4,498.9,227.4,298,Very Unhealthy,17.3,33.7,25
India,Andhra Pradesh,Kollam,PM2.5,149.4,311.2,265.5,243,Very Unhealthy,34.3,42.3,19.1
India,Telangana,Singrauli,PM2.5,46,245.9,130.8,141,Unhealthy for Sensitive Groups,16.7,87.5,5.8
India,Gujarat,Mehsana,OZONE,33.9,376.1,46.3,47,Good,25,94.5,19.5
India,Assam,Bhubaneswar,PM2.5,42.6,484.6,202.4,298,Very Unhealthy,32.9,73.3,26.4
India,Tripura,Barrackpore,PM10,113.5,373.5,185.7,180,Unhealthy,35.8,41.2,11
India,Himachal Pradesh,Nagaur,NO2,22.7,170.5,120.2,131,Unhealthy for Sensitive Groups,20.7,41.6,10.7
India,Puducherry,Surat,PM10,158.7,226.8,186.8,199,Unhealthy,32.1,92.8,15.8
India,Chhattisgarh,Thoothukudi,PM10,11.8,198.7,13.9,50,Good,29.2,77.3,28.5
India,Sikkim,Jaisalmer,OZONE,218.5,387.6,246.6,234,Very Unhealthy,23.5,39.8,17.8
India,Bihar,Munger,PM10,221.3,449.8,233.9,241,Very Unhealthy,38.1,50.8,21.3
India,Andhra Pradesh,Asansol,NO2,39.7,432.7,188,199,Unhealthy,38.5,63.2,13.7
India,Arunachal Pradesh,Beed,PM2.5,130.6,416.4,210.4,256,Very Unhealthy,25.5,35.6,29.5
India,Puducherry,Pithampur,CO,156.2,392.1,261.7,267,Very Unhealthy,34.7,42.9,10.2
India,West Bengal,Pali,NH3,124.4,393.2,229.7,290,Very Unhealthy,33.5,73.4,14.9
India,Jharkhand,Siliguri,SO2,8.3,318.4,9.6,25,Good,36.2,87.3,19
India,Tamil Nadu,Tirupati,PM2.5,31.4,255.9,77.4,73,Moderate,28.6,68.3,0.2
India,Meghalaya,Virar,PM2.5,133,343.5,232.9,244,Very Unhealthy,24.7,77.8,0.9
India,Karnataka,Jaisalmer,NH3,36.8,493.4,150.4,483,Hazardous,22.5,87.9,27.9
India,Delhi,Charkhi Dadri,NO2,223.8,251.3,249.6,216,Very Unhealthy,29.7,37,0.8
India,Karnataka,Churu,SO2,33.1,351.2,197,166,Unhealthy,33.2,74.8,24.9
India,Maharashtra,Thrissur,OZONE,39,239.6,62.8,72,Moderate,19.9,50.6,8.9
India,Sikkim,Thane,NO2,40.6,474.7,94.7,83,Moderate,36.6,79.8,1.6
India,Gujarat,Rajamahendravaram,PM10,89.5,306.7,220.5,235,Very Unhealthy,31,81.9,17.2
India,West Bengal,Mysuru,OZONE,7,486.4,102.9,111,Unhealthy for Sensitive Groups,27.6,31,6.2
India,Tamil Nadu,Samastipur,NH3,4.5,183.6,133.5,109,Unhealthy for Sensitive Groups,39.9,90.4,13.3
India,Chhattisgarh,Tensa,OZONE,119.9,227.6,183.8,187,Unhealthy,38.3,64.2,1.3
India,Telangana,Kannur,NO2,7.4,299.7,31,21,Good,34.2,68,21.7
India,Gujarat,Mysuru,PM10,10,473.5,16.6,10,Good,19.9,31,18.9
India,Meghalaya,Damoh,PM2.5,55.9,418.7,89.6,61,Moderate,25.1,33.7,2.3
India,Uttarakhand,Panipat,PM10,169,408.3,191.6,195,Unhealthy,18.5,41.5,6.5
India,West Bengal,Raipur,PM10,51.8,366.6,197.3,151,Unhealthy,30,94.8,5.8
India,Nagaland,Suakati,PM2.5,51.2,166.9,71.8,56,Moderate,18.5,92.5,15.9
India,Sikkim,Kashipur,PM10,103.2,344.8,186.6,164,Unhealthy,21.8,75.8,8.3
India,Nagaland,Durgapur,OZONE,35.4,277.4,225.7,296,Very Unhealthy,21.9,49.5,10.8
India,Himachal Pradesh,Pithampur,OZONE,23.9,477.2,64.8,97,Moderate,28.9,33.6,18.7
India,Tripura,Bikaner,PM10,31.5,137.9,56.2,71,Moderate,19.7,91.5,30
India,Chhattisgarh,Bulandshahr,NH3,147.1,424.2,184.3,192,Unhealthy,31.4,95,0.3
India,Tripura,Chandigarh,NO2,1.8,234,4,4,Good,28.5,52.6,1.1
India,Puducherry,Vijayapura,NO2,2.6,318.9,101.2,109,Unhealthy for Sensitive Groups,36.5,75,29.8
India,Haryana,Hubballi,OZONE,50.5,449.3,229.7,264,Very Unhealthy,25.8,42.7,23.1
India,Puducherry,Buxar,SO2,20.1,310.4,97.1,94,Moderate,37.5,61.5,26.3
India,Puducherry,Nanded,NO2,10.1,379,51.2,63,Moderate,28.3,84.4,11.7
India,Himachal Pradesh,Kannur,CO,95,410.4,129.5,135,Unhealthy for Sensitive Groups,36.9,80.3,13.2
India,Nagaland,Vatva,CO,36.4,326.3,78.4,82,Moderate,22,80.9,8.4
India,Haryana,Thane,PM2.5,6.8,196.2,11.7,9,Good,18.1,30.1,29.8
India,West Bengal,Churu,SO2,16.4,485.2,188.3,162,Unhealthy,15.8,68.6,17.1
India,Karnataka,Ankleshwar,NH3,148.5,175.3,148.7,135,Unhealthy for Sensitive Groups,16.3,91.3,16.3
India,Chhattisgarh,Chandigarh,SO2,149.1,361.4,222,239,Very Unhealthy,32.8,82.3,2.2
India,Puducherry,Gandhinagar,OZONE,41.5,486.8,49.1,8,Good,20.2,31.1,3.8
India,Uttar Pradesh,Lucknow,NO2,63.1,239.7,201.7,241,Very Unhealthy,38.8,73.1,25.6
India,Maharashtra,Kishanganj,NH3,3.4,393,3.4,6,Good,35.4,38.5,4.1
India,Assam,Muzaffarpur,CO,19.3,310.5,178.3,153,Unhealthy,17.4,51,2.3
India,Madhya Pradesh,Milupara,PM2.5,164.1,338.4,225.8,259,Very Unhealthy,25.9,44,9.4
India,Chhattisgarh,Barbil,OZONE,165.1,339.4,241.3,203,Very Unhealthy,39.9,80.7,16.2
India,Uttarakhand,Kadapa,OZONE,67.4,487,100.8,406,Hazardous,32.6,93,29.1
India,Chhattisgarh,Amaravati,SO2,41.3,258.5,77.9,89,Moderate,38.6,50.6,21.9
India,Delhi,Byrnihat,PM2.5,106.8,157.8,116.8,147,Unhealthy for Sensitive Groups,19,66.4,22.4
India,Haryana,Kurukshetra,NH3,1.6,203.8,3.3,17,Good,37.4,63,26.9
India,Bihar,Thiruvananthapuram,NH3,12.5,399.3,20.7,25,Good,29.6,43.2,0.1
India,Odisha,Virar,NH3,58.6,201.7,122.7,145,Unhealthy for Sensitive Groups,27.1,39.3,5.7
India,Telangana,Pratapgarh,PM10,76.7,412,168.9,176,Unhealthy,38.6,94.7,20.9
India,Rajasthan,Ulhasnagar,CO,26.6,441.1,234.4,283,Very Unhealthy,36.5,59.6,10.3
India,Andhra Pradesh,Amravati,NO2,11.8,213.6,81.5,74,Moderate,37.6,76.9,13.6
India,Tamil Nadu,Raipur,OZONE,80.5,347.9,88,61,Moderate,23.4,55.8,1.4
India,Puducherry,Kota,SO2,148.9,392.7,162.1,189,Unhealthy,25.7,70.5,17.6
India,Tripura,Saharsa,PM2.5,230.3,284.8,246.2,297,Very Unhealthy,21.2,77.6,0.5
India,Karnataka,Hanumangarh,SO2,44.5,128,54.8,62,Moderate,35.9,75.6,13.8
India,Bihar,Nagpur,NO2,128.7,203.7,155.4,198,Unhealthy,15.6,71.7,5.3
India,Sikkim,Jhansi,NO2,62.7,494.7,265,288,Very Unhealthy,37.3,50.5,13.8
India,Uttar Pradesh,Malegaon,PM10,7.8,469.7,53.8,75,Moderate,21.9,34.2,25.2
India,Uttarakhand,Surat,PM2.5,34.8,102.9,98.9,69,Moderate,28.2,57.4,1.4
India,Arunachal Pradesh,Raipur,CO,18.4,459.9,82.5,100,Moderate,20.5,81,29.2
India,Jammu and Kashmir,Bundi,NO2,152.9,333.7,224.7,268,Very Unhealthy,37.9,65.8,16.3
India,Jharkhand,Nagaur,OZONE,12.1,247.9,14.3,40,Good,22.4,82.8,9.5
India,Chandigarh,Madurai,NO2,55.2,180,85.5,88,Moderate,27.1,91.6,24.5
India,Arunachal Pradesh,Rajgir,NH3,35.4,252.3,113.7,103,Unhealthy for Sensitive Groups,35.1,91,12.4
India,Madhya Pradesh,Rourkela,NH3,56.8,397.4,156.9,168,Unhealthy,21.8,52.9,21.1
India,Telangana,Mandideep,PM2.5,124.1,205.3,124.1,142,Unhealthy for Sensitive Groups,28.9,60.4,5.6
India,Jammu and Kashmir,Suakati,PM2.5,153.2,433.6,161.9,191,Unhealthy,23.6,34.1,20.7
India,West Bengal,Sirohi,SO2,197.8,290.9,259.7,291,Very Unhealthy,29.8,69.8,25.5
India,Uttarakhand,Rishikesh,NO2,25.2,219,38.2,6,Good,15.8,32.7,8.1
India,Delhi,Jhunjhunu,CO,32.1,209.9,53.5,97,Moderate,15.2,80.3,25.5
India,Mizoram,Barrackpore,SO2,5,465.4,17.7,50,Good,30.8,83.5,17.6
India,Chhattisgarh,Hubballi,PM10,79.9,425.6,116.4,125,Unhealthy for Sensitive Groups,24.3,37.3,15.4
India,Tripura,Katihar,OZONE,59.4,405.1,62.4,73,Moderate,36.4,72.5,26.9
India,Chandigarh,Motihari,NO2,35.5,275.7,88.2,96,Moderate,27.9,49.4,24.9
India,Puducherry,Bettiah,SO2,71.6,441.1,90.1,83,Moderate,19.7,90.7,9.6
India,Sikkim,Vatva,CO,2.1,442.9,226.7,277,Very Unhealthy,15.7,60.2,5.1
India,Tripura,Vrindavan,PM2.5,30.6,205.3,45.2,20,Good,33.9,67.5,27.1
India,Chandigarh,Chhapra,NO2,51.4,272.8,253.6,210,Very Unhealthy,27.3,43.1,22
India,Chandigarh,Mira-Bhayandar,SO2,9.2,446.2,199.2,191,Unhealthy,21.8,68.6,19.5
India,Meghalaya,Sawai Madhopur,NH3,32.4,258.3,33.5,38,Good,27.7,87.1,8.7
India,Tamil Nadu,Dharwad,PM2.5,215.7,331.7,257.5,227,Very Unhealthy,24.8,73,1.8
India,Assam,Arrah,NH3,4.8,284.8,5.2,39,Good,27.2,46.5,8
India,Haryana,Visakhapatnam,SO2,17.7,295.1,64.7,57,Moderate,23.3,44.9,24.7
India,Uttar Pradesh,Bihar Sharif,PM10,19.8,377.7,31.2,17,Good,24.3,92.4,16
India,Nagaland,Kashipur,CO,114.2,322.7,148.3,137,Unhealthy for Sensitive Groups,23.2,85,13.7
India,Himachal Pradesh,Indore,CO,1.3,169.9,4.5,3,Good,15.9,49.2,17.3
India,Uttar Pradesh,Bhilwara,PM10,62.2,121.3,78.5,85,Moderate,25.1,91.1,2.4
India,Jharkhand,Gangtok,PM2.5,157.5,489.2,176.6,167,Unhealthy,24.1,90,15.7
India,Tamil Nadu,Khora,PM10,2.2,407.8,91.2,74,Moderate,20.8,87.2,15.6
India,Tamil Nadu,Jabalpur,CO,148,393.5,194.8,166,Unhealthy,27.1,67.8,8.6
India,Jharkhand,Dehradun,NH3,47.2,443.7,191.9,151,Unhealthy,15.5,62.3,4.7
India,Uttar Pradesh,Puducherry,SO2,74,453.2,80.7,83,Moderate,17.7,76.8,23
India,Rajasthan,Hapur,SO2,74.8,233.4,112.3,117,Unhealthy for Sensitive Groups,26.9,81.8,16.1
India,Chandigarh,Tumidih,SO2,10.4,140.6,78,54,Moderate,39.6,74.5,0.4
India,Chandigarh,Bikaner,CO,9.6,127.9,52.1,63,Moderate,18.8,91.1,6.4
India,Uttar Pradesh,Tensa,CO,30.6,92.5,75.3,79,Moderate,20,67.6,7.6
India,Punjab,Damoh,PM2.5,0.9,207,2.1,11,Good,35.5,51.8,14.9
India,Punjab,Gurugram,PM10,114.3,260.3,141.6,117,Unhealthy for Sensitive Groups,16.2,60,2
India,Puducherry,Belapur,PM10,116.5,417.7,137.1,102,Unhealthy for Sensitive Groups,22.9,55.2,8.3
India,Haryana,Bhubaneswar,CO,47.7,416.3,71.1,76,Moderate,27.8,49.6,5.2
India,Bihar,Kollam,PM10,100.6,492,156.3,199,Unhealthy,29.3,78.2,17.1
India,Himachal Pradesh,Yamuna Nagar,PM10,32,354.1,242.2,276,Very Unhealthy,21,93.3,0.2
India,Assam,Gwalior,PM2.5,56,366.1,66.2,77,Moderate,37,74.2,5.6
India,Odisha,Meerut,NO2,107.5,442.9,129.6,141,Unhealthy for Sensitive Groups,28.7,61,27.5
India,Andhra Pradesh,Chikkaballapur,OZONE,14.6,123.3,36.3,14,Good,36.2,46.8,2.8
India,Assam,Sri Ganganagar,SO2,13,354.1,158.9,185,Unhealthy,23.8,59.2,0.9
India,Sikkim,Karwar,NH3,60.9,242.2,198.3,156,Unhealthy,18.9,93.7,10.4
India,Madhya Pradesh,Sonipat,NO2,34.6,457.3,258.9,299,Very Unhealthy,24.6,61,17.2
India,Uttar Pradesh,Mehsana,NO2,45.2,306.2,245,264,Very Unhealthy,38.8,34.7,5.8
India,Chandigarh,Muzaffarnagar,SO2,6.9,456.7,204.1,219,Very Unhealthy,34.9,57.9,21.1
India,Jharkhand,Visakhapatnam,PM2.5,167,375.9,193.9,183,Unhealthy,24.7,92.8,16.8
India,Puducherry,Hingoli,NO2,5.5,357.8,82.3,99,Moderate,31.7,53.2,27.2
India,Tripura,Hajipur,PM10,44.1,86.6,81.3,99,Moderate,27.7,51.2,24.6
India,Telangana,Mangalore,PM10,52.8,151.8,142.3,131,Unhealthy for Sensitive Groups,38.8,52,17.2
India,Chandigarh,Kanpur,OZONE,92.6,322.2,175.3,161,Unhealthy,34.2,30.9,22.7
India,Madhya Pradesh,Kanpur,SO2,132.5,324.7,148.5,139,Unhealthy for Sensitive Groups,18.3,78.9,18.1
India,Haryana,Patna,PM2.5,13.9,51.1,29.7,32,Good,35.8,73.2,17.9
India,Himachal Pradesh,Samastipur,OZONE,38.6,492.4,134.3,119,Unhealthy for Sensitive Groups,33.8,89.5,29.3
India,Bihar,Singrauli,SO2,20.1,406.8,40.5,21,Good,34,78.6,17
India,Rajasthan,Asansol,NH3,162.7,411.5,223.2,253,Very Unhealthy,29.1,45.7,25.6
India,Uttarakhand,Mysuru,PM2.5,16.8,413.9,232.5,245,Very Unhealthy,28.4,78.1,22.3
India,Maharashtra,Faridabad,OZONE,188,290.9,228.1,251,Very Unhealthy,35.3,67.7,23.9
India,Kerala,Bhagalpur,CO,244.3,378.6,265.1,295,Very Unhealthy,22.2,86.6,18.8
India,Andhra Pradesh,Eluru,PM10,43.6,298.5,243.1,266,Very Unhealthy,39.7,80.3,5.2
India,Meghalaya,Badlapur,SO2,27.4,425.9,226.7,269,Very Unhealthy,24.7,78.7,22
India,Punjab,Rairangpur,PM10,50.1,424.6,91.2,56,Moderate,26.4,38.2,26.2
India,Uttar Pradesh,Bhiwani,SO2,15,263.5,59.5,93,Moderate,16,59.6,7.8
India,Tripura,Pampore,SO2,19.2,90.5,89.4,100,Moderate,26,69.2,28.6
India,Telangana,Suakati,OZONE,28.6,129,105.3,146,Unhealthy for Sensitive Groups,27.9,92,7.4
India,Kerala,Kolkata,PM2.5,48.6,137.3,102.5,107,Unhealthy for Sensitive Groups,25.6,77.6,0
India,Assam,Ahmednagar,PM10,112.3,355.1,212,256,Very Unhealthy,39.7,63.3,17.2
India,Chandigarh,Kalaburagi,NO2,28.9,335.2,109.5,102,Unhealthy for Sensitive Groups,32,83.5,29.2
India,Chhattisgarh,Ajmer,PM2.5,69.8,335.9,179.2,172,Unhealthy,27.2,33.8,19
India,Chandigarh,Purnia,NO2,0.9,96.4,1.2,31,Good,37.9,72.6,5.4
India,Gujarat,Agra,NH3,15.8,87.7,46,49,Good,17,30.3,7.2
India,Madhya Pradesh,Navi Mumbai,PM2.5,245.3,383.6,256.8,293,Very Unhealthy,31.5,49.3,22
India,Haryana,Badlapur,SO2,9.1,440.7,51,89,Moderate,33.7,62.8,28.1
India,Karnataka,Bagalkot,PM10,12.1,85.4,60.1,91,Moderate,18,72,3.9
India,Delhi,Bhopal,NH3,70.1,291.1,79.2,53,Moderate,37.5,77.9,8.9
India,Nagaland,Chandigarh,SO2,36,423.4,45.3,22,Good,17.3,51.5,5
India,Puducherry,Bahadurgarh,NH3,2.5,275.3,43.6,6,Good,18.2,86.1,21
India,Sikkim,Chhapra,NO2,120.3,382.1,174.9,151,Unhealthy,34.1,71.9,6.7
India,Madhya Pradesh,Raipur,CO,14.5,379.8,213.7,255,Very Unhealthy,16.9,31.7,0.7
India,Uttar Pradesh,Katihar,NH3,108.8,461.9,227.8,266,Very Unhealthy,31.1,67,8.2
India,West Bengal,Agartala,PM10,229.1,499.4,246.2,262,Very Unhealthy,31.9,87.6,7.6
India,Chandigarh,Fatehabad,PM2.5,97.5,307.8,229.7,239,Very Unhealthy,25.9,86.7,25.4
India,Sikkim,Machilipatnam,OZONE,1.2,245,20.7,19,Good,29.5,80.8,4.3
India,Madhya Pradesh,Hanumangarh,NH3,7.6,417.8,14,38,Good,38.9,84.8,28.5
India,Tripura,Jalore,SO2,25.5,351,257.6,242,Very Unhealthy,15.8,81.6,10.7
India,Tamil Nadu,Dharuhera,NO2,88.8,336.9,255,227,Very Unhealthy,30.9,82.8,4.2
India,Andhra Pradesh,Rajsamand,OZONE,109.3,411.9,196.1,178,Unhealthy,29.7,50.7,14.6
India,Haryana,Sawai Madhopur,PM2.5,0.3,342.8,0.7,32,Good,30.5,50.6,7.1
India,Bihar,Byasanagar,NH3,204.4,330.3,210.9,211,Very Unhealthy,30.9,84.3,20.4
India,West Bengal,Kalyan,SO2,36,362.1,65.7,75,Moderate,20.1,94.3,6.6
India,Madhya Pradesh,Narnaul,PM2.5,57.7,304.4,102.3,127,Unhealthy for Sensitive Groups,22,71.5,27.7
India,Haryana,Bhiwadi,PM2.5,19.1,421,202.2,284,Very Unhealthy,37.6,80.5,7.1
India,Odisha,Bhagalpur,NO2,21.4,208.3,61.1,100,Moderate,25.6,74.5,29.5
India,Andhra Pradesh,Muzaffarnagar,NO2,38.2,123,66,78,Moderate,35.9,62.5,6.7
India,Rajasthan,Ajmer,PM2.5,121.9,268,218.9,220,Very Unhealthy,28.7,84.6,25.3
India,Andhra Pradesh,Aurangabad,PM10,4.7,142.3,135.4,137,Unhealthy for Sensitive Groups,19.5,71.3,13.4
India,Uttarakhand,Mandideep,NO2,43.7,437.7,113.2,104,Unhealthy for Sensitive Groups,35.8,49.7,11.9
India,Sikkim,Pimpri-Chinchwad,OZONE,1.5,487.3,44.3,21,Good,20.9,77.5,18
India,Jammu and Kashmir,Manesar,PM10,94.8,499.1,257.4,266,Very Unhealthy,30.4,77.3,27.1
India,Andhra Pradesh,Saharsa,SO2,41.6,332.5,152.8,173,Unhealthy,34.3,45.1,16.9
India,Uttar Pradesh,Bathinda,NH3,55,434.9,55.4,54,Moderate,37.3,30,5.5
India,Haryana,Baghpat,OZONE,57.8,401.7,174.6,172,Unhealthy,30,33.6,20
India,Uttarakhand,Shillong,NH3,3.2,148.5,29.7,41,Good,38,89.5,3.4
India,Chandigarh,Kohima,PM2.5,22.7,210.6,139.4,104,Unhealthy for Sensitive Groups,22.1,44.9,13.7
India,Delhi,Boisar,NH3,67.7,355.3,155.1,197,Unhealthy,32,59.5,5.3
India,Chhattisgarh,Madikeri,PM2.5,94.6,439.9,164.9,168,Unhealthy,33.3,87.6,18.7
India,Uttarakhand,Amravati,NH3,21.8,346.8,27.3,43,Good,35.5,64.4,18.2
India,Jharkhand,Ahmedabad,NH3,65.6,436.6,203.9,245,Very Unhealthy,18.7,44.2,21.2
India,Chandigarh,Vapi,SO2,44.7,383,91.5,82,Moderate,20.4,82.8,24.8
India,Mizoram,Asansol,SO2,107.5,404.5,169.4,186,Unhealthy,32.2,60.2,15.5
India,Puducherry,Chamarajanagar,PM2.5,130.4,401.7,146,107,Unhealthy for Sensitive Groups,17.9,50.8,6.8
India,Arunachal Pradesh,Jhalawar,NH3,24.8,414.3,74.1,80,Moderate,38.1,53.9,23.8
India,Tamil Nadu,Bhopal,NH3,168.1,367.4,191.7,198,Unhealthy,39.3,43.1,1.9
India,Odisha,Gandhinagar,OZONE,2.9,386.1,45.4,29,Good,16,87,2.2
India,Uttar Pradesh,Guwahati,CO,7.5,408,48.4,24,Good,17,81.1,18.6
India,Arunachal Pradesh,Beed,NH3,0.9,94.6,43.3,15,Good,36.8,42.4,12.2
India,Meghalaya,Kolkata,PM2.5,65.5,348.2,231.7,242,Very Unhealthy,24.5,53.4,3.2
India,Sikkim,Muzaffarpur,OZONE,27.9,249.4,193.3,196,Unhealthy,16.1,39.8,28.3
India,Punjab,Kurukshetra,NH3,112.2,242.9,128.4,108,Unhealthy for Sensitive Groups,23.1,62.7,10.2
India,West Bengal,Gwalior,NO2,44.7,183.3,103.1,105,Unhealthy for Sensitive Groups,25.3,39.5,19.7
India,Puducherry,Noida,NO2,78.1,425,150.7,371,Hazardous,18.1,31.9,3.5
India,Jharkhand,Muzaffarpur,PM10,0.4,55.5,2.3,6,Good,36,32.7,13.5
India,Telangana,Cuddalore,SO2,149.2,253.7,153.8,187,Unhealthy,31.9,71.9,15.2
India,Tamil Nadu,Baghpat,PM10,82.4,326.2,135.5,102,Unhealthy for Sensitive Groups,29.3,30.3,27.9
India,Meghalaya,Meerut,PM10,10.2,433.7,36.5,29,Good,39.9,34.8,12
India,Karnataka,Baghpat,NO2,30.2,397.4,220.4,276,Very Unhealthy,25,69.6,15
India,Sikkim,Guwahati,CO,33.1,401.9,65,93,Moderate,23.6,60.6,7
India,Jammu and Kashmir,Sasaram,SO2,22,51.9,32.3,48,Good,25.4,73.7,21
India,Punjab,Manesar,NO2,68.4,487.4,115.7,105,Unhealthy for Sensitive Groups,25.8,81.1,7.7
India,West Bengal,Mangalore,PM2.5,58,320.6,82.5,83,Moderate,25.3,65.9,10.9
India,Punjab,Byrnihat,OZONE,60.2,302.7,110,107,Unhealthy for Sensitive Groups,23.7,66.5,3.8
India,Uttar Pradesh,Panipat,PM2.5,158.2,495.8,164.1,155,Unhealthy,34,91.9,22.3
India,Bihar,Byasanagar,CO,3.9,240.6,11.7,29,Good,29.3,68,25.1
India,Jharkhand,Sagar,OZONE,85.8,453,162.9,199,Unhealthy,37.3,84.8,24.2
India,Mizoram,Modinagar,PM2.5,12.2,408.3,108.3,120,Unhealthy for Sensitive Groups,18.3,39.1,28.9
India,Chandigarh,Kollam,OZONE,14.9,123.6,35.3,33,Good,25.5,49,7.7
India,Telangana,Jalandhar,OZONE,9,413.2,12.4,29,Good,27.8,85.4,20
India,Puducherry,Ahmednagar,NH3,122.8,319.6,176.3,166,Unhealthy,37.4,34.3,29.8
India,Karnataka,Pali,CO,63.5,267.3,208.2,226,Very Unhealthy,27.2,62.4,17.8
India,Maharashtra,Shivamogga,NH3,148.1,479.6,250.2,242,Very Unhealthy,30.5,53.7,25.4
India,Jammu and Kashmir,Bihar Sharif,NH3,0.7,246.6,171.2,166,Unhealthy,16.1,49.3,18.5
India,Madhya Pradesh,Guntur,PM10,135.5,142.4,140.8,120,Unhealthy for Sensitive Groups,35.5,32.4,26.7
India,Madhya Pradesh,Kurukshetra,NH3,8.7,36.2,13.2,44,Good,34.1,87.8,19.6
India,Kerala,Vrindavan,SO2,108.1,370.8,110.8,130,Unhealthy for Sensitive Groups,19.7,82,23.5
India,Arunachal Pradesh,Kalyan,PM2.5,0.8,389.9,59.8,69,Moderate,26.8,79,24.6
India,Haryana,Faridabad,PM10,62.4,104.9,71.7,81,Moderate,36.4,47.4,16.7
India,Sikkim,Vadodara,CO,45.8,106.8,98.7,66,Moderate,15.9,42.1,10
India,Sikkim,Arrah,NH3,68.4,419.7,141.2,141,Unhealthy for Sensitive Groups,29.4,86.1,18.2
India,Telangana,Baran,CO,30.5,449.8,39.5,0,Good,17.6,49.7,10
India,Bihar,Chikkaballapur,SO2,128.6,342.6,187.4,174,Unhealthy,20,83,16
India,Jammu and Kashmir,Begusarai,OZONE,141.9,383.3,230.9,201,Very Unhealthy,17.8,55.5,18.7
India,Odisha,Durgapur,NH3,14.8,388.7,31.2,15,Good,19.1,50.6,16.4
India,Karnataka,Guwahati,PM10,153.2,417.1,196.9,173,Unhealthy,24.3,77.8,3.4
India,Meghalaya,Barbil,SO2,2.3,343.3,3.9,4,Good,17.9,77.9,2.5
India,Rajasthan,Katihar,OZONE,126.3,381.3,203.7,228,Very Unhealthy,32.2,62.1,28.9
India,Haryana,Kunjemura,SO2,89.5,351.8,178.8,158,Unhealthy,22.3,67.4,29.5
India,Maharashtra,Hingoli,OZONE,71.6,429.7,157.1,156,Unhealthy,30.4,70.8,14.5
India,Jammu and Kashmir,Gadag,OZONE,130.3,340,196.4,178,Unhealthy,20,67.6,14.6
India,Nagaland,Chhapra,PM2.5,1.6,446.1,180.9,154,Unhealthy,35.6,88.5,20.5
India,Himachal Pradesh,Mehsana,SO2,22.8,100.2,92.4,61,Moderate,17.2,68.6,14.2
India,Telangana,Damoh,PM2.5,5.7,374.7,16.4,7,Good,39.6,61.7,21.8
India,Assam,Chikkaballapur,SO2,7.7,259.1,51,69,Moderate,17.6,35.3,3.9
India,Arunachal Pradesh,Kanpur,NH3,28.7,343.6,221.8,277,Very Unhealthy,38.3,70,11.3
India,Uttarakhand,Kollam,NO2,3.9,213.5,93.7,69,Moderate,32.2,61.4,23.2
India,Rajasthan,Satna,OZONE,5.9,298.1,7.3,38,Good,36.8,32,20.5
India,Tripura,Dausa,PM10,24.5,445.2,261.4,272,Very Unhealthy,35.5,73.6,21.5
India,Delhi,Kohima,CO,103.6,183.8,125.8,124,Unhealthy for Sensitive Groups,23.6,61.8,29.2
India,Chhattisgarh,Panipat,PM10,54.1,257.7,189.7,172,Unhealthy,34.4,88.4,17.2
India,Kerala,Pratapgarh,PM10,82.4,322.2,172.6,177,Unhealthy,36.7,91.5,24.8
India,Mizoram,Bhiwani,SO2,6.7,417.3,125.5,125,Unhealthy for Sensitive Groups,20.3,57.9,15.6
India,Maharashtra,Patiala,NO2,42.7,257,238,283,Very Unhealthy,29.2,30.1,11.4
India,West Bengal,Gaya,CO,21,427.4,149.1,133,Unhealthy for Sensitive Groups,35.6,49.7,12.9
India,Uttarakhand,Gurugram,NH3,75.4,192.2,84,83,Moderate,15.8,91.8,3.5
India,Madhya Pradesh,Sikar,CO,43.9,407,179.4,180,Unhealthy,28.2,47.4,0.4
India,Madhya Pradesh,Arrah,NH3,18.6,243.4,205.1,239,Very Unhealthy,24.4,78.7,2.1
India,Haryana,Coimbatore,SO2,38,337.6,140.2,135,Unhealthy for Sensitive Groups,21.7,46.9,13.1
India,Assam,Howrah,NO2,42.3,434.1,85.7,60,Moderate,38.1,58.5,2
India,Gujarat,Tumidih,OZONE,64.7,278.5,75.5,59,Moderate,38.2,75.2,22.8
India,Chandigarh,Mahad,PM10,21.1,495.8,192.9,199,Unhealthy,26.4,66.4,3.5
India,Haryana,Ambala,NO2,32.2,472.9,66.5,92,Moderate,31.9,42.7,8.5
India,Delhi,Jaipur,OZONE,35.8,369.1,38.4,46,Good,30.9,83,24.4
India,Mizoram,Charkhi Dadri,NO2,10.4,79.1,32.2,46,Good,23.8,86.6,15.5
India,Delhi,Haldia,NO2,35.5,164.1,153.2,197,Unhealthy,39.6,93.7,17.6
India,Madhya Pradesh,Rajsamand,OZONE,102.7,433,249.8,270,Very Unhealthy,38.3,58.7,19.4
India,Delhi,Jalna,NO2,29.6,322.1,114.5,137,Unhealthy for Sensitive Groups,20.6,38.9,23.6
India,Uttar Pradesh,Keonjhar,PM10,93.2,398.7,120.8,111,Unhealthy for Sensitive Groups,17.2,58.3,1.4
India,Telangana,Vadodara,CO,37.6,442.7,40.9,44,Good,26.9,83.7,1.5
India,Haryana,Lucknow,NH3,0.2,476.7,4.7,46,Good,25.4,62.3,15.3
India,Tamil Nadu,Bhavnagar,PM10,37.4,467.9,63.7,100,Moderate,38.6,54.5,22
India,Rajasthan,Agartala,PM10,35.8,208,193.2,159,Unhealthy,19.7,56.6,14.3
India,Uttar Pradesh,Rajkot,CO,80.2,490.9,218.7,260,Very Unhealthy,37.3,86,6.5
India,Telangana,Bundi,NH3,60.7,357.1,156.6,155,Unhealthy,15.1,87,14.5
India,Jammu and Kashmir,Thane,SO2,30.1,468.5,98.6,62,Moderate,17.2,38.7,8.4
India,Nagaland,Hyderabad,SO2,62.1,266.9,228,202,Very Unhealthy,16,67.7,10.6
India,Delhi,Kolhapur,PM10,115.2,418,185.4,181,Unhealthy,26.4,42.3,7.9
India,Odisha,Thiruvananthapuram,PM10,21.8,311.4,182.8,191,Unhealthy,29.9,65,15.8
India,Sikkim,Karnal,PM2.5,68.8,426.5,87.3,91,Moderate,34,47.1,17.6
India,Telangana,Barbil,CO,12.6,117.5,50.7,436,Hazardous,36.5,35.5,18.3
India,Himachal Pradesh,Hajipur,NO2,67,288,84.4,59,Moderate,27.9,90.7,4.9
India,Karnataka,Bihar Sharif,SO2,158.1,437.1,237.5,225,Very Unhealthy,28.3,92.7,16.8
India,Maharashtra,Samastipur,SO2,48.3,445.4,85.4,82,Moderate,18.2,85.1,11.4
India,Sikkim,Damoh,CO,119.2,217.1,160,158,Unhealthy,28,48.3,23
India,Bihar,Siwan,NO2,205,422.8,205.4,242,Very Unhealthy,18.4,61,20.2
India,Chhattisgarh,Singrauli,SO2,14.1,473.8,21.2,32,Good,31.3,71.4,11.6
India,Haryana,Bileipada,NO2,174.5,259.8,203.4,270,Very Unhealthy,27.6,82.5,17.4
India,Himachal Pradesh,Dombivli,OZONE,213,445.7,241.7,240,Very Unhealthy,25.5,77.8,14.2
India,Jammu and Kashmir,Charkhi Dadri,OZONE,135.7,375.3,216.8,278,Very Unhealthy,24.9,87.9,16.5
India,Odisha,Mandi Gobindgarh,SO2,29.5,259.1,122,118,Unhealthy for Sensitive Groups,25.6,49.2,1.2
India,Haryana,Bihar Sharif,PM2.5,46.9,401.3,84.3,92,Moderate,28.8,51,0.1
India,Mizoram,Jind,PM2.5,154.9,365.4,191.3,180,Unhealthy,29.6,37.2,14
India,Maharashtra,Katni,OZONE,92.9,381.6,142.9,109,Unhealthy for Sensitive Groups,30.8,35.9,25.8
India,Haryana,Malegaon,NH3,10.9,216.5,137.7,142,Unhealthy for Sensitive Groups,37.5,59.7,27.2
India,Meghalaya,Belapur,PM2.5,126.1,439.6,191,158,Unhealthy,28,71.4,6.3
India,Kerala,Chandigarh,OZONE,7.1,79.8,27.8,37,Good,17.6,84.3,25.3
India,Arunachal Pradesh,Delhi,NH3,54.2,235.8,196.4,191,Unhealthy,28,63.4,2.5
India,Telangana,Gaya,PM10,23,257.4,122.2,128,Unhealthy for Sensitive Groups,27.4,87.4,8.7
India,Tamil Nadu,Charkhi Dadri,PM10,2.5,483.8,3.3,22,Good,32.5,34.1,8.8
India,Rajasthan,Bathinda,CO,68.8,445.8,142.4,128,Unhealthy for Sensitive Groups,28.7,63.2,1.4
India,Delhi,Vijayawada,PM2.5,47.8,179.9,120.6,138,Unhealthy for Sensitive Groups,21.5,79.6,18
India,Kerala,Durgapur,NO2,166.4,324.7,231.1,276,Very Unhealthy,21.8,52.6,16.5
India,Jharkhand,Katihar,PM2.5,27.7,339.9,33.8,41,Good,16.3,74,27.5
India,Assam,Panchkula,CO,89.7,353.1,123.6,118,Unhealthy for Sensitive Groups,25.7,83,25.2
India,Tamil Nadu,Sawai Madhopur,NO2,49.8,357.5,55.5,82,Moderate,36.4,38.1,13.9
India,Madhya Pradesh,Hingoli,PM10,111.1,286.7,114.3,119,Unhealthy for Sensitive Groups,22.5,86.2,29
India,Haryana,Malegaon,NH3,5.8,315.7,188.8,171,Unhealthy,15.7,75.4,2.8
India,Maharashtra,Bilaspur,CO,25,324.6,38.6,5,Good,26.2,74.2,0.8
India,Haryana,Srinagar,NH3,21.9,374.7,134.2,138,Unhealthy for Sensitive Groups,23.4,37.3,0.4
India,Chhattisgarh,Satna,PM10,206.7,364.1,253,207,Very Unhealthy,39.5,40.6,9.2
India,Arunachal Pradesh,Boisar,PM10,17.8,174.8,37.4,31,Good,30.9,33,29.1
India,Bihar,Machilipatnam,PM2.5,27,167.8,79.4,97,Moderate,24.7,61.8,24.5
India,Nagaland,Narnaul,PM10,54.8,128.3,56.4,82,Moderate,34.9,78.5,14.5
India,Puducherry,Rupnagar,SO2,240.9,296.6,245,275,Very Unhealthy,29.6,36.2,5.5
India,Chhattisgarh,Katni,PM10,144.9,476.6,147.8,133,Unhealthy for Sensitive Groups,39.8,62.7,2.7
India,Sikkim,Dholpur,CO,94.9,415.3,174.3,161,Unhealthy,39.8,85.2,26.7
India,Jharkhand,Silchar,PM2.5,66.8,316.5,68.3,56,Moderate,38.3,39.3,8.1
India,Delhi,Amaravati,PM2.5,122.8,302.9,190.2,187,Unhealthy,24.4,56.1,17.5
India,Punjab,Suakati,PM10,91.2,271.5,243.1,294,Very Unhealthy,23.7,75.3,22
India,Rajasthan,Jalgaon,SO2,133.8,189.1,153.1,163,Unhealthy,31.4,89.6,9.6
India,Jammu and Kashmir,Kota,CO,4,191.7,24.3,0,Good,38,48.8,28.9
India,Uttarakhand,Bundi,PM2.5,84.7,218.4,99.5,72,Moderate,26.1,94.4,10.4
India,Gujarat,Naharlagun,PM10,53.4,365.2,214.3,227,Very Unhealthy,21.6,63,15.6
India,Delhi,Tirupati,PM2.5,61.8,491.1,235,273,Very Unhealthy,35.9,45.6,17.7
India,Arunachal Pradesh,Kohima,NH3,25.6,438,254.8,287,Very Unhealthy,34.8,66.9,10.3
India,Andhra Pradesh,Buxar,CO,23.7,268.5,209.9,292,Very Unhealthy,29.6,54.8,9.4
India,Haryana,Gorakhpur,NO2,38.1,450.1,104.8,125,Unhealthy for Sensitive Groups,30.9,45,23.5
India,Delhi,Bagalkot,PM2.5,17.7,155.2,30.7,50,Good,26.8,86.6,23.3
India,Himachal Pradesh,Vadodara,NH3,73.4,413.2,170.9,193,Unhealthy,29.8,58.2,29.9
India,Andhra Pradesh,Milupara,PM10,155.9,302.6,206.4,294,Very Unhealthy,34,87.6,1.1
India,Haryana,Pali,PM10,230.3,404.8,233,227,Very Unhealthy,30.9,69.1,21.2
India,Arunachal Pradesh,Faridabad,CO,57.9,390.6,80.7,79,Moderate,31.9,84.2,13.5
India,Meghalaya,Vijayapura,CO,43.5,214,62.9,98,Moderate,36.3,72.7,23.9
India,Punjab,Ajmer,PM10,68.7,499.1,73.2,94,Moderate,29.8,86.7,4.1
India,Tripura,Bettiah,NO2,7.2,24.5,9.6,34,Good,18.6,87,19.5
India,Sikkim,Chhapra,NH3,162.7,324.6,211.8,291,Very Unhealthy,39.2,83.4,10.3
India,Kerala,Katihar,PM2.5,26.6,256.8,30.4,40,Good,35.8,85.1,14.3
India,Mizoram,Mandikhera,SO2,51.9,406.6,60.9,96,Moderate,27.3,81.4,5.6
India,Karnataka,Sasaram,SO2,24.1,348.6,99.9,85,Moderate,21.6,92.4,17.4
India,Uttarakhand,Balasore,NO2,0.8,480.9,4.7,40,Good,36.7,72.5,22.4
India,Bihar,Chhapra,PM2.5,5.5,457.5,119.3,139,Unhealthy for Sensitive Groups,30.8,93.3,0.5
India,Arunachal Pradesh,Nagaon,CO,47.8,374.9,118.6,144,Unhealthy for Sensitive Groups,17.3,89.4,20.4
India,Chhattisgarh,Churu,OZONE,1.6,172.2,10.9,26,Good,29.3,87.1,22.4
India,Kerala,Bihar Sharif,PM2.5,26.9,271.5,119.9,118,Unhealthy for Sensitive Groups,36.7,72.2,27.4
India,Punjab,Chhapra,SO2,44.6,193.9,169.3,186,Unhealthy,36.9,87.8,17.9
India,Kerala,Manesar,NO2,50.4,74,54.6,60,Moderate,15.1,54.3,14.3
India,Gujarat,Banswara,NH3,3.8,125,43.8,25,Good,24.8,50.3,17.9
India,Sikkim,Ahmednagar,NO2,121.9,420.8,143,105,Unhealthy for Sensitive Groups,36.8,62.6,23.2
India,Meghalaya,Raebareli,PM10,17,387.9,20.1,12,Good,25.7,80.8,9.4
India,West Bengal,Shivamogga,SO2,45.9,265.9,134.9,135,Unhealthy for Sensitive Groups,22.2,54.5,22
India,Jammu and Kashmir,Rajkot,PM10,12,185.2,130.3,114,Unhealthy for Sensitive Groups,34,67.4,4.2
India,Kerala,Parbhani,PM10,115.4,348.5,195.8,181,Unhealthy,21.3,72.6,17.2
India,Arunachal Pradesh,Mumbai,OZONE,191.6,302.3,261.2,245,Very Unhealthy,31.5,94.6,6.6
India,Gujarat,Modinagar,CO,128.7,218.4,198.2,176,Unhealthy,17.3,88.9,8.2
India,Meghalaya,Jhunjhunu,SO2,186.5,339.4,215,217,Very Unhealthy,16.9,75.1,22.1
India,Mizoram,Malegaon,SO2,67.2,238.9,90.1,87,Moderate,39.3,88,19.3
India,Himachal Pradesh,Mandi Gobindgarh,OZONE,3.6,360.2,20.9,8,Good,17,58.1,25.7
India,Meghalaya,Kalyan,NO2,51.1,247.2,208.9,265,Very Unhealthy,19.3,84.2,21.7
India,Sikkim,Kishanganj,PM10,1.6,284.4,42,40,Good,23.3,39.8,13
India,Rajasthan,Dausa,PM2.5,2.5,118,60,82,Moderate,31.6,31,11.9
India,Telangana,Bihar Sharif,OZONE,19.6,461.6,77.7,78,Moderate,36.3,38.1,16.6
India,Punjab,Sonipat,SO2,22.9,226.4,69.6,51,Moderate,22.3,58.2,13.8
India,Arunachal Pradesh,Hapur,SO2,149.8,430.9,166.9,177,Unhealthy,24.2,44.7,29.7
India,Meghalaya,Kolkata,OZONE,104.3,242.3,136.7,108,Unhealthy for Sensitive Groups,34.4,87,4.3
India,Chandigarh,Latur,NH3,78.9,386.6,179.6,175,Unhealthy,27.8,46.1,3.2
India,Bihar,Meerut,NH3,106,297.5,180.2,179,Unhealthy,23,84.7,2.2
India,Chandigarh,Srinagar,PM2.5,122.3,378.3,233.7,241,Very Unhealthy,21.3,73.9,5.2
India,Uttarakhand,Pimpri-Chinchwad,PM2.5,5.2,211.7,6.9,33,Good,21.5,44.2,18.1
India,Bihar,Mahad,PM2.5,18.6,473,29.9,28,Good,30.2,35.7,8.1
India,Jammu and Kashmir,Mehsana,OZONE,180.4,218.9,218.6,282,Very Unhealthy,33.9,33.4,7
India,Chhattisgarh,Gurugram,CO,59.4,420.8,134,101,Unhealthy for Sensitive Groups,24.1,77.7,28.1
India,Haryana,Aurangabad,PM2.5,29.9,102,94.4,54,Moderate,39.2,42.3,28.9
India,Telangana,Agartala,OZONE,111.5,412.2,260,284,Very Unhealthy,17.7,44.4,27.6
India,Haryana,Cuddalore,OZONE,2.3,156.3,126.3,150,Unhealthy for Sensitive Groups,25,64.8,7
India,Chandigarh,Barbil,PM10,43,419.2,245.3,214,Very Unhealthy,38.6,80.5,6.2
India,Odisha,Varanasi,NO2,30.1,191.9,43.4,41,Good,35.1,73.4,24.9
India,Gujarat,Modinagar,SO2,57.3,489.8,72.8,59,Moderate,19.3,73.1,2.2
India,Himachal Pradesh,Udaipur,PM2.5,29.3,289,98,66,Moderate,37.1,61,14.5
India,Puducherry,Baddi,NH3,61.2,288,100.5,322,Hazardous,37.1,82,14.9
India,Karnataka,Keonjhar,OZONE,1.1,97.8,2.3,25,Good,36.2,47.5,1.2
India,Sikkim,Modinagar,PM10,53,338.5,76,73,Moderate,36.3,70.2,1
India,Assam,Hubballi,PM2.5,181.2,313.8,182.2,157,Unhealthy,23.6,50.1,10.6
India,Telangana,Udaipur,CO,91.1,303.7,133.3,129,Unhealthy for Sensitive Groups,19.1,75.9,0
India,Meghalaya,Kannur,SO2,7.5,485.5,75,83,Moderate,36.7,50,16.5
India,Haryana,Jhunjhunu,NO2,83.2,339.7,126.6,117,Unhealthy for Sensitive Groups,17.1,85.4,8.3
India,Gujarat,Baddi,OZONE,2.6,120.4,2.7,27,Good,30.9,34.7,26.7
India,Odisha,Hanumangarh,NH3,17.7,379,38.6,21,Good,17.6,61.1,10.9
India,Meghalaya,Mandi Gobindgarh,OZONE,20.9,289.2,167.4,195,Unhealthy,18.3,50.1,29.1
India,Chandigarh,Boisar,OZONE,85.7,366.6,209.2,238,Very Unhealthy,22.6,36,29.9
India,Jharkhand,Visakhapatnam,PM2.5,69.2,155.5,143.1,111,Unhealthy for Sensitive Groups,22.4,82.6,2.3
India,Haryana,Chhal,CO,49.1,209,102.1,128,Unhealthy for Sensitive Groups,23.7,35.2,14.5
India,Gujarat,Srinagar,PM10,0.2,420.7,0.4,10,Good,38.3,41.2,8.5
India,Uttarakhand,Arrah,NH3,40.9,266.8,126.3,106,Unhealthy for Sensitive Groups,32.1,81.5,5.6
India,Assam,Mandideep,SO2,12.7,279.5,210,221,Very Unhealthy,31.7,48.5,6.7
India,Chandigarh,Gandhinagar,SO2,24.1,478.7,112,146,Unhealthy for Sensitive Groups,28.6,69.1,1.8
India,Punjab,Baripada,PM10,108.9,354.5,153.1,168,Unhealthy,19.2,85.9,5
India,Rajasthan,Rishikesh,NH3,1,294.8,1.9,8,Good,28.8,31.2,5.9
India,Delhi,Amaravati,NO2,24.2,239.2,75.1,73,Moderate,18.3,61.2,21.9
India,Himachal Pradesh,Mahad,PM10,33.4,357.4,90.4,94,Moderate,27,86.9,19.5
India,Nagaland,Bulandshahr,NO2,89.3,415.4,142.6,102,Unhealthy for Sensitive Groups,38.3,69.8,25.6
India,Jammu and Kashmir,Asansol,OZONE,49.9,322.8,184.4,183,Unhealthy,38.7,44.3,17.5
India,Tripura,Alwar,PM10,171.5,264.5,232.1,249,Very Unhealthy,17.6,71.5,21.3
India,Assam,Rajgir,PM2.5,8.2,330.6,175.7,169,Unhealthy,24.3,67.5,4.4
India,Puducherry,Rajgir,SO2,136.5,381.8,194.2,180,Unhealthy,21.2,50.4,9.9
India,Madhya Pradesh,Ahmednagar,OZONE,53.4,127.3,110.1,126,Unhealthy for Sensitive Groups,22.8,31.1,22
India,Tripura,Pimpri-Chinchwad,NH3,162,251.6,242.1,255,Very Unhealthy,16.2,61.3,4.8
India,Haryana,Chhal,PM2.5,4.6,396,188.4,160,Unhealthy,34.4,80.2,7.3
India,Assam,Solapur,SO2,45.6,130.3,107.1,109,Unhealthy for Sensitive Groups,18.6,93.2,24.7
India,Karnataka,Kolkata,CO,48.9,384.4,129,117,Unhealthy for Sensitive Groups,30.3,83.8,24.6
India,Nagaland,Madurai,NO2,180.2,470.6,213.6,209,Very Unhealthy,27.5,46,17.3
India,Gujarat,Bahadurgarh,NH3,125,396.5,184.8,162,Unhealthy,31.1,47.9,28.9
India,Haryana,Byasanagar,PM2.5,30,213.2,97.7,60,Moderate,36,75.4,2.5
India,Meghalaya,Amaravati,NO2,147.5,461.4,245.8,201,Very Unhealthy,33.5,82.7,6.2
India,Kerala,Ulhasnagar,NO2,49.9,209.4,116.9,144,Unhealthy for Sensitive Groups,34.5,83.2,13.1
India,West Bengal,Thane,NO2,4.3,458,20.1,38,Good,34.6,86.7,23.8
India,Punjab,Modinagar,OZONE,38.6,180.9,150.6,309,Hazardous,18.9,52.6,5.7
India,Rajasthan,Ajmer,OZONE,8.3,156.6,152.8,164,Unhealthy,21.4,88.2,25.3
India,Karnataka,Rourkela,NO2,17.9,263.8,136.9,109,Unhealthy for Sensitive Groups,31.3,31.1,19.3
India,Kerala,Khurja,OZONE,3,203.4,5.3,11,Good,24.4,40.3,9.8
India,Punjab,Pali,NO2,39,467.9,99.1,56,Moderate,27.1,91.7,9
India,Puducherry,Nagpur,NO2,26,237.7,172.6,194,Unhealthy,34.8,63,25.4
India,Meghalaya,Manesar,OZONE,47.9,306.3,207.5,225,Very Unhealthy,28.5,63.4,23.2
India,Assam,Baghpat,PM2.5,154.4,266.1,245.8,253,Very Unhealthy,36.3,90.3,21.5
India,Punjab,Hapur,CO,30.3,296.7,109,139,Unhealthy for Sensitive Groups,23.4,83.8,28.4
India,Uttar Pradesh,Samastipur,SO2,85.9,161.3,107.9,114,Unhealthy for Sensitive Groups,24.2,87.8,19.5
India,Nagaland,Yamuna Nagar,NO2,93.1,123.6,93.8,80,Moderate,30.8,47.8,11.1
India,Delhi,Nanded,SO2,47.1,145,69.5,56,Moderate,27.1,79.8,28.6
India,Meghalaya,Srinagar,NO2,81.5,380.6,86.2,57,Moderate,38.4,84.4,4.7
India,Madhya Pradesh,Jalna,NH3,134.1,457.4,231.4,271,Very Unhealthy,27.2,77.5,21.3
India,West Bengal,Suakati,CO,1.5,173.9,1.7,41,Good,33.4,34,2.7
India,Sikkim,Chhal,NO2,118.7,335,180.5,156,Unhealthy,22.2,91.7,22.5
India,Punjab,Dausa,PM10,75.3,385,206.4,254,Very Unhealthy,32.5,92.9,19.1
India,Meghalaya,Raipur,OZONE,56.8,295,262.1,281,Very Unhealthy,32.8,69.9,29.5
India,Puducherry,Jhunjhunu,PM10,100.5,371,147.2,103,Unhealthy for Sensitive Groups,17,59.7,0.3
India,Uttarakhand,Jodhpur,PM10,14.2,144.4,16.4,27,Good,18.8,80.4,6.1
India,Odisha,Khairthal,CO,14,244.2,101.9,112,Unhealthy for Sensitive Groups,24.1,37.7,9.9
India,Tripura,Dhanbad,NH3,145.6,202,167.4,161,Unhealthy,26.9,81.8,25.9
India,Karnataka,Purnia,NO2,65.9,200,111.3,117,Unhealthy for Sensitive Groups,25.3,81.9,2.8
India,Karnataka,Mandikhera,OZONE,3.8,281,53,90,Moderate,27.6,38.5,18.9
India,Sikkim,Bahadurgarh,OZONE,56,168.7,154.2,172,Unhealthy,37.5,52.3,21.2
India,Delhi,Chittoor,CO,147.2,408,173.6,155,Unhealthy,20.4,91.8,4.6
India,Odisha,Machilipatnam,NH3,61.9,226.6,157.5,163,Unhealthy,38.8,56.6,11
India,Chandigarh,Mumbai,NO2,19.6,90.8,34.5,50,Good,26.4,44.3,10.5
India,Delhi,Sawai Madhopur,SO2,59.9,255.3,169.6,191,Unhealthy,17.6,88.7,11.4
India,Delhi,Milupara,CO,206.5,342.6,208.5,254,Very Unhealthy,18.9,51.1,2.9
India,West Bengal,Maihar,PM10,153.4,256,230.6,296,Very Unhealthy,22.9,60.6,25.6
India,Meghalaya,Mehsana,NH3,179.5,303.1,208.6,238,Very Unhealthy,20,62.3,11.2
India,Nagaland,Sagar,SO2,38.3,197.4,176,162,Unhealthy,23.7,64,7.3
India,Assam,Hyderabad,PM10,22.1,353.5,253.2,211,Very Unhealthy,19.2,91.4,8.1
India,Meghalaya,Faridabad,NH3,210.7,483,236.5,201,Very Unhealthy,17.3,67.1,27.1
India,Jammu and Kashmir,Indore,PM2.5,103.7,157.8,121.2,134,Unhealthy for Sensitive Groups,31.3,59.3,6.8
India,Gujarat,Khanna,OZONE,36.2,164.6,124.1,106,Unhealthy for Sensitive Groups,15.2,61.6,29.5
India,Tripura,Vatva,CO,98.7,330.8,251.1,220,Very Unhealthy,35.1,66.8,6.1
India,Jammu and Kashmir,Durgapur,NH3,15.1,181.6,66.6,60,Moderate,20.8,87.8,25.4
India,Puducherry,Tumidih,NO2,23.2,48.7,29.6,25,Good,38.6,55.5,16.1
India,Mizoram,Tirupati,NH3,6.1,164.2,77,64,Moderate,37.5,74.1,2.3
India,Jammu and Kashmir,Agartala,CO,1.6,311.4,63.9,70,Moderate,31.8,59.4,13.9
India,Tamil Nadu,Saharsa,NH3,25.3,251,159.5,177,Unhealthy,22.6,42.6,15.8
India,Telangana,Nagpur,PM2.5,22.8,308.6,52.6,55,Moderate,38.5,49.2,19.4
India,Jharkhand,Mumbai,NO2,8.7,373.9,11.8,36,Good,21.1,94.8,10.1
India,Puducherry,Kota,PM10,67.4,266.9,80,82,Moderate,31.9,61.8,5.7
India,Odisha,Silchar,CO,70.1,156.3,92.5,57,Moderate,26.2,71.5,25.1
India,Jharkhand,Barrackpore,PM10,97.9,238.9,213.2,228,Very Unhealthy,27.8,43.2,15.6
India,Chandigarh,Chandigarh,PM2.5,35.5,400.9,39.5,43,Good,31.5,46.6,3.1
India,Tripura,Yadgir,PM2.5,7,64,14.9,43,Good,24.8,56,23.2
India,Himachal Pradesh,Coimbatore,NO2,2.5,485.5,23.3,8,Good,26.8,55.4,0.4
India,Maharashtra,Chikkamagaluru,PM2.5,134.3,494.5,256.9,222,Very Unhealthy,34.9,39.2,29.8
India,Kerala,Vrindavan,SO2,92,461.2,101.3,141,Unhealthy for Sensitive Groups,18.5,83.3,3.7
India,Rajasthan,Chittorgarh,PM10,20.1,449.7,26,37,Good,27.1,80.2,22.9
India,Chandigarh,Faridabad,OZONE,134.4,357.9,140.8,147,Unhealthy for Sensitive Groups,21.7,50.7,14
India,Mizoram,Bareilly,PM10,57.8,222.3,104.9,101,Unhealthy for Sensitive Groups,21,42.8,9.5
India,Odisha,Rajsamand,OZONE,160.2,468.3,167.5,199,Unhealthy,28.3,33.2,7.3
India,Punjab,Chhapra,CO,16.5,406.2,32.1,42,Good,15.9,67.6,8.6
India,Kerala,Sasaram,PM10,167.9,340.1,169.7,183,Unhealthy,18.2,84.5,18.8
India,Rajasthan,Chandigarh,SO2,138.5,405.2,151.9,178,Unhealthy,21.2,80.6,7
India,Himachal Pradesh,Hajipur,CO,88.9,452.5,256.6,260,Very Unhealthy,26.4,39.5,1.3
India,Jammu and Kashmir,Machilipatnam,NO2,89.1,310.3,223.2,256,Very Unhealthy,25.2,57.9,10.1
India,West Bengal,Brajrajnagar,NO2,11.2,289.5,17.8,49,Good,24.9,68.1,12.4
India,Himachal Pradesh,Arrah,NO2,68.1,335.1,235.8,217,Very Unhealthy,30.6,58.4,12.5
India,Mizoram,Ankleshwar,NO2,24.4,156.8,111,103,Unhealthy for Sensitive Groups,30.7,36.1,15.2
India,Odisha,Jalandhar,PM2.5,158.6,497.8,250.6,222,Very Unhealthy,22.6,62.1,29.8
India,Jharkhand,Parbhani,NO2,51.5,313.7,157.8,179,Unhealthy,22.8,63.6,14.9
India,Uttarakhand,Purnia,PM2.5,28.2,336.3,72.5,95,Moderate,29.4,32.7,29.7
India,Gujarat,Milupara,OZONE,145.1,422.4,222.7,259,Very Unhealthy,36.5,65.5,23.1
India,Kerala,Beed,PM2.5,112.4,236.7,122.1,136,Unhealthy for Sensitive Groups,34.4,32.3,18.9
India,Mizoram,Rupnagar,SO2,0.5,374.4,234.5,236,Very Unhealthy,23.4,57.1,5.4
India,Jharkhand,Mira-Bhayandar,SO2,86.6,454.5,265.1,273,Very Unhealthy,33.7,33.8,19.1
India,Assam,Byasanagar,PM2.5,33.8,207.4,135.2,125,Unhealthy for Sensitive Groups,25.4,38,24.5
India,Delhi,Vatva,NH3,0.7,81.8,8.2,40,Good,30.6,42.2,20.8
India,Chandigarh,Palwal,SO2,12.5,493,149,107,Unhealthy for Sensitive Groups,30.1,80.2,14.6
India,Jammu and Kashmir,Raipur,PM10,36.4,275,129.6,107,Unhealthy for Sensitive Groups,19.1,86.6,15.2
India,Sikkim,Bihar Sharif,NH3,206.1,312.5,214.6,241,Very Unhealthy,24.1,49.7,13.3
India,Arunachal Pradesh,Bhilwara,OZONE,0.9,394.2,6.3,5,Good,29.9,87.8,0.4
India,Meghalaya,Karwar,SO2,7.7,411.1,8,8,Good,29.4,45.1,24.5
India,Meghalaya,Kanpur,NO2,15.2,378.2,243.9,289,Very Unhealthy,30.2,76.7,25.6
India,West Bengal,Bahadurgarh,NO2,105.3,304.1,129.4,105,Unhealthy for Sensitive Groups,33.3,54.7,20.3
India,Puducherry,Ambala,NH3,52.7,239.1,193.5,190,Unhealthy,33.9,79.6,27.9
India,Jharkhand,Kota,CO,4.8,109.5,25.5,44,Good,32.4,55.6,17.3
India,Jharkhand,Nagaon,NH3,47.4,417.4,264.2,280,Very Unhealthy,33,52.2,10.4
India,Mizoram,Hubballi,SO2,1.1,127.3,2.4,23,Good,29,62.2,0.6
India,Karnataka,Thiruvananthapuram,SO2,5.8,378.2,17.6,14,Good,36,47.5,1.1
India,Kerala,Patiala,PM10,145.7,372.9,183.1,180,Unhealthy,20.5,46.3,10.1
India,Karnataka,Nagaur,CO,141.7,376.7,183.9,191,Unhealthy,24.1,81,25.4
India,Odisha,Nagaur,PM10,72.4,457.8,242.5,269,Very Unhealthy,25.5,75.3,15
India,Kerala,Fatehabad,CO,99.3,494.6,126.4,150,Unhealthy for Sensitive Groups,21.6,73.8,13.4
India,West Bengal,Alwar,NO2,23,174.8,45.6,28,Good,31.7,32.9,2.2
India,Meghalaya,Chittoor,CO,209.1,328.5,214.9,226,Very Unhealthy,15.3,73.8,20.5
India,Jammu and Kashmir,Baghpat,SO2,17.2,178.7,34.4,49,Good,33.9,91.1,10
India,Nagaland,Satara,NO2,21,58.4,26.2,40,Good,28,61.6,5.7
India,Himachal Pradesh,Araria,OZONE,23.6,220.4,66.7,94,Moderate,16.4,75.3,12.6
India,West Bengal,Singrauli,OZONE,41.8,213.9,101.3,112,Unhealthy for Sensitive Groups,25.3,63.8,17.3
India,Chandigarh,Vatva,NO2,140,267.1,169.6,176,Unhealthy,17.6,57,9
India,Puducherry,Katni,NO2,0.6,434.9,22.7,50,Good,16.7,93.5,0.7
India,Andhra Pradesh,Naharlagun,PM2.5,3.7,449.4,4.2,36,Good,24.5,54.1,27.9
India,Sikkim,Karwar,NO2,35.5,175.3,55.3,85,Moderate,25.9,51.5,15.3
India,Andhra Pradesh,Kashipur,CO,49.2,370.9,60.2,58,Moderate,28.8,62.4,14.6
India,Arunachal Pradesh,Silchar,CO,13,91.9,60.1,76,Moderate,33.3,31.8,22.2
India,Karnataka,Pratapgarh,OZONE,1.4,118.4,71.9,94,Moderate,25.9,80,26.9
India,Chhattisgarh,Bulandshahr,SO2,25.4,359.9,117.2,120,Unhealthy for Sensitive Groups,31.8,81.1,25.6
India,Chandigarh,Karauli,CO,14.1,175.8,41.3,42,Good,16.1,47.6,4.7
India,Meghalaya,Barmer,CO,168.9,351.8,217.6,256,Very Unhealthy,31.7,45.8,1.7
India,Arunachal Pradesh,Sonipat,NH3,9.3,116.3,22,1,Good,32.2,49.9,13.7
India,Tamil Nadu,Chikkaballapur,PM10,50.5,303.9,57.8,65,Moderate,32.2,89.3,21.7
India,Karnataka,Hisar,SO2,10.3,131.5,15.9,9,Good,15.4,80.8,19.7
India,Puducherry,Coimbatore,SO2,5.5,153.1,74.1,92,Moderate,18.5,61.2,18
India,Kerala,Faridabad,PM2.5,15.7,305.5,111.3,142,Unhealthy for Sensitive Groups,34.3,41.5,0.8
India,Maharashtra,Bettiah,PM2.5,189.9,321.5,233.1,218,Very Unhealthy,20.7,53.2,25.3
India,Chhattisgarh,Rohtak,SO2,44.7,407.7,131.5,111,Unhealthy for Sensitive Groups,28,40.8,29.3
India,Haryana,Madurai,SO2,97.3,262.6,154.9,190,Unhealthy,37.3,42.2,13.3
India,Himachal Pradesh,Guntur,PM2.5,65.7,290.4,256.4,222,Very Unhealthy,35,31.9,13.7
India,Kerala,Chittoor,NO2,39.1,332.2,95.9,61,Moderate,26,32.6,19.9
India,Uttar Pradesh,Karauli,PM10,13.6,38.8,15.2,11,Good,24.9,47.6,25.1
India,West Bengal,Agra,CO,0.7,409.7,4.6,1,Good,32.5,46,21.9
India,Karnataka,Guntur,NO2,140.5,369.5,232.4,240,Very Unhealthy,38,42.5,2.2
India,Uttar Pradesh,Ghaziabad,PM2.5,50,327.3,245.2,206,Very Unhealthy,21.3,65.7,24.1
India,Meghalaya,Ulhasnagar,OZONE,11.6,259.8,26.3,38,Good,22.2,31.3,10.3
India,Arunachal Pradesh,Gaya,PM2.5,25.4,425,39.9,17,Good,28.1,91.9,12.2
India,Gujarat,Muzaffarnagar,PM10,7.4,207.3,9.4,18,Good,33.7,41.6,20.4
India,Tripura,Kolhapur,CO,0,65.1,25.6,36,Good,27.8,40,28.6
India,Bihar,Kunjemura,OZONE,0.2,287.5,0.2,45,Good,27,66.7,21.8
India,Punjab,Eluru,NO2,19.6,338.9,194.2,162,Unhealthy,25.2,69.5,28.2
India,Odisha,Belapur,NO2,25.5,289.3,189.3,157,Unhealthy,34,94.1,5.7
India,Delhi,Jhansi,PM10,11.9,244.1,168.7,151,Unhealthy,24.6,73.2,16.4
India,Punjab,Akola,OZONE,17.2,87.4,71.4,51,Moderate,16.2,69.2,15.7
India,Sikkim,Kolkata,NO2,51.4,128.6,64.7,67,Moderate,27.4,65.3,4.8
India,Sikkim,Bikaner,OZONE,14.4,74,24.9,26,Good,37.6,83.3,19.8
India,Tamil Nadu,Rajsamand,NO2,64,442.3,244.1,251,Very Unhealthy,27.1,94.8,14.3
India,Delhi,Meerut,NH3,110.1,164.5,118.7,139,Unhealthy for Sensitive Groups,20.1,90.9,22.3
India,Madhya Pradesh,Bengaluru,PM10,33.2,317.9,98.2,73,Moderate,39.9,50.2,24.3
India,Himachal Pradesh,Ujjain,NH3,11.8,469.9,137.5,134,Unhealthy for Sensitive Groups,15.9,67.2,28.1
India,Sikkim,Pithampur,CO,30.3,477.4,109.7,104,Unhealthy for Sensitive Groups,37.4,94.3,19.3
India,Himachal Pradesh,Jaisalmer,NO2,161.4,300.5,167,180,Unhealthy,22.8,47.4,6.2
India,Madhya Pradesh,Patiala,SO2,61.5,439.5,188.5,159,Unhealthy,22.2,80.5,12.9
India,Puducherry,Jalna,PM10,85,366.1,96.2,98,Moderate,23.5,84.8,4.5
India,Bihar,Parbhani,PM10,36.6,468.9,39.4,47,Good,17.4,44.4,12.8
India,Rajasthan,Siwan,SO2,65.3,147.1,122.2,107,Unhealthy for Sensitive Groups,20.7,45.2,22.8
India,Himachal Pradesh,Bulandshahr,SO2,50.4,494.3,214.2,228,Very Unhealthy,28.1,85.9,12.2
India,Maharashtra,Prayagraj,PM2.5,167.4,280.8,195.4,193,Unhealthy,20.2,54.6,21.7
India,Nagaland,Kollam,PM10,65.1,483.3,183.2,168,Unhealthy,29.8,76.7,7.4
India,Mizoram,Nagpur,SO2,69.4,453.1,129.8,145,Unhealthy for Sensitive Groups,39.2,89.4,16.3
India,Gujarat,Bathinda,OZONE,11.5,69.5,12.1,28,Good,23.2,68.3,15.1
India,Mizoram,Mumbai,SO2,34.1,362.1,75.4,69,Moderate,16.3,40.2,7.2
India,Tripura,Mandi Gobindgarh,PM10,132,271.9,187.1,173,Unhealthy,19,66.5,9.7
India,Madhya Pradesh,Narnaul,OZONE,187.6,264.8,206.3,249,Very Unhealthy,35.7,56.1,12.1
India,Tamil Nadu,Korba,OZONE,29.4,221,217.1,247,Very Unhealthy,31.3,35.8,26.8
India,Sikkim,Cuddalore,SO2,33.6,485.2,84.3,57,Moderate,22.4,57.7,17.5
India,Andhra Pradesh,Gaya,NO2,15.6,129.5,73.3,90,Moderate,32.4,70.7,2.6
India,Telangana,Kohima,NO2,175.1,205.4,192.1,195,Unhealthy,16.2,34.6,20.7
India,West Bengal,Belapur,OZONE,121.5,318.5,161.1,195,Unhealthy,30.6,74.6,11
India,Delhi,Sirsa,SO2,8.2,252.9,54.1,76,Moderate,31.3,41.9,22.8
India,Tamil Nadu,Satara,NH3,3.1,240.2,72.7,87,Moderate,25.6,82,10.1
India,Telangana,Rourkela,PM2.5,22.9,441.7,54.6,51,Moderate,37.4,50.3,16.2
India,Telangana,Gummidipoondi,PM10,8.8,94.8,14.8,1,Good,38.2,48.1,23.3
India,Karnataka,Pampore,PM2.5,219.6,393,230.8,227,Very Unhealthy,20.7,80.8,4.8
India,Sikkim,Amritsar,CO,50.3,455.6,58.5,99,Moderate,32.7,37.9,9.3
India,Mizoram,Jorapokhar,PM10,5.4,102.1,26.6,29,Good,25.8,34.3,8.5
India,Chhattisgarh,Motihari,PM10,45.4,407.8,117.2,120,Unhealthy for Sensitive Groups,35.5,73.1,18.7
India,Uttar Pradesh,Korba,OZONE,29.2,379.8,32.7,6,Good,22.1,55.5,3.8
India,Odisha,Ulhasnagar,NO2,174.8,319.8,222.5,267,Very Unhealthy,32.1,30.5,15.7
India,Arunachal Pradesh,Karauli,CO,29.5,369.8,32.3,49,Good,30.9,49,12.3
India,Karnataka,Pune,PM2.5,27.9,274.5,37,11,Good,33.6,73.1,10.6
India,Rajasthan,Raebareli,CO,11.3,195.3,11.5,16,Good,18.2,47.3,14.9
India,Gujarat,Baghpat,SO2,47,417.9,77.1,57,Moderate,15.9,42.2,19.6
India,Arunachal Pradesh,Amaravati,NH3,113.3,415.3,196.6,165,Unhealthy,28,88.8,15.6
India,Meghalaya,Ludhiana,CO,22.2,412.9,215.1,234,Very Unhealthy,23.7,45.2,20.5
India,Uttarakhand,Ankleshwar,OZONE,64,272.2,89.2,95,Moderate,19.9,45.2,14.5
India,Himachal Pradesh,Mandideep,SO2,37.7,452.1,154.3,177,Unhealthy,33.7,81.9,19.1
India,Odisha,Vrindavan,SO2,6.7,132.3,70.2,70,Moderate,21.2,42.8,13.5
India,Nagaland,Chittoor,NH3,105,331.9,140.1,113,Unhealthy for Sensitive Groups,19.3,52.8,25.9
India,Mizoram,Parbhani,NO2,38.1,311.2,250.3,282,Very Unhealthy,31.3,90.4,17.6
India,Kerala,Meerut,SO2,39.6,260.1,56.6,75,Moderate,38.3,46.4,6.1
India,Rajasthan,Shillong,NO2,46.6,434.6,249.3,246,Very Unhealthy,18.8,94.9,2.9
India,Sikkim,Baripada,SO2,71.7,237,80.5,74,Moderate,33.3,31.7,15.3
India,Jharkhand,Tirupati,NH3,7.4,236.7,29.5,45,Good,25.7,67.8,11.5
India,Punjab,Siliguri,SO2,40.4,229.2,159.4,182,Unhealthy,33.5,37.2,26.4
India,Kerala,Chennai,NO2,180,461.7,181.7,152,Unhealthy,18.2,35.1,9.6
India,Madhya Pradesh,Tirupati,NO2,97.2,330.1,162,159,Unhealthy,37,41,14.8
India,Tamil Nadu,Shivamogga,NH3,45.1,450.5,157.8,153,Unhealthy,22.3,79,28.8
India,Jharkhand,Nagaon,NO2,22.6,159.8,135.8,125,Unhealthy for Sensitive Groups,20.7,38.7,9.6
India,Punjab,Thane,PM2.5,196.6,400.3,200,153,Unhealthy,26.4,65.8,21.4
India,Telangana,Thiruvananthapuram,NO2,9.2,337,194.6,167,Unhealthy,15.8,76.2,25
India,Chhattisgarh,Mysuru,OZONE,80,456.8,248.4,249,Very Unhealthy,21.4,33.9,19.9
India,Bihar,Suakati,SO2,72.4,470,76.3,59,Moderate,28,49.6,5.2
India,Himachal Pradesh,Aizawl,CO,29.4,290.7,71.4,86,Moderate,27,77,9.4
India,Telangana,Mira-Bhayandar,NO2,9.7,484.6,21.6,1,Good,39.9,54.5,27.6
India,Uttar Pradesh,Dehradun,PM2.5,10.6,183.2,27.2,18,Good,35.2,30.2,12.7
India,Jharkhand,Solapur,SO2,78.8,493.2,80.3,65,Moderate,22.9,51.2,17.3
India,Chhattisgarh,Belapur,PM10,9,192.4,26.3,23,Good,30.9,74.3,2.5
India,Nagaland,Angul,PM2.5,16.7,460.3,32.6,45,Good,38.3,55.2,27.6
India,Meghalaya,Pimpri-Chinchwad,PM10,56.7,330.1,189.7,189,Unhealthy,25.1,90.5,4.8
India,Tripura,Mathura,OZONE,44.7,161.7,138.2,150,Unhealthy for Sensitive Groups,33.1,50.3,10.6
India,Chhattisgarh,Gandhinagar,OZONE,40.2,261.5,95.4,63,Moderate,19.9,67.7,27.5
India,Punjab,Thiruvananthapuram,CO,159.1,359.8,175.8,163,Unhealthy,33.8,42.7,17
India,Uttarakhand,Tonk,SO2,66.6,276.9,69.4,89,Moderate,15.2,75.3,17.8
India,West Bengal,Chhal,CO,47.3,347.6,53.4,85,Moderate,39.2,32.8,23.3
India,Delhi,Bilaspur,SO2,135,178.9,164.2,156,Unhealthy,22.6,43.8,4.9
India,Uttar Pradesh,Mira-Bhayandar,NH3,112.3,403.3,213.7,293,Very Unhealthy,30.2,36.8,3.9
India,Tamil Nadu,Tirupati,NO2,136.7,332.1,226.4,201,Very Unhealthy,32.2,85.5,4.9
India,Madhya Pradesh,Rohtak,NO2,8,226,21.1,24,Good,15.8,46.6,25.1
India,Madhya Pradesh,Tonk,OZONE,259.8,421.2,262.9,282,Very Unhealthy,23,39.6,28.3
India,Maharashtra,Hubballi,CO,18.6,252.7,232.2,230,Very Unhealthy,35.6,57.8,16.9
India,Telangana,Jind,CO,158.5,374.4,261.4,236,Very Unhealthy,21.1,72.7,6.8
India,Madhya Pradesh,Hubballi,PM10,39.6,408.1,107.2,141,Unhealthy for Sensitive Groups,32.5,76.9,2.6
India,Delhi,Hajipur,NO2,74.6,331.6,143.6,127,Unhealthy for Sensitive Groups,17.7,61.6,6.2
India,Punjab,Panchkula,NO2,34.5,399.3,36.8,44,Good,34,30,22.4
India,Maharashtra,Hyderabad,OZONE,71.3,264.7,231.2,241,Very Unhealthy,18.5,76.7,7.6
India,Bihar,Pampore,PM10,8.2,36.3,9.3,16,Good,29.6,71.9,11
India,Delhi,Hubballi,CO,122.1,370.4,218.9,284,Very Unhealthy,19.6,89.8,1.3
India,Odisha,Greater Noida,PM10,18.2,281.4,69.3,86,Moderate,17.3,74.5,9.3
India,Chandigarh,Barrackpore,SO2,125.2,409.9,265.1,215,Very Unhealthy,22.2,34.1,20.6
India,Karnataka,Mandi Gobindgarh,PM10,20.5,129.2,27.5,37,Good,17.8,33.2,17.2
India,Gujarat,Nellore,PM2.5,26.5,218.3,73.3,100,Moderate,24.7,46.1,5.3
India,West Bengal,Madurai,PM10,27.9,160.5,38.9,45,Good,27.4,92.8,2.2
India,Assam,Sagar,NH3,155.4,260,247.8,235,Very Unhealthy,16.6,43,17.4
India,Tripura,Vatva,PM10,201.6,450.5,227.3,254,Very Unhealthy,26.1,33.1,9.9
India,Madhya Pradesh,Chamarajanagar,CO,47.2,242.6,93.6,92,Moderate,29.1,76.1,27.8
India,Bihar,Sri Ganganagar,PM10,59.8,380.2,134,136,Unhealthy for Sensitive Groups,18.6,76.6,12.9
India,Punjab,Hingoli,CO,174.3,473.8,261.9,283,Very Unhealthy,18.5,31.1,10.2
India,Nagaland,Kalaburagi,PM2.5,29.1,487.9,93.2,94,Moderate,37.6,47.1,8.5
India,Puducherry,Moradabad,NO2,129,397.3,238.5,268,Very Unhealthy,35.1,67.9,21.4
India,Delhi,Muzaffarnagar,NO2,11.1,173.1,31.7,49,Good,25.2,47.3,12.5
India,Puducherry,Yadgir,PM2.5,25.6,184.2,106.8,141,Unhealthy for Sensitive Groups,36.6,61.2,11
India,West Bengal,Vrindavan,OZONE,8.3,262.3,69.7,86,Moderate,35.6,35.7,28.2
India,Puducherry,Bhiwani,NH3,12.1,355.4,87.9,59,Moderate,24.3,78,9.2
India,Maharashtra,Pune,CO,127.2,321.2,161.9,156,Unhealthy,16.3,80.2,24.2
India,Assam,Palwal,OZONE,24.1,194.4,169.6,153,Unhealthy,36.8,93.1,10.7
India,Uttarakhand,Jalandhar,SO2,27.4,332.2,125.2,134,Unhealthy for Sensitive Groups,28.1,58.9,2.7
India,Bihar,Kalyan,PM10,135.9,321.9,216.3,300,Very Unhealthy,19,46.4,28.5
India,Gujarat,Kanpur,NH3,95.9,437.9,259.8,267,Very Unhealthy,20.5,74.2,8.7
India,Delhi,Agartala,CO,43.5,425.6,54.6,73,Moderate,34.5,41.6,21
India,Jammu and Kashmir,Koppal,OZONE,3.3,284.8,5.1,3,Good,29.9,62.9,29.1
India,Chandigarh,Pune,CO,46,498.2,53.2,59,Moderate,31.8,84.2,17.4
India,Karnataka,Sri Ganganagar,CO,208.1,466.6,249.9,299,Very Unhealthy,22.3,45,23.2
India,Assam,Dharuhera,OZONE,11.8,115.8,18.1,39,Good,17.9,59.6,17.4
India,Tamil Nadu,Asansol,PM2.5,62.5,231.2,191.9,186,Unhealthy,38.7,51.2,21.9
India,Nagaland,Pampore,PM10,0.1,323.1,0.1,28,Good,21.2,49.5,22.8
India,Bihar,Ballabgarh,NO2,0.1,427.8,116.7,102,Unhealthy for Sensitive Groups,25.6,74.8,4.6
India,Assam,Sri Ganganagar,SO2,34.6,445.8,256.6,288,Very Unhealthy,18.9,86.1,29.5
India,Assam,Noida,CO,55.6,462.6,110.8,104,Unhealthy for Sensitive Groups,17.8,94.9,21.3
India,Assam,Chandigarh,NH3,1.4,301.1,7.7,10,Good,21.2,32.4,27.6
India,Bihar,Satara,NH3,138.6,231.4,228.7,271,Very Unhealthy,33.3,88.1,17.9
India,Tripura,Kolkata,CO,1.7,182.3,100.1,342,Hazardous,38,69.1,19.6
India,Delhi,Agra,OZONE,173.2,467.6,209.2,210,Very Unhealthy,17.4,49.2,20.9
India,Gujarat,Bahadurgarh,SO2,5.5,410.9,35.4,20,Good,25.1,80.5,27.2
India,Jharkhand,Talcher,PM2.5,106.8,295.5,209.4,270,Very Unhealthy,15.8,67.1,29.7
India,Himachal Pradesh,Asansol,NO2,2.5,234.1,2.8,11,Good,24,78.4,4.5
India,Chandigarh,Baran,SO2,146.9,444.2,197.5,153,Unhealthy,26.9,83.3,25.2
India,Nagaland,Pune,OZONE,47,152.7,72.9,79,Moderate,33.3,65.2,0.7
India,Puducherry,Nandesari,NO2,12.9,312.4,222,298,Very Unhealthy,20.2,93,8
India,Chandigarh,Jhunjhunu,NH3,156.3,480.3,264.8,300,Very Unhealthy,16.5,76.8,16.4
India,Gujarat,Kadapa,SO2,1.3,267.4,207.3,225,Very Unhealthy,21.3,75.4,6.2
India,Sikkim,Mandi Gobindgarh,PM2.5,24.4,75.5,72.4,52,Moderate,29.6,90.8,27.9
India,Andhra Pradesh,Jalore,PM2.5,133.9,279.3,158.2,181,Unhealthy,37.2,58.1,10.3
India,Arunachal Pradesh,Kota,OZONE,84.6,371.2,96.1,84,Moderate,20.2,36.3,0.3
India,Maharashtra,Beed,PM10,23,463.5,261.9,275,Very Unhealthy,29.1,85.2,17.9
India,Jammu and Kashmir,Gwalior,NH3,11.5,227.6,104,137,Unhealthy for Sensitive Groups,21.5,57.5,26.4
India,Rajasthan,Rajkot,SO2,176.2,276.6,220.9,247,Very Unhealthy,18.8,60.4,23.9
India,Sikkim,Mehsana,PM2.5,34.8,352,116.8,133,Unhealthy for Sensitive Groups,39.2,35,2.1
India,Jharkhand,Sonipat,PM2.5,61.6,382.5,144.2,137,Unhealthy for Sensitive Groups,26.8,60.6,16.9
India,Nagaland,Rajkot,CO,104.5,484.5,122.7,149,Unhealthy for Sensitive Groups,29.2,75.7,25
India,Andhra Pradesh,Gandhinagar,CO,19.9,222.5,170.7,164,Unhealthy,21,86.4,17.1
India,Haryana,Vrindavan,SO2,201.7,437.1,253.3,229,Very Unhealthy,29.9,53.7,22.1
India,West Bengal,Parbhani,OZONE,124.4,186.9,183.2,191,Unhealthy,25.2,51.6,21.9
India,Puducherry,Aizawl,PM2.5,18.5,302.6,128,126,Unhealthy for Sensitive Groups,32.5,73.5,2.1
India,Maharashtra,Dharwad,CO,32,412.3,66.7,60,Moderate,35.4,36.1,5.7
India,Nagaland,Talcher,CO,113,337.1,115.7,146,Unhealthy for Sensitive Groups,37.1,37.8,0.8
India,Arunachal Pradesh,Churu,NH3,128.6,365.5,266,269,Very Unhealthy,19.5,33.3,17.3
India,Jammu and Kashmir,Mehsana,SO2,47,120.9,84.2,65,Moderate,19.4,48.1,25.8
India,Arunachal Pradesh,Jalandhar,PM2.5,123,430.8,206.4,254,Very Unhealthy,19.9,77.2,27.8
India,Bihar,Alwar,PM2.5,116.5,286.9,260.1,298,Very Unhealthy,39.2,56.4,24.9
India,Jammu and Kashmir,Kunjemura,PM2.5,85.4,428,249.3,209,Very Unhealthy,26.2,31,1.2
India,Jammu and Kashmir,Thane,NH3,70.2,437.1,154.7,167,Unhealthy,16.3,46,8.1
India,Tamil Nadu,Aurangabad,PM2.5,26.2,101.9,71.2,85,Moderate,15.7,82.1,16.2
India,Madhya Pradesh,Chikkaballapur,CO,67.1,84.2,76.6,98,Moderate,17.8,50.3,25.4
India,Chhattisgarh,Agra,PM10,6.1,135.7,68.4,84,Moderate,23.1,74.9,29
India,Andhra Pradesh,Kishanganj,PM2.5,0.1,381.3,2.5,38,Good,19.5,39.7,12.3
India,Uttar Pradesh,Panipat,PM10,0.6,481.9,0.9,13,Good,33.1,80.2,1.4
India,Karnataka,Jalandhar,OZONE,156.6,267.4,184.3,190,Unhealthy,38.4,59.4,27.3
India,Jharkhand,Lucknow,PM10,180.7,228,211.8,262,Very Unhealthy,29.4,60,2.7
India,Andhra Pradesh,Tumidih,SO2,0.4,376.6,0.4,29,Good,28.1,51,11.5
India,Puducherry,Tirupati,PM2.5,59.9,400.6,128.1,115,Unhealthy for Sensitive Groups,27,89.1,12.2
India,Jammu and Kashmir,Suakati,PM10,44.3,275.1,155,197,Unhealthy,21.7,86.4,14.9
India,Punjab,Jorapokhar,OZONE,6.2,436.7,40.2,4,Good,16.8,55.3,25.2
India,Tamil Nadu,Sivasagar,NH3,40.3,435.4,127.6,140,Unhealthy for Sensitive Groups,19.4,45.6,20.3
India,Tripura,Panchgaon,NO2,156.5,176.6,162.5,200,Unhealthy,24.5,51.2,0.2
India,Rajasthan,Mandi Gobindgarh,CO,74.2,198.9,138.2,107,Unhealthy for Sensitive Groups,28.1,91,1.6
India,Puducherry,Gurugram,CO,6.4,257.9,6.7,17,Good,27,75.2,25.4
India,Telangana,Dharwad,CO,118.9,494.2,205,203,Very Unhealthy,22.3,38.4,13.1
India,Telangana,Muzaffarpur,SO2,8.7,356,29.5,34,Good,38.2,35.9,8.2
India,Odisha,Pune,PM10,151.3,318.8,189.9,187,Unhealthy,19.5,76.9,27.8
India,Nagaland,Guwahati,PM10,86.7,384.7,216.6,271,Very Unhealthy,29.9,76.5,21.8
India,Punjab,Kashipur,OZONE,78.9,401.8,180.7,187,Unhealthy,38.9,69.9,8.8
India,Mizoram,Virar,SO2,24.8,130.8,37.5,18,Good,21.4,63.9,25.2
India,Meghalaya,Bilaspur,NH3,46.9,356.3,73.1,55,Moderate,25.2,93.7,3.3
India,Rajasthan,Haldia,CO,25.5,453.7,176.3,160,Unhealthy,37.5,84.5,29.6
India,Chandigarh,Baddi,NH3,1.1,77.3,1.9,29,Good,18.1,34.1,3.9
India,Tripura,Bettiah,NO2,3,65.2,31.5,3,Good,17,77.9,17.3
India,West Bengal,Saharsa,NH3,101.2,309.8,212.3,265,Very Unhealthy,28.9,67.1,22.5
India,Tamil Nadu,Chamarajanagar,CO,107.4,172.1,116.6,144,Unhealthy for Sensitive Groups,21.7,71.8,24.5
India,Chandigarh,Gaya,SO2,39.1,395.8,108.9,145,Unhealthy for Sensitive Groups,39,30.7,26.4
India,Bihar,Satara,PM10,108.2,137.1,113.4,142,Unhealthy for Sensitive Groups,26.6,88.9,3
India,Meghalaya,Bhubaneswar,OZONE,5.2,191.1,19.8,44,Good,21.1,82.4,5.1
India,Chhattisgarh,Panchkula,CO,6.2,405.3,170.1,168,Unhealthy,34.1,63.1,18.1
India,Sikkim,Baghpat,NH3,79.3,401.6,184.7,179,Unhealthy,30.5,44.2,8.8
India,Tripura,Patiala,PM10,134.9,380.1,148.6,133,Unhealthy for Sensitive Groups,23.8,74.5,12.8
India,Mizoram,Chamarajanagar,SO2,51.4,386.4,58,72,Moderate,35.6,33.9,28
India,Tripura,Kadapa,NH3,97,280.9,157.9,195,Unhealthy,32.5,43.6,0.6
India,Jammu and Kashmir,Manesar,CO,4.8,293.9,24,29,Good,34,82.6,11.2
India,Sikkim,Ajmer,NH3,28.5,358.7,227,235,Very Unhealthy,19.3,35,16.4
India,Punjab,Aurangabad,SO2,14,380.9,55.8,80,Moderate,21.4,70.2,26.7
India,Himachal Pradesh,Siwan,CO,12.9,204.6,38.2,15,Good,16.9,46.2,16
India,Rajasthan,Nandesari,SO2,49.7,370.8,141.2,121,Unhealthy for Sensitive Groups,36.5,47,15.2
India,Himachal Pradesh,Coimbatore,SO2,74.8,322.1,91.9,54,Moderate,36.8,68.7,15.9
India,Gujarat,Vijayapura,CO,3.7,271.3,4.4,25,Good,39.8,44.2,0.7
India,Haryana,Silchar,NH3,19.6,399.2,41.4,16,Good,27.2,54.1,5.9
India,Meghalaya,Bhiwandi,NH3,35.3,452,146,102,Unhealthy for Sensitive Groups,39.4,81.2,27.8
India,Mizoram,Jalore,SO2,46.2,387.9,79.7,80,Moderate,30.2,41.5,10.3
India,Jharkhand,Aurangabad,SO2,67.6,286.6,210.2,296,Very Unhealthy,25.3,89.6,0.2
India,Andhra Pradesh,Thrissur,NO2,0.4,49,7,21,Good,17.3,31.6,20.6
India,Rajasthan,Bilaspur,SO2,27.8,377.4,87.6,70,Moderate,21.8,46.1,9.2
India,Odisha,Ulhasnagar,OZONE,81.2,321.8,105.9,103,Unhealthy for Sensitive Groups,31,36.8,10.7
India,Odisha,Hyderabad,NH3,40.5,395.6,145.4,101,Unhealthy for Sensitive Groups,30.7,54.8,0.4
India,West Bengal,Latur,PM2.5,85.7,333.4,211.1,262,Very Unhealthy,15.7,60,25.3
India,Jharkhand,Kashipur,NH3,152.9,278.2,186,151,Unhealthy,20.3,35.6,15.7
India,Himachal Pradesh,Bhavnagar,NO2,133.8,448.2,134.1,139,Unhealthy for Sensitive Groups,29.3,46,27
India,Arunachal Pradesh,Bhubaneswar,SO2,125.1,295.5,214.7,276,Very Unhealthy,32.1,93.2,26.3
India,Himachal Pradesh,Dombivli,SO2,10.2,475.3,27.1,11,Good,27.1,66,3.1
India,Nagaland,Mahad,NH3,2.4,347.3,9,47,Good,31.8,52.5,7.4
India,West Bengal,Sonipat,CO,42.8,310.3,188,195,Unhealthy,25.3,93.8,27.9
India,Nagaland,Patiala,NH3,63.3,425.6,191,170,Unhealthy,27.4,35.6,15.1
India,Meghalaya,Gummidipoondi,SO2,9,193.1,103,126,Unhealthy for Sensitive Groups,26.7,52.3,30
India,Rajasthan,Nagpur,OZONE,99.2,186.1,135.9,124,Unhealthy for Sensitive Groups,27.7,46,15.9
India,Jharkhand,Indore,OZONE,48.3,204.5,63.9,92,Moderate,23.9,35.9,29.2
India,Uttarakhand,Latur,CO,158.4,405.3,261.5,282,Very Unhealthy,18.4,68.9,28.6
India,Telangana,Dharuhera,NO2,39.6,367.2,152.8,169,Unhealthy,16.4,70.2,3.3
India,Nagaland,Boisar,PM2.5,3.8,445.7,68.4,85,Moderate,28.2,74.6,24.6
India,Chandigarh,Barmer,NO2,54.5,466.6,87.7,66,Moderate,33.1,57.8,11.4
India,Himachal Pradesh,Chandigarh,NO2,89.4,215,174.1,151,Unhealthy,22.9,85.2,21.5
India,Uttar Pradesh,Ahmedabad,SO2,8.4,356.9,36.5,36,Good,34.9,48.9,1.4
India,Delhi,Coimbatore,PM2.5,14.3,464.2,118.5,105,Unhealthy for Sensitive Groups,33.4,85.3,27.4
India,Himachal Pradesh,Tirumala,NH3,19.9,265,180.7,157,Unhealthy,30.9,66.9,14.8
India,Gujarat,Lucknow,PM10,11.2,398.4,116.4,101,Unhealthy for Sensitive Groups,35.5,85.5,12.1
India,Odisha,Gorakhpur,NO2,13.3,285.9,35,41,Good,36,55.7,5.5
India,Tamil Nadu,Ulhasnagar,OZONE,126,338.6,187.9,157,Unhealthy,16.8,50.8,28
India,Himachal Pradesh,Madurai,PM10,0.9,359.1,2.7,27,Good,21.4,51.7,18.7
India,Sikkim,Nagpur,SO2,8.2,338.2,123.5,126,Unhealthy for Sensitive Groups,16.1,39.2,10.9
India,Nagaland,Amravati,CO,3.2,386.5,86,69,Moderate,37.5,50.5,17.1
India,Uttar Pradesh,Bharatpur,PM2.5,177.3,448.5,182.9,181,Unhealthy,24,69.1,26.2
India,Odisha,Bareilly,SO2,23.1,303.4,199.4,156,Unhealthy,31.1,91.1,29.1
India,Madhya Pradesh,Buxar,PM10,1.6,248.9,129.1,101,Unhealthy for Sensitive Groups,22.3,59.7,17.8
India,Rajasthan,Muzaffarnagar,SO2,13.9,108.4,54.7,98,Moderate,30.3,38.1,29.4
India,Chandigarh,Bettiah,PM10,59.8,108.7,91.3,72,Moderate,28.6,35,14.5
India,Haryana,Moradabad,NO2,33.7,431.1,88.5,68,Moderate,35.7,43.5,12
India,Uttar Pradesh,Vapi,SO2,114.2,280.5,184,190,Unhealthy,38,42.7,22.8
India,Assam,Muzaffarpur,NH3,135.1,499.7,143,136,Unhealthy for Sensitive Groups,28.8,76,1.5
India,Tripura,Gummidipoondi,PM2.5,42.2,394.8,233.7,224,Very Unhealthy,30.7,72.5,5.8
India,Uttar Pradesh,Sonipat,PM10,6.1,454,176.2,166,Unhealthy,30.1,38.3,17.8
India,Tamil Nadu,Thane,NO2,253.9,330.4,260.1,233,Very Unhealthy,16.8,90,4.5
India,Arunachal Pradesh,Kannur,SO2,9.6,51.6,23.5,30,Good,30.3,53.1,10.5
India,Chhattisgarh,Bettiah,NH3,53.4,226.5,165.8,184,Unhealthy,22.5,72.4,17.2
India,Odisha,Kolhapur,OZONE,9.4,463,30,35,Good,23.3,59.3,29.5
India,Nagaland,Jhansi,OZONE,104.3,425.3,109.8,149,Unhealthy for Sensitive Groups,33.2,74.7,16.4
India,Mizoram,Panchgaon,NH3,35.1,130.9,49.2,2,Good,38.1,85,7.3
India,Maharashtra,Chamarajanagar,CO,10.1,282.5,67.9,91,Moderate,39,70,6.7
India,Gujarat,Churu,SO2,131.8,259.8,198.7,177,Unhealthy,15,52.3,29.4
India,West Bengal,Kunjemura,PM10,15.1,474.8,151.3,157,Unhealthy,19.9,39.6,1.4
India,Puducherry,Eluru,NH3,26.3,370.6,90.8,62,Moderate,29.1,77.2,16.6
India,Punjab,Hingoli,NH3,23.7,363.8,228.6,286,Very Unhealthy,32,31.3,13.2
India,Telangana,Jalore,OZONE,10.2,296.1,77.3,88,Moderate,16.1,51.9,13.2
India,Tripura,Bathinda,PM10,93.8,387.3,183.8,168,Unhealthy,33.4,93.6,22.3
India,Jharkhand,Banswara,NH3,89.6,182.6,129.1,131,Unhealthy for Sensitive Groups,18,90.6,9
India,Chandigarh,Aurangabad,SO2,53.6,179.6,89.6,92,Moderate,24.1,61.5,19.2
India,Sikkim,Sikar,OZONE,16.2,451.5,56.4,65,Moderate,18.2,36,23
India,Andhra Pradesh,Angul,PM10,41.4,288.9,95.4,94,Moderate,25.9,37.8,13
India,Telangana,Satna,PM10,209,482.6,243.6,280,Very Unhealthy,24.7,56.9,7.2
India,Mizoram,Jalna,OZONE,110.4,348,123.7,124,Unhealthy for Sensitive Groups,21,51,19.2
India,Arunachal Pradesh,Damoh,OZONE,153.3,242.5,186.6,166,Unhealthy,31.8,51.2,3.7
India,Arunachal Pradesh,Barrackpore,PM2.5,23.7,431.1,80.5,65,Moderate,28.7,57.1,8.2
India,Chhattisgarh,Panchgaon,SO2,3.5,382.9,147.4,131,Unhealthy for Sensitive Groups,27,71.9,19.3
India,Nagaland,Sawai Madhopur,SO2,58.6,103.3,84,53,Moderate,34.1,57.4,16.5
India,Tamil Nadu,Siliguri,NH3,48,346.2,140.9,114,Unhealthy for Sensitive Groups,18.1,54.4,9.4
India,Madhya Pradesh,Mandi Gobindgarh,PM2.5,67.2,256.6,109.9,117,Unhealthy for Sensitive Groups,32.6,40.5,27.3
India,Bihar,Bhubaneswar,NO2,65,375.6,211.9,212,Very Unhealthy,25.3,86.2,19.8
India,Arunachal Pradesh,Raebareli,NH3,10.2,284.9,42.9,40,Good,30.1,48.5,20.6
India,Mizoram,Chamarajanagar,NO2,24.2,40.6,30.8,11,Good,35.5,85.1,13.3
India,Delhi,Chhal,OZONE,110.5,466.6,175.1,175,Unhealthy,38,92.1,9.5
India,Tripura,Udaipur,SO2,235.2,360.7,247,251,Very Unhealthy,30.9,85,27.3
India,Andhra Pradesh,Chittoor,SO2,96.3,488.3,261.3,285,Very Unhealthy,19.4,66.4,7
India,Haryana,Jind,PM2.5,87.5,311.1,189,172,Unhealthy,30.7,39.2,13.4
India,Jammu and Kashmir,Bhilwara,PM10,126.3,441.1,157.5,156,Unhealthy,36.7,45.7,18.7
India,Uttarakhand,Nagpur,NO2,35,275.8,82,84,Moderate,37.6,44.2,8.1
India,Sikkim,Amritsar,CO,73.1,270.8,217.7,217,Very Unhealthy,16.9,85,6.5
India,Chhattisgarh,Dungarpur,PM2.5,74.6,431.4,91.5,99,Moderate,22.7,46.2,3.5
India,Mizoram,Bahadurgarh,SO2,13.3,100.4,36,22,Good,31.8,77.2,11
India,Odisha,Hanumangarh,CO,132,280.3,233,261,Very Unhealthy,22.1,63.5,2.8
India,Punjab,Dharuhera,PM2.5,2.2,259.6,25.3,25,Good,16.7,90.8,5
India,Bihar,Rupnagar,PM2.5,31.5,323.5,139.5,120,Unhealthy for Sensitive Groups,17.7,73,2.2
India,Odisha,Bhavnagar,SO2,124.9,480.6,138.8,149,Unhealthy for Sensitive Groups,36.8,37.5,0.9
India,West Bengal,Nandesari,NO2,86.1,239.6,227.7,267,Very Unhealthy,34.8,32.6,15.4
India,Telangana,Koppal,PM2.5,67.3,368.2,213,226,Very Unhealthy,39.9,85.4,10.5
India,Jammu and Kashmir,Sri Ganganagar,PM10,31.7,459.1,183.7,168,Unhealthy,38,58.3,7.8
India,Sikkim,Bathinda,NO2,136.9,390.7,231.1,298,Very Unhealthy,37,64.6,2.3
India,Punjab,Baghpat,NH3,62.1,396.6,213.5,277,Very Unhealthy,33.9,36.3,5.8
India,Sikkim,Jalna,PM2.5,62.8,336.9,203.4,214,Very Unhealthy,25.1,86,2.3
India,Himachal Pradesh,Kishanganj,NH3,120.1,495.8,124.4,120,Unhealthy for Sensitive Groups,31.1,40.6,29.3
India,Rajasthan,Patna,PM2.5,103,341.2,181.9,182,Unhealthy,16.2,31.8,21
India,Karnataka,Bahadurgarh,PM2.5,89.3,325.5,110.5,149,Unhealthy for Sensitive Groups,28.3,38.9,4.4
India,Kerala,Bhiwani,SO2,95.3,432.6,111.4,115,Unhealthy for Sensitive Groups,23.8,48.2,27.6
India,Tamil Nadu,Jaisalmer,PM2.5,157.7,417.3,264.3,218,Very Unhealthy,30.6,90.6,20
India,Gujarat,Tumidih,CO,26.3,140.9,56.7,65,Moderate,22.7,67,15.5
India,Rajasthan,Brajrajnagar,NH3,210.1,349,228.4,216,Very Unhealthy,31.9,64.5,18.5
India,Jharkhand,Kohima,NO2,51.1,376.4,175.4,182,Unhealthy,33.2,36.4,20.4
India,Maharashtra,Siliguri,SO2,206.1,250.6,235.8,214,Very Unhealthy,16.6,56,16.5
India,West Bengal,Manesar,OZONE,4.1,233.8,9,31,Good,37.9,46.4,2.2
India,Jharkhand,Madikeri,PM2.5,71.8,152.7,129.7,136,Unhealthy for Sensitive Groups,38.9,39.2,17.6
India,Punjab,Thrissur,SO2,80.4,279.4,252.4,217,Very Unhealthy,30.3,82.2,8.8
India,Chandigarh,Munger,OZONE,136.3,375.2,178.5,159,Unhealthy,28.1,74.2,12
India,Uttar Pradesh,Hubballi,NO2,143.3,439.2,191.9,166,Unhealthy,35.8,51,22.4
India,Puducherry,Gummidipoondi,OZONE,5.8,394.7,22.6,23,Good,33.9,78.6,15.7
India,Odisha,Boisar,PM2.5,77.4,348.8,196.3,197,Unhealthy,26.5,49.8,18
India,Rajasthan,Sasaram,CO,6.9,334.3,28.9,8,Good,39.8,63.7,16.6
India,Puducherry,Ramanagara,NO2,133.3,294.7,180,197,Unhealthy,20.1,48.6,9.4
India,Chandigarh,Nellore,OZONE,18.9,398.4,195.3,186,Unhealthy,36.6,50.6,15.7
India,Uttar Pradesh,Jhunjhunu,PM10,35.6,457.3,201.9,254,Very Unhealthy,28.6,38.2,13.4
India,Karnataka,Asansol,CO,69.8,224.8,169.4,181,Unhealthy,35.7,69.5,16.8
India,Himachal Pradesh,Damoh,NH3,57.4,87.7,69.9,55,Moderate,34.6,81.6,26.4
India,Assam,Sirsa,CO,203.7,412.9,235.1,287,Very Unhealthy,34.1,45,21.7
India,Chhattisgarh,Kashipur,PM10,69.6,376,96.2,61,Moderate,23.1,50.8,3.2
India,Haryana,Byasanagar,NO2,26.2,238.5,86.7,77,Moderate,24.9,65.2,17.1
India,Meghalaya,Kohima,OZONE,120.9,388,215.8,294,Very Unhealthy,25.8,38,12.5
India,Odisha,Mumbai,NO2,63.4,177.8,99,76,Moderate,22.2,35.7,19.1
India,Rajasthan,Ambernath,NO2,29,457.7,166.2,158,Unhealthy,30.8,49.8,6.2
India,Meghalaya,Shivamogga,PM2.5,81.3,462,127.5,123,Unhealthy for Sensitive Groups,33.9,60.3,26.5
India,Meghalaya,Kanpur,SO2,11.9,134.9,14.9,11,Good,20.8,77.8,16.5
India,Tamil Nadu,Amravati,NH3,13.7,305,62.9,63,Moderate,23.3,90.2,10.4
India,Haryana,Bilaspur,PM2.5,10.7,442.1,12.4,42,Good,31.1,66.1,12.4
India,Madhya Pradesh,Damoh,SO2,27.7,480.6,243.1,223,Very Unhealthy,23.6,42.6,23.2
India,Arunachal Pradesh,Bhavnagar,PM10,146.1,164.7,160.7,177,Unhealthy,35.6,89.9,24
India,Chandigarh,Puducherry,CO,58.1,347.2,110.6,144,Unhealthy for Sensitive Groups,19.1,90.2,5.4
India,Karnataka,Khanna,PM2.5,4.5,491.9,5,12,Good,29.9,36.6,20.9
India,Kerala,Siwan,OZONE,102.4,385,167.7,173,Unhealthy,29.3,74.1,28.5
India,Kerala,Baddi,NH3,183.7,403.2,225.4,226,Very Unhealthy,28.4,74.7,23.7
India,Sikkim,Kolhapur,OZONE,4.2,420.4,218.7,295,Very Unhealthy,30.7,93.4,8.4
India,Odisha,Khairthal,PM10,1.9,336,104.7,149,Unhealthy for Sensitive Groups,17.9,82.4,28.5
India,Gujarat,Chandrapur,OZONE,113.6,473.7,209.9,251,Very Unhealthy,37.5,88.1,12.2
India,Uttarakhand,Nanded,PM10,83.7,461.8,231.6,238,Very Unhealthy,38.3,87.5,26.7
India,Tamil Nadu,Tensa,NO2,116,210.8,118.1,120,Unhealthy for Sensitive Groups,27.5,31.2,27.6
India,Delhi,Balasore,PM10,108.1,342.2,157.5,194,Unhealthy,18.9,56.9,19.4
India,Chandigarh,Muzaffarpur,OZONE,62.8,426.4,259.9,246,Very Unhealthy,30.7,84,0.7
India,Haryana,Ambala,NH3,28.4,192.2,170.7,156,Unhealthy,23.4,73.6,10.6
India,Uttarakhand,Rajamahendravaram,NH3,113.8,330.5,130.1,103,Unhealthy for Sensitive Groups,20.8,86.8,5.1
India,Uttar Pradesh,Ujjain,NO2,47.7,178,160.1,188,Unhealthy,32.9,79.7,4.9
India,Punjab,Dhanbad,SO2,43.1,481,78.6,77,Moderate,34.6,43.6,8.7
India,Madhya Pradesh,Maihar,NO2,74.3,251.2,161.3,196,Unhealthy,23.7,57.7,2.6
India,Andhra Pradesh,Ambernath,CO,133.7,330.1,205.4,251,Very Unhealthy,35.4,48.7,4.9
India,Assam,Barrackpore,PM10,10.8,230.7,84.3,51,Moderate,25.7,45.6,13.8
India,Uttar Pradesh,Jhalawar,OZONE,8.5,223.7,27.5,29,Good,27.3,82.2,16.6
India,Arunachal Pradesh,Jabalpur,PM2.5,87.9,495.4,177.5,152,Unhealthy,19.6,37.1,29.6
India,Mizoram,Shivamogga,PM2.5,58,325.9,67.6,91,Moderate,38.6,84.5,10.7
India,Chhattisgarh,Jind,PM2.5,0.8,377.4,122,132,Unhealthy for Sensitive Groups,35.9,92.5,26.1
India,Chandigarh,Gaya,NH3,120.6,216.3,162.8,193,Unhealthy,16.3,39.9,25.5
India,Andhra Pradesh,Panchgaon,PM2.5,53.1,391.5,154.6,194,Unhealthy,26.7,73.3,1.3
India,Uttar Pradesh,Tirumala,PM10,75.5,143.7,105.1,137,Unhealthy for Sensitive Groups,29.7,45.1,5.8
India,Odisha,Ambala,CO,2.5,149.4,48.2,9,Good,22,51,11.9
India,Punjab,Satna,PM2.5,64,379.9,105.6,148,Unhealthy for Sensitive Groups,33.2,94.1,17
India,Jammu and Kashmir,Udaipur,CO,42.7,428.1,128.3,129,Unhealthy for Sensitive Groups,35.9,92.9,28.3
India,Uttarakhand,Bhubaneswar,PM2.5,86.9,441,265.1,206,Very Unhealthy,17.4,88.1,26.7
India,Punjab,Dungarpur,SO2,76.7,320.1,138.1,147,Unhealthy for Sensitive Groups,24.7,82.7,9.7
India,Telangana,Kishanganj,NH3,24.2,243.8,165.1,196,Unhealthy,22.1,74.6,24.6
India,Karnataka,Satara,NO2,126.2,306.5,250.3,236,Very Unhealthy,22.4,61.9,28.1
India,Uttarakhand,Akola,NO2,204.1,303.3,211.1,286,Very Unhealthy,29.5,36.1,18.5
India,Chandigarh,Singrauli,SO2,105.2,481.4,119.6,119,Unhealthy for Sensitive Groups,20.1,30.9,3.5
India,Tamil Nadu,Jhunjhunu,PM2.5,64.3,398.2,99.4,90,Moderate,18.5,85.2,22.5
India,Gujarat,Bulandshahr,NH3,40.5,248,141,105,Unhealthy for Sensitive Groups,34.2,44.6,11.4
India,Chandigarh,Ulhasnagar,CO,84.3,188.5,185.6,179,Unhealthy,16.1,40.6,20.9
India,Punjab,Baghpat,CO,48.5,258.4,64.2,99,Moderate,26.6,91.1,11.9
India,Jharkhand,Munger,PM10,138.8,192.3,175.7,187,Unhealthy,38.1,59.2,17.4
India,Chhattisgarh,Nandesari,SO2,0.1,425.3,0.4,11,Good,37.5,77.7,17.9
India,Tamil Nadu,Motihari,SO2,59.1,203.5,78.7,51,Moderate,34.9,47.4,1
India,Andhra Pradesh,Noida,NO2,151.2,362.2,230.3,238,Very Unhealthy,18.3,87.3,12.9
India,Sikkim,Coimbatore,SO2,27.1,174.9,102.8,106,Unhealthy for Sensitive Groups,40,33.3,11.3
India,Meghalaya,Vatva,PM10,81.7,366,208.1,222,Very Unhealthy,37.1,63.3,11.4
India,Nagaland,Karnal,NO2,32,353.6,126.1,123,Unhealthy for Sensitive Groups,15.6,75.6,1.4
India,Himachal Pradesh,Amaravati,CO,84.4,494,183.6,160,Unhealthy,20.6,67,3.6
India,Rajasthan,Bhubaneswar,PM10,71.5,463.4,181.3,192,Unhealthy,37.7,72.7,7.3
India,Bihar,Rairangpur,PM10,1.9,211.4,6.4,4,Good,26.1,73.2,15.8
India,Andhra Pradesh,Suakati,CO,176.8,370.9,223.2,261,Very Unhealthy,24.6,31.2,24.7
India,Nagaland,Damoh,NO2,77.4,178.6,97.4,55,Moderate,19.2,76.8,3.2
India,Karnataka,Yadgir,PM10,195.5,389.4,236.1,236,Very Unhealthy,19.9,91.3,25.7
India,Gujarat,Motihari,OZONE,128.9,359.5,207.2,208,Very Unhealthy,15.6,58.8,29.6
India,Haryana,Chandigarh,PM2.5,236.6,272.1,242.1,217,Very Unhealthy,29,36.3,6.5
India,Tripura,Nagpur,NH3,160.9,258.5,176.7,154,Unhealthy,21,58.1,13.2
India,Punjab,Kollam,NH3,76.9,423.6,147.3,124,Unhealthy for Sensitive Groups,34,80.8,12.6
India,West Bengal,Araria,NO2,77.4,199.5,154.2,180,Unhealthy,34.7,58,11.6
India,Bihar,Kalaburagi,OZONE,91.6,234.4,158.5,156,Unhealthy,21.3,81.2,19.1
India,Chandigarh,Mangalore,NO2,94.6,287,206.1,257,Very Unhealthy,37.7,90.1,29.4
India,Puducherry,Satna,CO,59.6,416.5,162.4,160,Unhealthy,36.7,76.5,25.3
India,Telangana,Cuddalore,PM10,7,170.3,40,10,Good,22.2,85.8,11.5
India,Jammu and Kashmir,Vapi,NO2,10.4,362.9,28,29,Good,33.5,54.7,27.5
India,Maharashtra,Parbhani,NO2,38.2,162.9,59.7,53,Moderate,34.7,80.4,27.8
India,Andhra Pradesh,Agartala,NH3,24.9,287.6,62.9,96,Moderate,17.2,73.4,15.3
India,Delhi,Baran,OZONE,8.1,205.2,141.7,108,Unhealthy for Sensitive Groups,36.3,65.3,18.8
India,Tamil Nadu,Suakati,PM2.5,34.1,493.7,47.4,47,Good,15.2,39.8,14.3
India,Jammu and Kashmir,Khanna,SO2,31.9,103.3,75,95,Moderate,38.2,94.4,6.7
India,Jharkhand,Milupara,NO2,21.4,242.2,87,60,Moderate,26.5,70.1,4.5
India,Mizoram,Bhubaneswar,PM2.5,8.7,495.1,264.5,256,Very Unhealthy,37.3,89.6,24.8
India,Himachal Pradesh,Vapi,NO2,23.4,387.9,38,34,Good,22.3,66.4,24.5
India,Nagaland,Chhapra,SO2,199.7,271.6,232.2,241,Very Unhealthy,32.8,30.1,10
India,Bihar,Hanumangarh,SO2,44.1,354.1,64.8,57,Moderate,26.8,61.3,0.8
India,Bihar,Panchgaon,PM2.5,91.2,262.3,214.8,280,Very Unhealthy,28.7,79.3,8.3
India,Odisha,Raipur,PM10,169.4,310.1,175,159,Unhealthy,39,64.2,28.6
India,Delhi,Bhiwadi,OZONE,65.4,493.4,233,275,Very Unhealthy,23.2,50.4,16.9
India,Maharashtra,Bhopal,PM2.5,73,441.5,223.1,239,Very Unhealthy,21.7,56.6,13.2
India,Rajasthan,Bikaner,CO,92.1,266.2,246.3,272,Very Unhealthy,30.6,72.5,8.8
India,Tripura,Kurukshetra,NO2,23.1,378.4,142.2,122,Unhealthy for Sensitive Groups,36.3,50.8,23.7
India,Jharkhand,Machilipatnam,PM10,21.3,247.4,193.5,190,Unhealthy,15.9,65.1,0.9
India,Tripura,Araria,CO,106.9,408.2,266,285,Very Unhealthy,25.8,59.8,8.5
India,Meghalaya,Munger,OZONE,23.9,267.6,207.7,254,Very Unhealthy,36.1,41.7,3.4
India,Tripura,Tumidih,PM2.5,30.3,428,57.5,88,Moderate,29.6,64.6,6.5
India,Mizoram,Aizawl,CO,34.2,461.3,166.7,154,Unhealthy,23.6,80.1,21.5
India,West Bengal,Parbhani,OZONE,0.1,357.3,1,32,Good,33.5,49.9,14.1
India,Bihar,Arrah,NO2,36.9,460.2,263.6,259,Very Unhealthy,29.3,59.1,2
India,Gujarat,Koppal,NO2,25.8,429.2,206.6,268,Very Unhealthy,36,51.9,7.6
India,Andhra Pradesh,Satara,SO2,53.2,363.3,222.3,216,Very Unhealthy,37.8,71.9,29
India,Chandigarh,Agartala,SO2,76.8,437.8,249.2,223,Very Unhealthy,36.9,43.5,15.3
India,Himachal Pradesh,Sonipat,CO,46.4,322.3,106.2,110,Unhealthy for Sensitive Groups,37.6,32.7,6.3
India,Bihar,Maihar,NO2,155.6,302.8,199.1,157,Unhealthy,28.6,44.3,21
India,Madhya Pradesh,Rajamahendravaram,NO2,22.8,265.7,25.4,35,Good,37.7,90.1,18.7
India,Chhattisgarh,Anantapur,NH3,162.2,448.7,180.7,167,Unhealthy,38.1,78.1,20.4
India,Mizoram,Aurangabad,NO2,102.2,381.1,265,270,Very Unhealthy,20,84.2,9.8
India,Mizoram,Tumidih,PM10,51.3,195.2,106.7,118,Unhealthy for Sensitive Groups,33.7,48.5,12.6
India,Haryana,Kohima,NH3,44.7,188.7,81.9,74,Moderate,35.1,81.7,21.9
India,Meghalaya,Bhavnagar,PM2.5,31.9,330.1,198.9,185,Unhealthy,35.6,86.3,12.2
India,Nagaland,Muzaffarpur,PM10,116,318.5,192.5,173,Unhealthy,21.3,59.7,13.8
India,Telangana,Nagaur,PM10,8.8,396.1,226.3,264,Very Unhealthy,33.1,79.2,1.5
India,Himachal Pradesh,Bilaspur,CO,0,326,121.2,135,Unhealthy for Sensitive Groups,33,71,19.8
India,Puducherry,Aurangabad,PM10,43.3,419.6,195,155,Unhealthy,16.7,78.7,16
India,Odisha,Hanumangarh,PM2.5,49.7,245.4,50.2,479,Hazardous,17.6,88.6,6.7
India,Uttarakhand,Chikkaballapur,NH3,129.6,348.1,198.3,190,Unhealthy,33.6,69.7,10.2
India,Mizoram,Puducherry,PM10,30.3,454,71.7,98,Moderate,37,50.8,27
India,Uttarakhand,Sivasagar,NO2,63.7,371,217.9,247,Very Unhealthy,35.1,36.9,14.7
India,Jammu and Kashmir,Khurja,OZONE,34.7,399.8,49.6,45,Good,20,90.4,23.2
India,Meghalaya,Vijayawada,SO2,72.3,288.7,82.8,54,Moderate,31,41.8,15.6
India,Meghalaya,Bhagalpur,NH3,50,419.9,92.5,89,Moderate,24.1,83.8,18.8
India,Haryana,Jhunjhunu,OZONE,12.4,169.2,127.3,113,Unhealthy for Sensitive Groups,38.6,63.8,13.1
India,Andhra Pradesh,Malegaon,SO2,0.5,404.8,83.5,80,Moderate,19.1,77.5,17.4
India,Assam,Akola,SO2,1.8,231.9,15.5,43,Good,18.1,35.3,15.8
India,Uttar Pradesh,Kollam,OZONE,83.7,174.6,157.6,153,Unhealthy,20.7,41.3,12
India,Arunachal Pradesh,Boisar,NO2,54.7,447.6,227.7,261,Very Unhealthy,40,48.2,12.3
India,Jammu and Kashmir,Visakhapatnam,OZONE,38.6,489.2,97.3,58,Moderate,17.3,30.9,28.2
India,Nagaland,Madikeri,OZONE,124.4,228.1,214.9,287,Very Unhealthy,32,50,29.8
India,Andhra Pradesh,Jalore,NH3,10.4,271.2,112.8,120,Unhealthy for Sensitive Groups,26.9,75.5,22.4
India,Maharashtra,Agra,NO2,28,207.1,32.4,50,Good,20.1,90.3,12.6
India,Arunachal Pradesh,Beed,NO2,58.3,369.1,113.9,143,Unhealthy for Sensitive Groups,31.4,91.6,27.6
India,Delhi,Bengaluru,NH3,50,306.1,76.8,53,Moderate,38,83.9,13.6
India,Delhi,Bikaner,NH3,12.9,333.5,29.6,31,Good,17.8,70.3,2.6
India,West Bengal,Katihar,OZONE,5,449.3,41.5,20,Good,27.3,60.4,23.5
India,Haryana,Bhiwani,PM10,4.1,73,5.8,47,Good,34.9,32.8,9.7
India,Tripura,Panipat,NH3,30.2,403.9,122.4,111,Unhealthy for Sensitive Groups,33,53.7,28.1
India,Puducherry,Nellore,OZONE,33.8,229.9,44.5,12,Good,32,38.9,7.4
India,Punjab,Hubballi,PM2.5,141.3,451.8,235.2,242,Very Unhealthy,34.7,53.1,12.9
India,Jharkhand,Bahadurgarh,NO2,38.9,462.5,161.8,171,Unhealthy,39.4,71.8,29.4
India,Chandigarh,Fatehabad,NO2,58.9,195.5,96.4,69,Moderate,31.4,60.1,1.9
India,Arunachal Pradesh,Banswara,NH3,101.1,336.2,152.9,151,Unhealthy,15.6,85.9,28.5
India,Tripura,Bulandshahr,SO2,42.5,143.9,127.6,125,Unhealthy for Sensitive Groups,28,44.1,17.8
India,Jharkhand,Gwalior,CO,25.7,306.4,194.2,186,Unhealthy,22.5,46.3,20.1
India,West Bengal,Akola,SO2,189.2,298.8,226.4,298,Very Unhealthy,30,51.4,4.7
India,Assam,Manguraha,CO,4.7,326.6,16.7,16,Good,27,55.4,26.7
India,Chandigarh,Ahmedabad,NH3,26.8,236.6,235.2,262,Very Unhealthy,22.2,49.5,28.9
India,Sikkim,Mahad,SO2,155.1,326.8,189.1,161,Unhealthy,30.3,56.3,29.7
India,Madhya Pradesh,Hapur,SO2,111.8,489.3,212.5,231,Very Unhealthy,24.3,53.4,21.4
India,Madhya Pradesh,Balasore,NO2,150.9,326.7,168.7,156,Unhealthy,19.5,68,15.1
India,Chhattisgarh,Jorapokhar,NH3,69.6,496.7,217.8,269,Very Unhealthy,35.1,85.3,21.7
India,Uttarakhand,Baddi,OZONE,7.7,198.5,86.6,98,Moderate,20.3,32.7,28.2
India,Tripura,Bahadurgarh,PM10,145.4,474.8,217.4,232,Very Unhealthy,25.1,80.1,16.4
India,Chandigarh,Kalyan,NH3,0.7,316.1,81.2,90,Moderate,35.2,91.2,0.6
India,Haryana,Manguraha,PM10,144.2,497.6,249.2,243,Very Unhealthy,36.6,36.6,4.1
India,Jharkhand,Modinagar,NH3,49.4,214.1,81.9,57,Moderate,21.7,80.3,14.2
India,Chandigarh,Kanpur,SO2,25.2,288.3,217.6,293,Very Unhealthy,33.4,59.7,6.4
India,Uttarakhand,Mysuru,PM2.5,64.8,202.6,148.2,122,Unhealthy for Sensitive Groups,34.9,44.3,3.2
India,Karnataka,Sasaram,PM10,25.9,463.7,38.6,21,Good,20.1,53.1,12.5
India,Karnataka,Bhiwandi,CO,31.3,232.4,32.8,25,Good,26.5,47.9,6.2
India,Telangana,Khurja,SO2,0.1,418.7,201.5,214,Very Unhealthy,27.9,73.4,6.5
India,Bihar,Nashik,PM2.5,151.4,469.8,208.3,300,Very Unhealthy,36.2,75.5,0.1
India,Uttarakhand,Nanded,PM2.5,189.3,490.7,264.8,274,Very Unhealthy,15.5,89.8,16.8
India,Assam,Bileipada,OZONE,43.6,233.5,58.2,94,Moderate,26.4,35.1,0.6
India,Jharkhand,Amaravati,NH3,83.5,498.9,248,287,Very Unhealthy,16.2,76,27.5
India,Arunachal Pradesh,Tirupati,CO,12.6,213.7,53.1,92,Moderate,30,93.6,7.3
India,Puducherry,Karauli,NO2,48.2,175.9,98.1,89,Moderate,29,52.5,15.4
India,Karnataka,Bhiwadi,PM2.5,55.8,386.8,98.6,85,Moderate,35,66.5,9.7
India,Odisha,Agra,CO,102.9,338,246.5,230,Very Unhealthy,19.4,39,6.8
India,Kerala,Guwahati,OZONE,119.9,286,265.1,264,Very Unhealthy,32.6,84.6,26.2
India,Bihar,Bundi,NO2,11.2,424,225.5,230,Very Unhealthy,16.6,40.2,10.2
India,Chandigarh,Jaisalmer,OZONE,5.4,440.2,52.5,60,Moderate,29.9,38.7,1.5
India,Telangana,Nandesari,SO2,89.2,210.7,111.8,144,Unhealthy for Sensitive Groups,21.4,72.7,2
India,Madhya Pradesh,Ambala,NH3,86.1,308.1,127.1,142,Unhealthy for Sensitive Groups,35.9,42.1,29.7
India,Delhi,Meerut,PM10,94.4,295.7,165.2,193,Unhealthy,22.4,74.3,24.5
India,Puducherry,Faridabad,SO2,30,440.5,240,272,Very Unhealthy,24.3,66.7,28.3
India,Mizoram,Pune,PM2.5,66.1,217,70.4,63,Moderate,39.9,54.8,4.2
India,Himachal Pradesh,Beed,SO2,104.5,298.8,183.9,154,Unhealthy,23.1,77.9,1.8
India,Mizoram,Katni,PM10,79.9,416.6,198.7,173,Unhealthy,17,63.2,7.2
India,Tamil Nadu,Raebareli,SO2,14.7,171,18.5,11,Good,25.1,53.7,8.1
India,Mizoram,Agartala,NH3,46.7,332.5,86.7,80,Moderate,35.5,34.9,25.4
India,Haryana,Mandideep,NH3,28.6,350.1,186.7,180,Unhealthy,22.3,33,4.8
India,Assam,Modinagar,CO,8.7,233.1,113.1,126,Unhealthy for Sensitive Groups,24.9,67.7,25.4
India,Puducherry,Asansol,NO2,29,201.1,109.1,141,Unhealthy for Sensitive Groups,29.1,87.1,9.4
India,Sikkim,Palwal,OZONE,8.2,387.6,250.2,212,Very Unhealthy,23.1,85.7,24
India,Himachal Pradesh,Korba,OZONE,11.2,313.8,16.7,41,Good,27.7,62,14.1
India,Madhya Pradesh,Bharatpur,OZONE,2.1,255.9,236.4,227,Very Unhealthy,24,47.8,21.4
India,Karnataka,Modinagar,PM10,30.9,187.8,56.9,94,Moderate,32,42.9,5.2
India,Odisha,Vadodara,NO2,22.2,447.4,243.8,241,Very Unhealthy,37.6,66.8,10.8
India,Chandigarh,Thane,NH3,5.2,468.3,249.8,227,Very Unhealthy,30.4,55.4,18.8
India,Haryana,Bhavnagar,SO2,14.7,36.4,29.1,35,Good,18.9,37.9,24.3
India,Tripura,Bihar Sharif,PM2.5,17.3,261.9,36.5,22,Good,32.1,77.5,28.3
India,Uttar Pradesh,Ambernath,NH3,105.7,263.1,117.4,150,Unhealthy for Sensitive Groups,23.4,37.6,9.7
India,Uttarakhand,Jalandhar,OZONE,0.8,279.3,1.3,12,Good,16,49.2,29.3
India,Uttar Pradesh,Patiala,PM2.5,124.8,310.5,135.9,115,Unhealthy for Sensitive Groups,24.7,82.9,20
India,Kerala,Chennai,SO2,9.8,212.8,25.2,26,Good,31.8,91.9,8.2
India,Uttarakhand,Arrah,NO2,85.5,313.2,240.5,267,Very Unhealthy,24.2,79.5,9.5
India,Odisha,Karwar,PM2.5,99.2,433.3,204.3,204,Very Unhealthy,25.1,67.4,27.8
India,Madhya Pradesh,Hajipur,PM2.5,200.5,238.8,231.8,209,Very Unhealthy,35.5,85.7,12.6
India,Himachal Pradesh,Modinagar,PM10,108.4,310.9,144.1,119,Unhealthy for Sensitive Groups,24.6,48.3,28.2
India,Arunachal Pradesh,Alwar,SO2,67.1,169.4,80.1,62,Moderate,32.4,60.4,6.1
India,Mizoram,Khora,PM2.5,62.6,267.2,145.8,112,Unhealthy for Sensitive Groups,22.2,79.4,1.7
India,Chandigarh,Kolkata,PM2.5,7.3,53.1,13.6,16,Good,39.8,38.6,8.4
India,Assam,Singrauli,PM10,109.1,328.1,164,162,Unhealthy,25,47.7,14.6
India,Assam,Shillong,PM2.5,69,484.2,215.2,234,Very Unhealthy,21.8,37.6,27
India,Gujarat,Milupara,OZONE,138.2,421.8,193.5,160,Unhealthy,23,35.4,26.6
India,Chandigarh,Machilipatnam,NO2,80.4,163.5,121.2,117,Unhealthy for Sensitive Groups,29,54.2,13.1
India,Bihar,Agra,PM2.5,177.2,282.1,199.9,174,Unhealthy,33.2,77.2,14
India,Haryana,Shillong,NH3,18.6,223.3,43.1,20,Good,20,52,28.9
India,Sikkim,Purnia,OZONE,141.6,321.9,150.8,471,Hazardous,36,62.4,17.7
India,West Bengal,Ajmer,SO2,221.4,291.1,242.7,218,Very Unhealthy,39.2,77.9,6.8
India,Jharkhand,Purnia,NH3,3.7,429,140,137,Unhealthy for Sensitive Groups,38.4,53.3,29.1
India,Bihar,Vadodara,PM10,3.4,306.5,5.1,41,Good,27.7,79.2,6.6
India,Rajasthan,Jabalpur,OZONE,67.8,182.6,75,80,Moderate,15.8,68.3,24.7
India,Chandigarh,Bhopal,NH3,126.1,368.1,149.1,124,Unhealthy for Sensitive Groups,23.4,81.8,13.7
India,Mizoram,Sagar,CO,44.7,242.7,172.7,191,Unhealthy,24.7,84.4,9.5
India,Himachal Pradesh,Karwar,PM2.5,129.6,243.4,174,184,Unhealthy,21.2,71.6,4.5
India,Arunachal Pradesh,Brajrajnagar,NO2,18.5,397.9,165.1,200,Unhealthy,32.8,78,19.7
India,West Bengal,Chandigarh,CO,14.6,457.8,33.1,12,Good,17.6,75.6,18.7
India,Bihar,Cuddalore,PM2.5,203.2,312.5,250.8,221,Very Unhealthy,32.4,82.8,7.8
India,Maharashtra,Chandigarh,SO2,75.6,260.2,181.9,158,Unhealthy,22.6,80.8,25.7
India,Odisha,Tirumala,PM2.5,176.3,246.4,236.7,239,Very Unhealthy,36,82.3,25.3
India,Nagaland,Nagpur,PM10,63.4,350.3,98.5,82,Moderate,27.1,84.5,8.2
India,Uttarakhand,Chandigarh,PM2.5,5.2,192.1,7.4,3,Good,38.8,73.3,0.3
India,Chhattisgarh,Kota,OZONE,125.6,409.5,146.5,101,Unhealthy for Sensitive Groups,29,54.5,7.6
India,Gujarat,Dausa,PM10,28.9,263.8,35.7,22,Good,19.4,35.9,12.5
India,Bihar,Keonjhar,SO2,16.8,438.5,83.1,85,Moderate,19.7,51.7,9.8
India,Bihar,Jalgaon,CO,58,254.8,101.4,119,Unhealthy for Sensitive Groups,23.7,55.8,17.8
India,Bihar,Shivamogga,SO2,0.3,43.4,43.3,19,Good,33.7,50.9,14.9
India,Jharkhand,Buxar,NH3,5.3,84.2,75.4,98,Moderate,27.4,32.4,11.6
India,Himachal Pradesh,Gorakhpur,NO2,5.6,160.4,61.1,83,Moderate,34.4,57.8,11.5
India,Himachal Pradesh,Pali,PM2.5,2.2,8.6,8.5,4,Good,37.8,78.3,29.1
India,Odisha,Hubballi,NH3,29.7,476.1,35.5,24,Good,18.6,55.1,12.7
India,Nagaland,Katihar,NO2,41.4,193.2,55.6,53,Moderate,19.1,81,9.4
India,Arunachal Pradesh,Bhiwandi,PM2.5,78.8,267.3,255.1,257,Very Unhealthy,15.3,85.9,24.1
India,Kerala,Machilipatnam,NH3,87.4,483.9,153,187,Unhealthy,16.4,52.7,7.1
India,Kerala,Rajgir,OZONE,173,297.4,235.4,294,Very Unhealthy,21.6,31.1,12.4
India,Kerala,Gorakhpur,CO,5.3,299.6,20.6,0,Good,32.5,36,25.6
India,Assam,Gummidipoondi,PM10,10,308.2,15.7,42,Good,29.7,30.4,11.5
India,Nagaland,Barmer,CO,112.4,496.3,119.5,102,Unhealthy for Sensitive Groups,24.4,48.8,9.3
India,Tripura,Beed,OZONE,133.2,374,138.8,149,Unhealthy for Sensitive Groups,33.1,77.4,22
India,West Bengal,Greater Noida,NO2,71.7,447.5,176.6,166,Unhealthy,37.9,70.8,5.5
India,Assam,Vatva,NH3,34.1,87.1,44.3,31,Good,29.7,94,29.2
India,West Bengal,Varanasi,PM2.5,88.9,165.6,142.8,111,Unhealthy for Sensitive Groups,32.2,64.7,12.8
India,Delhi,Suakati,NH3,151.3,313.3,213.4,234,Very Unhealthy,30.3,56,23.2
India,Mizoram,Mira-Bhayandar,SO2,187.4,473.8,233.8,252,Very Unhealthy,33.1,88.3,17.6
India,Gujarat,Dewas,NH3,47.8,254.8,128.7,131,Unhealthy for Sensitive Groups,39.6,60.5,11.8
India,Tripura,Manesar,SO2,212.7,452.8,222,234,Very Unhealthy,34.9,44.3,20.3
India,Karnataka,Tirumala,OZONE,10.7,397.6,22.1,33,Good,15.2,77.7,16.9
India,Sikkim,Rishikesh,NO2,5.1,492.4,176.7,181,Unhealthy,17.1,65.9,2.9
India,Telangana,Panchkula,OZONE,197.8,365.1,238.2,219,Very Unhealthy,16.1,72.6,21.2
India,Rajasthan,Mysuru,NH3,13,474.2,232.5,263,Very Unhealthy,37.2,55.1,16.7
India,Bihar,Sirsa,NO2,24.3,409.4,48.1,25,Good,24.4,66.3,16.3
India,Punjab,Rajsamand,PM10,113.8,433.8,218.2,246,Very Unhealthy,22.9,94.4,1.3
India,Assam,Cuddalore,NO2,19.3,431.7,227.7,299,Very Unhealthy,33.4,68.2,15.9
India,Jammu and Kashmir,Purnia,PM10,3.9,156,29.5,26,Good,23.3,44.5,6.8
India,Odisha,Jalore,CO,30.6,329.7,149.7,143,Unhealthy for Sensitive Groups,31.2,50.2,17.9
India,West Bengal,Sirsa,CO,42.1,342.3,136,129,Unhealthy for Sensitive Groups,40,64.7,22.6
India,West Bengal,Bilaspur,CO,139.9,319,146.7,137,Unhealthy for Sensitive Groups,25.9,85.4,13.3
India,Jharkhand,Bahadurgarh,NH3,4.4,253.7,195.6,197,Unhealthy,36.2,94.7,16.7
India,Rajasthan,Vijayapura,CO,66.9,396.6,195.7,179,Unhealthy,17.7,84.2,6.8
India,Uttar Pradesh,Talcher,PM2.5,17.3,403.7,32.9,4,Good,19.7,48.2,0
India,Mizoram,Gaya,SO2,7.3,80.5,62.7,68,Moderate,18.2,72.6,16.2
India,Tamil Nadu,Keonjhar,CO,11.1,59.5,28,30,Good,15.5,65.4,22.7
India,Assam,Saharsa,NH3,19,198.8,36.7,50,Good,22.4,52.5,27
India,Uttar Pradesh,Thane,PM10,13.4,494.9,256.9,213,Very Unhealthy,24,58.8,26.8
India,Nagaland,Rajgir,PM10,64.8,128.1,111.7,133,Unhealthy for Sensitive Groups,38.9,73.1,1.2
India,Mizoram,Rohtak,PM2.5,43.9,195.3,126.7,147,Unhealthy for Sensitive Groups,32.9,37.3,10.4
India,Karnataka,Byasanagar,SO2,16.2,408.6,81.8,56,Moderate,34.4,48.6,29.7
India,Tamil Nadu,Amravati,OZONE,27.8,218.6,199.6,200,Unhealthy,39.8,91.1,8.6
India,Bihar,Nellore,OZONE,62.5,232.4,228.4,290,Very Unhealthy,19.4,58.2,20
India,Haryana,Sri Ganganagar,CO,38.8,98.2,57.6,54,Moderate,33.2,70.6,9.1
India,Jharkhand,Nellore,PM10,87.4,425,223.7,239,Very Unhealthy,29.5,32.3,12
India,Jharkhand,Siwan,OZONE,0.6,82.5,34.2,2,Good,30.6,40.9,20.1
India,Assam,Ratlam,NH3,155.9,419.9,159.2,183,Unhealthy,19.2,51.5,18
India,Puducherry,Jodhpur,SO2,27.3,401.3,57.5,93,Moderate,39.3,36.8,23.1
India,Maharashtra,Panchgaon,NO2,8.4,239.3,19.3,29,Good,18.8,30.7,8.7
India,Andhra Pradesh,Bhiwandi,SO2,39.1,298.5,103.5,131,Unhealthy for Sensitive Groups,23.1,77,10.7
India,Chandigarh,Delhi,SO2,42.6,108.8,57.2,53,Moderate,16.5,85.4,16.8
India,Telangana,Yadgir,NO2,0.7,358.8,112.3,128,Unhealthy for Sensitive Groups,17.2,78,2.4
India,Mizoram,Prayagraj,PM2.5,52.2,390.8,119.1,102,Unhealthy for Sensitive Groups,15.3,71,4.4
India,Meghalaya,Raebareli,NH3,52.8,457.6,214,229,Very Unhealthy,36.2,68.2,22.4
India,Andhra Pradesh,Shillong,PM2.5,49,451.9,179,195,Unhealthy,34.5,42,20.5
India,Tripura,Katihar,CO,18,344.8,79.5,59,Moderate,18.6,54.9,8.2
India,Assam,Bikaner,CO,16.6,311.7,32.7,5,Good,35.6,68.3,2.1
India,Madhya Pradesh,Chhal,CO,0.1,484.2,25.2,15,Good,26,59.8,12.2
India,Jharkhand,Kolkata,OZONE,11.2,429.8,128.2,135,Unhealthy for Sensitive Groups,18.6,30.3,15.5
India,Madhya Pradesh,Agra,PM10,84.6,301.6,236.6,285,Very Unhealthy,31.7,93,5.9
India,Rajasthan,Vijayawada,CO,116.9,476.1,151.6,164,Unhealthy,26.4,67.6,2
India,Delhi,Sirsa,PM10,151.9,371.3,254.6,205,Very Unhealthy,37.7,85,26.5
India,Maharashtra,Prayagraj,PM2.5,224.1,301.3,261.4,254,Very Unhealthy,23.5,87.7,24.3
India,Delhi,Sirsa,NH3,58.2,381.6,100.4,334,Hazardous,36.3,51.2,5.3
India,Maharashtra,Angul,NH3,0.4,52.6,0.5,0,Good,17.6,64.6,17.3
India,Sikkim,Pithampur,PM10,3.8,483.7,4.3,33,Good,19.2,88.6,15.5
India,Jammu and Kashmir,Gummidipoondi,NO2,3.1,459.2,45.2,26,Good,16.1,93.8,14.6
India,Puducherry,Jabalpur,PM2.5,19.1,375,56,82,Moderate,25.5,53.6,13.3
India,Jammu and Kashmir,Nagaur,NH3,16.1,226.7,73.2,61,Moderate,25.1,70.7,29.1
India,Haryana,Bareilly,OZONE,248.5,442.2,257.2,282,Very Unhealthy,39.4,30.5,20.8
India,Uttarakhand,Koppal,OZONE,25.5,53.5,37.7,13,Good,31.6,93.4,21.8
India,West Bengal,Pratapgarh,PM2.5,52.4,146,73.1,56,Moderate,32.7,60.9,5.8
India,Assam,Hisar,OZONE,144,294.1,241.2,221,Very Unhealthy,32.7,74.8,27.3
India,Chhattisgarh,Nagaon,PM2.5,185,352,251.4,280,Very Unhealthy,38.8,50.4,8.6
India,Uttar Pradesh,Sagar,SO2,61.7,455.2,211.4,266,Very Unhealthy,39.1,45.8,15.7
India,Gujarat,Bileipada,OZONE,42.3,464.9,157.9,172,Unhealthy,38.1,52.8,9.6
India,Tripura,Ghaziabad,NH3,23,430.8,23.5,35,Good,26.2,44,16.5
India,Odisha,Bhiwandi,NO2,66,477.5,196.1,172,Unhealthy,15.3,91.3,5.1
India,Bihar,Karauli,CO,198.3,418,224.6,280,Very Unhealthy,15.7,84.9,16.8
India,Maharashtra,Ludhiana,SO2,12.8,132.2,84.5,77,Moderate,33.3,30.6,19.2
India,Sikkim,Hisar,PM10,0.3,418,0.7,18,Good,28.4,56.7,9.4
India,Bihar,Satna,NH3,53.9,468.7,265.1,287,Very Unhealthy,38.3,58.6,18.5
India,Puducherry,Agra,NO2,63.9,389.3,181.3,173,Unhealthy,15.9,78.8,14
India,Uttarakhand,Jalore,NH3,150.6,413.2,264.8,289,Very Unhealthy,33,90.8,18.1
India,Assam,Shivamogga,PM2.5,58,237,212.6,240,Very Unhealthy,24.4,82.2,23.8
India,Andhra Pradesh,Firozabad,PM2.5,131.5,158.1,153.2,160,Unhealthy,33.5,91.4,12.7
India,Meghalaya,Koppal,NH3,132.9,306.2,180.7,159,Unhealthy,25.9,50.4,16.8
India,Chhattisgarh,Madurai,PM10,161.4,282,220.8,300,Very Unhealthy,25.9,33.9,18.6
India,Puducherry,Talcher,NO2,108.8,464.4,193.4,169,Unhealthy,22.4,92.4,16.1
India,Mizoram,Purnia,PM10,59.4,411.8,122.1,106,Unhealthy for Sensitive Groups,34.7,31.9,24
India,Andhra Pradesh,Khairthal,SO2,21.3,248.9,51.7,83,Moderate,27.4,30,29.9
India,Puducherry,Karauli,PM2.5,1.7,456.3,27.6,41,Good,22.5,41.5,7.8
India,Puducherry,Nagpur,SO2,16.8,315.4,18.5,13,Good,37.1,79.2,25.8
India,West Bengal,Jorapokhar,NH3,160.3,410.7,240.4,258,Very Unhealthy,16,55.6,20.1
India,Uttar Pradesh,Hajipur,NO2,5.3,471.2,5.4,6,Good,21.7,82.4,3.5
India,Karnataka,Jalandhar,SO2,3.5,153.7,52.4,58,Moderate,21.1,39.7,3.7
India,Telangana,Katni,PM10,68.7,451.8,242.1,258,Very Unhealthy,19.5,69.7,28.2
India,Tripura,Bhopal,PM10,200.5,432.1,221.9,208,Very Unhealthy,38.9,46.2,18.4
India,Chandigarh,Pali,CO,116.5,430.4,162,200,Unhealthy,18.1,38.2,4.6
India,Jammu and Kashmir,Bhiwani,NH3,44.7,225.9,168,168,Unhealthy,18.3,51.3,5.9
India,Andhra Pradesh,Ujjain,SO2,6.1,174.9,54.4,56,Moderate,17.1,35.6,0.1
India,Karnataka,Bulandshahr,OZONE,101.8,329.8,128,110,Unhealthy for Sensitive Groups,29.8,76.7,24.8
India,Jammu and Kashmir,Hubballi,SO2,29.2,150.8,54.8,52,Moderate,24.9,68.1,0.3
India,Nagaland,Chennai,CO,67,284.6,263.4,293,Very Unhealthy,22.9,91.1,23.8
India,Uttar Pradesh,Bhiwani,PM2.5,144.5,265,244.1,283,Very Unhealthy,37.6,91.8,26.8
India,Odisha,Ballabgarh,NH3,1.4,320.1,39.7,42,Good,29.8,54.5,14.4
India,Arunachal Pradesh,Ujjain,NH3,45.6,342.9,66.3,63,Moderate,39.5,32.1,9.9
India,West Bengal,Narnaul,SO2,33,420,52.1,57,Moderate,15.3,83,13.7
India,Jharkhand,Sasaram,PM2.5,37.4,157.3,50.5,406,Hazardous,15.1,55.4,15.9
India,Karnataka,Chittoor,OZONE,40.5,415.7,134.3,102,Unhealthy for Sensitive Groups,17.8,53.4,0.6
India,Bihar,Gummidipoondi,OZONE,21.7,236.3,129.6,143,Unhealthy for Sensitive Groups,34.7,47.6,27.4
India,Delhi,Jalna,SO2,94.9,409.1,185.8,165,Unhealthy,25.1,42.2,10.2
India,Chhattisgarh,Tirupati,OZONE,9.1,78.6,16.6,11,Good,21,65.8,23.8
India,Haryana,Alwar,NO2,57.3,451.6,129.8,101,Unhealthy for Sensitive Groups,23.4,70.3,4.1
India,Jharkhand,Jorapokhar,NH3,65.7,340.9,234.2,255,Very Unhealthy,16,37.1,11.7
India,Maharashtra,Dharuhera,PM2.5,49.1,412.3,182.4,162,Unhealthy,27.6,50.2,11.8
India,Arunachal Pradesh,Baran,PM10,182.6,480.6,203,248,Very Unhealthy,32.6,92,2
India,Meghalaya,Rupnagar,CO,5.1,471.9,198.8,184,Unhealthy,18.3,71.7,3.7
India,Chhattisgarh,Jaisalmer,NH3,22.1,375.2,83.4,65,Moderate,24.3,67.3,6.5
India,Odisha,Damoh,CO,1.7,134.6,2.2,31,Good,21.6,67.4,7.2
India,Sikkim,Karauli,PM10,16.8,225.3,130.7,143,Unhealthy for Sensitive Groups,24.9,63.2,24.2
India,Nagaland,Angul,OZONE,8.1,370.3,157.7,193,Unhealthy,38.3,34.1,25.7
India,Meghalaya,Gadag,NH3,70.6,470,201.6,247,Very Unhealthy,38.5,58.5,22.5
India,Haryana,Patiala,PM2.5,55.7,352.4,106.3,139,Unhealthy for Sensitive Groups,23.6,45.7,25.6
India,Punjab,Bikaner,NH3,64.9,318.3,153,171,Unhealthy,22,38.9,24.4
India,Telangana,Ballabgarh,NO2,26,294.9,77.9,71,Moderate,22.6,83.4,9.9
India,Tamil Nadu,Bareilly,PM2.5,16.2,238.7,35.1,17,Good,15.6,32.3,22.9
India,Himachal Pradesh,Virar,OZONE,58.3,372.4,136.4,141,Unhealthy for Sensitive Groups,36.3,64.9,10.9
India,Uttar Pradesh,Mahad,PM10,21.2,143.8,58.5,59,Moderate,21.1,32.6,11.1
India,Delhi,Pithampur,OZONE,58.7,403.2,197,161,Unhealthy,16.4,83.1,28.8
India,Karnataka,Bileipada,PM10,51.8,279.3,53.1,83,Moderate,17.7,33,16.6
India,Telangana,Virar,OZONE,88.8,390.9,224.5,228,Very Unhealthy,23.4,81.3,23.1
India,Assam,Jorapokhar,SO2,160.1,468,211.9,201,Very Unhealthy,32.4,79.3,1.7
India,Sikkim,Dungarpur,SO2,22.9,329.4,65.3,57,Moderate,25.6,64.2,27.3
India,Kerala,Haldia,CO,26.7,481.2,114.3,146,Unhealthy for Sensitive Groups,26.7,80.8,9
India,Puducherry,Vatva,SO2,61.4,138.2,116.9,126,Unhealthy for Sensitive Groups,17.2,92.3,11.8
India,Telangana,Korba,SO2,94.5,447.8,252.8,298,Very Unhealthy,26.8,33.1,25.3
India,Assam,Bilaspur,PM10,59.7,303.2,243.5,207,Very Unhealthy,38,56.2,29.6
India,Telangana,Ramanagara,PM2.5,11.4,492.9,19.5,30,Good,28.2,68.1,26.9
India,Uttar Pradesh,Mehsana,OZONE,32.6,274.7,37.1,36,Good,20.8,45.1,17.4
India,Nagaland,Coimbatore,OZONE,55.9,466.4,149.5,125,Unhealthy for Sensitive Groups,34.5,52.9,2.6
India,Karnataka,Korba,CO,41.4,372.8,203,244,Very Unhealthy,25,92.5,8.8
India,West Bengal,Raipur,CO,59.1,441,246.5,283,Very Unhealthy,27,75,24.8
India,Sikkim,Ambernath,SO2,200.1,493.5,261.2,201,Very Unhealthy,23.6,31.2,14.3
India,Meghalaya,Amravati,NO2,29.4,316.7,265.5,257,Very Unhealthy,27.6,41.7,2
India,Chandigarh,Rohtak,OZONE,89.1,290.1,105.3,118,Unhealthy for Sensitive Groups,33.5,53.6,20
India,Arunachal Pradesh,Tonk,SO2,35.2,309.7,42.8,43,Good,38.5,54.1,30
India,Himachal Pradesh,Churu,OZONE,43,257.1,243.3,277,Very Unhealthy,37,41.2,10.9
India,Andhra Pradesh,Kolhapur,OZONE,55.1,181.1,65.2,92,Moderate,30.7,78.5,16
India,West Bengal,Chhapra,NH3,68.8,266.2,113.8,128,Unhealthy for Sensitive Groups,30.5,82.3,2.3
India,West Bengal,Sangli,NH3,1.9,321.7,17,33,Good,36.1,41.8,16.8
India,Arunachal Pradesh,Jaisalmer,NH3,52.1,387.2,74.9,72,Moderate,32.2,31.2,16.5
India,Sikkim,Churu,OZONE,32.3,111.2,57.5,89,Moderate,15.1,63.2,27.1
India,Uttar Pradesh,Sirsa,CO,90.9,258.4,129.8,150,Unhealthy for Sensitive Groups,15.1,49.6,4
India,Madhya Pradesh,Ujjain,PM10,0.6,238.8,0.9,39,Good,38,83,0.1
India,Telangana,Bahadurgarh,CO,190.1,260.6,253.3,295,Very Unhealthy,27.8,78.8,6.1
India,Jammu and Kashmir,Gummidipoondi,OZONE,31.1,197.9,94.6,70,Moderate,18,85.2,2.5
India,Arunachal Pradesh,Hingoli,PM10,17.1,126.8,74.6,94,Moderate,22,84.7,18
India,Andhra Pradesh,Jalore,OZONE,205.7,291.4,249.2,276,Very Unhealthy,25.3,52,16.4
India,Rajasthan,Nagpur,SO2,46.7,275.5,56.8,89,Moderate,23.3,82,7
India,Punjab,Bundi,NH3,100.3,321.2,148.5,138,Unhealthy for Sensitive Groups,21.1,37.5,25.8
India,Puducherry,Manesar,NH3,15.4,269.9,65.8,92,Moderate,27.2,83.9,2.2
India,Chandigarh,Howrah,PM2.5,144.6,360,191.9,153,Unhealthy,28.3,81.2,16.7
India,Tripura,Nagpur,NO2,88.6,358.4,260.1,291,Very Unhealthy,24.1,94,16.6
India,Nagaland,Barmer,SO2,25.8,276.4,100.8,425,Hazardous,21,41.9,20.9
India,Tamil Nadu,Bhavnagar,CO,118.3,470.8,192.5,172,Unhealthy,37.1,37.8,18.7
India,Haryana,Bhiwadi,PM10,21.2,485.7,70.7,89,Moderate,29.5,63,16.5
India,Himachal Pradesh,Yadgir,NH3,7.2,258.9,76.5,63,Moderate,29.6,62.8,6.5
India,Arunachal Pradesh,Gorakhpur,OZONE,2.5,233.8,64.1,96,Moderate,24.8,91.7,27.4
India,Kerala,Rishikesh,NO2,219.4,487.1,224.4,270,Very Unhealthy,25.8,69,11.2
India,Rajasthan,Noida,OZONE,39.2,298.6,88.8,58,Moderate,28.9,38.2,7.5
India,Maharashtra,Rishikesh,OZONE,55,92.8,83.4,88,Moderate,25.1,77.4,27.7
India,Maharashtra,Rairangpur,PM10,129.8,202.8,175.8,188,Unhealthy,33.1,62.7,20.1
India,Uttar Pradesh,Kollam,PM2.5,118.8,440.7,179.5,198,Unhealthy,21.5,91.4,24.2
India,Uttar Pradesh,Alwar,NH3,89.6,358.1,250.8,245,Very Unhealthy,34.4,54.8,16.2
India,Kerala,Hingoli,NH3,27.8,368.7,36.4,30,Good,28.5,52.2,22.4
India,Madhya Pradesh,Mandi Gobindgarh,PM10,48.8,269.2,136.7,146,Unhealthy for Sensitive Groups,38.5,81.5,16.7
India,Nagaland,Firozabad,CO,59.1,120.4,111.3,133,Unhealthy for Sensitive Groups,28.2,33.5,18.5
India,Uttar Pradesh,Hisar,NO2,43.4,377.9,226.3,274,Very Unhealthy,15.9,60,5.8
India,Kerala,Durgapur,NH3,23.8,452.9,254,288,Very Unhealthy,18.1,38.7,20.4
India,Maharashtra,Tensa,OZONE,0.8,310.5,2.1,8,Good,23.1,85.7,5.5
India,Madhya Pradesh,Gaya,SO2,81.6,288.4,87.8,86,Moderate,38.7,64.3,16.1
India,Chhattisgarh,Prayagraj,CO,4.6,352.8,58.4,98,Moderate,23.9,92.4,0.5
India,Uttarakhand,Purnia,CO,222.7,363.1,229,286,Very Unhealthy,31.1,34.8,5.9
India,Bihar,Siliguri,PM2.5,29.3,196.7,69.5,87,Moderate,36.2,39.4,22
India,Chandigarh,Chikkamagaluru,PM10,14.8,227.2,29,12,Good,15,74,23.7
India,Jammu and Kashmir,Nandesari,SO2,107.5,352.1,174.4,173,Unhealthy,23.6,89.6,2.9
India,Gujarat,Damoh,SO2,21.4,404,219.7,287,Very Unhealthy,18.2,71.3,25.5
India,Nagaland,Charkhi Dadri,PM10,105.3,452.2,217,229,Very Unhealthy,39.2,45.5,16.3
India,Kerala,Bagalkot,CO,4.8,88.1,8.5,26,Good,32.3,55.1,26.1
India,Maharashtra,Jalgaon,NH3,47.1,91.4,54.2,77,Moderate,16.5,81.2,22.9
India,Chandigarh,Faridabad,CO,145.2,258.9,246.3,270,Very Unhealthy,29.8,82.5,24.9
India,Andhra Pradesh,Latur,PM2.5,160.5,422.7,234.1,213,Very Unhealthy,17.1,72,26.1
India,West Bengal,Jalandhar,OZONE,25.5,337.1,25.6,10,Good,38.4,91.4,9.8
India,West Bengal,Sangli,CO,21.3,336.3,120.1,142,Unhealthy for Sensitive Groups,23.4,51.3,19.7
India,Maharashtra,Asansol,NO2,154.2,203.2,178.8,166,Unhealthy,19,86,5.6
India,Assam,Ballabgarh,CO,32.2,168.2,72.8,88,Moderate,22.4,49.7,19.5
India,Sikkim,Jhalawar,NO2,74.6,429,247.9,300,Very Unhealthy,20.1,34.9,24.7
India,Delhi,Araria,SO2,16.4,193.6,24.2,40,Good,21.8,61.2,11.9
India,Gujarat,Bhubaneswar,NH3,16.5,305.5,169.4,185,Unhealthy,31.1,63.8,25.2
India,Arunachal Pradesh,Baghpat,SO2,30,151.8,56.6,100,Moderate,35.7,32.1,10.6
India,Mizoram,Malegaon,NO2,22.2,471.4,181.6,199,Unhealthy,24.2,81.9,23.1
India,Madhya Pradesh,Hyderabad,SO2,7.7,149.5,59.4,66,Moderate,34.1,88.9,9.2
India,West Bengal,Asansol,PM2.5,18.8,86.7,20,27,Good,19.8,37.6,22.5
India,Delhi,Arrah,NH3,171.5,208.5,174.8,155,Unhealthy,18.3,47.7,14
India,Arunachal Pradesh,Yamuna Nagar,PM10,179.7,385.1,184.3,152,Unhealthy,22.2,36,4
India,Karnataka,Baran,CO,107.9,443.5,145,139,Unhealthy for Sensitive Groups,39.3,68.2,26.4
India,Karnataka,Siliguri,SO2,173.2,488.7,257.8,295,Very Unhealthy,19.6,61.7,0.7
India,Kerala,Akola,CO,16.5,146.7,49.1,18,Good,16.7,74.5,27.1
India,Rajasthan,Buxar,SO2,40.4,209.9,146.3,126,Unhealthy for Sensitive Groups,20.1,39.1,0.8
India,Mizoram,Mahad,CO,91.9,382,178.4,185,Unhealthy,17.5,47.7,6.2
India,West Bengal,Araria,SO2,39.8,436.4,70.7,89,Moderate,31.4,85.9,19.9
India,Chhattisgarh,Visakhapatnam,NO2,168.7,490.9,235.3,256,Very Unhealthy,16,37,24.4
India,Arunachal Pradesh,Nandesari,OZONE,96.3,257.1,160.7,190,Unhealthy,27.7,74.7,17.9
India,Jammu and Kashmir,Gwalior,PM2.5,51.8,449.7,155.1,170,Unhealthy,23.7,90.9,3.8
India,Arunachal Pradesh,Patiala,CO,19,422.8,20,2,Good,33.8,36.4,25.8
India,Odisha,Motihari,PM10,54.1,403.3,101.8,149,Unhealthy for Sensitive Groups,35.6,80.3,6.3
India,Karnataka,Amritsar,NH3,17.5,234.9,96.6,59,Moderate,20.1,55.1,10
India,West Bengal,Yamuna Nagar,PM2.5,2.4,482,177.4,192,Unhealthy,19.9,83.9,15.5
India,Bihar,Shillong,OZONE,175.4,306.1,204.2,243,Very Unhealthy,18.4,58.9,13.5
India,Madhya Pradesh,Jalore,SO2,16.1,470.2,90.7,53,Moderate,35.1,83.1,19.4
India,Rajasthan,Machilipatnam,OZONE,162.9,300.7,245,292,Very Unhealthy,25.6,35.4,17.2
India,Himachal Pradesh,Suakati,CO,3.1,383.4,111.1,104,Unhealthy for Sensitive Groups,39.1,72.1,0.6
India,Bihar,Bhopal,NO2,203.3,432.6,265.5,221,Very Unhealthy,38.8,85.9,9.7
India,Odisha,Pune,PM10,193.1,391.8,196.4,177,Unhealthy,21.6,50.2,9.9
India,Jammu and Kashmir,Sangli,SO2,2.5,361,3.8,19,Good,18.9,89.2,8.7
India,Karnataka,Barrackpore,NO2,52.1,424.5,191.3,174,Unhealthy,39.9,65.2,1.8
India,Himachal Pradesh,Bareilly,PM2.5,111.6,472.6,168.8,178,Unhealthy,29.4,32.3,26.2
India,West Bengal,Ratlam,PM10,130.6,366.1,173.1,181,Unhealthy,29,68.8,14.7
India,Assam,Brajrajnagar,PM2.5,32.5,495.3,187.6,159,Unhealthy,33,37,19.6
India,Puducherry,Ramanagara,PM2.5,100.9,386,126.9,102,Unhealthy for Sensitive Groups,33.1,88.8,1
India,Chandigarh,Tonk,PM2.5,10.9,226.7,154.8,157,Unhealthy,35.1,36.7,18.6
India,Jammu and Kashmir,Vadodara,PM10,67.6,413.4,74.2,80,Moderate,39.7,37.1,23
India,Madhya Pradesh,Rajgir,CO,17.5,225.4,28.1,5,Good,23,74.9,29.3
India,Maharashtra,Chandrapur,CO,153.4,473.8,247.4,300,Very Unhealthy,19.6,47.8,3.2
India,Chandigarh,Raebareli,PM10,221.4,429.4,239.8,289,Very Unhealthy,30.5,92.1,15.7
India,Uttarakhand,Boisar,OZONE,68.8,342.6,73,97,Moderate,18.8,90,4.3
India,Uttar Pradesh,Rairangpur,NH3,81.5,413.9,185.2,192,Unhealthy,25.1,49.9,5.3
India,Madhya Pradesh,Koppal,NO2,205,379.9,257.8,239,Very Unhealthy,32.5,43.7,13.1
India,Madhya Pradesh,Rupnagar,PM10,24.3,426.9,41.3,26,Good,37.1,66.8,29.1
India,Rajasthan,Thiruvananthapuram,NO2,16.3,420.3,83,95,Moderate,28.9,68.8,2.7
India,Haryana,Hajipur,OZONE,61.5,288,139.3,147,Unhealthy for Sensitive Groups,17,95,9.6
India,Gujarat,Angul,NO2,39.3,153.3,71,82,Moderate,15.6,94.1,19.9
India,Sikkim,Amravati,NH3,3.8,429.2,70.1,52,Moderate,32.4,67,21.7
India,Karnataka,Barbil,NH3,123.9,423,164.4,181,Unhealthy,29,60.2,4.3
India,Rajasthan,Khora,NO2,139.3,238,153.4,185,Unhealthy,18.4,90.7,7.8
India,Mizoram,Tirupati,OZONE,65.3,200.5,69.7,63,Moderate,34.2,54.3,10.9
India,Uttarakhand,Mysuru,PM10,79.6,249.2,170.8,200,Unhealthy,39.4,65.9,18.5
India,West Bengal,Baghpat,NH3,97.4,288.2,105.6,134,Unhealthy for Sensitive Groups,37.7,87.3,5.6
India,Gujarat,Katihar,SO2,32.5,279.6,208,250,Very Unhealthy,37,36.9,17.1
India,Uttar Pradesh,Guwahati,SO2,192.4,497.4,201.6,233,Very Unhealthy,22.4,78.1,23
India,Delhi,Ambernath,PM2.5,119.5,440.1,225.5,297,Very Unhealthy,28.4,40.2,25.7
India,Madhya Pradesh,Pune,PM10,70.8,363.3,250.8,293,Very Unhealthy,39.9,87.8,21.3
India,Odisha,Bhilai,NO2,105,233.3,226.7,261,Very Unhealthy,19.6,85.3,19.9
India,Karnataka,Beed,CO,23.9,485.3,212.5,229,Very Unhealthy,39.6,58.5,13
India,Haryana,Hisar,PM2.5,201.8,482.9,260.2,222,Very Unhealthy,35.5,83.2,7.7
India,Tripura,Beed,PM10,90.2,432.7,162.1,178,Unhealthy,16.9,89.8,21.8
India,Chhattisgarh,Durgapur,NH3,104.5,312.5,163.9,177,Unhealthy,19.3,71.1,5.9
India,Sikkim,Kalyan,OZONE,99.8,212.5,145,109,Unhealthy for Sensitive Groups,21.7,64.4,24.2
India,Tripura,Rajgir,PM2.5,71.3,459.4,96.9,58,Moderate,30.6,56.3,19.6
India,Himachal Pradesh,Jalna,NO2,4.3,81.2,8.5,30,Good,30,37.3,7.1
India,Assam,Katni,OZONE,32.6,93.9,33.7,9,Good,22.3,41.8,11.4
India,Gujarat,Jaipur,PM10,55.2,270.2,83.9,59,Moderate,39.3,31.2,20.4
India,Chandigarh,Talcher,PM10,19.9,247.7,29.5,46,Good,19.4,84.1,25.2
India,Bihar,Ahmedabad,OZONE,4.4,173.5,14.8,21,Good,26,81.2,15.4
India,Maharashtra,Bhagalpur,NO2,133.1,315.7,197.9,177,Unhealthy,23,48.3,13.5
India,Uttarakhand,Jalgaon,NH3,10.6,195,26.2,22,Good,29.9,85.7,27.1
India,Assam,Raebareli,PM10,45.6,373,210,236,Very Unhealthy,17.6,49.4,26.3
India,Assam,Kota,NH3,23.3,289.1,83.2,74,Moderate,20.8,63.9,18.4
India,Assam,Visakhapatnam,NO2,51.7,304.4,57.5,79,Moderate,21.5,85.6,1.9
India,Kerala,Nashik,PM2.5,20.8,231.4,98,59,Moderate,30.7,39.2,13.9
India,Delhi,Meerut,PM10,68.5,411.2,263.7,227,Very Unhealthy,19.4,80.2,14.2
India,Tamil Nadu,Jhalawar,SO2,53.4,324.4,82.6,80,Moderate,23.2,48.4,24.1
India,Chandigarh,Greater Noida,PM10,43.7,114.6,89,85,Moderate,29.9,74.5,2.6
India,Andhra Pradesh,Bhagalpur,NO2,83,247.5,203.6,293,Very Unhealthy,15.4,76.3,12
India,Karnataka,Khora,NH3,100,367.7,106.6,131,Unhealthy for Sensitive Groups,20.9,30.4,29
India,Chhattisgarh,Pithampur,NO2,23.4,259.3,206,267,Very Unhealthy,26.5,85.7,3.6
India,Odisha,Ujjain,NO2,16.4,236,16.6,43,Good,36.1,67.3,29.3
India,Rajasthan,Patiala,CO,1.5,197.9,3.7,5,Good,25.8,55.5,12.7
India,Madhya Pradesh,Durgapur,PM2.5,175.6,259.3,206.5,267,Very Unhealthy,19.9,70.5,14.3
India,Tripura,Pune,NH3,1.7,69.8,18.5,40,Good,21.7,30.1,27.9
India,Tripura,Patna,NH3,88.6,264.4,233.1,239,Very Unhealthy,33,84.7,22.8
India,Punjab,Rajamahendravaram,PM2.5,79.8,325.6,202.8,272,Very Unhealthy,30.3,93.7,18.5
India,Kerala,Rishikesh,PM2.5,46.6,292.2,162.2,154,Unhealthy,37.2,63,16.6
India,Chhattisgarh,Bareilly,NO2,81.8,246.5,89.8,94,Moderate,39.2,87.3,2
India,Meghalaya,Akola,PM2.5,27.7,178.2,37.2,32,Good,35.2,57.3,23.1
India,Delhi,Rishikesh,PM10,14.3,357.7,21,22,Good,23.5,31.7,9.9
India,Tripura,Srinagar,NH3,176.7,257.1,193.7,192,Unhealthy,15.1,51.2,9.4
India,Haryana,Kurukshetra,NH3,128,443.9,232.8,258,Very Unhealthy,17.9,47.9,11.9
India,Meghalaya,Panchgaon,PM10,229.1,375.2,252.2,247,Very Unhealthy,37.2,46.3,9.4
India,Tripura,Bengaluru,OZONE,19.2,419.3,19.3,47,Good,28,87.3,21.8
India,Punjab,Udaipur,PM10,25.4,241.5,40.5,0,Good,33.8,88.6,27.7
India,Punjab,Vadodara,NH3,13.8,470.7,27,37,Good,39.6,91.7,11.6
India,Rajasthan,Chittorgarh,OZONE,33.4,482,38.7,15,Good,21.3,77.4,15.4
India,Chhattisgarh,Cuddalore,PM2.5,110.1,373.9,262.8,283,Very Unhealthy,31,94.4,21.2
India,Uttarakhand,Hyderabad,SO2,3.8,422.5,100.4,483,Hazardous,39.8,56.1,27.2
India,Odisha,Shivamogga,NO2,3,428.7,44.3,35,Good,17.5,70.3,20.5
India,Punjab,Kalaburagi,PM10,29.5,468.4,66.2,57,Moderate,39,51.3,12.5
India,Uttar Pradesh,Mahad,OZONE,17.1,494.4,58.4,88,Moderate,27.9,78.8,7.2
India,West Bengal,Gangtok,SO2,13.3,269.6,19.9,30,Good,17.7,87.1,17.4
India,Gujarat,Rairangpur,OZONE,10.4,319.2,245,283,Very Unhealthy,15.8,32.9,9.7
India,Meghalaya,Rishikesh,CO,77.7,290.1,192.6,162,Unhealthy,39.5,93.9,20.3
India,Jammu and Kashmir,Ramanagara,PM2.5,115.8,483.2,259.2,251,Very Unhealthy,32.7,54.8,9
India,Maharashtra,Hapur,PM10,114.6,367.6,147,101,Unhealthy for Sensitive Groups,27.8,66.6,26
India,Assam,Ahmednagar,NO2,10.2,287,188,157,Unhealthy,34.1,36.8,22.5
India,Gujarat,Hyderabad,NH3,1.6,114.7,24.6,20,Good,28.8,49.5,21.1
India,Telangana,Chamarajanagar,PM2.5,67,284.3,113.1,149,Unhealthy for Sensitive Groups,36.1,85,6.5
India,Maharashtra,Tonk,NH3,55.5,286.8,83.3,66,Moderate,20.3,90.5,18
India,Uttarakhand,Udaipur,NO2,43.7,249.6,248.9,233,Very Unhealthy,34.1,63.2,16.6
India,Nagaland,Dewas,PM10,170,475.6,210.5,233,Very Unhealthy,19.1,68.1,14.1
India,Bihar,Palwal,PM10,94.1,264.8,223.9,251,Very Unhealthy,16.8,32.7,18.4
India,Delhi,Sonipat,NO2,211.5,346.4,240.9,235,Very Unhealthy,20,46.5,1.2
India,Haryana,Tumidih,NH3,58,454.6,126.5,144,Unhealthy for Sensitive Groups,34.3,46.7,9.8
India,West Bengal,Thane,CO,47.4,164.9,160.3,161,Unhealthy,19.6,39.2,8.7
India,Kerala,Mandideep,PM2.5,152.4,384.7,192.9,174,Unhealthy,36.4,62.8,14.4
India,Odisha,Firozabad,NH3,45.5,103.6,62.7,51,Moderate,20.1,93.7,29.6
India,Jharkhand,Karnal,OZONE,4.5,359.6,68.9,71,Moderate,16.3,51.2,6.2
India,Chandigarh,Chittorgarh,PM10,147,435.9,163.6,197,Unhealthy,30.6,40.5,16.7
India,Uttarakhand,Barbil,OZONE,6,98,7.1,15,Good,26.8,69.2,19
India,Kerala,Bengaluru,NH3,46.9,191,117.3,115,Unhealthy for Sensitive Groups,19.7,44.9,1.9
India,Punjab,Ujjain,CO,34.4,126.6,45.5,12,Good,39.8,43.3,26.7
India,Karnataka,Bhubaneswar,NO2,4.9,421.6,16.6,23,Good,30.8,62.6,9.6
India,Chhattisgarh,Nagaon,SO2,39.3,466.9,235.3,260,Very Unhealthy,20.5,94.6,26.4
India,Odisha,Hubballi,CO,4.5,161.9,9.3,4,Good,38.8,88.6,24.8
India,Madhya Pradesh,Patiala,OZONE,187.3,368.9,240.5,214,Very Unhealthy,18.3,88.4,7.7
India,Uttarakhand,Karauli,NH3,92.2,340.2,198.5,195,Unhealthy,21.3,37.7,22.1
India,Meghalaya,Ankleshwar,NH3,9.7,454.3,41.6,19,Good,27.6,92.4,20.7
India,Chhattisgarh,Akola,OZONE,229.2,263.2,242.9,211,Very Unhealthy,24,42.2,9.1
India,Rajasthan,Moradabad,SO2,107.4,397.2,213.3,213,Very Unhealthy,36.3,85.1,6.8
India,Jammu and Kashmir,Rajamahendravaram,PM10,7,127.8,36.7,4,Good,17.7,85.8,23.4
India,Chhattisgarh,Amaravati,NO2,29.8,414.7,40.4,27,Good,32.5,89.5,5.2
India,Puducherry,Meerut,NO2,26.7,247,49,9,Good,20.9,35.3,27.9
India,Maharashtra,Mandikhera,PM10,81.9,190.3,113.1,122,Unhealthy for Sensitive Groups,28.3,89.6,27.3
India,Tamil Nadu,Latur,OZONE,5.8,376.8,24.7,38,Good,16.3,65.3,17.8
India,Assam,Pithampur,PM10,103.4,394.8,140,109,Unhealthy for Sensitive Groups,15.5,40.8,27.4
India,Uttar Pradesh,Ambernath,NH3,92.6,238.4,108.2,125,Unhealthy for Sensitive Groups,18.8,38.4,11.8
India,Maharashtra,Rajsamand,OZONE,56.3,435.3,150.2,424,Hazardous,20.6,34.2,22.9
India,Andhra Pradesh,Aizawl,NH3,37.7,302.1,73.1,92,Moderate,30.6,42.7,14.4
India,Telangana,Chikkamagaluru,NO2,29.8,253.7,120.1,124,Unhealthy for Sensitive Groups,24,79.7,1.9
India,West Bengal,Jabalpur,NH3,13.8,34.2,16.8,45,Good,28.2,51.2,15
India,Arunachal Pradesh,Satara,CO,116.9,362.6,142.5,122,Unhealthy for Sensitive Groups,26.7,74,24.8
India,Assam,Vrindavan,OZONE,28,418.8,89.1,76,Moderate,38.3,70.1,24.3
India,Himachal Pradesh,Kohima,CO,1.9,148.6,2.2,36,Good,30.3,64.4,1.9
India,Gujarat,Jabalpur,PM10,31.7,461.4,162.1,163,Unhealthy,22,54.5,13.1
India,Telangana,Guntur,PM2.5,6,297.7,28.8,12,Good,17.4,63.7,23.6
India,Assam,Khora,NO2,102.1,404.4,215.9,259,Very Unhealthy,16.3,82.5,2.8
India,Chandigarh,Visakhapatnam,NO2,82.8,172.2,140.8,124,Unhealthy for Sensitive Groups,30.5,74.7,18.8
India,Haryana,Shillong,NH3,96.4,154.2,131,141,Unhealthy for Sensitive Groups,24.4,89.4,24
India,Odisha,Nashik,PM2.5,17.2,283.7,97.1,87,Moderate,38.8,64.3,9.4
India,Odisha,Dehradun,NH3,28.7,381,94.5,74,Moderate,35.7,86,12.3
India,Puducherry,Dharuhera,CO,35.1,185.8,94.6,99,Moderate,25.9,81.8,0.5
India,Jammu and Kashmir,Jabalpur,NH3,149.9,206.4,186.7,158,Unhealthy,17.5,89.4,25.9
India,Chhattisgarh,Bhiwani,PM2.5,22.4,285.2,203,259,Very Unhealthy,16.7,41.4,21.3
India,Rajasthan,Mandi Gobindgarh,PM10,127.5,301.6,139.9,134,Unhealthy for Sensitive Groups,35.9,75.8,28.3
India,Kerala,Srinagar,PM10,33.5,295.1,95.1,90,Moderate,18.2,81.6,1
India,Himachal Pradesh,Mahad,PM2.5,57.1,236.2,169.6,193,Unhealthy,34.8,72.7,23.3
India,Uttar Pradesh,Mehsana,NO2,6.4,481.1,18.7,4,Good,16.6,89,7.8
India,Maharashtra,Mandi Gobindgarh,OZONE,27.5,417,166.8,187,Unhealthy,27,53,23.3
India,Himachal Pradesh,Bhubaneswar,OZONE,25.7,431.9,51.6,53,Moderate,39.3,64.9,0.7
India,Jharkhand,Satara,PM2.5,74.4,400.8,120.3,114,Unhealthy for Sensitive Groups,35.7,94.2,4.6
India,Chhattisgarh,Pithampur,SO2,259.5,481.4,260.1,218,Very Unhealthy,33.2,78.8,5
India,Meghalaya,Agartala,PM2.5,0.8,408.4,14,31,Good,31.5,31.6,16.9
India,Karnataka,Khora,PM10,113.9,460.9,264.8,274,Very Unhealthy,29.1,74.6,18.9
India,Chhattisgarh,Bhilai,SO2,22.6,207,96.1,64,Moderate,35.7,79.9,25.9
India,Uttarakhand,Motihari,CO,2.5,492.9,161,165,Unhealthy,22.2,75.5,13
India,Assam,Bengaluru,PM10,8.1,246.3,24.6,28,Good,16.1,80.4,24.1
India,Uttarakhand,Hisar,PM2.5,117.3,391.9,261.4,294,Very Unhealthy,40,59.8,2.4
India,Gujarat,Sivasagar,OZONE,160.2,190.4,186.7,198,Unhealthy,31.8,64.4,18
India,Jammu and Kashmir,Vapi,NH3,142.8,185.7,169,158,Unhealthy,35.3,31.7,3.1
India,Uttar Pradesh,Anantapur,NO2,36.2,193,121.6,126,Unhealthy for Sensitive Groups,30.3,41,25.7
India,Gujarat,Ulhasnagar,NH3,10.5,226.4,19.4,50,Good,39.7,88.7,8.1
India,Himachal Pradesh,Jalore,CO,51.9,268.2,176.4,176,Unhealthy,28,71.6,3
India,Karnataka,Bileipada,NO2,31.9,438.7,196.1,189,Unhealthy,33,37.5,0.1
India,Delhi,Akola,CO,132.1,417.6,234.9,299,Very Unhealthy,20.3,50.4,2.6
India,Chhattisgarh,Srinagar,SO2,52.5,190.9,142.2,110,Unhealthy for Sensitive Groups,26.6,35.7,22.5
India,Uttarakhand,Ramanagara,OZONE,0.5,397.6,17.2,21,Good,30.8,83.7,20.9
India,Andhra Pradesh,Maihar,SO2,12.9,118.8,79.4,97,Moderate,20.6,85.6,20.9
India,Puducherry,Chennai,PM2.5,0,38.1,0.6,46,Good,39.6,73.8,16.9
India,Andhra Pradesh,Dausa,OZONE,104.3,472.7,217.8,246,Very Unhealthy,31.2,43.5,5.7
India,Chandigarh,Chikkamagaluru,OZONE,20.6,251.2,135.2,121,Unhealthy for Sensitive Groups,28.9,53.2,27.4
India,Nagaland,Mangalore,NH3,6,382,159,151,Unhealthy,15.5,55.9,16.7
India,Assam,Mysuru,PM2.5,100,481,189.9,173,Unhealthy,29.5,49.4,1.7
India,Mizoram,Faridabad,NH3,36,53.7,40.1,36,Good,25.5,79,16.4
India,Himachal Pradesh,Rairangpur,PM10,3,441.5,152.6,174,Unhealthy,36.7,51.9,18.5
India,Rajasthan,Sawai Madhopur,CO,47,353.2,246.9,285,Very Unhealthy,27.9,82.7,23.1
India,Chandigarh,Virar,CO,121.6,253.1,237,227,Very Unhealthy,30.1,83.9,0
India,Sikkim,Kolkata,NH3,68.4,345.9,162.6,168,Unhealthy,18.7,41.2,21.1
India,Himachal Pradesh,Ajmer,CO,59.7,456,258,262,Very Unhealthy,16.1,33.6,27.9
India,Sikkim,Patna,CO,23.2,405.8,146,134,Unhealthy for Sensitive Groups,28.3,93.2,6.6
India,Maharashtra,Panchkula,PM2.5,5.9,252.3,98.2,55,Moderate,39,78.4,20.4
India,Gujarat,Siwan,NO2,37.9,196.7,47.3,8,Good,35.8,89.5,7.5
India,Nagaland,Kollam,CO,12.1,482.5,20,17,Good,31.2,57.8,9.5
India,Karnataka,Bhiwandi,NO2,112,252.6,155.7,151,Unhealthy,31.5,34.7,29.6
India,Jammu and Kashmir,Greater Noida,CO,182.5,382.1,238,269,Very Unhealthy,38.1,54,21.9
India,Gujarat,Kishanganj,CO,47.5,69.3,56.9,59,Moderate,24.4,92.3,28.4
India,Kerala,Badlapur,CO,12.1,371,193.8,151,Unhealthy,18.7,87.5,5.6
India,Madhya Pradesh,Sonipat,OZONE,20.3,300.8,182.1,181,Unhealthy,21.7,56.9,25.5
India,Gujarat,Aizawl,SO2,6.9,305,14.6,24,Good,15.8,61.5,18.3
India,Chandigarh,Barbil,NO2,178.9,271.3,212.9,229,Very Unhealthy,32.1,54.5,19.7
India,Maharashtra,Bhilai,CO,49,446.8,213.4,204,Very Unhealthy,33.9,47.2,17.6
India,Uttarakhand,Palwal,NO2,105.5,410,107.8,117,Unhealthy for Sensitive Groups,16.1,65.1,9.5
India,Chandigarh,Bareilly,NH3,9,292,160.6,195,Unhealthy,28,47.9,14.9
India,Kerala,Visakhapatnam,OZONE,134.7,286.9,214.6,291,Very Unhealthy,33.7,78.4,16.2
India,Jharkhand,Mehsana,OZONE,7.4,160.4,11.1,9,Good,23.8,39.9,23.9
India,Gujarat,Indore,CO,9,367.2,156.1,198,Unhealthy,30.4,40.5,8.6
India,Mizoram,Jalna,PM10,41.6,147.1,46.6,7,Good,26.2,88.9,11.9
India,Tamil Nadu,Munger,CO,62.2,324.4,193.8,158,Unhealthy,28.9,53.4,15.6
India,Arunachal Pradesh,Hyderabad,PM10,11.7,493.5,41.3,22,Good,30.6,75,27
India,Uttarakhand,Chamarajanagar,SO2,38.8,487.7,233,291,Very Unhealthy,39.8,67.2,11.7
India,Puducherry,Puducherry,CO,29.5,465.2,70.7,92,Moderate,31.7,69.2,3.6
India,Odisha,Solapur,SO2,1.5,339.1,83,70,Moderate,22.2,66,5
India,West Bengal,Sawai Madhopur,SO2,149.6,253.8,182.6,193,Unhealthy,25.2,49.2,13.7
India,Arunachal Pradesh,Chandigarh,PM10,45.4,328.1,217.8,215,Very Unhealthy,37.7,93.2,14.7
India,Madhya Pradesh,Bagalkot,SO2,131.8,314.9,247,212,Very Unhealthy,18.7,47.2,15.4
India,Madhya Pradesh,Bhubaneswar,PM10,21,380.7,223.7,295,Very Unhealthy,39.4,77.9,14.4
India,Telangana,Ujjain,CO,11.5,237.8,100.5,308,Hazardous,27.3,37.8,17.9
India,Rajasthan,Hubballi,PM10,140.9,450,250.3,255,Very Unhealthy,17.6,60.7,6.8
India,Uttar Pradesh,Sasaram,PM2.5,1.3,109.2,1.6,27,Good,36.9,93.1,9.6
India,Andhra Pradesh,Kishanganj,NH3,131.2,250.5,212.9,299,Very Unhealthy,39.5,47.2,14.6
India,Arunachal Pradesh,Pampore,PM2.5,96.2,189.5,157.8,164,Unhealthy,38.4,75.3,15.8
India,Himachal Pradesh,Madurai,NH3,98.2,224.6,171.1,155,Unhealthy,23.2,53.3,9.4
India,Assam,Baghpat,PM2.5,39.3,284.1,221.1,293,Very Unhealthy,22.6,88.6,19
India,Jammu and Kashmir,Byrnihat,CO,5.7,385.3,8.2,46,Good,36.1,62.3,12.6
India,Bihar,Howrah,PM10,51.7,281.3,65.1,92,Moderate,32.7,48.1,27.2
India,Karnataka,Mathura,PM2.5,124.6,367.7,239.2,205,Very Unhealthy,17.3,76.1,20.7
India,Kerala,Gadag,CO,113.9,347.8,241.2,246,Very Unhealthy,31.9,68.6,25.2
India,Arunachal Pradesh,Surat,NH3,135.1,498,261.6,203,Very Unhealthy,37,43.9,7.2
India,West Bengal,Panipat,PM2.5,159.2,215.6,163.4,174,Unhealthy,31.9,82.1,20.3
India,Tamil Nadu,Navi Mumbai,CO,71.6,180.4,139.2,113,Unhealthy for Sensitive Groups,22.6,81.2,28.6
India,Haryana,Srinagar,PM2.5,5.2,76.9,8.7,41,Good,15.3,70.4,4.2
India,Kerala,Ballabgarh,SO2,56,406.2,158,171,Unhealthy,34,32.3,17.3
India,Jharkhand,Anantapur,PM10,60.3,202.7,127.9,136,Unhealthy for Sensitive Groups,18.6,67.7,12.7
India,Uttarakhand,Sikar,NO2,73.4,210.3,84.1,60,Moderate,23.2,86.7,28
India,Mizoram,Raipur,PM2.5,55,408,218.9,230,Very Unhealthy,16.6,43.4,3.9
India,Karnataka,Navi Mumbai,SO2,4.7,295.3,87.8,71,Moderate,18,48.6,7.3
India,Uttarakhand,Jabalpur,OZONE,172.6,408.2,191.6,178,Unhealthy,25.5,82.9,2.1
India,West Bengal,Ambernath,NH3,35.1,92.4,67.8,98,Moderate,24.8,73.7,23
India,Andhra Pradesh,Mahad,PM2.5,67.1,456.1,188.2,171,Unhealthy,26.8,64.9,13.4
India,Mizoram,Gangtok,PM2.5,79.9,458,169.6,164,Unhealthy,17.1,89.7,13.5
India,Delhi,Maihar,NO2,76.7,465,119.8,145,Unhealthy for Sensitive Groups,20.1,75.1,29.7
India,Telangana,Nandesari,PM2.5,9.1,397,58.1,92,Moderate,17,52.9,23.8
India,Uttarakhand,Vijayawada,SO2,2.1,439.7,95.1,87,Moderate,20.2,48.6,7.8
India,Uttarakhand,Gadag,PM10,165.4,385.3,193.2,200,Unhealthy,15,86.9,28.8
India,Uttar Pradesh,Pali,PM2.5,22.1,331.8,22.2,47,Good,36.7,49.8,9.8
India,Telangana,Bhavnagar,PM2.5,75.5,448.3,166,161,Unhealthy,30.8,57.2,0.2
India,Madhya Pradesh,Moradabad,PM10,167.6,416.4,193.1,164,Unhealthy,27.7,90.1,6.1
India,Puducherry,Brajrajnagar,SO2,56.1,287.1,212,298,Very Unhealthy,17.9,87.1,29
India,Kerala,Anantapur,PM2.5,16.6,451,201.9,206,Very Unhealthy,16.5,30.8,22.8
India,Delhi,Vrindavan,CO,27.9,463.9,243.4,286,Very Unhealthy,15.3,82.5,11.6
India,Jharkhand,Guntur,PM10,66,470.5,74.7,83,Moderate,16.5,85.3,1.4
India,Gujarat,Tensa,PM10,177.4,228.4,193.3,190,Unhealthy,16.9,87.4,23.4
India,Uttar Pradesh,Khanna,SO2,4.1,170.1,12.8,17,Good,23.6,40.4,18.4
India,Telangana,Vijayapura,CO,8.2,357.6,15.5,32,Good,19.6,61.7,7.3
India,Haryana,Latur,NO2,141.1,242.8,159,194,Unhealthy,32.8,43.7,7.9
India,Jharkhand,Jhansi,PM10,6.6,280.2,13.7,16,Good,16.2,50.6,28
India,Mizoram,Karwar,NH3,116.3,321.2,223.3,274,Very Unhealthy,16.7,81.1,2.6
India,Meghalaya,Banswara,NO2,13.1,121.2,107.3,137,Unhealthy for Sensitive Groups,37.6,33.9,22.3
India,Tamil Nadu,Motihari,PM10,36.7,398.4,81.7,68,Moderate,25.5,76.7,12.1
India,Assam,Milupara,NO2,65.5,450.6,106.3,105,Unhealthy for Sensitive Groups,39.8,34.8,15.9
India,Maharashtra,Aizawl,CO,6,445.1,137.8,104,Unhealthy for Sensitive Groups,31.3,34.1,17.7
India,Tamil Nadu,Kadapa,NO2,111.2,305.7,111.9,121,Unhealthy for Sensitive Groups,28.5,35.2,14.2
India,West Bengal,Mandi Gobindgarh,NO2,14.5,202.8,187.3,175,Unhealthy,32.9,52.8,22.1
India,Telangana,Bhavnagar,NO2,114.8,478.3,154.5,176,Unhealthy,29.8,41.5,25.5
India,Jharkhand,Satna,SO2,4.7,286.5,125.5,147,Unhealthy for Sensitive Groups,39.6,58.1,11.8
India,Bihar,Jalgaon,SO2,71,153.5,109.4,117,Unhealthy for Sensitive Groups,23.9,84,23
India,Himachal Pradesh,Kashipur,CO,4.5,221,35.9,29,Good,22.7,35.8,21
India,Bihar,Ajmer,PM2.5,96.4,313,237.4,204,Very Unhealthy,17.3,46.1,9.9
India,Tamil Nadu,Rupnagar,NO2,26.8,421.3,165.5,191,Unhealthy,32.9,44.5,12.9
India,Nagaland,Mehsana,OZONE,37.3,149.6,83.6,63,Moderate,32.3,94.5,27.7
India,Nagaland,Raipur,OZONE,5.7,229.5,96.8,70,Moderate,32.7,47.6,25.3
India,Uttarakhand,Machilipatnam,PM2.5,85.1,424.5,257.2,284,Very Unhealthy,30.6,71.6,19.8
India,West Bengal,Bareilly,NO2,81.6,301.6,254.6,269,Very Unhealthy,39.8,55.4,10.5
India,Haryana,Ambala,SO2,5,354.5,22.3,9,Good,38.1,79.1,18.1
India,Karnataka,Cuddalore,PM10,28.2,287.3,253.9,254,Very Unhealthy,26.6,47.5,22.9
India,Mizoram,Thane,CO,74.5,249,75.4,80,Moderate,20.8,60.2,25.7
India,Kerala,Durgapur,PM2.5,37,199.1,57.7,80,Moderate,23.1,75.8,8.4
India,Jammu and Kashmir,Amritsar,NO2,175.8,278.9,237,275,Very Unhealthy,24.6,79.6,19.9
India,Uttarakhand,Thoothukudi,PM2.5,11.3,497.4,12.9,8,Good,18.1,33.1,15.8
India,Delhi,Mysuru,OZONE,34.9,330.8,129.4,125,Unhealthy for Sensitive Groups,36.3,68.8,1
India,Arunachal Pradesh,Kota,OZONE,26.1,270.6,80.5,53,Moderate,29.1,53.8,28.7
India,Andhra Pradesh,Mehsana,OZONE,38.5,348.2,233.3,295,Very Unhealthy,36.8,37.9,11.5
India,Jammu and Kashmir,Tirupati,NO2,58.6,285.3,251.5,232,Very Unhealthy,21.8,55.9,21
India,Haryana,Ambernath,NH3,47.3,303.7,159,180,Unhealthy,37.3,30.3,9.5
India,Meghalaya,Virar,NH3,165.6,322.7,213.8,229,Very Unhealthy,23.7,82.6,28.2
India,Jharkhand,Churu,NH3,41,246.2,150.3,428,Hazardous,19.7,47.5,21.2
India,Andhra Pradesh,Khairthal,CO,18,372.4,25.1,9,Good,33.6,73.3,2.7
India,Puducherry,Anantapur,NO2,11.2,488.9,14.6,27,Good,37.9,90.5,21.3
India,Chhattisgarh,Churu,SO2,159.9,309.6,162.1,174,Unhealthy,35.7,90.9,9.8
India,Karnataka,Mangalore,NH3,17.6,333.8,235.1,266,Very Unhealthy,39.6,89,5
India,Telangana,Dehradun,SO2,8.7,368.2,57.2,61,Moderate,36.6,84.8,29.1
India,Chhattisgarh,Moradabad,PM10,169.2,358.2,260.8,296,Very Unhealthy,17.7,34.4,19.6
India,Uttarakhand,Munger,CO,56.8,126,63.6,76,Moderate,27.6,57.7,5.6
India,Sikkim,Mandi Gobindgarh,OZONE,194.8,410.1,195.5,158,Unhealthy,20.2,57.9,22.8
India,Bihar,Vadodara,SO2,65.6,266.2,90.7,98,Moderate,20.3,41.4,6
India,Telangana,Amaravati,NH3,44.5,136,100.4,428,Hazardous,32.1,53.7,21.5
India,Arunachal Pradesh,Meerut,NH3,40.8,488.6,77.9,72,Moderate,35.7,44.7,6.7
India,Meghalaya,Katihar,PM2.5,25,289.3,262.2,233,Very Unhealthy,38.4,41,9.3
India,Uttar Pradesh,Yadgir,SO2,11.6,495.1,15.5,22,Good,27.3,87.9,5.2
India,Sikkim,Jhansi,PM10,69,296,151.6,161,Unhealthy,16.5,33,13.2
India,Delhi,Saharsa,CO,46.9,482.8,51.5,66,Moderate,22.8,57.8,11.8
India,Bihar,Nanded,OZONE,49.5,331.4,249.9,224,Very Unhealthy,27.7,70.6,28.5
India,Telangana,Dhanbad,CO,121.6,383.6,191.2,195,Unhealthy,23.7,52,29.3
India,Himachal Pradesh,Baripada,NH3,9.5,476.7,12.3,5,Good,32.7,81.5,5.2
India,Delhi,Angul,NO2,10.2,254.4,17.8,24,Good,22.3,79.4,8.5
India,Puducherry,Sasaram,OZONE,11.5,234.9,211.6,212,Very Unhealthy,21.7,32.8,16.3
India,Himachal Pradesh,Sikar,OZONE,41.1,379.6,118,121,Unhealthy for Sensitive Groups,21.3,83,5.9
India,Rajasthan,Bathinda,NO2,38.7,393.2,150.5,346,Hazardous,38.1,77.3,4.7
India,Uttarakhand,Mumbai,CO,32.1,459.7,95.8,63,Moderate,23,81.4,2.4
India,Rajasthan,Dombivli,NO2,46.6,255.9,99.4,93,Moderate,38.1,60.5,0.8
India,Gujarat,Satna,OZONE,79.3,391.2,147.3,118,Unhealthy for Sensitive Groups,26.6,82.4,22.8
India,Gujarat,Manguraha,PM2.5,124.1,418.5,226.4,277,Very Unhealthy,19.7,37.4,12.2
India,Jharkhand,Begusarai,PM2.5,224.2,459.3,246.5,284,Very Unhealthy,15.5,39.4,29.8
India,Nagaland,Indore,PM10,32.6,311.9,67.2,71,Moderate,20.9,94.3,0.5
India,Haryana,Chamarajanagar,PM10,71.8,335.5,255.6,244,Very Unhealthy,33.1,33.3,0.2
India,Jharkhand,Mangalore,PM10,49.5,480.7,110.1,141,Unhealthy for Sensitive Groups,22.6,59.8,28.5
India,Uttar Pradesh,Kollam,PM10,183.1,297.9,253.1,205,Very Unhealthy,26.5,80.4,0.1
India,Kerala,Dewas,SO2,33.1,488,153.6,158,Unhealthy,22.2,66.6,0.6
India,Sikkim,Jhalawar,PM10,138.4,217.2,209.2,254,Very Unhealthy,25.5,52.8,7.9
India,Chhattisgarh,Bathinda,SO2,172.3,253.5,199.3,185,Unhealthy,17.4,87,15.2
India,Rajasthan,Ghaziabad,OZONE,195.8,429.9,234.5,257,Very Unhealthy,32,55.6,7.2
India,Haryana,Katni,CO,108.2,399.9,177,184,Unhealthy,35.8,67.5,18.9
India,Uttar Pradesh,Bulandshahr,PM10,111.7,430.1,231.4,274,Very Unhealthy,37,46.8,18.6
India,Kerala,Jhansi,CO,64,449.1,82.9,88,Moderate,27.9,89.8,1.5
India,Uttar Pradesh,Sawai Madhopur,SO2,20,232.2,145.4,117,Unhealthy for Sensitive Groups,36.3,37.6,22.1
India,Bihar,Mysuru,PM2.5,51.5,98.6,92.1,75,Moderate,29,34,2
India,Punjab,Dharuhera,OZONE,11.6,249.8,75.7,54,Moderate,19.6,87.6,23.5
India,Karnataka,Thiruvananthapuram,PM2.5,57.7,488.7,131.3,124,Unhealthy for Sensitive Groups,17.7,51.9,25.4
India,Arunachal Pradesh,Chhal,OZONE,239.9,269,244.6,240,Very Unhealthy,15.4,55.4,20.7
India,Tripura,Manguraha,SO2,31.6,108.9,103.4,103,Unhealthy for Sensitive Groups,23.3,78.6,1.1
India,Nagaland,Bileipada,PM2.5,11.3,407.6,143.8,133,Unhealthy for Sensitive Groups,31.4,45.8,3.6
India,Telangana,Bhilai,PM2.5,66.3,337.8,115.6,132,Unhealthy for Sensitive Groups,18.2,56.6,14.6
India,Assam,Silchar,OZONE,50.4,94.4,82.1,51,Moderate,15,69.1,28.6
India,Maharashtra,Hyderabad,NH3,8.7,56.9,10,49,Good,16,62.6,17.2
India,Madhya Pradesh,Jodhpur,NO2,107.6,240.9,229.9,242,Very Unhealthy,20.7,59.6,1.8
India,Andhra Pradesh,Amaravati,NO2,105.2,426.6,232.6,229,Very Unhealthy,36.6,61.1,6.6
India,Jammu and Kashmir,Barmer,NH3,82.9,174.9,169.2,169,Unhealthy,29.6,37.8,17.5
India,Odisha,Sasaram,NO2,124.8,471.6,208.9,238,Very Unhealthy,16.3,34.8,21.4
India,Punjab,Khanna,CO,138.3,325.6,174.7,160,Unhealthy,29.9,70.2,16
India,Punjab,Indore,SO2,118.5,253.1,252.8,215,Very Unhealthy,32.1,41,16.2
India,Sikkim,Khora,NH3,133.3,301,149.1,138,Unhealthy for Sensitive Groups,29.3,76.1,17.8
India,Puducherry,Ujjain,NO2,43.1,299,70,83,Moderate,27,32,12.4
India,Maharashtra,Thoothukudi,PM2.5,105.6,255.4,218.1,270,Very Unhealthy,36.1,92.5,0.1
India,Puducherry,Pithampur,NH3,13.4,300.9,249.2,246,Very Unhealthy,27.1,87.1,2
India,Jharkhand,Malegaon,SO2,22.4,363.2,59,57,Moderate,38.1,66.8,26.3
India,Tamil Nadu,Kadapa,CO,99.4,455.5,114.6,130,Unhealthy for Sensitive Groups,23.1,40,27.2
India,Gujarat,Mandikhera,OZONE,37.8,106,44.5,0,Good,19.6,50.4,3.8
India,Tamil Nadu,Milupara,SO2,5.2,469.4,154.1,170,Unhealthy,19.7,50.1,7.9
India,Uttar Pradesh,Barmer,PM2.5,8.3,284.1,11.7,6,Good,34.8,77,5.9
India,Mizoram,Karauli,PM10,86.1,197.6,104.3,110,Unhealthy for Sensitive Groups,21,66.1,7.9
India,Mizoram,Boisar,PM10,103.4,479.3,104.5,125,Unhealthy for Sensitive Groups,17.9,36.6,25.9
India,Chhattisgarh,Chandrapur,PM10,33.1,448.5,54.5,65,Moderate,39.8,37.7,8.4
India,Odisha,Dhanbad,NH3,30.8,271.2,58.7,82,Moderate,30.7,35.7,29.9
India,Chhattisgarh,Baghpat,NH3,15.8,275.3,100.5,391,Hazardous,18.8,75.5,7.2
India,Jammu and Kashmir,Manguraha,OZONE,10.4,309,10.6,28,Good,39.4,47.1,25.6
India,Jharkhand,Kashipur,OZONE,78.4,386.3,158.9,186,Unhealthy,15.5,64.8,11.1
India,Sikkim,Araria,CO,41.6,275.2,91,51,Moderate,32.2,49.8,27.9
India,Delhi,Shillong,PM10,22,371.5,201.8,300,Very Unhealthy,33.8,81.4,25.1
India,Himachal Pradesh,Chikkamagaluru,SO2,9,177.5,69,88,Moderate,20.1,86,21.7
India,Rajasthan,Sirsa,NH3,241.4,288.8,250.8,286,Very Unhealthy,39.1,75.2,24.8
India,Telangana,Charkhi Dadri,NO2,80.6,428.8,243.8,274,Very Unhealthy,17.9,45.5,18.8
India,Himachal Pradesh,Jhunjhunu,PM10,15.8,499.3,127.9,131,Unhealthy for Sensitive Groups,28.1,75.3,4.3
India,Andhra Pradesh,Cuddalore,OZONE,81.3,170.8,142,102,Unhealthy for Sensitive Groups,39.8,81.9,14.4
India,West Bengal,Muzaffarpur,OZONE,26.2,360.1,32.4,3,Good,25.7,75.4,11.4
India,Uttar Pradesh,Ulhasnagar,SO2,91.7,263.7,129.5,116,Unhealthy for Sensitive Groups,19.8,67.4,27.6
India,Uttar Pradesh,Raipur,PM10,46.4,210.4,55.4,61,Moderate,38.8,69.5,14.4
India,Himachal Pradesh,Nagaur,PM10,8.6,465.2,71.3,56,Moderate,23.3,61.9,17.6
India,Telangana,Boisar,OZONE,97.2,315.9,114.6,122,Unhealthy for Sensitive Groups,16.5,34.6,1.8
India,West Bengal,Mumbai,CO,79.3,286.6,140.8,130,Unhealthy for Sensitive Groups,39,41.3,19.6
India,Jharkhand,Nellore,PM2.5,27.9,452,70.3,53,Moderate,35.7,52.6,25.8
India,Telangana,Bilaspur,PM2.5,1,394.1,12.1,9,Good,30.2,79.8,26.2
India,Chandigarh,Jabalpur,SO2,10.2,74.5,25.8,17,Good,38.3,63.5,5.9
India,Haryana,Durgapur,PM10,30.4,65.8,38.2,36,Good,18.5,64.1,0.4
India,Punjab,Tirumala,CO,2.1,51.6,32.7,10,Good,15.5,86.8,27.7
India,Tamil Nadu,Dausa,OZONE,24.2,449.1,96.2,75,Moderate,18.7,87.3,3
India,Madhya Pradesh,Guwahati,NO2,66.1,279.1,171.1,179,Unhealthy,34.3,59.2,5.8
India,Jharkhand,Baripada,OZONE,27.4,205.8,39.8,24,Good,26.9,50.2,8
India,Meghalaya,Sonipat,OZONE,63.6,237.3,115.3,148,Unhealthy for Sensitive Groups,34.3,54.2,17.7
India,Arunachal Pradesh,Pratapgarh,OZONE,3.1,90.6,16.9,28,Good,19.7,63.6,27.2
India,Arunachal Pradesh,Chandrapur,PM10,82.8,393,111.9,125,Unhealthy for Sensitive Groups,23.9,89.7,2.9
India,Kerala,Bundi,SO2,44.1,84.1,75.2,68,Moderate,30.7,91.7,13.9
India,Rajasthan,Amravati,NO2,58.7,117,91.1,86,Moderate,24.1,30.8,12.1
India,Andhra Pradesh,Boisar,NH3,27.5,286,154.6,197,Unhealthy,20.7,44.6,13.4
India,Rajasthan,Mahad,NO2,5.9,439.5,155.2,153,Unhealthy,15.7,93.8,10.9
India,Nagaland,Dombivli,NH3,151.9,418.7,190,187,Unhealthy,29.3,61.5,0.6
India,Uttarakhand,Baripada,NH3,38.4,298.2,229.1,274,Very Unhealthy,19.5,67.8,6.4
India,Uttar Pradesh,Jorapokhar,PM10,4.4,413.8,5.6,28,Good,33,48,8.9
India,Madhya Pradesh,Belapur,NH3,17.6,342.4,43.1,2,Good,33.1,34,18.4
India,Meghalaya,Bihar Sharif,SO2,1.9,215.1,166.9,167,Unhealthy,17.7,47.8,22.4
India,Rajasthan,Vadodara,NO2,22.8,307.5,143,132,Unhealthy for Sensitive Groups,17.1,42.8,13.7
India,Kerala,Gummidipoondi,PM2.5,86,353.9,157.4,151,Unhealthy,22,69.8,28.4
India,Odisha,Howrah,CO,69.5,186.1,177.9,184,Unhealthy,35.8,62.7,14.4
India,Sikkim,Gandhinagar,PM2.5,84.9,383.6,250.1,210,Very Unhealthy,20.9,83.4,5.7
India,Himachal Pradesh,Firozabad,PM10,64.2,128.2,70.5,90,Moderate,34.2,62,21
India,Uttar Pradesh,Singrauli,NH3,98.7,381.5,200.7,460,Hazardous,22.7,46.2,9.4
India,Odisha,Bareilly,PM10,73.3,231.2,136.5,106,Unhealthy for Sensitive Groups,28.9,90.4,17.8
India,Chhattisgarh,Rairangpur,OZONE,46.9,452.4,100.1,307,Hazardous,34.8,67.6,25.8
India,Mizoram,Katni,CO,170.4,343.6,235.1,235,Very Unhealthy,38.4,38.5,17
India,Tamil Nadu,Ulhasnagar,PM2.5,230.1,431.4,257.2,256,Very Unhealthy,17.5,48.1,22.6
India,Chandigarh,Barmer,SO2,79.6,341.7,176.4,153,Unhealthy,25.6,76.4,10.4
India,Nagaland,Machilipatnam,OZONE,0.9,252.3,2.4,24,Good,34.5,57.1,14.3
India,Uttarakhand,Silchar,SO2,73.8,238,214.4,221,Very Unhealthy,15.2,32.6,7.7
India,Andhra Pradesh,Banswara,PM10,18.1,334.1,105,135,Unhealthy for Sensitive Groups,36.7,63.4,18.8
India,Haryana,Rairangpur,CO,74.3,426.8,235,214,Very Unhealthy,26,44.8,18.2
India,Karnataka,Sasaram,OZONE,62.8,281,103.7,101,Unhealthy for Sensitive Groups,23.2,68.5,19.5
India,Arunachal Pradesh,Dausa,CO,185.8,292,190.5,169,Unhealthy,27,65,27.7
India,Puducherry,Manguraha,NO2,56.6,393.6,101.9,149,Unhealthy for Sensitive Groups,22.5,84.9,24.2
India,Uttar Pradesh,Solapur,OZONE,156.7,386.4,159.3,153,Unhealthy,21.9,38.9,8.4
India,West Bengal,Begusarai,PM10,26.1,157,127.7,131,Unhealthy for Sensitive Groups,37.9,51.4,27.1
India,Haryana,Ramanagara,CO,3.9,61.4,37.3,4,Good,40,50.2,21.7
India,Gujarat,Boisar,OZONE,136.7,168.9,161.5,183,Unhealthy,20.1,38.7,15.2
India,Tamil Nadu,Mehsana,PM2.5,85.8,332.3,93.3,73,Moderate,26,43.1,10.6
India,West Bengal,Chandrapur,CO,94.4,430.6,205.5,289,Very Unhealthy,22.7,79.6,11.2
India,Jharkhand,Patna,NO2,152.3,467.7,249.3,219,Very Unhealthy,22.5,38.7,11.8
India,Jharkhand,Solapur,NH3,9.2,232.7,12.6,32,Good,20.7,70.9,29.2
India,Karnataka,Ambernath,SO2,88.8,306,168.3,196,Unhealthy,27.9,50.7,3
India,Puducherry,Shillong,CO,52.9,459.7,53.3,54,Moderate,37.1,89.6,7.1
India,Chhattisgarh,Bharatpur,SO2,52.7,464,82.6,81,Moderate,26.2,77.4,22.7
India,Assam,Patiala,OZONE,1.9,157.6,3.2,9,Good,35.7,72,3.6
India,Mizoram,Gaya,PM2.5,66.6,312.1,67.7,53,Moderate,37.9,38.5,18.8
India,Gujarat,Jalore,PM10,3.1,324,4.1,20,Good,30.1,31.2,4.3
India,Haryana,Bettiah,SO2,108.8,285.5,112.4,121,Unhealthy for Sensitive Groups,23.2,39.6,10.9
India,Maharashtra,Baripada,NO2,156.8,417.2,160.5,200,Unhealthy,18,77.6,10.1
India,Telangana,Haldia,CO,52.6,227,55.8,66,Moderate,33.7,61.4,19.4
India,Telangana,Chandrapur,PM10,26.5,448,221.7,255,Very Unhealthy,21,57.2,17.2
India,Puducherry,Kota,PM2.5,8.3,68.8,31.3,45,Good,36.8,65.9,9.3
India,Madhya Pradesh,Kashipur,SO2,105.2,177.3,136.6,145,Unhealthy for Sensitive Groups,20.2,64,19.1
India,Jharkhand,Kashipur,CO,135.2,275.3,188.7,181,Unhealthy,16.4,66.3,14.6
India,Gujarat,Bikaner,NH3,90.7,403.8,153.1,196,Unhealthy,20.4,64.1,15.9
India,Kerala,Patna,CO,22.1,150,112.3,112,Unhealthy for Sensitive Groups,17.9,30.3,4.6
India,Punjab,Indore,CO,50.7,316.3,190.1,191,Unhealthy,19.5,91.9,1.7
India,Himachal Pradesh,Mahad,OZONE,179,389.2,228.8,223,Very Unhealthy,28.5,56.5,12.6
India,Telangana,Barbil,SO2,25.1,373,204.9,283,Very Unhealthy,25.1,46.6,21.7
India,Himachal Pradesh,Bhilai,SO2,53.3,296,111.5,126,Unhealthy for Sensitive Groups,37.9,80.5,9.6
India,Jammu and Kashmir,Gaya,SO2,80,416,179.6,185,Unhealthy,15.7,82.4,26.7
India,Madhya Pradesh,Mumbai,PM2.5,50.3,453.1,53.8,70,Moderate,35.2,35.3,24.3
India,Himachal Pradesh,Ulhasnagar,OZONE,171.3,295.5,242.9,289,Very Unhealthy,37.5,94.6,16.2
India,Tripura,Jalgaon,PM2.5,206.5,399,211.3,294,Very Unhealthy,31.6,71,25
India,Telangana,Karwar,CO,19.3,419.1,226.9,250,Very Unhealthy,38.6,82.2,22.2
India,Tripura,Muzaffarnagar,NH3,102.5,337.7,228.8,228,Very Unhealthy,38.6,64,19
India,Maharashtra,Karnal,NH3,78.9,208.9,96.1,89,Moderate,32.5,55.1,14.7
India,Delhi,Khora,CO,36.8,426.8,66.1,78,Moderate,21.7,86.6,7.2
India,Mizoram,Sirsa,NH3,5.3,397.3,6.1,5,Good,18.4,41.2,17.3
India,Puducherry,Ambala,PM10,19.8,128.2,39.9,20,Good,32.5,90.9,25.4
India,Nagaland,Shillong,NH3,0.8,380.4,12,36,Good,18,87.5,3.4
India,Maharashtra,Pune,OZONE,63.9,206.7,66.3,81,Moderate,27.7,49.5,14.6
India,Assam,Panchkula,PM2.5,69.6,345.9,161.2,161,Unhealthy,33.1,94.6,16.4
India,Chhattisgarh,Satara,NO2,9.7,76.8,71,77,Moderate,28.5,48.1,5.1
India,Uttarakhand,Bhavnagar,CO,0.7,474.8,0.9,2,Good,30.7,72,26.7
India,Uttar Pradesh,Thoothukudi,NH3,188.2,339.6,250.7,203,Very Unhealthy,23,36.9,5.2
India,Chhattisgarh,Siwan,CO,10.3,196.6,17.6,15,Good,20.2,33.7,17.3
India,Haryana,Amaravati,PM10,92.4,188.2,158.6,177,Unhealthy,23.3,55.5,14.2
India,Uttar Pradesh,Eluru,NO2,59.7,339.5,193.9,184,Unhealthy,30.5,90.7,15.4
India,Uttarakhand,Mandideep,OZONE,13.1,247,15.8,30,Good,33.6,69.7,23.4
India,Tripura,Belapur,PM2.5,0.7,21.1,3.4,17,Good,23.7,31.3,6.9
India,Uttarakhand,Howrah,PM2.5,36.7,163.2,45.6,40,Good,37.5,48.5,2.6
India,Himachal Pradesh,Manguraha,SO2,2.8,178,43.4,46,Good,32.6,82.4,15.8
India,Uttarakhand,Karauli,PM10,69.1,144.5,76,97,Moderate,39.5,57.6,23.1
India,Telangana,Mumbai,OZONE,38,318.3,65.3,64,Moderate,37.1,48.2,16.7
India,Nagaland,Bikaner,PM2.5,33.5,254.3,115.2,119,Unhealthy for Sensitive Groups,21.4,48.1,15.3
India,Delhi,Bengaluru,SO2,13,283.1,34.3,43,Good,24.6,88.7,16.7
India,Bihar,Bagalkot,PM2.5,0.6,153.1,1.9,10,Good,27.6,47.7,2.5
India,Jammu and Kashmir,Charkhi Dadri,OZONE,125.2,242,139,148,Unhealthy for Sensitive Groups,37.2,78.6,27.3
India,Sikkim,Barmer,PM2.5,31.1,52.9,50.7,412,Hazardous,18.3,48.1,11.3
India,Meghalaya,Modinagar,OZONE,203.8,336.8,240.2,244,Very Unhealthy,24.9,46.3,20.8
India,Madhya Pradesh,Kota,OZONE,0.2,336.8,5.1,41,Good,38.6,82.7,0.7
India,Kerala,Bhavnagar,NO2,117.1,461,168.7,159,Unhealthy,33.7,69.7,22
India,Arunachal Pradesh,Ratlam,OZONE,12.6,109.4,39.6,23,Good,38.1,66,22.4
India,Meghalaya,Rohtak,NO2,96.1,272,101.6,121,Unhealthy for Sensitive Groups,24.4,40.6,26.2
India,Kerala,Ulhasnagar,SO2,181.5,398.6,211.3,298,Very Unhealthy,39.2,49.3,11.9
India,Haryana,Kashipur,NH3,199.5,465.5,232.2,272,Very Unhealthy,26.5,39.6,12.1
India,Nagaland,Gadag,NH3,5.2,470.5,183.3,191,Unhealthy,25.3,80.7,19.4
India,Kerala,Thrissur,PM2.5,82.3,154.6,99.4,95,Moderate,39.4,42.7,13.5
India,Delhi,Durgapur,SO2,94.2,470.6,169.3,175,Unhealthy,27.7,32.4,4.7
India,Punjab,Kanpur,PM10,74.9,209.4,156.3,187,Unhealthy,15.5,54.3,0.1
India,Maharashtra,Gummidipoondi,NH3,203.1,439.6,260.1,288,Very Unhealthy,22.5,60.9,28
India,Rajasthan,Narnaul,NH3,44.7,223.2,108.5,138,Unhealthy for Sensitive Groups,24.1,56.1,1.8
India,Tripura,Bileipada,NO2,32.4,114.4,65.8,58,Moderate,21.2,55.8,17.8
India,Arunachal Pradesh,Bettiah,NH3,28.8,244,199.6,183,Unhealthy,32.4,81.9,22.1
India,West Bengal,Yamuna Nagar,PM2.5,54.1,469.3,56,68,Moderate,24.2,49.2,15.8
India,Uttarakhand,Rajamahendravaram,PM10,55.7,469.2,91.9,61,Moderate,37.9,46.2,22.7
India,Maharashtra,Nashik,NO2,137.2,491.9,224.9,299,Very Unhealthy,17.3,76.1,13
India,Tamil Nadu,Ambernath,SO2,94.1,458.6,144,148,Unhealthy for Sensitive Groups,18.7,51.8,3.6
India,Arunachal Pradesh,Badlapur,PM10,6.5,429.5,16.7,33,Good,25.7,43.5,28.5
India,Kerala,Karnal,SO2,47.9,432.7,102.4,137,Unhealthy for Sensitive Groups,16.2,62,0.3
India,Mizoram,Saharsa,NO2,46.1,284.2,99.3,67,Moderate,39.7,87,19.5
India,Maharashtra,Tirupati,NH3,76.2,204.1,192.8,157,Unhealthy,21.6,41.8,11.3
India,Sikkim,Muzaffarpur,SO2,116.8,323.2,137.3,114,Unhealthy for Sensitive Groups,29.2,34.4,12.6
India,Uttar Pradesh,Bathinda,PM10,3.3,89.9,6.8,26,Good,15.2,41.8,29.4
India,Meghalaya,Rairangpur,OZONE,234.9,331.8,241,220,Very Unhealthy,32.7,40.6,19.6
India,Tripura,Pali,NH3,128.4,301.4,167.1,188,Unhealthy,23.1,95,7.3
India,Puducherry,Korba,NH3,1.7,340.5,147.8,112,Unhealthy for Sensitive Groups,26,69.2,14.2
India,Assam,Purnia,NO2,62,355.2,242.5,275,Very Unhealthy,35.6,80.3,29.6
India,Chandigarh,Jhunjhunu,CO,1,225.5,5.2,39,Good,23.7,30.8,2.2
India,Himachal Pradesh,Talcher,NO2,16.1,174.5,39.6,9,Good,38.7,39.6,6.5
India,Telangana,Araria,SO2,21.5,157.2,142.1,107,Unhealthy for Sensitive Groups,17.5,41.1,11.3
India,Chhattisgarh,Ghaziabad,SO2,79.9,214.9,184.5,183,Unhealthy,19.5,53.8,14
India,Jharkhand,Begusarai,PM2.5,0.3,280,219.4,278,Very Unhealthy,39.9,62.3,21.6
India,Punjab,Madurai,CO,18.2,172.8,22.1,20,Good,16,48.5,27.8
India,Tamil Nadu,Pithampur,PM2.5,2.8,397.1,42.5,14,Good,19.7,46.9,26.8
India,Meghalaya,Satara,SO2,6.6,385,45.4,44,Good,20.4,84.1,28.4
India,Sikkim,Ahmednagar,PM2.5,49.7,334.2,259.5,236,Very Unhealthy,27.1,54.8,7.7
India,Gujarat,Jalgaon,PM2.5,20.1,491.7,32.8,33,Good,18.1,54.1,8.4
India,Uttarakhand,Barmer,CO,7.4,495.6,16.7,16,Good,26.7,43.7,29
India,Gujarat,Bhagalpur,CO,102.4,226.7,140.4,132,Unhealthy for Sensitive Groups,38.3,40.1,9.7
India,Andhra Pradesh,Bathinda,PM2.5,107.6,447.5,174,192,Unhealthy,27.1,39.4,7.1
India,Himachal Pradesh,Hisar,PM2.5,27.5,414.3,86.1,66,Moderate,19,79.1,14.6
India,West Bengal,Khurja,SO2,24.1,355.1,24.4,20,Good,20.2,51.8,23.4
India,Tamil Nadu,Buxar,OZONE,171.4,418.8,225.9,296,Very Unhealthy,17.9,79.9,6.2
India,Jammu and Kashmir,Chandrapur,NH3,201.1,395.9,224.7,294,Very Unhealthy,39.4,41.6,3.4
India,Sikkim,Suakati,CO,72.8,426.8,110.5,125,Unhealthy for Sensitive Groups,15.6,50.3,26.1
India,Uttarakhand,Araria,NH3,76.6,307.4,141.3,149,Unhealthy for Sensitive Groups,32.8,41.1,15.5
India,Himachal Pradesh,Manguraha,PM10,187.8,307.2,255.2,247,Very Unhealthy,15.5,68.9,15.5
India,Puducherry,Tensa,OZONE,50.9,401.1,122.9,131,Unhealthy for Sensitive Groups,31.4,39.3,5.8
India,Assam,Kunjemura,SO2,56.6,345.5,90.3,82,Moderate,35.7,64.9,6.7
India,Puducherry,Mehsana,CO,10.2,276.9,147.9,150,Unhealthy for Sensitive Groups,18.4,51.8,18.4
India,Kerala,Pune,NO2,14.1,420.8,15,36,Good,19.2,36,9.1
India,Meghalaya,Nagpur,NO2,62.4,491,87.6,84,Moderate,31.2,64.9,13.3
India,Rajasthan,Indore,OZONE,130.3,409.7,265.2,278,Very Unhealthy,24.4,57.5,21.8
India,Tamil Nadu,Korba,NH3,82,363.2,174.5,191,Unhealthy,33.4,51.2,26.5
India,Arunachal Pradesh,Gaya,OZONE,68.1,402.2,111.5,147,Unhealthy for Sensitive Groups,39.4,41.2,11.7
India,Arunachal Pradesh,Aurangabad,NH3,72.8,456,83.4,91,Moderate,39.1,32,28.2
India,Telangana,Milupara,PM10,32.2,455,84.9,70,Moderate,31.8,76,14.9
India,Chhattisgarh,Ratlam,NO2,43.8,494.3,245.9,226,Very Unhealthy,29.7,70.9,20.1
India,Jammu and Kashmir,Surat,OZONE,236.7,492,254.5,218,Very Unhealthy,35,89.4,4.1
India,Telangana,Chennai,OZONE,32.8,495.1,89,96,Moderate,25.5,44.8,20.9
India,Assam,Gummidipoondi,NH3,10.8,463.6,109.4,121,Unhealthy for Sensitive Groups,39.8,37,29.1
