state,city,pollutant_id,pollutant_min,pollutant_max,pollutant_avg,AQI,AQI_Bucket,Temperature_C,Humidity_%,Wind_Speed_kmh
Andhra Pradesh,Kadapa,OZONE,39.0,41.0,40.0,20,Good,23.8,68.2,10.6
Andhra Pradesh,Machilipatnam,NO2,13.0,33.0,18.0,15,Good,30.6,60.3,19.1
Andhra Pradesh,Machilipatnam,NH3,3.0,5.0,4.0,1,Good,28.4,44.3,8.8
Andhra Pradesh,Nellore,PM10,45.0,106.0,66.0,96,Moderate,39.6,38.9,2.5
Andhra Pradesh,Rajamahendravaram,PM2.5,5.0,19.0,11.0,12,Good,21.4,47.7,28.3
Andhra Pradesh,Tirumala,SO2,4.0,10.0,6.0,21,Good,15.9,46.9,16.4
Andhra Pradesh,Tirumala,CO,12.0,22.0,17.0,3,Good,37.8,34.3,4.8
Andhra Pradesh,Tirupati,PM2.5,32.0,46.0,37.0,37,Good,31.3,86.2,21.8
Andhra Pradesh,Tirupati,PM10,55.0,66.0,59.0,64,Moderate,26.6,92.5,14.1
Andhra Pradesh,Vijayawada,PM2.5,47.0,87.0,65.0,67,Moderate,31.2,76.2,7.8
Andhra Pradesh,Vijayawada,PM10,48.0,87.0,66.0,56,Moderate,23.2,69.2,13.5
Andhra Pradesh,Vijayawada,NO2,14.0,23.0,17.0,22,Good,36.0,38.0,18.9
Andhra Pradesh,Vijayawada,NH3,3.0,5.0,4.0,39,Good,26.9,65.0,11.3
Andhra Pradesh,Vijayawada,NH3,4.0,6.0,5.0,19,Good,31.3,31.0,19.1
Andhra Pradesh,Visakhapatnam,PM2.5,13.0,97.0,44.0,25,Good,16.4,36.9,13.2
Andhra Pradesh,Visakhapatnam,NH3,3.0,3.0,3.0,27,Good,24.7,69.4,15.9
Arunachal Pradesh,Naharlagun,NH3,1.0,1.0,1.0,25,Good,25.0,71.4,3.2
Arunachal Pradesh,Naharlagun,SO2,10.0,17.0,12.0,27,Good,30.2,58.9,0.3
Assam,Byrnihat,PM10,58.0,120.0,80.0,74,Moderate,30.2,40.9,29.8
Assam,Guwahati,CO,36.0,45.0,40.0,46,Good,36.6,56.2,26.8
Assam,Guwahati,NO2,3.0,3.0,3.0,19,Good,18.1,69.1,2.4
Assam,Guwahati,NO2,1.0,3.0,2.0,47,Good,19.7,46.4,18.7
Assam,Guwahati,NH3,5.0,5.0,5.0,16,Good,26.0,63.3,20.1
Assam,Guwahati,SO2,40.0,43.0,41.0,10,Good,25.6,88.2,27.3
Assam,Guwahati,OZONE,1.0,16.0,6.0,13,Good,23.2,55.8,9.6
Assam,Guwahati,NH3,1.0,1.0,1.0,21,Good,23.1,85.4,21.7
Assam,Guwahati,SO2,29.0,32.0,31.0,31,Good,39.2,90.5,19.2
Assam,Nagaon,PM2.5,43.0,77.0,63.0,98,Moderate,38.3,55.5,20.0
Assam,Nagaon,NO2,1.0,5.0,1.0,36,Good,21.4,31.7,18.1
Assam,Silchar,NO2,17.0,17.0,17.0,49,Good,25.4,41.8,13.3
Chhattisgarh,Tumidih,PM10,15.0,104.0,32.0,50,Good,32.2,65.1,12.0
Chhattisgarh,Tumidih,NH3,1.0,2.0,1.0,48,Good,34.1,64.1,19.9
Delhi,Delhi,NO2,,,,452,Hazardous,25.8,39.5,2.4
Delhi,Delhi,SO2,2.0,4.0,3.0,47,Good,28.2,81.3,13.2
Delhi,Delhi,PM10,13.0,141.0,84.0,64,Moderate,20.4,45.6,5.8
Delhi,Delhi,NH3,0.0,8.0,2.0,0,Good,36.6,81.9,17.2
Delhi,Delhi,SO2,2.0,4.0,3.0,10,Good,26.2,91.4,2.2
Delhi,Delhi,NH3,6.0,14.0,9.0,37,Good,21.4,52.6,0.4
Delhi,Delhi,PM2.5,42.0,105.0,76.0,58,Moderate,38.4,33.1,23.2
Delhi,Delhi,PM10,52.0,119.0,89.0,82,Moderate,22.3,52.0,9.9
Delhi,Delhi,NH3,0.0,8.0,3.0,6,Good,26.2,54.7,28.5
Delhi,Delhi,NO2,19.0,65.0,27.0,10,Good,27.9,85.6,3.6
Delhi,Delhi,PM10,81.0,152.0,113.0,101,Unhealthy for Sensitive Groups,22.5,36.0,20.8
Assam,Sivasagar,PM2.5,10.0,17.0,13.0,42,Good,28.6,62.0,14.5
Assam,Sivasagar,PM10,24.0,38.0,28.0,45,Good,38.2,48.7,7.7
Assam,Sivasagar,OZONE,26.0,50.0,36.0,1,Good,18.8,90.8,6.7
Bihar,Araria,PM2.5,42.0,140.0,63.0,75,Moderate,26.2,62.1,26.1
Bihar,Arrah,PM2.5,20.0,110.0,62.0,60,Moderate,24.5,38.6,7.5
Bihar,Arrah,NO2,6.0,9.0,7.0,12,Good,19.4,66.4,7.0
Bihar,Arrah,NH3,2.0,2.0,2.0,14,Good,23.7,37.6,16.5
Bihar,Aurangabad,PM2.5,,,,314,Hazardous,17.7,89.5,7.8
Bihar,Begusarai,PM2.5,15.0,50.0,32.0,36,Good,39.3,87.2,17.5
Bihar,Begusarai,PM10,23.0,133.0,80.0,65,Moderate,33.0,58.9,7.8
Bihar,Bhagalpur,NH3,0.0,5.0,2.0,16,Good,35.5,57.1,15.4
Bihar,Bhagalpur,OZONE,6.0,75.0,22.0,32,Good,18.0,31.0,9.3
Bihar,Bhagalpur,SO2,9.0,38.0,24.0,46,Good,19.0,89.6,15.9
Bihar,Muzaffarpur,NH3,0.0,0.0,0.0,25,Good,38.9,84.0,14.8
Bihar,Patna,NH3,9.0,10.0,9.0,38,Good,27.9,53.4,11.6
Bihar,Patna,CO,38.0,48.0,42.0,27,Good,23.5,79.6,3.0
Bihar,Patna,OZONE,11.0,28.0,15.0,16,Good,19.8,47.0,0.3
Bihar,Patna,SO2,6.0,12.0,8.0,50,Good,32.7,41.0,16.2
Bihar,Patna,NH3,,,,488,Hazardous,30.6,68.2,6.5
Bihar,Patna,SO2,14.0,22.0,18.0,25,Good,26.8,51.8,26.8
Bihar,Patna,OZONE,59.0,60.0,59.0,72,Moderate,24.1,75.7,15.2
Bihar,Patna,NO2,17.0,18.0,18.0,24,Good,17.0,68.4,19.1
Bihar,Patna,PM2.5,,,,326,Hazardous,29.9,35.3,0.5
Bihar,Patna,PM10,,,,415,Hazardous,30.4,66.2,24.7
Bihar,Patna,SO2,,,,317,Hazardous,30.2,46.2,28.6
Bihar,Patna,OZONE,16.0,94.0,55.0,72,Moderate,30.7,54.1,13.0
Bihar,Rajgir,OZONE,15.0,45.0,29.0,18,Good,33.0,63.1,18.6
Bihar,Samastipur,CO,2.0,4.0,3.0,48,Good,39.2,66.9,27.4
Bihar,Samastipur,OZONE,6.0,9.0,8.0,19,Good,23.0,78.5,24.0
Bihar,Siwan,PM2.5,7.0,78.0,50.0,43,Good,37.2,44.4,4.3
Bihar,Siwan,NO2,2.0,2.0,2.0,5,Good,33.5,35.3,9.5
Chandigarh,Chandigarh,PM10,,,,327,Hazardous,31.5,87.3,8.8
Chandigarh,Chandigarh,SO2,,,,373,Hazardous,38.5,76.4,18.3
Chandigarh,Chandigarh,OZONE,4.0,32.0,20.0,4,Good,15.7,53.2,29.3
Chandigarh,Chandigarh,PM2.5,5.0,68.0,17.0,36,Good,28.3,56.8,24.6
Chandigarh,Chandigarh,SO2,4.0,7.0,6.0,22,Good,32.5,45.2,30.0
Chhattisgarh,Bhilai,PM10,8.0,25.0,13.0,16,Good,34.9,89.9,12.7
Chhattisgarh,Bhilai,NH3,1.0,2.0,1.0,42,Good,17.9,64.6,27.0
Chhattisgarh,Bhilai,CO,5.0,12.0,9.0,35,Good,22.6,91.6,0.3
Bihar,Katihar,CO,70.0,85.0,78.0,75,Moderate,22.7,85.1,21.5
Bihar,Kishanganj,NO2,7.0,8.0,7.0,44,Good,38.6,85.6,13.5
Bihar,Kishanganj,OZONE,33.0,37.0,34.0,6,Good,30.9,34.8,4.0
Bihar,Manguraha,NO2,2.0,7.0,4.0,48,Good,25.4,80.1,5.0
Bihar,Manguraha,NH3,,,,343,Hazardous,20.8,56.2,26.0
Bihar,Motihari,PM2.5,,,,473,Hazardous,18.3,61.9,3.2
Bihar,Motihari,SO2,3.0,3.0,3.0,44,Good,26.1,84.4,15.7
Bihar,Motihari,OZONE,53.0,57.0,55.0,59,Moderate,22.5,72.9,28.0
Bihar,Munger,NH3,3.0,3.0,3.0,5,Good,21.1,78.9,27.0
Bihar,Munger,SO2,25.0,33.0,29.0,23,Good,26.3,64.5,29.5
Bihar,Munger,OZONE,1.0,6.0,2.0,42,Good,19.6,46.4,2.7
Bihar,Bihar Sharif,OZONE,1.0,2.0,2.0,32,Good,30.6,87.8,12.3
Bihar,Buxar,PM2.5,17.0,500.0,151.0,198,Unhealthy,39.6,46.2,28.9
Bihar,Chhapra,NO2,2.0,3.0,2.0,1,Good,37.0,74.9,10.0
Bihar,Chhapra,SO2,21.0,23.0,21.0,45,Good,19.5,86.8,13.6
Bihar,Chhapra,CO,83.0,103.0,99.0,66,Moderate,20.1,86.4,29.1
Bihar,Gaya,OZONE,28.0,28.0,28.0,33,Good,30.8,50.2,14.3
Bihar,Gaya,SO2,7.0,9.0,8.0,45,Good,34.3,48.0,29.3
Bihar,Gaya,PM2.5,10.0,87.0,39.0,9,Good,26.6,66.1,14.8
Bihar,Gaya,NH3,0.0,1.0,1.0,14,Good,17.7,55.8,29.9
Andhra Pradesh,Amaravati,PM10,26.0,103.0,52.0,68,Moderate,16.5,60.8,24.9
Andhra Pradesh,Amaravati,OZONE,26.0,36.0,31.0,30,Good,37.8,88.3,29.9
Andhra Pradesh,Anantapur,NO2,14.0,29.0,18.0,32,Good,37.2,91.5,12.7
Andhra Pradesh,Anantapur,NH3,3.0,6.0,3.0,38,Good,31.9,37.4,3.7
Andhra Pradesh,Anantapur,CO,24.0,29.0,27.0,12,Good,35.4,94.1,6.8
Andhra Pradesh,Eluru,PM10,54.0,71.0,64.0,94,Moderate,38.6,74.1,2.4
Andhra Pradesh,Eluru,NH3,3.0,7.0,5.0,14,Good,17.3,55.5,24.2
Andhra Pradesh,Eluru,SO2,7.0,16.0,12.0,12,Good,23.4,58.1,13.5
Andhra Pradesh,Kadapa,PM10,44.0,56.0,53.0,99,Moderate,21.7,44.9,21.0
Andhra Pradesh,Kadapa,NO2,28.0,35.0,31.0,44,Good,27.7,31.2,7.1
Chhattisgarh,Bilaspur,NO2,15.0,19.0,17.0,16,Good,38.0,84.7,18.1
Chhattisgarh,Bilaspur,NH3,,,,374,Hazardous,24.9,74.5,27.6
Chhattisgarh,Kunjemura,PM2.5,12.0,27.0,19.0,40,Good,33.7,67.5,25.0
Chhattisgarh,Kunjemura,NO2,5.0,17.0,8.0,26,Good,21.3,30.3,18.2
Chhattisgarh,Kunjemura,SO2,0.0,17.0,8.0,25,Good,15.8,60.6,7.4
Chhattisgarh,Kunjemura,CO,25.0,28.0,26.0,48,Good,20.0,93.2,18.8
Chhattisgarh,Raipur,PM2.5,9.0,17.0,12.0,11,Good,21.8,90.8,23.4
Chhattisgarh,Raipur,CO,17.0,17.0,17.0,8,Good,24.2,81.0,26.6
Chhattisgarh,Raipur,CO,10.0,13.0,11.0,23,Good,21.4,53.8,26.0
Delhi,Delhi,OZONE,27.0,62.0,46.0,31,Good,21.8,51.3,28.1
Delhi,Delhi,PM2.5,18.0,136.0,66.0,74,Moderate,19.3,37.2,7.2
Delhi,Delhi,OZONE,9.0,98.0,51.0,86,Moderate,31.5,45.7,21.1
Delhi,Delhi,SO2,,,,385,Hazardous,21.0,69.7,24.7
Delhi,Delhi,PM2.5,8.0,92.0,60.0,59,Moderate,39.9,48.6,15.9
Delhi,Delhi,OZONE,29.0,103.0,61.0,53,Moderate,24.3,67.6,21.8
Gujarat,Ahmedabad,NH3,1.0,1.0,1.0,10,Good,16.0,47.8,20.3
Gujarat,Ahmedabad,SO2,0.0,1.0,1.0,8,Good,18.8,77.3,13.3
Gujarat,Ahmedabad,PM10,45.0,99.0,74.0,91,Moderate,31.2,44.0,17.8
Gujarat,Ahmedabad,NO2,13.0,81.0,21.0,36,Good,20.0,53.8,11.5
Gujarat,Ahmedabad,NH3,3.0,4.0,3.0,41,Good,19.5,79.3,7.9
Gujarat,Ahmedabad,SO2,16.0,37.0,24.0,44,Good,37.2,66.0,19.2
Gujarat,Ahmedabad,OZONE,11.0,18.0,14.0,12,Good,23.7,42.4,28.6
Gujarat,Ahmedabad,PM10,57.0,129.0,85.0,73,Moderate,39.7,78.1,21.3
Gujarat,Ahmedabad,SO2,12.0,56.0,29.0,7,Good,21.5,90.4,7.6
Gujarat,Ahmedabad,OZONE,5.0,24.0,13.0,1,Good,22.2,81.1,16.9
Gujarat,Ahmedabad,PM2.5,20.0,47.0,33.0,33,Good,31.0,85.5,23.0
Delhi,Delhi,SO2,1.0,4.0,3.0,7,Good,27.6,36.2,9.4
Delhi,Delhi,NH3,3.0,16.0,6.0,31,Good,18.8,87.6,17.7
Delhi,Delhi,CO,24.0,34.0,28.0,4,Good,38.6,91.6,22.3
Delhi,Delhi,SO2,6.0,19.0,12.0,48,Good,26.4,38.1,12.0
Delhi,Delhi,CO,44.0,80.0,57.0,55,Moderate,37.6,51.7,6.2
Delhi,Delhi,NO2,21.0,62.0,34.0,45,Good,25.8,34.6,17.5
Delhi,Delhi,CO,28.0,43.0,33.0,40,Good,21.3,64.9,13.5
Delhi,Delhi,NO2,16.0,64.0,29.0,2,Good,16.0,33.8,12.3
Delhi,Delhi,CO,69.0,93.0,74.0,79,Moderate,38.4,68.1,22.4
Delhi,Delhi,NO2,15.0,37.0,21.0,5,Good,15.2,77.1,1.6
Delhi,Delhi,NH3,3.0,14.0,10.0,18,Good,33.4,71.7,16.8
Delhi,Delhi,SO2,0.0,8.0,3.0,39,Good,21.7,65.6,17.1
Delhi,Delhi,PM2.5,28.0,93.0,59.0,77,Moderate,23.2,40.1,14.3
Delhi,Delhi,PM10,52.0,127.0,95.0,71,Moderate,24.2,51.1,30.0
Delhi,Delhi,NO2,12.0,53.0,24.0,42,Good,30.5,45.0,11.5
Delhi,Delhi,SO2,8.0,113.0,43.0,39,Good,25.4,90.1,16.8
Delhi,Delhi,PM10,66.0,150.0,115.0,109,Unhealthy for Sensitive Groups,37.8,85.9,24.5
Delhi,Delhi,CO,47.0,67.0,54.0,83,Moderate,35.9,93.5,23.2
Delhi,Delhi,OZONE,1.0,12.0,6.0,11,Good,16.6,54.2,18.3
Delhi,Delhi,OZONE,8.0,11.0,9.0,31,Good,24.2,88.9,12.4
Delhi,Delhi,NO2,46.0,92.0,71.0,88,Moderate,33.1,72.7,7.7
Delhi,Delhi,NH3,1.0,3.0,2.0,31,Good,29.7,91.5,3.7
Delhi,Delhi,SO2,6.0,26.0,15.0,48,Good,19.7,73.3,27.6
Delhi,Delhi,CO,105.0,108.0,107.0,141,Unhealthy for Sensitive Groups,22.4,72.9,24.7
Delhi,Delhi,CO,35.0,52.0,42.0,29,Good,24.3,53.8,5.8
Delhi,Delhi,PM2.5,37.0,217.0,78.0,96,Moderate,39.4,44.2,0.4
Delhi,Delhi,PM10,58.0,115.0,84.0,62,Moderate,25.4,88.2,23.6
Gujarat,Vadodara,NH3,2.0,2.0,2.0,24,Good,31.7,81.9,26.8
Gujarat,Vadodara,OZONE,2.0,5.0,4.0,37,Good,24.3,46.1,23.0
Gujarat,Vapi,PM10,,,,313,Hazardous,36.1,32.4,22.3
Gujarat,Vatva,SO2,18.0,38.0,27.0,43,Good,31.4,38.1,17.2
Gujarat,Vatva,CO,13.0,14.0,13.0,21,Good,21.9,65.0,1.5
Haryana,Ambala,PM2.5,29.0,72.0,47.0,0,Good,15.0,41.5,27.5
Haryana,Bahadurgarh,NH3,8.0,9.0,8.0,39,Good,33.1,91.6,25.4
Haryana,Bhiwani,PM2.5,134.0,197.0,152.0,179,Unhealthy,36.7,86.0,3.7
Haryana,Bhiwani,NO2,7.0,10.0,8.0,25,Good,37.5,90.8,21.5
Haryana,Bhiwani,NH3,1.0,3.0,2.0,49,Good,29.6,50.7,8.7
Haryana,Bhiwani,SO2,12.0,13.0,13.0,46,Good,18.3,69.0,9.9
Gujarat,Gandhinagar,PM2.5,22.0,65.0,39.0,44,Good,34.9,42.4,13.7
Gujarat,Gandhinagar,NO2,9.0,16.0,12.0,46,Good,15.5,57.7,9.2
Gujarat,Mehsana,PM10,21.0,106.0,54.0,63,Moderate,24.1,49.6,11.3
Gujarat,Nandesari,NH3,,,,454,Hazardous,30.2,30.9,5.2
Gujarat,Rajkot,CO,82.0,90.0,85.0,75,Moderate,38.9,78.7,8.8
Gujarat,Surat,PM2.5,6.0,90.0,26.0,22,Good,26.6,81.6,11.8
Gujarat,Surat,PM10,16.0,121.0,35.0,18,Good,37.4,46.3,4.2
Gujarat,Surat,NO2,2.0,4.0,3.0,15,Good,35.5,44.2,29.6
Gujarat,Surat,NH3,,,,443,Hazardous,19.7,40.2,19.7
Gujarat,Surat,CO,39.0,48.0,42.0,35,Good,35.5,35.1,14.6
Gujarat,Surat,OZONE,,,,477,Hazardous,29.1,83.8,1.8
Delhi,Delhi,PM2.5,50.0,95.0,71.0,53,Moderate,26.4,81.8,17.6
Delhi,Delhi,PM2.5,52.0,187.0,97.0,66,Moderate,15.6,88.9,20.5
Delhi,Delhi,PM10,64.0,116.0,93.0,74,Moderate,32.9,58.9,9.4
Delhi,Delhi,NH3,3.0,5.0,4.0,19,Good,23.4,60.7,4.9
Delhi,Delhi,SO2,23.0,50.0,39.0,1,Good,21.2,66.4,13.0
Delhi,Delhi,NH3,4.0,6.0,5.0,32,Good,30.8,67.4,19.9
Delhi,Delhi,SO2,29.0,76.0,52.0,87,Moderate,38.8,31.3,14.0
Delhi,Delhi,PM2.5,53.0,134.0,82.0,69,Moderate,16.7,72.3,4.3
Delhi,Delhi,OZONE,8.0,33.0,18.0,16,Good,24.1,58.8,7.9
Delhi,Delhi,PM2.5,48.0,98.0,79.0,65,Moderate,32.6,41.7,9.6
Delhi,Delhi,PM10,56.0,117.0,92.0,85,Moderate,37.8,31.0,9.2
Haryana,Charkhi Dadri,NH3,5.0,8.0,6.0,48,Good,31.5,71.2,27.4
Haryana,Dharuhera,PM10,70.0,134.0,100.0,90,Moderate,34.1,40.9,2.8
Haryana,Dharuhera,NO2,14.0,72.0,47.0,3,Good,33.1,65.9,17.8
Haryana,Dharuhera,CO,64.0,79.0,72.0,56,Moderate,33.2,84.9,8.5
Haryana,Faridabad,NO2,30.0,33.0,32.0,20,Good,20.0,75.5,5.1
Haryana,Faridabad,NH3,5.0,5.0,5.0,17,Good,33.7,92.3,10.5
Haryana,Faridabad,PM2.5,33.0,149.0,84.0,53,Moderate,35.5,90.5,3.3
Haryana,Gurugram,NH3,,,,464,Hazardous,36.9,77.3,12.0
Haryana,Gurugram,OZONE,27.0,54.0,44.0,36,Good,32.0,51.6,9.4
Gujarat,Ahmedabad,NH3,1.0,1.0,1.0,48,Good,21.1,30.1,6.8
Gujarat,Ahmedabad,SO2,8.0,10.0,9.0,25,Good,22.0,33.4,19.6
Gujarat,Ahmedabad,CO,10.0,22.0,17.0,30,Good,31.7,38.9,13.9
Gujarat,Ankleshwar,PM10,,,,375,Hazardous,39.0,72.9,25.1
Gujarat,Ankleshwar,NH3,,,,301,Hazardous,25.5,88.7,0.2
Gujarat,Bhavnagar,PM2.5,0.0,29.0,16.0,39,Good,19.5,91.3,17.0
Gujarat,Bhavnagar,PM10,27.0,194.0,98.0,93,Moderate,15.1,63.5,15.8
Gujarat,Gandhinagar,PM2.5,18.0,57.0,37.0,48,Good,23.6,50.6,15.5
Delhi,Delhi,PM10,21.0,196.0,123.0,121,Unhealthy for Sensitive Groups,27.3,59.4,22.5
Delhi,Delhi,PM10,77.0,139.0,110.0,123,Unhealthy for Sensitive Groups,16.2,65.9,12.4
Delhi,Delhi,NH3,6.0,13.0,9.0,7,Good,37.4,92.4,29.8
Delhi,Delhi,NO2,15.0,113.0,57.0,84,Moderate,39.4,35.7,25.7
Delhi,Delhi,NH3,,,,367,Hazardous,39.0,61.5,2.7
Delhi,Delhi,SO2,,,,427,Hazardous,38.4,77.6,16.2
Delhi,Delhi,OZONE,3.0,72.0,37.0,38,Good,33.1,61.9,3.8
Delhi,Delhi,OZONE,24.0,44.0,35.0,38,Good,20.2,36.1,6.6
Karnataka,Koppal,PM2.5,,,,333,Hazardous,32.9,92.2,4.0
Karnataka,Koppal,PM10,,,,303,Hazardous,15.2,70.8,19.4
Karnataka,Koppal,NH3,2.0,8.0,8.0,33,Good,31.1,45.5,3.5
Karnataka,Mangalore,PM10,24.0,30.0,27.0,25,Good,31.9,49.4,1.7
Karnataka,Mangalore,NO2,1.0,6.0,3.0,50,Good,28.6,91.4,29.0
Karnataka,Mysuru,PM10,17.0,83.0,44.0,25,Good,37.9,71.8,15.6
Karnataka,Mysuru,OZONE,19.0,55.0,33.0,40,Good,29.7,36.5,15.7
Karnataka,Ramanagara,CO,18.0,33.0,26.0,11,Good,28.8,40.3,29.5
Karnataka,Shivamogga,PM10,33.0,50.0,42.0,47,Good,18.6,88.6,6.6
Karnataka,Shivamogga,NO2,20.0,29.0,24.0,20,Good,15.6,46.1,5.1
Karnataka,Shivamogga,OZONE,42.0,64.0,48.0,11,Good,28.2,32.2,11.8
Karnataka,Vijayapura,PM10,35.0,39.0,37.0,17,Good,15.3,46.8,21.4
Karnataka,Vijayapura,CO,11.0,30.0,21.0,30,Good,36.9,85.3,4.9
Karnataka,Vijayapura,OZONE,16.0,16.0,16.0,48,Good,23.1,63.7,25.4
Karnataka,Yadgir,PM2.5,2.0,17.0,7.0,0,Good,27.7,80.5,5.0
Karnataka,Yadgir,NO2,16.0,22.0,18.0,33,Good,21.0,34.4,24.1
Karnataka,Yadgir,OZONE,11.0,29.0,21.0,39,Good,24.6,93.5,21.3
Haryana,Gurugram,PM2.5,116.0,345.0,214.0,265,Very Unhealthy,38.7,66.1,27.7
Haryana,Hisar,PM2.5,92.0,280.0,147.0,108,Unhealthy for Sensitive Groups,27.3,57.0,20.7
Haryana,Jind,PM2.5,75.0,305.0,137.0,109,Unhealthy for Sensitive Groups,29.8,54.4,29.0
Haryana,Jind,NO2,13.0,27.0,19.0,42,Good,38.7,50.0,10.5
Haryana,Karnal,PM10,3.0,375.0,163.0,186,Unhealthy,37.2,32.3,1.6
Haryana,Karnal,NH3,6.0,7.0,6.0,22,Good,18.2,88.3,10.3
Haryana,Karnal,SO2,12.0,13.0,13.0,24,Good,25.7,63.6,11.3
Haryana,Kurukshetra,CO,20.0,35.0,25.0,22,Good,33.5,86.3,29.3
Haryana,Manesar,PM2.5,75.0,172.0,118.0,125,Unhealthy for Sensitive Groups,36.3,49.7,10.1
Haryana,Manesar,PM10,79.0,165.0,129.0,144,Unhealthy for Sensitive Groups,17.6,94.1,11.5
Haryana,Manesar,NO2,27.0,32.0,30.0,10,Good,29.8,66.8,15.2
Haryana,Manesar,NH3,7.0,11.0,9.0,5,Good,17.6,91.1,10.9
Haryana,Narnaul,NH3,8.0,10.0,9.0,14,Good,15.6,76.4,22.4
Haryana,Narnaul,SO2,6.0,7.0,7.0,23,Good,39.2,84.6,6.2
Haryana,Narnaul,OZONE,13.0,55.0,25.0,41,Good,35.2,84.3,7.7
Haryana,Palwal,PM2.5,27.0,63.0,33.0,48,Good,18.1,81.6,19.8
Haryana,Palwal,CO,16.0,54.0,28.0,26,Good,17.4,74.3,3.5
Haryana,Panchgaon,PM2.5,,,,386,Hazardous,28.1,37.5,2.1
Haryana,Panchgaon,CO,41.0,59.0,47.0,22,Good,26.1,67.6,26.0
Haryana,Panchkula,NH3,,,,348,Hazardous,20.3,62.9,7.8
Haryana,Panchkula,SO2,,,,489,Hazardous,36.9,75.0,29.0
Haryana,Panipat,NH3,7.0,7.0,7.0,34,Good,21.3,34.8,8.3
Haryana,Rohtak,SO2,8.0,12.0,10.0,26,Good,19.9,38.1,27.9
Haryana,Sonipat,PM2.5,3.0,483.0,160.0,156,Unhealthy,26.5,49.6,21.6
Haryana,Sonipat,NO2,6.0,8.0,7.0,18,Good,25.2,92.8,14.5
Haryana,Sonipat,OZONE,66.0,190.0,121.0,104,Unhealthy for Sensitive Groups,21.8,88.2,3.6
Haryana,Yamuna Nagar,NO2,45.0,60.0,53.0,58,Moderate,20.7,73.6,10.6
Haryana,Yamuna Nagar,SO2,10.0,15.0,11.0,38,Good,32.7,34.4,6.1
Haryana,Yamuna Nagar,CO,23.0,41.0,32.0,13,Good,27.2,56.6,24.9
Himachal Pradesh,Baddi,NO2,7.0,28.0,16.0,12,Good,37.5,39.9,26.6
Jammu and Kashmir,Pampore,OZONE,,,,364,Hazardous,28.3,48.4,29.1
Jharkhand,Jorapokhar,OZONE,3.0,5.0,4.0,34,Good,33.6,87.4,11.6
Karnataka,Bagalkot,NH3,1.0,1.0,1.0,28,Good,38.3,54.2,26.7
Karnataka,Bengaluru,PM10,23.0,96.0,43.0,43,Good,24.1,32.3,6.9
Karnataka,Bengaluru,PM2.5,,,,321,Hazardous,39.1,39.7,3.6
Karnataka,Bengaluru,SO2,13.0,15.0,15.0,6,Good,37.0,35.7,8.6
Kerala,Kollam,SO2,1.0,4.0,2.0,46,Good,29.3,56.7,6.6
Kerala,Thiruvananthapuram,PM2.5,45.0,49.0,47.0,46,Good,26.6,31.2,8.8
Kerala,Thrissur,PM10,44.0,65.0,56.0,57,Moderate,17.8,85.6,27.1
Madhya Pradesh,Bhopal,NO2,11.0,21.0,15.0,47,Good,18.2,89.8,21.9
Madhya Pradesh,Bhopal,SO2,13.0,24.0,17.0,18,Good,29.4,91.2,25.1
Madhya Pradesh,Bhopal,SO2,22.0,32.0,27.0,37,Good,36.1,47.1,30.0
Madhya Pradesh,Bhopal,CO,36.0,60.0,46.0,24,Good,38.9,82.1,13.7
Madhya Pradesh,Bhopal,NH3,3.0,5.0,4.0,37,Good,34.6,62.1,29.5
Karnataka,Bengaluru,NH3,,,,375,Hazardous,37.1,80.4,11.6
Karnataka,Bengaluru,OZONE,28.0,41.0,35.0,43,Good,20.1,56.9,26.7
Karnataka,Bengaluru,NH3,3.0,3.0,3.0,50,Good,37.0,37.4,10.7
Karnataka,Bengaluru,PM2.5,9.0,46.0,24.0,35,Good,19.5,49.0,2.7
Karnataka,Bengaluru,PM10,29.0,114.0,80.0,87,Moderate,22.8,48.1,5.9
Karnataka,Bengaluru,NO2,6.0,13.0,9.0,29,Good,18.3,89.4,26.3
Karnataka,Bengaluru,CO,2.0,18.0,11.0,0,Good,16.5,66.7,1.1
Karnataka,Bengaluru,NH3,1.0,1.0,1.0,47,Good,23.6,83.1,29.5
Karnataka,Chamarajanagar,SO2,4.0,5.0,4.0,21,Good,39.7,58.4,8.8
Karnataka,Chikkaballapur,OZONE,36.0,47.0,42.0,9,Good,34.1,56.4,27.3
Karnataka,Gadag,NH3,3.0,4.0,3.0,35,Good,36.6,85.6,29.5
Karnataka,Hubballi,PM10,45.0,49.0,47.0,24,Good,15.7,82.3,7.1
Karnataka,Hubballi,NO2,7.0,9.0,8.0,34,Good,26.6,90.2,7.4
Karnataka,Hubballi,NH3,1.0,2.0,2.0,2,Good,31.8,55.7,7.1
Karnataka,Hubballi,OZONE,21.0,22.0,22.0,24,Good,19.0,80.1,6.6
Karnataka,Kalaburagi,PM2.5,14.0,39.0,29.0,6,Good,21.2,57.4,27.0
Karnataka,Kalaburagi,NH3,2.0,3.0,2.0,8,Good,39.0,50.4,7.1
Madhya Pradesh,Damoh,PM2.5,9.0,33.0,21.0,8,Good,19.4,65.1,21.7
Madhya Pradesh,Damoh,PM10,18.0,61.0,29.0,26,Good,31.6,51.8,28.8
Madhya Pradesh,Damoh,NH3,,,,388,Hazardous,20.4,78.0,21.8
Madhya Pradesh,Dewas,CO,27.0,39.0,32.0,5,Good,27.7,74.7,21.8
Madhya Pradesh,Dewas,OZONE,5.0,14.0,11.0,21,Good,17.0,86.3,15.0
Madhya Pradesh,Gwalior,PM10,4.0,109.0,36.0,29,Good,32.6,35.0,20.5
Madhya Pradesh,Gwalior,PM10,9.0,40.0,22.0,28,Good,32.9,84.1,3.0
Madhya Pradesh,Indore,OZONE,5.0,5.0,5.0,32,Good,39.1,45.3,17.6
Madhya Pradesh,Indore,SO2,10.0,16.0,13.0,23,Good,25.6,71.4,3.5
Maharashtra,Nashik,PM2.5,8.0,25.0,16.0,43,Good,33.3,40.2,5.4
Maharashtra,Nashik,SO2,1.0,5.0,3.0,42,Good,27.9,59.5,18.6
Maharashtra,Nashik,CO,21.0,22.0,21.0,8,Good,32.3,65.4,8.6
Maharashtra,Navi Mumbai,NO2,,,,499,Hazardous,39.5,55.0,6.4
Maharashtra,Navi Mumbai,SO2,,,,336,Hazardous,19.2,36.9,25.5
Maharashtra,Navi Mumbai,PM10,21.0,31.0,26.0,26,Good,18.7,31.3,11.7
Maharashtra,Navi Mumbai,PM10,36.0,57.0,47.0,13,Good,29.8,87.4,3.3
Maharashtra,Navi Mumbai,PM10,9.0,35.0,20.0,18,Good,26.5,33.7,9.2
Maharashtra,Navi Mumbai,NO2,42.0,43.0,43.0,40,Good,16.4,80.2,23.1
Maharashtra,Navi Mumbai,SO2,17.0,17.0,17.0,24,Good,38.7,51.4,13.6
Maharashtra,Navi Mumbai,OZONE,9.0,16.0,13.0,27,Good,27.0,83.7,12.6
Maharashtra,Navi Mumbai,PM10,16.0,31.0,23.0,28,Good,27.7,93.4,28.4
Maharashtra,Navi Mumbai,SO2,19.0,25.0,25.0,41,Good,28.3,53.0,2.6
Maharashtra,Parbhani,NH3,3.0,5.0,4.0,2,Good,19.4,62.2,28.2
Maharashtra,Pimpri-Chinchwad,NH3,2.0,2.0,2.0,11,Good,25.4,83.3,3.2
Maharashtra,Pimpri-Chinchwad,NO2,13.0,21.0,15.0,41,Good,22.9,67.1,29.7
Maharashtra,Amravati,OZONE,6.0,14.0,10.0,11,Good,35.8,62.3,11.2
Maharashtra,Amravati,PM10,20.0,71.0,39.0,21,Good,26.2,37.3,23.0
Maharashtra,Amravati,OZONE,2.0,17.0,9.0,10,Good,39.4,67.7,26.7
Maharashtra,Aurangabad,PM2.5,3.0,52.0,19.0,39,Good,18.2,71.3,3.4
Maharashtra,Aurangabad,OZONE,9.0,19.0,11.0,20,Good,26.8,58.3,5.5
Maharashtra,Aurangabad,PM10,,,,435,Hazardous,25.7,78.9,24.6
Maharashtra,Aurangabad,NO2,4.0,29.0,12.0,10,Good,20.6,58.4,6.2
Maharashtra,Badlapur,CO,18.0,21.0,20.0,45,Good,32.5,83.5,8.5
Maharashtra,Badlapur,OZONE,18.0,44.0,28.0,2,Good,31.5,46.5,5.2
Maharashtra,Beed,PM2.5,2.0,251.0,27.0,26,Good,28.0,86.6,12.9
Maharashtra,Beed,CO,17.0,27.0,22.0,37,Good,39.9,30.4,23.9
Maharashtra,Belapur,PM2.5,10.0,17.0,13.0,46,Good,31.5,72.9,25.2
Maharashtra,Belapur,PM10,15.0,25.0,19.0,40,Good,32.0,92.7,24.8
Maharashtra,Belapur,CO,6.0,14.0,10.0,3,Good,15.2,60.9,24.3
Maharashtra,Bhiwandi,PM10,36.0,55.0,44.0,21,Good,35.8,34.2,12.0
Maharashtra,Bhiwandi,OZONE,17.0,49.0,28.0,29,Good,27.5,48.5,20.2
Maharashtra,Kolhapur,SO2,0.0,2.0,1.0,31,Good,26.1,49.6,5.4
Maharashtra,Kolhapur,OZONE,28.0,35.0,30.0,32,Good,24.1,64.3,5.7
Maharashtra,Kolhapur,NO2,1.0,26.0,13.0,8,Good,38.2,30.4,21.8
Maharashtra,Kolhapur,SO2,0.0,1.0,1.0,50,Good,32.0,82.6,21.6
Maharashtra,Latur,PM10,6.0,31.0,18.0,30,Good,16.2,82.9,5.3
Maharashtra,Latur,NH3,1.0,6.0,3.0,8,Good,19.4,43.2,27.6
Maharashtra,Latur,SO2,3.0,5.0,4.0,47,Good,31.1,88.5,25.7
Maharashtra,Mahad,PM10,33.0,44.0,37.0,35,Good,27.4,32.4,16.3
Maharashtra,Mahad,NO2,6.0,20.0,14.0,38,Good,35.2,38.7,25.2
Maharashtra,Mahad,NH3,3.0,3.0,3.0,19,Good,27.1,48.7,19.6
Maharashtra,Mahad,SO2,1.0,6.0,3.0,6,Good,15.1,72.6,22.1
Maharashtra,Malegaon,PM2.5,10.0,42.0,28.0,22,Good,33.0,42.3,5.6
Maharashtra,Malegaon,NO2,15.0,27.0,19.0,28,Good,18.8,38.2,10.7
Maharashtra,Malegaon,SO2,1.0,1.0,1.0,9,Good,29.9,84.0,11.8
Maharashtra,Malegaon,CO,14.0,34.0,24.0,49,Good,32.1,32.2,29.9
Maharashtra,Mira-Bhayandar,NH3,4.0,4.0,4.0,47,Good,37.2,91.8,29.0
Madhya Pradesh,Indore,NH3,0.0,0.0,0.0,45,Good,21.6,39.5,25.7
Madhya Pradesh,Indore,OZONE,12.0,13.0,12.0,19,Good,25.0,69.1,24.5
Madhya Pradesh,Indore,SO2,3.0,5.0,3.0,5,Good,34.7,94.4,6.5
Madhya Pradesh,Jabalpur,PM2.5,18.0,35.0,25.0,47,Good,19.3,92.9,9.8
Madhya Pradesh,Jabalpur,NO2,9.0,17.0,12.0,47,Good,30.3,65.0,10.2
Madhya Pradesh,Jabalpur,SO2,3.0,12.0,9.0,12,Good,27.8,39.5,17.8
Madhya Pradesh,Jabalpur,OZONE,3.0,16.0,6.0,37,Good,26.7,86.6,18.6
Madhya Pradesh,Jabalpur,PM10,27.0,79.0,44.0,39,Good,38.4,68.4,10.2
Madhya Pradesh,Jabalpur,NO2,11.0,14.0,13.0,18,Good,23.7,36.9,29.4
Madhya Pradesh,Jabalpur,SO2,3.0,10.0,8.0,32,Good,24.6,76.0,8.3
Madhya Pradesh,Jabalpur,CO,54.0,109.0,81.0,69,Moderate,23.8,55.0,14.6
Madhya Pradesh,Katni,PM10,49.0,117.0,73.0,64,Moderate,21.3,55.0,4.3
Madhya Pradesh,Maihar,PM10,3.0,55.0,23.0,37,Good,36.7,34.3,26.2
Madhya Pradesh,Sagar,SO2,6.0,12.0,8.0,37,Good,15.4,93.8,12.9
Madhya Pradesh,Satna,NH3,,,,387,Hazardous,18.3,71.6,3.8
Madhya Pradesh,Satna,CO,16.0,36.0,26.0,45,Good,30.0,61.5,18.5
Madhya Pradesh,Ujjain,NO2,5.0,25.0,10.0,35,Good,19.7,57.7,6.6
Madhya Pradesh,Ujjain,NH3,4.0,9.0,7.0,9,Good,39.7,88.3,16.3
Maharashtra,Ahmednagar,NH3,,,,472,Hazardous,27.6,38.5,18.8
Maharashtra,Akola,PM10,52.0,78.0,65.0,65,Moderate,15.1,75.3,4.0
Maharashtra,Akola,CO,24.0,30.0,26.0,34,Good,38.9,92.9,28.4
Maharashtra,Ambernath,CO,8.0,18.0,11.0,21,Good,15.2,80.8,9.6
Maharashtra,Amravati,NH3,2.0,2.0,2.0,10,Good,29.4,50.6,27.5
Maharashtra,Mumbai,NH3,7.0,14.0,9.0,8,Good,33.5,33.0,13.9
Maharashtra,Nagpur,OZONE,5.0,14.0,11.0,17,Good,18.6,36.4,23.7
Maharashtra,Nagpur,PM10,13.0,88.0,42.0,47,Good,34.2,53.8,28.3
Maharashtra,Nagpur,SO2,3.0,11.0,5.0,17,Good,36.8,77.8,22.1
Maharashtra,Nagpur,CO,15.0,101.0,46.0,31,Good,30.4,75.8,26.2
Maharashtra,Nashik,CO,1.0,1.0,1.0,43,Good,25.1,32.9,14.7
Maharashtra,Nashik,PM2.5,1.0,42.0,24.0,22,Good,17.9,65.8,3.3
Maharashtra,Nashik,NO2,3.0,6.0,4.0,14,Good,26.3,92.6,7.2
Maharashtra,Nashik,OZONE,13.0,24.0,17.0,35,Good,24.6,62.0,18.5
Maharashtra,Chandrapur,PM2.5,3.0,48.0,29.0,24,Good,32.2,40.7,28.6
Maharashtra,Chandrapur,NO2,19.0,21.0,21.0,2,Good,38.4,77.2,6.5
Maharashtra,Dombivli,CO,13.0,30.0,20.0,33,Good,15.5,62.8,23.4
Maharashtra,Dombivli,OZONE,5.0,352.0,94.0,93,Moderate,35.9,74.2,8.0
Maharashtra,Jalgaon,PM2.5,14.0,34.0,23.0,9,Good,22.8,86.2,26.0
Maharashtra,Jalgaon,NH3,3.0,8.0,4.0,38,Good,19.1,69.5,1.9
Maharashtra,Jalna,NH3,1.0,6.0,4.0,6,Good,19.4,43.5,25.2
Maharashtra,Jalna,SO2,4.0,6.0,5.0,10,Good,30.4,43.2,2.7
Maharashtra,Kolhapur,NO2,15.0,21.0,17.0,6,Good,38.0,43.5,17.7
Maharashtra,Mumbai,SO2,,,,440,Hazardous,28.1,66.4,28.8
Maharashtra,Mumbai,PM10,12.0,28.0,21.0,31,Good,15.0,65.8,10.4
Maharashtra,Mumbai,SO2,7.0,8.0,7.0,38,Good,23.1,73.7,18.2
Maharashtra,Mumbai,NO2,7.0,40.0,21.0,1,Good,30.2,36.9,15.6
Maharashtra,Mumbai,SO2,0.0,14.0,7.0,48,Good,22.5,75.3,9.8
Maharashtra,Mumbai,PM2.5,,,,420,Hazardous,26.3,36.8,6.2
Maharashtra,Mumbai,PM2.5,1.0,36.0,17.0,44,Good,24.6,31.0,20.3
Maharashtra,Mumbai,SO2,,,,461,Hazardous,23.0,67.8,27.1
Maharashtra,Mumbai,PM2.5,,,,311,Hazardous,16.6,35.8,16.6
Maharashtra,Mumbai,OZONE,7.0,13.0,10.0,50,Good,20.1,54.0,16.6
Maharashtra,Mumbai,PM2.5,10.0,15.0,12.0,24,Good,28.0,74.7,5.6
Maharashtra,Mumbai,PM2.5,2.0,12.0,5.0,39,Good,19.9,93.0,10.4
Maharashtra,Mumbai,NH3,2.0,3.0,3.0,4,Good,26.6,91.3,23.2
Maharashtra,Mumbai,CO,22.0,30.0,26.0,15,Good,23.8,91.6,19.1
Maharashtra,Mumbai,NH3,4.0,4.0,4.0,4,Good,23.5,52.2,0.1
Odisha,Rourkela,NO2,15.0,15.0,15.0,38,Good,18.0,47.2,11.8
Odisha,Rourkela,NH3,1.0,2.0,1.0,22,Good,31.4,60.3,13.8
Odisha,Rourkela,SO2,2.0,7.0,5.0,50,Good,29.8,74.7,1.2
Odisha,Rourkela,OZONE,3.0,25.0,11.0,26,Good,24.1,85.2,17.5
Odisha,Suakati,PM2.5,18.0,37.0,27.0,14,Good,18.5,54.6,22.2
Odisha,Suakati,PM10,27.0,54.0,35.0,42,Good,18.4,32.5,28.5
Odisha,Suakati,NO2,17.0,18.0,18.0,44,Good,20.3,35.1,10.9
Odisha,Talcher,PM10,0.0,109.0,53.0,75,Moderate,34.2,56.0,21.2
Odisha,Talcher,NO2,26.0,53.0,35.0,1,Good,27.2,83.3,0.5
Odisha,Talcher,NH3,5.0,9.0,6.0,24,Good,30.4,31.4,17.6
Odisha,Talcher,OZONE,10.0,17.0,14.0,34,Good,34.8,89.3,11.4
Puducherry,Puducherry,NO2,11.0,40.0,20.0,45,Good,29.0,85.9,14.2
Puducherry,Puducherry,NH3,2.0,9.0,4.0,36,Good,34.5,42.8,6.9
Punjab,Amritsar,SO2,10.0,13.0,12.0,50,Good,23.4,40.8,14.5
Punjab,Bathinda,PM2.5,,,,392,Hazardous,16.8,33.0,29.6
Punjab,Jalandhar,PM10,33.0,230.0,68.0,64,Moderate,19.0,48.2,23.9
Punjab,Khanna,PM10,74.0,77.0,76.0,56,Moderate,16.6,67.4,8.2
Punjab,Khanna,CO,52.0,54.0,53.0,67,Moderate,26.3,40.0,28.7
Punjab,Ludhiana,NO2,37.0,44.0,41.0,12,Good,32.9,75.4,19.8
Punjab,Mandi Gobindgarh,PM10,90.0,111.0,100.0,63,Moderate,21.5,86.8,2.8
Rajasthan,Churu,PM10,91.0,418.0,183.0,169,Unhealthy,17.9,71.9,17.9
Rajasthan,Churu,CO,28.0,52.0,37.0,39,Good,20.9,41.3,9.4
Rajasthan,Dausa,NO2,14.0,47.0,27.0,16,Good,34.6,87.5,25.4
Rajasthan,Dausa,CO,18.0,64.0,37.0,17,Good,20.7,32.8,19.5
Rajasthan,Dholpur,PM2.5,,,,372,Hazardous,27.3,43.4,29.1
Rajasthan,Dholpur,NH3,5.0,10.0,7.0,5,Good,32.3,33.6,19.0
Rajasthan,Dholpur,SO2,2.0,15.0,9.0,42,Good,35.5,93.5,1.6
Rajasthan,Dungarpur,PM2.5,17.0,78.0,33.0,5,Good,36.1,84.2,0.0
Rajasthan,Jaipur,OZONE,35.0,55.0,43.0,14,Good,17.5,39.5,12.3
Rajasthan,Jaipur,PM10,53.0,138.0,96.0,99,Moderate,31.9,92.9,18.9
Rajasthan,Jaipur,PM10,45.0,114.0,83.0,89,Moderate,33.5,82.1,24.8
Rajasthan,Jaipur,NH3,4.0,15.0,9.0,12,Good,37.5,83.4,27.4
Rajasthan,Jaipur,SO2,10.0,20.0,14.0,31,Good,20.2,77.4,16.4
Rajasthan,Jaipur,PM2.5,47.0,88.0,65.0,85,Moderate,16.4,31.5,8.1
Rajasthan,Jaipur,NO2,10.0,56.0,21.0,9,Good,18.0,34.3,16.5
Rajasthan,Jaipur,NH3,4.0,9.0,5.0,48,Good,29.3,55.6,4.5
Rajasthan,Jaipur,CO,35.0,52.0,44.0,8,Good,21.8,78.5,28.9
Punjab,Mandi Gobindgarh,CO,,,,450,Hazardous,20.9,63.8,10.4
Punjab,Patiala,PM2.5,27.0,72.0,40.0,8,Good,38.7,63.4,10.0
Punjab,Patiala,PM10,54.0,141.0,74.0,60,Moderate,39.8,90.9,22.3
Punjab,Patiala,NO2,16.0,19.0,18.0,6,Good,17.1,45.1,1.2
Punjab,Rupnagar,NH3,,,,350,Hazardous,31.9,31.8,0.2
Rajasthan,Ajmer,PM2.5,32.0,82.0,52.0,84,Moderate,23.9,80.0,29.7
Rajasthan,Ajmer,PM10,79.0,144.0,104.0,135,Unhealthy for Sensitive Groups,39.5,71.9,18.2
Rajasthan,Ajmer,SO2,21.0,27.0,25.0,19,Good,18.7,74.7,20.0
Rajasthan,Banswara,NO2,14.0,46.0,28.0,31,Good,25.4,82.8,3.6
Rajasthan,Banswara,SO2,2.0,41.0,5.0,0,Good,36.2,60.5,26.7
Rajasthan,Banswara,OZONE,27.0,56.0,45.0,36,Good,36.5,63.6,3.8
Rajasthan,Baran,CO,42.0,48.0,45.0,38,Good,18.1,55.0,27.7
Rajasthan,Barmer,NH3,3.0,5.0,3.0,33,Good,24.3,59.4,29.0
Rajasthan,Barmer,SO2,,,,435,Hazardous,27.5,38.1,6.7
Rajasthan,Bharatpur,PM2.5,2.0,29.0,12.0,1,Good,26.0,93.8,27.8
Rajasthan,Jaipur,OZONE,27.0,70.0,52.0,75,Moderate,27.7,86.0,14.3
Rajasthan,Jaipur,CO,21.0,38.0,29.0,25,Good,31.0,73.7,1.1
Rajasthan,Jaipur,OZONE,19.0,36.0,26.0,39,Good,26.5,54.6,18.3
Rajasthan,Jaipur,PM2.5,12.0,47.0,30.0,8,Good,35.0,89.5,3.2
Rajasthan,Jaisalmer,NH3,5.0,9.0,7.0,31,Good,34.4,74.3,17.8
Rajasthan,Jaisalmer,CO,7.0,11.0,10.0,25,Good,30.4,65.6,24.5
Rajasthan,Jalore,NH3,4.0,6.0,4.0,15,Good,30.9,42.7,3.0
Rajasthan,Jhunjhunu,NH3,5.0,10.0,7.0,11,Good,23.4,62.9,1.6
Rajasthan,Jodhpur,PM2.5,8.0,47.0,24.0,47,Good,29.1,41.6,18.3
Rajasthan,Jodhpur,PM2.5,13.0,52.0,23.0,20,Good,33.6,55.5,3.0
Rajasthan,Jodhpur,CO,16.0,21.0,18.0,36,Good,22.7,42.3,1.9
Rajasthan,Jodhpur,NO2,12.0,27.0,22.0,2,Good,34.4,40.3,6.5
Odisha,Barbil,SO2,6.0,13.0,9.0,13,Good,16.4,78.6,2.7
Odisha,Bhubaneswar,PM2.5,23.0,42.0,34.0,40,Good,28.4,65.2,17.5
Odisha,Bhubaneswar,PM10,21.0,64.0,36.0,39,Good,29.1,39.6,3.8
Odisha,Bhubaneswar,CO,56.0,70.0,63.0,86,Moderate,18.1,46.5,9.8
Odisha,Brajrajnagar,PM2.5,8.0,48.0,25.0,7,Good,18.5,50.1,14.3
Odisha,Brajrajnagar,OZONE,43.0,47.0,44.0,24,Good,35.5,50.7,6.4
Odisha,Byasanagar,NH3,0.0,2.0,1.0,9,Good,16.6,40.7,29.9
Odisha,Keonjhar,NO2,13.0,17.0,15.0,34,Good,16.7,70.2,1.1
Odisha,Rairangpur,PM10,46.0,68.0,58.0,92,Moderate,22.9,57.0,17.1
Odisha,Rourkela,CO,14.0,92.0,30.0,7,Good,22.8,35.5,8.1
Meghalaya,Byrnihat,SO2,,,,374,Hazardous,34.0,71.9,19.3
Meghalaya,Byrnihat,OZONE,,,,380,Hazardous,26.3,36.7,26.6
Meghalaya,Shillong,NO2,0.0,2.0,0.0,29,Good,28.7,64.6,18.0
Meghalaya,Shillong,CO,10.0,20.0,14.0,25,Good,39.1,55.0,9.8
Meghalaya,Shillong,SO2,,,,475,Hazardous,27.4,64.4,3.6
Meghalaya,Shillong,CO,13.0,75.0,34.0,8,Good,38.5,37.1,5.9
Mizoram,Aizawl,NH3,0.0,0.0,0.0,8,Good,35.1,43.4,11.9
Nagaland,Kohima,PM10,4.0,20.0,10.0,28,Good,33.0,50.6,21.2
Nagaland,Kohima,NO2,3.0,4.0,3.0,45,Good,24.2,43.1,0.7
Odisha,Balasore,PM2.5,2.0,47.0,23.0,25,Good,32.3,79.0,2.0
Odisha,Balasore,NO2,2.0,45.0,13.0,18,Good,20.6,49.8,17.8
Maharashtra,Pune,PM10,17.0,56.0,35.0,8,Good,36.5,58.2,27.8
Maharashtra,Sangli,PM2.5,5.0,20.0,13.0,40,Good,27.8,34.0,22.3
Maharashtra,Sangli,NO2,6.0,9.0,7.0,45,Good,19.2,88.1,27.5
Maharashtra,Satara,PM10,1.0,69.0,27.0,11,Good,34.2,38.1,13.7
Maharashtra,Solapur,PM10,,,,387,Hazardous,34.2,93.9,13.6
Maharashtra,Solapur,NH3,,,,433,Hazardous,23.3,34.7,23.0
Maharashtra,Solapur,SO2,,,,460,Hazardous,25.0,50.1,4.4
Maharashtra,Solapur,CO,19.0,37.0,30.0,40,Good,21.5,87.8,10.3
Maharashtra,Ulhasnagar,PM2.5,18.0,42.0,30.0,23,Good,18.7,55.6,14.0
Maharashtra,Ulhasnagar,PM10,24.0,57.0,40.0,7,Good,31.0,79.0,14.1
Maharashtra,Ulhasnagar,OZONE,13.0,42.0,25.0,45,Good,28.7,72.0,2.1
Maharashtra,Pimpri-Chinchwad,NH3,2.0,16.0,11.0,12,Good,36.4,67.2,18.8
Maharashtra,Pimpri-Chinchwad,PM10,26.0,42.0,34.0,41,Good,18.9,36.4,2.8
Maharashtra,Pimpri-Chinchwad,NO2,,,,352,Hazardous,25.5,33.7,9.8
Maharashtra,Pune,PM2.5,11.0,34.0,19.0,46,Good,17.7,33.7,7.5
Maharashtra,Pune,CO,20.0,41.0,29.0,3,Good,36.5,38.7,1.4
Maharashtra,Pune,PM2.5,8.0,10.0,9.0,49,Good,38.8,92.8,13.7
Maharashtra,Pune,PM2.5,,,,401,Hazardous,31.1,63.6,9.6
Maharashtra,Pune,NO2,3.0,21.0,18.0,46,Good,39.3,80.0,1.9
Maharashtra,Pune,NH3,,,,369,Hazardous,17.6,41.0,27.4
Maharashtra,Pune,NO2,,,,438,Hazardous,23.3,43.6,20.8
Rajasthan,Bharatpur,NO2,1.0,21.0,8.0,37,Good,16.2,50.4,28.7
Rajasthan,Bharatpur,OZONE,26.0,77.0,50.0,25,Good,20.3,81.1,20.8
Rajasthan,Bhilwara,PM10,44.0,116.0,87.0,61,Moderate,23.9,66.3,8.9
Rajasthan,Bhiwadi,PM10,54.0,175.0,101.0,107,Unhealthy for Sensitive Groups,23.4,69.3,1.1
Rajasthan,Bhiwadi,OZONE,6.0,31.0,14.0,14,Good,37.5,53.2,28.1
Rajasthan,Bhiwadi,PM2.5,42.0,500.0,225.0,251,Very Unhealthy,36.6,82.5,1.4
Rajasthan,Bikaner,OZONE,21.0,45.0,33.0,38,Good,23.9,57.8,16.9
Rajasthan,Chittorgarh,PM2.5,10.0,98.0,48.0,21,Good,31.1,34.4,24.2
Telangana,Hyderabad,NO2,10.0,15.0,12.0,8,Good,21.0,57.9,26.3
Telangana,Hyderabad,SO2,7.0,12.0,9.0,49,Good,24.7,56.0,29.8
Telangana,Hyderabad,CO,27.0,34.0,29.0,16,Good,39.4,68.8,13.1
Telangana,Hyderabad,PM10,,,,364,Hazardous,34.1,49.3,0.8
Telangana,Hyderabad,NO2,34.0,42.0,38.0,35,Good,29.1,50.5,11.6
Telangana,Hyderabad,CO,32.0,40.0,36.0,50,Good,37.9,88.6,28.0
Telangana,Hyderabad,PM2.5,,,,304,Hazardous,23.6,94.5,27.2
Telangana,Hyderabad,OZONE,14.0,34.0,23.0,12,Good,38.8,62.6,22.9
Telangana,Hyderabad,PM2.5,2.0,16.0,9.0,4,Good,27.1,51.1,2.7
Telangana,Hyderabad,NH3,1.0,2.0,1.0,26,Good,27.9,92.8,17.4
Telangana,Hyderabad,NO2,6.0,8.0,7.0,6,Good,33.8,30.2,20.5
Telangana,Hyderabad,OZONE,22.0,24.0,23.0,22,Good,28.5,51.8,1.8
Telangana,Hyderabad,PM10,56.0,67.0,64.0,74,Moderate,21.5,46.0,24.6
Telangana,Hyderabad,PM2.5,29.0,59.0,44.0,16,Good,27.0,63.0,16.4
Telangana,Hyderabad,SO2,11.0,16.0,13.0,31,Good,40.0,30.4,26.5
Telangana,Hyderabad,OZONE,16.0,26.0,20.0,6,Good,34.8,53.2,27.5
Telangana,Hyderabad,OZONE,20.0,27.0,23.0,38,Good,38.2,71.8,23.5
Uttar Pradesh,Jhansi,SO2,15.0,22.0,17.0,16,Good,21.6,54.3,12.8
Uttar Pradesh,Kanpur,PM10,30.0,77.0,51.0,96,Moderate,39.6,89.9,9.7
Uttar Pradesh,Kanpur,NH3,2.0,2.0,2.0,48,Good,18.1,66.5,21.1
Uttar Pradesh,Khora,SO2,8.0,8.0,8.0,10,Good,15.1,39.7,27.3
Uttar Pradesh,Khurja,NO2,12.0,13.0,12.0,32,Good,38.3,47.8,27.4
Uttar Pradesh,Khurja,OZONE,22.0,23.0,22.0,46,Good,39.9,64.3,20.9
Uttar Pradesh,Lucknow,PM10,41.0,81.0,62.0,77,Moderate,27.4,55.1,29.0
Uttar Pradesh,Lucknow,NO2,28.0,35.0,30.0,20,Good,24.4,87.4,16.3
Uttar Pradesh,Lucknow,CO,2.0,61.0,26.0,7,Good,15.8,67.6,22.8
Uttar Pradesh,Lucknow,OZONE,35.0,85.0,55.0,100,Moderate,28.2,82.1,29.8
Uttar Pradesh,Lucknow,PM2.5,13.0,62.0,36.0,7,Good,19.3,39.4,16.9
Uttar Pradesh,Lucknow,CO,39.0,40.0,39.0,1,Good,20.1,49.9,21.9
Uttar Pradesh,Lucknow,PM2.5,19.0,195.0,44.0,46,Good,37.3,48.7,12.1
Uttar Pradesh,Lucknow,NO2,,,,346,Hazardous,25.0,33.2,17.7
Rajasthan,Jodhpur,SO2,3.0,18.0,8.0,17,Good,24.6,93.0,3.5
Rajasthan,Jodhpur,NH3,3.0,4.0,3.0,8,Good,22.8,89.5,8.3
Rajasthan,Jodhpur,OZONE,32.0,48.0,44.0,38,Good,26.4,49.7,21.1
Rajasthan,Khairthal,PM2.5,70.0,164.0,112.0,125,Unhealthy for Sensitive Groups,25.6,65.8,17.9
Rajasthan,Khairthal,NH3,2.0,5.0,4.0,45,Good,20.7,50.2,21.4
Rajasthan,Khairthal,OZONE,26.0,29.0,28.0,1,Good,30.5,34.3,26.5
Rajasthan,Kota,NO2,5.0,32.0,16.0,10,Good,16.4,33.3,27.4
Rajasthan,Kota,CO,24.0,41.0,31.0,44,Good,18.0,68.5,21.8
Rajasthan,Kota,SO2,9.0,19.0,12.0,30,Good,28.2,57.2,21.4
Rajasthan,Kota,CO,23.0,43.0,33.0,19,Good,24.2,41.9,14.8
Rajasthan,Kota,OZONE,8.0,10.0,9.0,35,Good,39.4,50.5,7.8
Rajasthan,Nagaur,OZONE,21.0,49.0,34.0,21,Good,26.9,33.8,22.9
Rajasthan,Pali,CO,16.0,17.0,16.0,16,Good,27.5,38.3,6.7
Rajasthan,Pratapgarh,PM10,32.0,227.0,77.0,66,Moderate,15.2,64.7,10.5
Rajasthan,Rajsamand,CO,1.0,6.0,4.0,44,Good,25.3,30.1,12.6
Rajasthan,Rajsamand,OZONE,32.0,84.0,59.0,98,Moderate,26.8,37.2,29.4
Rajasthan,Sawai Madhopur,NH3,2.0,3.0,2.0,15,Good,29.1,72.5,0.1
Rajasthan,Sawai Madhopur,OZONE,15.0,64.0,45.0,19,Good,26.0,85.1,18.0
Rajasthan,Sikar,PM2.5,47.0,93.0,72.0,80,Moderate,39.7,78.9,14.7
Rajasthan,Sikar,NO2,3.0,14.0,8.0,38,Good,27.1,68.4,8.1
Rajasthan,Sikar,CO,5.0,26.0,16.0,28,Good,36.7,92.8,15.1
Rajasthan,Sri Ganganagar,SO2,4.0,7.0,5.0,34,Good,35.5,68.3,1.7
Rajasthan,Tonk,NH3,4.0,20.0,10.0,30,Good,39.8,62.6,3.3
Uttar Pradesh,Ghaziabad,CO,18.0,52.0,35.0,50,Good,23.9,73.6,1.3
Uttar Pradesh,Ghaziabad,OZONE,16.0,41.0,31.0,2,Good,18.9,50.7,14.3
Uttar Pradesh,Ghaziabad,OZONE,17.0,50.0,32.0,49,Good,38.0,68.4,22.9
Uttar Pradesh,Ghaziabad,OZONE,18.0,29.0,23.0,18,Good,23.6,37.9,9.2
Uttar Pradesh,Gorakhpur,PM2.5,33.0,62.0,46.0,25,Good,31.8,43.4,8.2
Uttar Pradesh,Gorakhpur,NH3,1.0,1.0,1.0,18,Good,24.1,69.7,19.0
Uttar Pradesh,Greater Noida,PM2.5,39.0,78.0,59.0,83,Moderate,29.1,58.5,8.1
Uttar Pradesh,Greater Noida,CO,2.0,2.0,2.0,30,Good,23.1,71.4,27.3
Uttar Pradesh,Greater Noida,CO,25.0,28.0,26.0,30,Good,35.0,43.5,20.0
Uttar Pradesh,Hapur,OZONE,8.0,34.0,19.0,24,Good,29.6,51.8,0.8
Uttar Pradesh,Agra,NH3,4.0,8.0,8.0,9,Good,17.8,48.4,9.3
Uttar Pradesh,Agra,SO2,13.0,15.0,14.0,0,Good,22.3,34.6,2.1
Uttar Pradesh,Agra,CO,10.0,16.0,12.0,30,Good,34.9,62.9,3.2
Uttar Pradesh,Baghpat,PM2.5,27.0,66.0,46.0,0,Good,38.0,72.1,10.5
Uttar Pradesh,Bareilly,OZONE,10.0,29.0,18.0,6,Good,28.2,84.5,27.3
Uttar Pradesh,Firozabad,PM2.5,17.0,37.0,26.0,41,Good,28.1,94.5,13.5
Uttar Pradesh,Firozabad,PM10,24.0,54.0,38.0,33,Good,30.9,84.4,23.3
Uttar Pradesh,Firozabad,OZONE,0.0,0.0,0.0,41,Good,33.7,60.7,16.1
Uttar Pradesh,Firozabad,PM10,,,,373,Hazardous,29.8,73.9,23.4
Tamil Nadu,Chennai,NO2,12.0,16.0,14.0,22,Good,32.5,62.0,8.5
Tamil Nadu,Coimbatore,SO2,,,,479,Hazardous,35.1,55.3,19.5
Tamil Nadu,Cuddalore,NO2,,,,441,Hazardous,20.0,79.3,8.8
Tamil Nadu,Cuddalore,SO2,,,,464,Hazardous,26.6,76.4,20.5
Tamil Nadu,Gummidipoondi,PM2.5,30.0,224.0,83.0,68,Moderate,17.1,65.4,26.5
Tamil Nadu,Gummidipoondi,CO,,,,473,Hazardous,35.9,67.2,26.4
Tamil Nadu,Madurai,SO2,,,,339,Hazardous,34.3,32.6,28.8
Tamil Nadu,Madurai,OZONE,0.0,1.0,1.0,46,Good,30.9,83.8,28.4
Tamil Nadu,Thoothukudi,OZONE,26.0,35.0,31.0,41,Good,16.9,57.0,29.9
Rajasthan,Udaipur,SO2,1.0,30.0,12.0,5,Good,26.9,88.0,14.6
Rajasthan,Udaipur,OZONE,15.0,31.0,23.0,37,Good,21.6,66.1,19.5
Sikkim,Gangtok,PM2.5,,,,429,Hazardous,30.2,94.3,9.7
Sikkim,Gangtok,PM10,,,,326,Hazardous,21.1,30.6,21.0
Tamil Nadu,Chennai,OZONE,28.0,37.0,31.0,48,Good,23.0,76.4,20.8
Tamil Nadu,Chennai,NH3,3.0,4.0,4.0,17,Good,30.7,66.8,22.1
Tamil Nadu,Chennai,CO,,,,355,Hazardous,32.3,88.7,3.7
Tamil Nadu,Chennai,OZONE,,,,392,Hazardous,17.0,93.7,14.1
Tamil Nadu,Chennai,NO2,,,,432,Hazardous,31.2,67.9,24.2
Telangana,Hyderabad,NH3,2.0,3.0,2.0,47,Good,34.7,77.3,5.7
Tripura,Agartala,CO,30.0,38.0,33.0,43,Good,39.0,89.6,3.9
Uttar Pradesh,Agra,NO2,8.0,10.0,9.0,40,Good,23.3,67.0,28.2
Uttar Pradesh,Agra,CO,19.0,20.0,20.0,14,Good,20.2,35.1,15.4
Uttar Pradesh,Agra,CO,10.0,21.0,15.0,5,Good,22.1,37.8,3.1
Uttar Pradesh,Agra,OZONE,10.0,11.0,11.0,5,Good,26.8,49.5,10.3
Uttar Pradesh,Lucknow,NH3,9.0,14.0,11.0,32,Good,19.1,59.1,10.7
Uttar Pradesh,Lucknow,CO,4.0,87.0,43.0,49,Good,38.3,83.2,3.1
Uttar Pradesh,Mathura,PM10,,,,385,Hazardous,17.1,57.4,26.9
Uttar Pradesh,Mathura,NO2,3.0,11.0,6.0,46,Good,37.2,63.2,18.7
Uttar Pradesh,Mathura,NH3,1.0,2.0,2.0,0,Good,15.6,73.8,21.4
Uttar Pradesh,Meerut,NH3,7.0,32.0,15.0,32,Good,36.0,30.3,26.0
Uttar Pradesh,Modinagar,PM10,35.0,89.0,57.0,76,Moderate,17.7,73.8,0.7
Uttar Pradesh,Modinagar,NH3,3.0,3.0,3.0,8,Good,19.3,37.7,17.7
Uttar Pradesh,Moradabad,NH3,5.0,12.0,9.0,26,Good,34.9,42.0,3.9
Uttar Pradesh,Moradabad,SO2,5.0,19.0,9.0,2,Good,32.2,94.8,21.7
Uttar Pradesh,Moradabad,OZONE,2.0,48.0,25.0,13,Good,27.3,81.9,25.4
Uttar Pradesh,Moradabad,PM2.5,12.0,42.0,24.0,17,Good,24.2,55.0,3.2
Uttar Pradesh,Moradabad,NO2,28.0,29.0,29.0,18,Good,38.6,53.2,15.4
Uttar Pradesh,Moradabad,OZONE,20.0,79.0,39.0,7,Good,15.1,65.1,20.7
Uttar Pradesh,Moradabad,PM2.5,16.0,51.0,31.0,32,Good,21.1,53.4,21.9
Uttar Pradesh,Moradabad,PM2.5,20.0,63.0,39.0,33,Good,16.4,85.2,26.4
Uttar Pradesh,Moradabad,CO,28.0,43.0,36.0,42,Good,26.7,34.1,5.3
Uttar Pradesh,Noida,PM10,70.0,141.0,97.0,97,Moderate,22.5,51.3,13.6
Uttar Pradesh,Noida,OZONE,16.0,36.0,28.0,12,Good,16.3,60.9,2.1
Uttar Pradesh,Noida,PM10,46.0,111.0,82.0,60,Moderate,24.2,61.0,4.2
Uttar Pradesh,Prayagraj,PM2.5,14.0,30.0,20.0,7,Good,30.0,85.9,15.6
Uttar Pradesh,Prayagraj,NO2,5.0,5.0,5.0,14,Good,21.4,45.1,22.6
Uttar Pradesh,Prayagraj,NH3,7.0,19.0,9.0,16,Good,22.5,81.6,26.5
Uttar Pradesh,Prayagraj,NO2,6.0,6.0,6.0,43,Good,35.1,33.6,7.9
Uttar Pradesh,Raebareli,NO2,16.0,23.0,19.0,8,Good,35.8,42.9,4.6
Uttar Pradesh,Varanasi,CO,14.0,23.0,18.0,27,Good,18.4,94.7,4.9
Uttar Pradesh,Varanasi,CO,12.0,20.0,13.0,49,Good,20.7,54.9,19.2
Uttar Pradesh,Vrindavan,NO2,27.0,28.0,27.0,33,Good,22.0,81.5,10.8
Uttarakhand,Dehradun,NO2,1.0,4.0,2.0,24,Good,30.8,48.9,11.9
Uttarakhand,Dehradun,SO2,0.0,1.0,1.0,18,Good,19.7,67.7,26.2
Uttarakhand,Dehradun,OZONE,1.0,4.0,3.0,13,Good,36.6,41.9,17.1
Uttarakhand,Kashipur,PM10,37.0,56.0,46.0,22,Good,28.4,64.1,3.6
Uttarakhand,Kashipur,NO2,10.0,45.0,20.0,24,Good,25.0,89.7,18.5
Uttarakhand,Kashipur,CO,20.0,40.0,30.0,41,Good,21.8,35.0,22.9
Uttarakhand,Rishikesh,NH3,25.0,25.0,25.0,26,Good,26.3,81.0,22.1
Uttarakhand,Rishikesh,CO,37.0,37.0,37.0,7,Good,36.0,83.6,23.3
West Bengal,Asansol,OZONE,18.0,36.0,27.0,44,Good,21.7,30.6,14.2
West Bengal,Asansol,NH3,0.0,2.0,0.0,10,Good,18.7,81.1,21.6
West Bengal,Asansol,SO2,,,,385,Hazardous,25.1,79.8,20.6
West Bengal,Asansol,CO,10.0,26.0,20.0,35,Good,26.6,51.8,5.9
West Bengal,Durgapur,SO2,10.0,11.0,11.0,30,Good,23.1,40.4,22.9
West Bengal,Durgapur,OZONE,31.0,60.0,44.0,24,Good,19.7,31.2,25.3
West Bengal,Haldia,NH3,4.0,6.0,6.0,8,Good,15.5,33.4,25.4
West Bengal,Howrah,PM2.5,1.0,79.0,26.0,13,Good,30.0,59.8,18.3
West Bengal,Howrah,PM2.5,33.0,55.0,44.0,33,Good,27.6,71.9,24.2
West Bengal,Howrah,NO2,31.0,70.0,48.0,30,Good,18.4,85.2,11.3
West Bengal,Howrah,CO,21.0,46.0,36.0,26,Good,27.4,89.7,8.0
West Bengal,Howrah,OZONE,18.0,44.0,30.0,26,Good,24.7,54.7,26.2
West Bengal,Kolkata,PM10,41.0,94.0,54.0,58,Moderate,23.6,87.9,23.2
West Bengal,Kolkata,NO2,19.0,36.0,24.0,26,Good,38.2,78.1,29.4
West Bengal,Kolkata,OZONE,17.0,40.0,27.0,11,Good,32.2,66.0,8.2
West Bengal,Kolkata,NO2,22.0,33.0,25.0,16,Good,25.4,68.8,1.7
West Bengal,Kolkata,NH3,7.0,8.0,8.0,20,Good,31.1,36.9,27.5
West Bengal,Kolkata,PM2.5,12.0,41.0,31.0,17,Good,37.4,69.4,14.6
West Bengal,Kolkata,PM10,21.0,33.0,27.0,34,Good,38.7,88.6,27.2
West Bengal,Kolkata,PM2.5,15.0,36.0,23.0,26,Good,31.4,85.3,21.2
West Bengal,Kolkata,PM10,34.0,48.0,42.0,36,Good,32.4,60.0,24.2
West Bengal,Kolkata,NO2,11.0,15.0,14.0,35,Good,21.5,55.7,9.3
West Bengal,Kolkata,SO2,8.0,9.0,8.0,47,Good,20.4,63.8,27.5
West Bengal,Siliguri,OZONE,22.0,28.0,24.0,21,Good,16.2,42.8,8.6
Chhattisgarh,Bhilai,SO2,2.0,12.0,7.0,22,Good,16.2,72.3,23.2
Chhattisgarh,Bhilai,OZONE,16.0,30.0,23.0,38,Good,33.5,32.0,17.3
Chhattisgarh,Bilaspur,PM10,15.0,46.0,32.0,1,Good,18.2,53.2,26.1
Chhattisgarh,Bilaspur,SO2,8.0,22.0,16.0,0,Good,38.6,53.6,0.1
Chhattisgarh,Bilaspur,CO,24.0,33.0,29.0,36,Good,17.4,55.6,1.1
Chhattisgarh,Chhal,NO2,4.0,18.0,8.0,28,Good,32.2,36.7,29.4
Chhattisgarh,Korba,CO,8.0,24.0,13.0,28,Good,17.5,58.0,17.5
Chhattisgarh,Korba,SO2,8.0,22.0,13.0,35,Good,32.8,36.6,0.3
Chhattisgarh,Korba,CO,12.0,16.0,14.0,49,Good,39.3,48.8,3.7
Chhattisgarh,Kunjemura,PM10,29.0,57.0,43.0,34,Good,24.5,64.8,0.5
Chhattisgarh,Milupara,PM10,35.0,79.0,54.0,92,Moderate,17.8,32.4,26.2
Chhattisgarh,Milupara,NH3,1.0,2.0,1.0,0,Good,37.5,45.5,15.1
Chhattisgarh,Milupara,OZONE,130.0,130.0,130.0,131,Unhealthy for Sensitive Groups,34.6,93.7,11.3
Chhattisgarh,Raipur,NO2,2.0,9.0,6.0,8,Good,28.0,74.3,2.8
Chhattisgarh,Raipur,NH3,4.0,4.0,4.0,29,Good,15.8,88.2,9.7
Chhattisgarh,Raipur,NO2,,,,476,Hazardous,36.7,85.6,29.2
Chhattisgarh,Raipur,NO2,0.0,8.0,3.0,23,Good,28.4,47.9,1.2
Andhra Pradesh,Machilipatnam,SO2,13.0,19.0,15.0,46,Good,36.5,51.3,29.9
Andhra Pradesh,Nellore,PM2.5,45.0,60.0,51.0,71,Moderate,21.3,34.4,22.4
Andhra Pradesh,Rajamahendravaram,NH3,0.0,1.0,1.0,39,Good,21.9,59.4,3.4
Andhra Pradesh,Tirumala,PM10,12.0,24.0,18.0,45,Good,24.2,72.8,13.1
Andhra Pradesh,Tirumala,OZONE,13.0,20.0,17.0,23,Good,35.3,42.9,2.5
Andhra Pradesh,Tirupati,SO2,11.0,17.0,15.0,20,Good,26.0,31.6,29.5
Andhra Pradesh,Vijayawada,NO2,25.0,30.0,28.0,36,Good,37.9,76.8,8.0
Andhra Pradesh,Vijayawada,PM10,63.0,84.0,72.0,95,Moderate,25.1,85.3,2.3
Andhra Pradesh,Vijayawada,CO,19.0,37.0,26.0,2,Good,24.0,54.7,7.7
Andhra Pradesh,Vijayawada,PM10,56.0,74.0,62.0,76,Moderate,18.5,32.6,13.1
Andhra Pradesh,Vijayawada,NO2,15.0,25.0,18.0,23,Good,32.9,84.9,21.7
Andhra Pradesh,Visakhapatnam,SO2,1.0,34.0,10.0,39,Good,34.7,63.6,24.4
Chhattisgarh,Raipur,PM2.5,4.0,13.0,8.0,18,Good,27.7,35.6,18.6
Chhattisgarh,Raipur,PM10,17.0,35.0,23.0,30,Good,39.3,59.3,21.9
Chhattisgarh,Raipur,CO,18.0,34.0,24.0,35,Good,38.6,92.4,14.7
Chhattisgarh,Tumidih,OZONE,27.0,27.0,27.0,35,Good,39.2,42.3,26.7
Delhi,Delhi,CO,33.0,45.0,38.0,42,Good,31.2,30.9,5.4
Delhi,Delhi,PM2.5,11.0,39.0,26.0,2,Good,27.9,86.5,2.0
Delhi,Delhi,PM2.5,17.0,99.0,60.0,77,Moderate,31.2,91.2,16.4
Delhi,Delhi,NO2,5.0,33.0,14.0,4,Good,31.6,43.8,4.2
Delhi,Delhi,PM2.5,31.0,80.0,53.0,78,Moderate,30.9,45.3,3.6
Delhi,Delhi,NO2,14.0,28.0,19.0,31,Good,18.6,71.6,19.1
Delhi,Delhi,SO2,7.0,68.0,13.0,31,Good,31.8,67.2,12.8
Delhi,Delhi,SO2,2.0,4.0,3.0,50,Good,23.3,36.6,18.0
Delhi,Delhi,PM2.5,19.0,59.0,35.0,40,Good,38.5,64.0,26.9
Andhra Pradesh,Amaravati,NH3,2.0,4.0,3.0,33,Good,32.0,83.6,12.0
Andhra Pradesh,Amaravati,SO2,11.0,19.0,15.0,48,Good,34.8,37.1,21.1
Andhra Pradesh,Amaravati,CO,4.0,17.0,9.0,30,Good,28.2,57.3,20.4
Andhra Pradesh,Anantapur,SO2,9.0,24.0,13.0,14,Good,37.9,73.1,28.9
Andhra Pradesh,Chittoor,NO2,29.0,44.0,39.0,2,Good,39.3,43.9,2.3
Andhra Pradesh,Chittoor,SO2,11.0,15.0,13.0,30,Good,34.8,51.7,12.3
Andhra Pradesh,Eluru,CO,26.0,37.0,30.0,40,Good,39.5,31.9,0.1
Andhra Pradesh,Eluru,OZONE,6.0,17.0,10.0,20,Good,23.9,82.3,9.3
Andhra Pradesh,Guntur,NO2,22.0,61.0,33.0,23,Good,39.7,92.4,28.6
Andhra Pradesh,Kadapa,PM2.5,45.0,57.0,55.0,82,Moderate,33.2,68.5,22.2
Andhra Pradesh,Machilipatnam,PM10,59.0,175.0,78.0,85,Moderate,30.3,92.8,19.7
Arunachal Pradesh,Naharlagun,PM10,4.0,61.0,34.0,22,Good,31.9,59.9,24.7
Arunachal Pradesh,Naharlagun,CO,7.0,12.0,10.0,6,Good,33.7,37.3,5.4
Assam,Byrnihat,CO,15.0,59.0,45.0,42,Good,21.4,34.3,11.1
Assam,Byrnihat,OZONE,19.0,35.0,24.0,40,Good,36.8,30.7,15.6
Assam,Guwahati,PM2.5,19.0,74.0,52.0,78,Moderate,26.4,95.0,23.6
Assam,Guwahati,NO2,11.0,26.0,15.0,49,Good,29.0,34.0,25.9
Assam,Guwahati,NH3,1.0,1.0,1.0,34,Good,23.2,30.7,4.3
Assam,Guwahati,PM10,7.0,37.0,18.0,8,Good,34.6,91.7,16.5
Assam,Guwahati,CO,18.0,30.0,24.0,35,Good,32.2,40.7,18.4
Assam,Silchar,NH3,1.0,1.0,1.0,42,Good,22.3,31.3,16.7
Assam,Silchar,CO,37.0,55.0,45.0,11,Good,38.1,82.2,10.8
Assam,Sivasagar,CO,16.0,22.0,19.0,3,Good,28.7,49.7,7.0
Bihar,Araria,SO2,52.0,66.0,57.0,64,Moderate,38.9,73.4,3.7
Bihar,Arrah,PM10,28.0,103.0,65.0,51,Moderate,15.8,55.4,8.6
Bihar,Arrah,SO2,5.0,5.0,5.0,9,Good,26.4,57.9,28.8
Bihar,Aurangabad,PM10,,,,355,Hazardous,37.5,68.5,7.2
Bihar,Aurangabad,CO,28.0,103.0,93.0,88,Moderate,32.4,39.1,10.6
Bihar,Bettiah,CO,28.0,41.0,33.0,46,Good,30.7,33.4,23.8
Bihar,Bettiah,OZONE,20.0,23.0,22.0,6,Good,37.3,90.6,25.7
Bihar,Bhagalpur,PM2.5,13.0,197.0,40.0,27,Good,23.3,38.6,9.5
Bihar,Bhagalpur,SO2,6.0,40.0,22.0,11,Good,28.1,93.2,28.1
Bihar,Bhagalpur,CO,22.0,49.0,36.0,37,Good,20.7,46.2,5.6
Bihar,Samastipur,SO2,,,,463,Hazardous,16.7,49.0,1.7
Bihar,Sasaram,PM2.5,,,,452,Hazardous,37.6,79.3,3.7
Bihar,Sasaram,NH3,,,,438,Hazardous,38.3,53.0,19.7
Bihar,Sasaram,OZONE,9.0,19.0,15.0,16,Good,31.5,82.7,12.0
Bihar,Siwan,NH3,1.0,1.0,1.0,7,Good,27.2,49.9,7.8
Chandigarh,Chandigarh,PM2.5,,,,403,Hazardous,36.9,80.5,2.5
Chandigarh,Chandigarh,NO2,,,,324,Hazardous,18.1,47.2,24.7
Chandigarh,Chandigarh,NH3,,,,472,Hazardous,28.0,93.0,5.2
Chandigarh,Chandigarh,CO,34.0,57.0,45.0,40,Good,15.9,40.4,28.0
Chhattisgarh,Bhilai,PM2.5,1.0,23.0,7.0,7,Good,26.1,93.2,23.4
Chhattisgarh,Bhilai,SO2,9.0,32.0,11.0,3,Good,21.3,40.6,3.0
Bihar,Patna,PM2.5,23.0,117.0,48.0,10,Good,32.0,53.8,14.8
Bihar,Patna,PM2.5,43.0,63.0,51.0,56,Moderate,26.3,82.9,4.3
Bihar,Patna,NO2,29.0,32.0,31.0,37,Good,29.7,47.7,4.8
Bihar,Patna,PM2.5,62.0,66.0,64.0,71,Moderate,28.6,54.0,4.6
Bihar,Patna,NH3,,,,478,Hazardous,31.3,45.6,5.8
Bihar,Patna,CO,46.0,53.0,49.0,28,Good,32.0,43.2,28.4
Bihar,Rajgir,PM2.5,25.0,120.0,59.0,91,Moderate,15.0,76.6,5.4
Bihar,Rajgir,SO2,3.0,3.0,3.0,50,Good,15.4,78.3,20.8
Bihar,Rajgir,CO,37.0,46.0,42.0,45,Good,17.0,79.9,3.7
Bihar,Saharsa,PM2.5,,,,331,Hazardous,30.4,51.7,25.9
Bihar,Chhapra,PM2.5,42.0,73.0,64.0,62,Moderate,27.9,55.8,13.9
Bihar,Gaya,CO,11.0,12.0,12.0,3,Good,35.6,44.9,2.0
Bihar,Gaya,PM2.5,23.0,68.0,43.0,29,Good,17.3,50.7,11.0
Bihar,Gaya,PM10,31.0,70.0,46.0,42,Good,32.5,93.2,19.3
Bihar,Gaya,NO2,16.0,24.0,20.0,16,Good,20.5,31.7,12.5
Bihar,Gaya,PM10,17.0,135.0,67.0,52,Moderate,38.5,82.4,21.9
Bihar,Gaya,CO,28.0,28.0,28.0,34,Good,36.6,89.1,6.3
Bihar,Hajipur,NO2,7.0,22.0,12.0,1,Good,34.9,47.5,25.9
Bihar,Kishanganj,NH3,3.0,3.0,3.0,11,Good,33.0,77.1,17.1
Bihar,Manguraha,PM10,,,,463,Hazardous,33.8,40.9,7.8
Bihar,Munger,PM10,9.0,68.0,33.0,0,Good,34.5,38.5,20.5
Bihar,Muzaffarpur,PM10,58.0,96.0,75.0,69,Moderate,21.2,60.3,19.0
Bihar,Muzaffarpur,NH3,6.0,9.0,8.0,5,Good,30.5,75.5,18.4
Bihar,Muzaffarpur,CO,20.0,32.0,25.0,39,Good,33.3,43.8,14.6
Bihar,Muzaffarpur,NH3,,,,415,Hazardous,30.8,65.5,14.5
Delhi,Delhi,SO2,,,,394,Hazardous,31.1,38.5,16.1
Delhi,Delhi,CO,44.0,69.0,54.0,87,Moderate,37.8,70.4,25.8
Delhi,Delhi,PM10,32.0,114.0,84.0,82,Moderate,35.7,45.1,3.8
Delhi,Delhi,NO2,6.0,27.0,12.0,41,Good,35.6,90.5,7.9
Delhi,Delhi,NH3,,,,455,Hazardous,28.9,38.0,1.3
Gujarat,Ahmedabad,PM2.5,27.0,83.0,50.0,3,Good,28.2,87.7,20.4
Gujarat,Ahmedabad,OZONE,18.0,40.0,27.0,22,Good,27.1,36.7,14.6
Gujarat,Ahmedabad,SO2,13.0,55.0,21.0,20,Good,39.3,39.1,29.8
Gujarat,Ahmedabad,CO,23.0,27.0,25.0,15,Good,37.7,34.6,3.1
Gujarat,Ahmedabad,NH3,,,,312,Hazardous,33.1,50.8,7.2
Gujarat,Ahmedabad,SO2,4.0,124.0,72.0,90,Moderate,27.0,50.2,3.4
Gujarat,Ahmedabad,PM10,37.0,145.0,80.0,52,Moderate,32.0,69.2,16.9
Gujarat,Ahmedabad,CO,19.0,31.0,26.0,20,Good,36.0,30.0,22.3
Gujarat,Ahmedabad,NH3,1.0,2.0,1.0,27,Good,20.2,84.9,10.3
Gujarat,Vadodara,SO2,6.0,7.0,7.0,3,Good,17.4,89.1,0.7
Gujarat,Vadodara,CO,94.0,97.0,95.0,69,Moderate,39.8,88.1,4.4
Gujarat,Vapi,PM2.5,,,,418,Hazardous,35.4,90.5,20.7
Gujarat,Vapi,SO2,,,,370,Hazardous,18.4,50.5,7.6
Gujarat,Vatva,PM2.5,61.0,204.0,94.0,58,Moderate,20.7,83.0,12.5
Gujarat,Vatva,NH3,2.0,2.0,2.0,14,Good,31.1,69.9,1.4
Haryana,Bahadurgarh,PM2.5,73.0,285.0,148.0,106,Unhealthy for Sensitive Groups,28.0,55.0,25.2
Haryana,Bahadurgarh,CO,44.0,49.0,47.0,6,Good,21.2,53.0,0.6
Haryana,Ballabgarh,PM10,58.0,220.0,114.0,108,Unhealthy for Sensitive Groups,33.8,37.6,1.3
Haryana,Ballabgarh,NH3,4.0,5.0,4.0,50,Good,24.8,43.1,20.3
Haryana,Bhiwani,CO,1.0,5.0,3.0,42,Good,34.9,40.8,22.3
Haryana,Bhiwani,OZONE,11.0,19.0,15.0,25,Good,34.1,67.6,4.6
Haryana,Charkhi Dadri,PM10,55.0,153.0,96.0,89,Moderate,36.4,33.0,28.9
Haryana,Charkhi Dadri,CO,10.0,16.0,13.0,1,Good,24.3,82.6,9.3
Haryana,Charkhi Dadri,OZONE,21.0,35.0,28.0,30,Good,19.1,50.7,5.1
Haryana,Dharuhera,NH3,9.0,20.0,13.0,49,Good,25.4,89.7,24.4
Haryana,Faridabad,PM10,11.0,274.0,130.0,145,Unhealthy for Sensitive Groups,18.4,80.2,24.8
Haryana,Faridabad,NH3,11.0,12.0,11.0,3,Good,24.1,67.7,15.4
Haryana,Faridabad,NH3,10.0,12.0,11.0,44,Good,36.7,79.0,1.3
Haryana,Fatehabad,PM10,,,,467,Hazardous,17.6,61.7,1.7
Haryana,Fatehabad,OZONE,22.0,41.0,32.0,22,Good,32.1,57.5,14.6
Haryana,Gurugram,PM2.5,,,,482,Hazardous,31.0,32.3,17.3
Haryana,Gurugram,PM2.5,55.0,346.0,157.0,171,Unhealthy,23.1,40.4,20.6
Delhi,Delhi,SO2,13.0,20.0,15.0,42,Good,20.5,44.4,4.0
Delhi,Delhi,CO,37.0,43.0,40.0,27,Good,32.8,89.0,14.4
Delhi,Delhi,PM10,79.0,191.0,131.0,127,Unhealthy for Sensitive Groups,29.1,90.3,11.0
Delhi,Delhi,NH3,6.0,10.0,9.0,25,Good,36.3,76.5,11.4
Delhi,Delhi,OZONE,29.0,35.0,32.0,16,Good,19.2,60.7,10.7
Delhi,Delhi,PM10,41.0,197.0,116.0,146,Unhealthy for Sensitive Groups,34.3,65.8,14.8
Delhi,Delhi,SO2,0.0,12.0,4.0,24,Good,31.1,33.8,13.3
Delhi,Delhi,NO2,13.0,23.0,17.0,17,Good,16.2,38.4,21.8
Delhi,Delhi,CO,11.0,19.0,15.0,46,Good,39.5,71.8,22.2
Delhi,Delhi,PM10,30.0,122.0,83.0,54,Moderate,34.6,34.7,26.9
Delhi,Delhi,NO2,6.0,20.0,12.0,13,Good,17.1,31.7,15.8
Delhi,Delhi,OZONE,22.0,84.0,49.0,50,Good,19.5,44.3,16.3
Delhi,Delhi,CO,41.0,50.0,46.0,18,Good,15.7,56.1,24.4
Delhi,Delhi,PM2.5,38.0,331.0,109.0,128,Unhealthy for Sensitive Groups,28.0,66.1,22.7
Delhi,Delhi,NO2,8.0,27.0,15.0,31,Good,21.4,31.2,7.5
Delhi,Delhi,PM2.5,12.0,60.0,37.0,17,Good,36.1,39.6,5.2
Delhi,Delhi,PM10,40.0,111.0,82.0,55,Moderate,29.8,93.4,12.5
Delhi,Delhi,NO2,24.0,74.0,38.0,8,Good,18.2,55.7,8.3
Delhi,Delhi,PM10,68.0,149.0,119.0,123,Unhealthy for Sensitive Groups,34.5,71.0,15.6
Delhi,Delhi,NH3,14.0,24.0,18.0,18,Good,32.4,62.4,13.1
Delhi,Delhi,PM2.5,40.0,97.0,68.0,84,Moderate,18.4,61.2,21.6
Delhi,Delhi,CO,30.0,103.0,79.0,52,Moderate,28.9,82.8,22.3
Delhi,Delhi,PM2.5,28.0,94.0,64.0,75,Moderate,20.4,44.5,14.1
Delhi,Delhi,NO2,14.0,42.0,23.0,42,Good,26.8,83.3,1.1
Delhi,Delhi,NH3,8.0,15.0,11.0,47,Good,31.2,36.8,6.9
Delhi,Delhi,PM2.5,18.0,96.0,70.0,51,Moderate,35.3,74.1,0.5
Delhi,Delhi,NO2,29.0,82.0,52.0,94,Moderate,25.8,53.5,9.9
Delhi,Delhi,CO,12.0,18.0,15.0,5,Good,24.8,72.4,9.3
Delhi,Delhi,PM2.5,36.0,95.0,69.0,66,Moderate,32.1,31.9,13.1
Delhi,Delhi,NO2,7.0,16.0,10.0,18,Good,36.9,76.6,3.1
Delhi,Delhi,CO,28.0,33.0,30.0,12,Good,17.9,58.1,18.8
Gujarat,Gandhinagar,PM10,82.0,126.0,113.0,138,Unhealthy for Sensitive Groups,22.1,35.9,25.8
Gujarat,Gandhinagar,PM10,41.0,81.0,59.0,68,Moderate,16.6,40.2,13.7
Gujarat,Mehsana,NH3,0.0,1.0,0.0,30,Good,37.9,61.9,7.3
Gujarat,Mehsana,SO2,12.0,14.0,13.0,25,Good,24.2,61.7,7.1
Gujarat,Nandesari,CO,23.0,86.0,38.0,36,Good,31.8,62.4,26.1
Gujarat,Nandesari,OZONE,,,,416,Hazardous,17.4,87.2,8.1
Gujarat,Surat,PM10,17.0,129.0,69.0,60,Moderate,38.7,55.4,10.8
Gujarat,Surat,NO2,12.0,84.0,39.0,17,Good,22.5,84.8,2.7
Delhi,Delhi,CO,48.0,66.0,57.0,68,Moderate,16.4,55.8,8.1
Delhi,Delhi,NH3,3.0,11.0,5.0,29,Good,38.7,82.8,5.3
Delhi,Delhi,SO2,10.0,21.0,15.0,12,Good,22.4,51.8,11.9
Delhi,Delhi,OZONE,9.0,29.0,20.0,1,Good,20.1,50.0,1.3
Delhi,Delhi,NO2,19.0,68.0,32.0,6,Good,24.5,52.8,16.4
Delhi,Delhi,PM2.5,38.0,114.0,59.0,87,Moderate,20.3,88.4,18.6
Gujarat,Ahmedabad,PM10,36.0,85.0,48.0,17,Good,27.5,84.8,8.4
Gujarat,Ankleshwar,PM2.5,,,,356,Hazardous,21.3,84.6,20.9
Gujarat,Gandhinagar,CO,12.0,22.0,18.0,28,Good,17.6,41.5,26.4
Gujarat,Gandhinagar,OZONE,6.0,35.0,19.0,48,Good,31.4,40.2,8.8
Jammu and Kashmir,Pampore,PM2.5,29.0,91.0,58.0,93,Moderate,21.1,43.9,16.7
Jammu and Kashmir,Pampore,PM10,42.0,119.0,81.0,77,Moderate,22.6,73.1,29.2
Jammu and Kashmir,Pampore,CO,,,,403,Hazardous,31.4,56.7,3.9
Jammu and Kashmir,Srinagar,PM10,40.0,68.0,49.0,22,Good,24.8,89.6,12.9
Jammu and Kashmir,Srinagar,NO2,19.0,20.0,19.0,41,Good,37.9,90.3,29.1
Jammu and Kashmir,Srinagar,PM2.5,2.0,331.0,45.0,16,Good,21.8,74.9,9.6
Jammu and Kashmir,Srinagar,NO2,0.0,25.0,20.0,21,Good,33.0,82.9,9.5
Jharkhand,Dhanbad,PM2.5,,,,365,Hazardous,35.0,83.7,8.2
Jharkhand,Dhanbad,PM10,4.0,500.0,266.0,226,Very Unhealthy,17.7,42.5,2.9
Jharkhand,Dhanbad,NO2,90.0,111.0,96.0,70,Moderate,26.6,64.3,11.9
Jharkhand,Jorapokhar,NO2,8.0,8.0,8.0,11,Good,30.4,80.1,17.3
Jharkhand,Jorapokhar,CO,38.0,40.0,39.0,32,Good,21.6,62.2,12.0
Karnataka,Bagalkot,CO,12.0,43.0,27.0,1,Good,18.5,41.7,24.0
Karnataka,Bengaluru,NH3,,,,413,Hazardous,22.0,53.9,7.3
Karnataka,Bengaluru,OZONE,,,,443,Hazardous,20.8,83.8,11.5
Haryana,Gurugram,NH3,4.0,8.0,6.0,24,Good,28.4,84.5,7.5
Haryana,Gurugram,SO2,5.0,39.0,17.0,19,Good,37.7,35.8,3.4
Haryana,Gurugram,PM10,92.0,205.0,128.0,129,Unhealthy for Sensitive Groups,15.2,61.0,8.9
Haryana,Gurugram,CO,43.0,48.0,46.0,45,Good,16.8,92.6,19.7
Haryana,Hisar,PM10,108.0,222.0,129.0,121,Unhealthy for Sensitive Groups,34.8,56.5,11.3
Haryana,Jind,CO,2.0,116.0,22.0,29,Good,39.5,31.8,13.9
Haryana,Karnal,OZONE,5.0,5.0,5.0,25,Good,29.3,80.6,24.7
Haryana,Kurukshetra,PM2.5,48.0,105.0,69.0,86,Moderate,39.4,63.5,29.0
Haryana,Kurukshetra,NO2,14.0,17.0,15.0,4,Good,19.6,68.5,9.5
Haryana,Mandikhera,NO2,20.0,23.0,21.0,14,Good,39.4,52.2,17.3
Haryana,Manesar,SO2,6.0,38.0,11.0,14,Good,23.2,88.2,28.4
Karnataka,Bengaluru,PM2.5,34.0,47.0,38.0,42,Good,20.4,63.7,17.9
Karnataka,Bengaluru,CO,34.0,35.0,34.0,16,Good,21.4,85.2,22.4
Karnataka,Bengaluru,PM10,40.0,58.0,46.0,16,Good,39.1,88.1,3.3
Karnataka,Bengaluru,OZONE,24.0,25.0,25.0,41,Good,32.7,44.1,23.3
Karnataka,Bengaluru,PM10,7.0,47.0,26.0,49,Good,36.5,79.9,6.8
Karnataka,Bengaluru,PM2.5,10.0,40.0,21.0,6,Good,33.9,47.9,28.4
Karnataka,Bengaluru,PM10,13.0,57.0,29.0,36,Good,32.6,79.2,15.4
Karnataka,Chamarajanagar,PM2.5,29.0,38.0,31.0,43,Good,32.4,52.9,24.1
Karnataka,Chamarajanagar,PM10,44.0,50.0,46.0,35,Good,20.4,53.6,13.2
Karnataka,Chamarajanagar,OZONE,25.0,38.0,29.0,27,Good,39.2,63.8,8.0
Karnataka,Chikkaballapur,PM2.5,9.0,31.0,16.0,23,Good,22.8,49.3,22.8
Karnataka,Chikkaballapur,CO,23.0,33.0,29.0,22,Good,39.5,78.4,8.5
Haryana,Palwal,NH3,8.0,9.0,9.0,21,Good,15.3,33.4,13.2
Haryana,Palwal,OZONE,10.0,10.0,10.0,50,Good,35.2,42.5,7.3
Haryana,Panipat,SO2,35.0,35.0,35.0,41,Good,30.4,59.8,23.8
Haryana,Panipat,CO,20.0,31.0,28.0,50,Good,19.0,52.6,9.0
Haryana,Rohtak,PM2.5,28.0,95.0,67.0,51,Moderate,15.8,68.5,17.5
Haryana,Sirsa,SO2,0.0,20.0,7.0,24,Good,39.5,71.6,25.0
Haryana,Sonipat,SO2,34.0,38.0,36.0,4,Good,39.6,46.8,14.4
Haryana,Sonipat,CO,10.0,17.0,13.0,9,Good,21.3,35.1,23.4
Haryana,Yamuna Nagar,PM2.5,41.0,392.0,113.0,105,Unhealthy for Sensitive Groups,20.8,46.6,3.7
Haryana,Yamuna Nagar,PM10,43.0,387.0,101.0,133,Unhealthy for Sensitive Groups,35.9,47.3,3.5
Haryana,Yamuna Nagar,OZONE,15.0,22.0,17.0,20,Good,37.5,87.6,15.5
Kerala,Kollam,NH3,1.0,1.0,1.0,10,Good,31.3,73.5,25.6
Kerala,Thiruvananthapuram,NO2,,,,427,Hazardous,33.1,43.7,10.4
Kerala,Thiruvananthapuram,NO2,6.0,7.0,6.0,3,Good,25.8,90.1,12.9
Kerala,Thrissur,NH3,0.0,0.0,0.0,25,Good,15.9,30.6,17.8
Kerala,Thrissur,SO2,0.0,1.0,0.0,7,Good,23.6,93.6,2.2
Kerala,Thrissur,CO,10.0,19.0,14.0,15,Good,34.7,43.6,11.3
Madhya Pradesh,Bhopal,CO,13.0,17.0,15.0,3,Good,29.3,53.1,13.2
Madhya Pradesh,Bhopal,PM10,7.0,71.0,37.0,34,Good,37.8,68.2,10.4
Madhya Pradesh,Bhopal,PM2.5,,,,496,Hazardous,18.2,39.5,24.9
Karnataka,Dharwad,NH3,5.0,6.0,6.0,26,Good,20.2,86.5,19.9
Karnataka,Gadag,NO2,0.0,1.0,0.0,5,Good,36.0,76.5,20.3
Karnataka,Gadag,CO,9.0,13.0,10.0,4,Good,21.2,48.0,6.8
Karnataka,Hubballi,CO,10.0,13.0,12.0,45,Good,25.0,71.1,13.8
Karnataka,Kalaburagi,NO2,10.0,17.0,14.0,28,Good,20.2,43.8,18.4
Karnataka,Karwar,PM2.5,,,,463,Hazardous,24.1,48.8,4.0
Karnataka,Karwar,SO2,,,,333,Hazardous,33.4,78.7,18.1
Madhya Pradesh,Indore,PM10,6.0,28.0,17.0,27,Good,29.2,90.7,29.0
Madhya Pradesh,Indore,NO2,,,,340,Hazardous,32.9,61.0,1.3
Madhya Pradesh,Indore,NO2,58.0,100.0,75.0,81,Moderate,21.5,91.8,4.2
Madhya Pradesh,Indore,CO,22.0,30.0,27.0,26,Good,17.6,39.8,21.8
Madhya Pradesh,Indore,OZONE,19.0,29.0,24.0,38,Good,33.7,35.1,13.3
Madhya Pradesh,Indore,NH3,0.0,1.0,0.0,23,Good,25.6,64.8,3.2
Madhya Pradesh,Indore,PM2.5,8.0,41.0,20.0,48,Good,19.0,94.3,6.5
Madhya Pradesh,Dewas,NO2,,,,464,Hazardous,34.0,34.4,13.5
Madhya Pradesh,Dewas,SO2,,,,390,Hazardous,27.9,56.0,25.1
Madhya Pradesh,Gwalior,PM2.5,3.0,63.0,23.0,26,Good,36.8,33.5,4.1
Madhya Pradesh,Gwalior,PM10,6.0,101.0,50.0,15,Good,29.1,52.2,17.8
Madhya Pradesh,Gwalior,CO,30.0,69.0,47.0,40,Good,27.6,53.3,9.8
Karnataka,Mangalore,PM2.5,19.0,24.0,22.0,31,Good,24.3,45.0,25.0
Karnataka,Mangalore,SO2,,,,353,Hazardous,21.4,45.8,9.7
Karnataka,Mysuru,SO2,0.0,5.0,3.0,44,Good,17.7,82.1,13.9
Karnataka,Yadgir,NH3,0.0,1.0,1.0,41,Good,35.6,48.7,7.9
Madhya Pradesh,Mandideep,SO2,3.0,49.0,12.0,4,Good,39.9,75.3,9.4
Madhya Pradesh,Mandideep,OZONE,25.0,59.0,38.0,26,Good,21.8,83.9,23.4
Madhya Pradesh,Pithampur,PM2.5,3.0,58.0,27.0,16,Good,38.6,60.9,4.9
Madhya Pradesh,Pithampur,NO2,3.0,31.0,12.0,15,Good,34.1,70.6,24.3
Madhya Pradesh,Pithampur,SO2,3.0,28.0,11.0,38,Good,32.3,41.5,21.2
Madhya Pradesh,Ratlam,PM2.5,0.0,60.0,32.0,41,Good,27.6,52.7,25.5
Madhya Pradesh,Ratlam,NH3,,,,448,Hazardous,29.3,40.7,9.4
Madhya Pradesh,Ratlam,OZONE,,,,442,Hazardous,19.8,73.1,20.5
Madhya Pradesh,Sagar,NO2,,,,475,Hazardous,24.1,40.8,11.2
Madhya Pradesh,Sagar,NH3,6.0,6.0,6.0,8,Good,18.8,34.2,11.7
Madhya Pradesh,Sagar,CO,32.0,44.0,37.0,15,Good,23.0,72.8,10.3
Madhya Pradesh,Satna,PM2.5,49.0,52.0,50.0,9,Good,20.9,37.4,2.8
Madhya Pradesh,Satna,NO2,12.0,13.0,13.0,31,Good,19.7,59.1,22.3
Madhya Pradesh,Singrauli,PM10,22.0,128.0,65.0,57,Moderate,26.4,88.2,7.8
Madhya Pradesh,Singrauli,SO2,33.0,75.0,44.0,27,Good,25.4,92.4,28.8
Madhya Pradesh,Singrauli,CO,23.0,45.0,30.0,50,Good,32.6,32.9,20.9
Madhya Pradesh,Ujjain,PM2.5,3.0,77.0,35.0,27,Good,32.9,50.5,17.8
Maharashtra,Ahmednagar,PM2.5,4.0,28.0,12.0,21,Good,25.9,74.9,5.0
Maharashtra,Ahmednagar,PM10,11.0,27.0,18.0,39,Good,35.6,61.5,14.4
Maharashtra,Ahmednagar,NO2,5.0,22.0,13.0,31,Good,32.1,35.7,7.0
Maharashtra,Akola,NO2,5.0,16.0,8.0,33,Good,32.8,42.3,23.3
Maharashtra,Akola,OZONE,15.0,33.0,23.0,17,Good,20.6,69.3,10.9
Maharashtra,Ambernath,NO2,11.0,40.0,23.0,24,Good,22.4,85.5,23.3
Maharashtra,Ambernath,SO2,3.0,9.0,6.0,18,Good,22.3,38.9,17.4
Maharashtra,Amravati,PM10,13.0,72.0,32.0,8,Good,19.8,59.5,7.1
Maharashtra,Nashik,OZONE,10.0,13.0,11.0,43,Good,16.7,94.3,24.7
Maharashtra,Navi Mumbai,CO,19.0,41.0,31.0,12,Good,19.1,50.0,24.4
Maharashtra,Navi Mumbai,PM2.5,3.0,21.0,6.0,23,Good,31.6,38.8,20.8
Maharashtra,Navi Mumbai,NH3,,,,388,Hazardous,24.9,68.1,11.5
Maharashtra,Navi Mumbai,NH3,6.0,10.0,8.0,31,Good,26.1,37.2,12.8
Maharashtra,Navi Mumbai,SO2,3.0,4.0,3.0,0,Good,29.2,39.1,24.2
Maharashtra,Navi Mumbai,PM2.5,,,,377,Hazardous,31.3,47.4,11.2
Maharashtra,Navi Mumbai,CO,,,,334,Hazardous,20.7,54.8,13.2
Maharashtra,Navi Mumbai,NO2,3.0,11.0,7.0,18,Good,37.0,44.0,26.7
Maharashtra,Parbhani,PM2.5,18.0,31.0,24.0,43,Good,23.0,40.3,7.4
Maharashtra,Parbhani,OZONE,6.0,8.0,7.0,43,Good,34.0,63.6,16.2
Maharashtra,Pimpri-Chinchwad,SO2,0.0,3.0,2.0,23,Good,30.8,54.8,7.1
Maharashtra,Pimpri-Chinchwad,OZONE,13.0,18.0,16.0,29,Good,21.9,58.7,19.2
Maharashtra,Pimpri-Chinchwad,PM2.5,,,,374,Hazardous,29.1,56.4,26.7
Maharashtra,Mumbai,NH3,2.0,11.0,4.0,17,Good,29.3,73.0,12.9
Maharashtra,Mumbai,SO2,0.0,3.0,1.0,16,Good,36.4,83.5,8.6
Maharashtra,Mumbai,PM10,10.0,44.0,22.0,49,Good,39.8,50.2,18.0
Maharashtra,Mumbai,CO,,,,303,Hazardous,24.3,69.5,14.0
Maharashtra,Mumbai,PM2.5,,,,452,Hazardous,31.5,63.3,18.6
Maharashtra,Mumbai,PM10,,,,466,Hazardous,19.0,55.9,5.0
Maharashtra,Mumbai,NO2,37.0,40.0,38.0,48,Good,23.3,56.6,3.4
Maharashtra,Mumbai,NH3,6.0,7.0,6.0,0,Good,36.6,63.1,9.9
Maharashtra,Mumbai,SO2,,,,417,Hazardous,29.8,37.7,17.8
Maharashtra,Mumbai,OZONE,,,,417,Hazardous,23.7,43.3,20.9
Maharashtra,Mumbai,OZONE,4.0,10.0,7.0,29,Good,34.8,86.3,23.3
Maharashtra,Mumbai,NO2,,,,431,Hazardous,38.6,50.9,17.0
Maharashtra,Mumbai,SO2,18.0,41.0,22.0,4,Good,20.4,86.2,26.0
Maharashtra,Mumbai,PM10,12.0,29.0,19.0,28,Good,17.2,65.9,4.6
Maharashtra,Mumbai,NH3,,,,461,Hazardous,31.0,73.0,17.1
Maharashtra,Mumbai,SO2,,,,367,Hazardous,25.7,53.0,12.5
Maharashtra,Mumbai,CO,16.0,19.0,18.0,14,Good,16.7,33.9,12.0
Maharashtra,Mumbai,PM10,17.0,93.0,47.0,23,Good,24.8,72.9,12.5
Maharashtra,Mumbai,NH3,0.0,9.0,1.0,28,Good,26.7,79.8,26.2
Maharashtra,Mumbai,CO,38.0,41.0,39.0,45,Good,20.3,49.4,13.8
Maharashtra,Mumbai,SO2,1.0,16.0,6.0,12,Good,24.9,50.7,29.1
Maharashtra,Mumbai,OZONE,32.0,38.0,34.0,47,Good,26.2,38.8,28.8
Maharashtra,Mumbai,PM10,18.0,48.0,28.0,41,Good,21.7,39.6,18.4
Maharashtra,Mumbai,OZONE,7.0,16.0,13.0,0,Good,28.9,88.5,22.9
Maharashtra,Mumbai,PM10,29.0,45.0,35.0,41,Good,20.9,57.3,12.2
Maharashtra,Mumbai,SO2,0.0,68.0,12.0,5,Good,39.1,36.5,1.3
Maharashtra,Mumbai,PM2.5,5.0,30.0,14.0,15,Good,37.5,45.5,20.0
Maharashtra,Mumbai,NO2,4.0,14.0,11.0,7,Good,18.1,77.8,29.5
Maharashtra,Mumbai,NH3,1.0,3.0,2.0,24,Good,22.2,38.5,26.6
Maharashtra,Mumbai,SO2,7.0,11.0,9.0,19,Good,27.9,70.7,20.2
Maharashtra,Boisar,NH3,1.0,8.0,5.0,42,Good,20.5,67.9,1.3
Maharashtra,Boisar,CO,6.0,26.0,13.0,16,Good,33.4,80.5,24.9
Maharashtra,Boisar,OZONE,6.0,15.0,10.0,16,Good,22.2,81.4,16.9
Maharashtra,Chandrapur,NH3,2.0,2.0,2.0,47,Good,25.3,72.5,11.4
Maharashtra,Chandrapur,PM2.5,18.0,28.0,20.0,31,Good,36.5,76.9,25.3
Maharashtra,Chandrapur,SO2,3.0,25.0,7.0,11,Good,38.0,89.2,26.9
Maharashtra,Hingoli,OZONE,18.0,37.0,28.0,0,Good,17.0,71.6,11.5
Maharashtra,Jalgaon,PM10,18.0,70.0,35.0,25,Good,15.4,31.4,14.0
Maharashtra,Jalgaon,NO2,9.0,19.0,12.0,30,Good,30.5,66.8,0.1
Maharashtra,Jalgaon,CO,30.0,50.0,37.0,20,Good,17.0,41.0,11.1
Maharashtra,Kalyan,OZONE,12.0,12.0,12.0,0,Good,29.7,60.1,0.4
Maharashtra,Kolhapur,PM10,6.0,41.0,20.0,39,Good,19.7,30.6,10.3
Maharashtra,Mumbai,NO2,6.0,25.0,15.0,37,Good,36.9,77.0,26.1
Maharashtra,Mumbai,CO,4.0,13.0,8.0,1,Good,18.1,89.0,25.4
Maharashtra,Nagpur,CO,10.0,48.0,19.0,18,Good,34.8,94.8,0.5
Maharashtra,Nagpur,PM2.5,15.0,65.0,32.0,49,Good,28.5,80.3,29.5
Maharashtra,Nagpur,NO2,7.0,33.0,13.0,46,Good,22.4,72.4,24.7
Maharashtra,Nanded,NH3,3.0,5.0,4.0,16,Good,39.2,48.5,26.0
Maharashtra,Nashik,OZONE,12.0,17.0,14.0,17,Good,38.1,75.7,1.5
Maharashtra,Nashik,NH3,2.0,3.0,3.0,15,Good,31.9,87.0,28.2
Maharashtra,Nashik,PM2.5,5.0,11.0,7.0,39,Good,26.5,59.7,6.8
Maharashtra,Nashik,NH3,3.0,4.0,4.0,21,Good,35.8,70.4,11.1
Maharashtra,Nashik,PM10,9.0,27.0,18.0,38,Good,36.4,63.4,15.7
Madhya Pradesh,Jabalpur,CO,10.0,17.0,14.0,43,Good,34.2,68.0,27.8
Madhya Pradesh,Jabalpur,NO2,17.0,39.0,26.0,27,Good,28.2,30.9,3.8
Madhya Pradesh,Jabalpur,CO,60.0,71.0,64.0,75,Moderate,18.2,67.9,15.9
Madhya Pradesh,Jabalpur,OZONE,39.0,65.0,54.0,58,Moderate,34.2,60.1,27.9
Madhya Pradesh,Jabalpur,PM2.5,19.0,53.0,36.0,22,Good,16.4,91.4,26.6
Madhya Pradesh,Jabalpur,NH3,2.0,2.0,2.0,40,Good,29.0,58.0,5.4
Madhya Pradesh,Jabalpur,OZONE,2.0,3.0,3.0,7,Good,18.2,88.6,11.0
Madhya Pradesh,Jabalpur,PM10,9.0,73.0,28.0,48,Good,20.9,67.9,11.4
Madhya Pradesh,Maihar,SO2,6.0,6.0,6.0,6,Good,20.9,70.4,3.5
Madhya Pradesh,Maihar,CO,20.0,21.0,21.0,1,Good,27.3,92.6,12.6
Madhya Pradesh,Mandideep,PM2.5,2.0,79.0,32.0,43,Good,17.3,40.8,0.4
Madhya Pradesh,Mandideep,NH3,9.0,10.0,10.0,50,Good,35.9,90.6,28.5
Maharashtra,Aurangabad,NH3,2.0,3.0,2.0,48,Good,32.9,39.4,12.1
Maharashtra,Aurangabad,NH3,7.0,8.0,7.0,26,Good,30.0,36.9,18.6
Maharashtra,Aurangabad,CO,29.0,41.0,35.0,35,Good,15.8,89.6,11.1
Maharashtra,Aurangabad,OZONE,10.0,15.0,13.0,20,Good,26.1,80.5,10.8
Maharashtra,Aurangabad,SO2,5.0,10.0,7.0,50,Good,27.0,92.5,23.1
Maharashtra,Badlapur,NO2,10.0,29.0,20.0,18,Good,31.6,41.3,28.3
Maharashtra,Beed,PM10,3.0,267.0,40.0,30,Good,28.3,56.1,23.4
Maharashtra,Beed,NO2,7.0,28.0,14.0,11,Good,20.7,45.4,19.4
Maharashtra,Beed,SO2,3.0,6.0,4.0,24,Good,15.5,93.2,25.8
Maharashtra,Belapur,SO2,0.0,7.0,4.0,26,Good,38.5,77.4,8.9
Maharashtra,Bhiwandi,NO2,17.0,34.0,25.0,22,Good,34.8,45.5,8.6
Maharashtra,Kolhapur,CO,15.0,26.0,21.0,42,Good,19.9,72.5,17.8
Maharashtra,Mahad,CO,24.0,42.0,34.0,46,Good,25.1,75.4,24.1
Maharashtra,Mahad,OZONE,20.0,43.0,33.0,25,Good,33.8,42.3,12.3
Maharashtra,Mira-Bhayandar,OZONE,6.0,16.0,12.0,17,Good,27.6,89.5,28.1
Maharashtra,Mumbai,PM10,10.0,27.0,18.0,27,Good,25.6,37.6,22.3
Maharashtra,Mumbai,CO,23.0,32.0,28.0,24,Good,22.1,43.7,15.7
Maharashtra,Mumbai,OZONE,14.0,23.0,18.0,8,Good,22.6,58.9,7.3
Maharashtra,Mumbai,NO2,6.0,7.0,7.0,4,Good,36.2,64.2,8.4
Odisha,Rourkela,PM10,56.0,98.0,66.0,71,Moderate,20.4,88.3,27.5
Odisha,Rourkela,SO2,6.0,12.0,11.0,27,Good,27.4,54.5,16.3
Odisha,Rourkela,CO,30.0,42.0,35.0,7,Good,39.4,81.1,14.4
Odisha,Tensa,SO2,,,,321,Hazardous,38.2,57.0,18.4
Odisha,Tensa,CO,,,,375,Hazardous,33.7,41.0,27.9
Puducherry,Puducherry,SO2,5.0,12.0,8.0,50,Good,15.8,59.9,2.2
Punjab,Amritsar,PM10,94.0,102.0,97.0,54,Moderate,27.2,69.1,21.7
Punjab,Amritsar,NO2,14.0,58.0,31.0,23,Good,27.4,55.5,2.0
Punjab,Bathinda,NH3,,,,448,Hazardous,31.7,42.4,20.7
Punjab,Bathinda,SO2,,,,407,Hazardous,34.0,37.8,3.3
Punjab,Bathinda,CO,24.0,52.0,47.0,14,Good,20.5,61.0,12.8
Punjab,Jalandhar,PM2.5,36.0,348.0,88.0,62,Moderate,18.8,89.2,0.5
Punjab,Jalandhar,NO2,25.0,30.0,28.0,14,Good,18.3,91.3,28.6
Punjab,Jalandhar,CO,50.0,54.0,52.0,95,Moderate,22.5,32.6,22.9
Punjab,Jalandhar,OZONE,42.0,46.0,45.0,22,Good,20.0,81.4,26.7
Punjab,Khanna,NO2,26.0,29.0,28.0,13,Good,29.9,47.8,26.2
Punjab,Khanna,NH3,7.0,8.0,7.0,48,Good,30.8,55.2,19.2
Punjab,Ludhiana,PM2.5,67.0,92.0,78.0,80,Moderate,27.3,65.5,15.4
Punjab,Ludhiana,NH3,8.0,10.0,9.0,10,Good,19.9,78.9,18.9
Rajasthan,Jaipur,NO2,7.0,159.0,31.0,39,Good,31.6,90.1,12.0
Rajasthan,Jaipur,NH3,2.0,3.0,2.0,33,Good,22.0,91.2,23.2
Rajasthan,Jaipur,NH3,9.0,10.0,10.0,37,Good,25.7,55.6,27.3
Rajasthan,Jaipur,OZONE,30.0,141.0,68.0,63,Moderate,34.0,73.0,23.2
Rajasthan,Jaisalmer,PM10,42.0,183.0,108.0,139,Unhealthy for Sensitive Groups,15.4,94.1,26.9
Rajasthan,Jalore,SO2,4.0,10.0,5.0,50,Good,33.3,71.5,23.3
Rajasthan,Jalore,CO,13.0,25.0,18.0,37,Good,27.1,81.1,7.9
Rajasthan,Jhalawar,OZONE,41.0,59.0,50.0,13,Good,20.0,40.6,24.3
Rajasthan,Jhunjhunu,PM2.5,10.0,103.0,43.0,30,Good,39.7,64.3,23.4
Rajasthan,Jhunjhunu,PM10,49.0,197.0,129.0,129,Unhealthy for Sensitive Groups,22.7,50.4,10.8
Rajasthan,Jodhpur,PM2.5,7.0,68.0,33.0,10,Good,26.4,37.3,6.2
Rajasthan,Jodhpur,NH3,2.0,3.0,2.0,38,Good,28.8,90.5,11.4
Rajasthan,Jodhpur,SO2,1.0,6.0,2.0,20,Good,30.9,67.6,15.1
Rajasthan,Jodhpur,NO2,9.0,17.0,11.0,27,Good,32.2,63.4,16.8
Rajasthan,Jodhpur,OZONE,40.0,68.0,55.0,94,Moderate,33.9,38.7,22.0
Maharashtra,Pune,OZONE,1.0,6.0,3.0,18,Good,36.6,61.4,10.7
Maharashtra,Pune,PM2.5,,,,452,Hazardous,31.1,89.5,1.7
Maharashtra,Pune,NH3,,,,333,Hazardous,21.3,94.4,20.1
Maharashtra,Pune,OZONE,3.0,16.0,13.0,47,Good,16.7,62.9,6.8
Maharashtra,Pune,PM2.5,10.0,44.0,23.0,15,Good,36.6,84.1,13.3
Maharashtra,Satara,OZONE,38.0,47.0,42.0,15,Good,27.6,78.7,7.4
Maharashtra,Solapur,NH3,7.0,15.0,10.0,6,Good,27.3,30.5,0.2
Maharashtra,Solapur,SO2,0.0,9.0,2.0,3,Good,19.0,78.0,18.8
Maharashtra,Solapur,OZONE,8.0,12.0,10.0,28,Good,30.5,70.9,25.7
Maharashtra,Thane,PM2.5,11.0,24.0,17.0,24,Good,25.3,74.3,26.6
Maharashtra,Thane,OZONE,8.0,20.0,14.0,6,Good,27.1,30.9,3.8
Maharashtra,Thane,PM10,10.0,35.0,25.0,20,Good,35.3,40.1,9.6
Maharashtra,Thane,NO2,17.0,59.0,29.0,7,Good,15.6,46.2,12.0
Maharashtra,Thane,CO,7.0,19.0,13.0,7,Good,21.6,67.9,1.7
Maharashtra,Ulhasnagar,NH3,,,,379,Hazardous,18.1,37.5,15.8
Rajasthan,Bundi,SO2,2.0,8.0,4.0,15,Good,38.7,80.8,20.4
Rajasthan,Bundi,CO,18.0,45.0,31.0,39,Good,19.1,32.5,15.3
Rajasthan,Chittorgarh,PM10,24.0,81.0,59.0,57,Moderate,21.8,74.3,28.5
Rajasthan,Chittorgarh,OZONE,50.0,74.0,66.0,78,Moderate,30.5,72.0,29.7
Rajasthan,Churu,PM2.5,9.0,89.0,36.0,27,Good,17.6,76.7,10.5
Rajasthan,Churu,NO2,4.0,27.0,9.0,5,Good,33.9,75.8,17.6
Rajasthan,Dausa,SO2,0.0,3.0,1.0,2,Good,15.9,60.4,26.5
Rajasthan,Dholpur,PM10,,,,356,Hazardous,33.0,81.4,15.2
Rajasthan,Dungarpur,NO2,4.0,11.0,5.0,49,Good,19.5,37.7,21.8
Rajasthan,Dungarpur,CO,31.0,37.0,34.0,17,Good,26.6,33.1,16.0
Rajasthan,Jaipur,OZONE,15.0,39.0,30.0,11,Good,24.5,57.8,2.1
Rajasthan,Jaipur,PM2.5,70.0,107.0,79.0,94,Moderate,25.8,63.3,24.6
Rajasthan,Jaipur,CO,40.0,101.0,60.0,74,Moderate,17.4,37.4,7.7
Punjab,Ludhiana,CO,14.0,35.0,25.0,40,Good,26.2,79.7,6.1
Punjab,Patiala,SO2,5.0,15.0,9.0,40,Good,26.3,70.4,26.2
Punjab,Patiala,CO,24.0,30.0,27.0,15,Good,26.8,93.4,18.5
Punjab,Patiala,OZONE,21.0,46.0,31.0,46,Good,31.2,69.1,24.8
Punjab,Rupnagar,PM10,21.0,116.0,62.0,97,Moderate,24.8,41.3,19.2
Punjab,Rupnagar,CO,50.0,60.0,54.0,52,Moderate,30.1,91.5,5.3
Rajasthan,Ajmer,OZONE,13.0,20.0,17.0,32,Good,30.2,51.0,3.8
Rajasthan,Alwar,OZONE,18.0,85.0,45.0,48,Good,29.5,73.7,23.6
Rajasthan,Baran,PM10,23.0,110.0,57.0,100,Moderate,26.7,76.9,22.2
Rajasthan,Baran,SO2,8.0,11.0,9.0,43,Good,22.9,56.2,7.9
Rajasthan,Barmer,CO,12.0,23.0,17.0,47,Good,38.4,92.5,22.1
Rajasthan,Bharatpur,PM10,5.0,74.0,39.0,20,Good,38.2,55.8,8.7
Odisha,Balasore,SO2,3.0,5.0,4.0,27,Good,32.2,93.4,2.8
Odisha,Barbil,OZONE,13.0,50.0,30.0,24,Good,33.0,88.6,24.0
Odisha,Bhubaneswar,OZONE,24.0,62.0,36.0,8,Good,37.9,57.8,21.1
Odisha,Bhubaneswar,SO2,4.0,4.0,4.0,16,Good,33.8,60.1,18.3
Odisha,Bileipada,NO2,14.0,15.0,14.0,34,Good,16.4,82.4,12.8
Odisha,Bileipada,CO,25.0,38.0,30.0,38,Good,24.4,72.1,14.5
Odisha,Brajrajnagar,NO2,22.0,23.0,23.0,41,Good,36.2,66.3,27.3
Odisha,Byasanagar,PM2.5,2.0,62.0,30.0,33,Good,37.0,63.8,11.7
Odisha,Byasanagar,CO,20.0,51.0,38.0,10,Good,18.2,42.8,1.8
Odisha,Rairangpur,PM2.5,13.0,36.0,20.0,5,Good,25.9,45.3,26.9
Odisha,Rairangpur,NH3,3.0,3.0,3.0,6,Good,16.4,59.4,27.3
Odisha,Rairangpur,SO2,7.0,15.0,11.0,13,Good,17.7,55.4,3.2
Maharashtra,Ulhasnagar,NH3,4.0,8.0,6.0,49,Good,35.4,76.2,18.7
Maharashtra,Ulhasnagar,SO2,2.0,8.0,6.0,34,Good,17.8,70.4,5.0
Maharashtra,Virar,PM10,,,,319,Hazardous,19.5,79.6,7.8
Maharashtra,Virar,NH3,,,,396,Hazardous,38.5,59.3,21.3
Meghalaya,Shillong,PM2.5,,,,481,Hazardous,27.1,85.2,10.6
Meghalaya,Shillong,NO2,,,,436,Hazardous,15.1,44.1,25.6
Mizoram,Aizawl,PM2.5,,,,405,Hazardous,15.2,41.8,1.0
Nagaland,Kohima,CO,1.0,7.0,5.0,15,Good,25.7,84.6,12.1
Nagaland,Kohima,OZONE,0.0,0.0,0.0,43,Good,16.2,46.9,16.7
Odisha,Angul,NO2,8.0,15.0,11.0,50,Good,22.4,66.8,3.0
Odisha,Angul,CO,52.0,74.0,60.0,71,Moderate,15.6,45.1,2.5
Odisha,Balasore,NH3,2.0,11.0,3.0,12,Good,16.7,55.5,20.9
Maharashtra,Pimpri-Chinchwad,OZONE,10.0,11.0,10.0,46,Good,18.6,35.1,0.7
Maharashtra,Pimpri-Chinchwad,PM10,45.0,63.0,53.0,59,Moderate,17.5,56.1,29.8
Maharashtra,Pimpri-Chinchwad,NO2,10.0,56.0,21.0,32,Good,22.3,39.4,29.9
Maharashtra,Pimpri-Chinchwad,SO2,1.0,2.0,2.0,29,Good,25.0,43.1,26.8
Maharashtra,Pimpri-Chinchwad,NO2,6.0,34.0,18.0,45,Good,26.8,49.1,0.5
Maharashtra,Pimpri-Chinchwad,CO,18.0,28.0,26.0,44,Good,19.8,84.9,13.7
Maharashtra,Pimpri-Chinchwad,SO2,1.0,2.0,1.0,37,Good,37.9,41.9,17.2
Maharashtra,Pune,NO2,10.0,28.0,18.0,41,Good,35.9,86.6,12.1
Rajasthan,Bhiwadi,PM2.5,32.0,232.0,92.0,60,Moderate,31.6,89.2,17.6
Rajasthan,Bhiwadi,OZONE,25.0,37.0,32.0,23,Good,39.8,47.5,12.6
Rajasthan,Bikaner,PM10,97.0,198.0,135.0,111,Unhealthy for Sensitive Groups,30.6,31.6,17.1
Rajasthan,Pali,NH3,1.0,3.0,2.0,18,Good,21.7,89.4,20.5
Rajasthan,Pratapgarh,SO2,1.0,4.0,3.0,10,Good,28.8,61.8,19.7
Rajasthan,Pratapgarh,CO,10.0,16.0,13.0,26,Good,37.7,56.1,17.2
Rajasthan,Rajsamand,PM2.5,15.0,43.0,25.0,33,Good,33.9,77.0,18.8
Rajasthan,Rajsamand,NO2,7.0,26.0,15.0,28,Good,26.6,79.2,0.8
Rajasthan,Sikar,NH3,6.0,6.0,6.0,11,Good,17.3,65.6,0.1
Rajasthan,Sikar,SO2,0.0,2.0,1.0,34,Good,15.0,53.0,21.3
Rajasthan,Sikar,OZONE,55.0,66.0,62.0,73,Moderate,39.3,84.5,22.7
Rajasthan,Sirohi,PM2.5,10.0,55.0,23.0,0,Good,39.4,51.0,12.2
Rajasthan,Sirohi,PM10,55.0,190.0,78.0,99,Moderate,33.3,37.3,5.8
Rajasthan,Sri Ganganagar,PM10,87.0,170.0,124.0,136,Unhealthy for Sensitive Groups,20.1,94.8,26.3
Rajasthan,Tonk,NO2,8.0,25.0,15.0,27,Good,30.2,78.8,6.7
Rajasthan,Tonk,SO2,1.0,3.0,2.0,30,Good,33.4,63.8,10.1
Rajasthan,Tonk,OZONE,1.0,68.0,40.0,0,Good,21.9,51.3,11.8
Rajasthan,Udaipur,PM10,43.0,105.0,76.0,51,Moderate,19.0,56.2,11.7
Telangana,Hyderabad,PM2.5,3.0,28.0,15.0,46,Good,17.9,52.2,4.0
Telangana,Hyderabad,NO2,,,,446,Hazardous,40.0,70.7,1.9
Telangana,Hyderabad,CO,27.0,34.0,30.0,20,Good,23.5,66.1,3.8
Telangana,Hyderabad,PM2.5,2.0,16.0,10.0,24,Good,35.9,40.3,1.8
Telangana,Hyderabad,NH3,1.0,4.0,2.0,5,Good,28.5,78.3,13.8
Telangana,Hyderabad,PM10,18.0,35.0,27.0,28,Good,36.8,69.8,20.3
Telangana,Hyderabad,CO,18.0,19.0,19.0,50,Good,28.1,75.7,13.1
Telangana,Hyderabad,SO2,1.0,2.0,2.0,27,Good,20.1,78.7,5.1
Telangana,Hyderabad,CO,30.0,54.0,41.0,0,Good,24.4,62.8,11.1
Telangana,Hyderabad,CO,26.0,27.0,26.0,47,Good,32.6,67.1,28.8
Telangana,Hyderabad,NH3,4.0,7.0,5.0,38,Good,28.5,58.3,4.6
Telangana,Hyderabad,PM10,56.0,377.0,84.0,62,Moderate,26.1,51.0,24.3
Telangana,Hyderabad,SO2,9.0,40.0,14.0,48,Good,23.3,79.7,0.6
Telangana,Hyderabad,PM2.5,2.0,24.0,12.0,10,Good,30.5,43.8,0.8
Telangana,Hyderabad,NH3,2.0,2.0,2.0,4,Good,29.0,91.0,10.2
Uttar Pradesh,Jhansi,OZONE,5.0,8.0,6.0,13,Good,19.5,38.1,21.0
Uttar Pradesh,Kanpur,PM10,25.0,52.0,37.0,2,Good,34.7,48.0,8.3
Uttar Pradesh,Kanpur,NO2,45.0,48.0,47.0,46,Good,35.2,34.0,28.6
Uttar Pradesh,Kanpur,SO2,10.0,13.0,12.0,47,Good,18.9,62.3,9.3
Uttar Pradesh,Kanpur,PM2.5,13.0,62.0,32.0,7,Good,36.4,82.1,6.6
Uttar Pradesh,Kanpur,SO2,23.0,25.0,23.0,27,Good,27.5,70.1,20.3
Uttar Pradesh,Kanpur,CO,23.0,26.0,24.0,2,Good,34.2,82.3,1.3
Uttar Pradesh,Kanpur,OZONE,19.0,20.0,20.0,13,Good,23.4,63.3,13.5
Uttar Pradesh,Khora,PM2.5,83.0,384.0,154.0,180,Unhealthy,23.5,70.3,24.3
Uttar Pradesh,Khora,CO,101.0,104.0,103.0,115,Unhealthy for Sensitive Groups,26.4,44.3,12.5
Uttar Pradesh,Lucknow,SO2,0.0,44.0,12.0,8,Good,31.5,80.1,5.6
Uttar Pradesh,Lucknow,NO2,9.0,10.0,9.0,47,Good,38.0,52.9,4.9
Uttar Pradesh,Lucknow,NH3,,,,476,Hazardous,37.1,72.9,3.6
Uttar Pradesh,Lucknow,SO2,14.0,15.0,14.0,34,Good,35.7,48.2,5.1
Uttar Pradesh,Lucknow,CO,11.0,16.0,14.0,12,Good,17.2,53.4,19.0
Rajasthan,Jodhpur,OZONE,15.0,24.0,19.0,29,Good,38.9,67.2,2.1
Rajasthan,Jodhpur,PM2.5,10.0,62.0,23.0,4,Good,34.0,69.2,17.9
Rajasthan,Karauli,PM2.5,13.0,38.0,23.0,46,Good,18.9,78.7,29.1
Rajasthan,Karauli,SO2,1.0,6.0,4.0,30,Good,16.2,74.0,24.0
Rajasthan,Karauli,OZONE,24.0,81.0,49.0,42,Good,21.1,61.8,22.7
Rajasthan,Kota,PM2.5,28.0,60.0,44.0,27,Good,28.3,35.4,23.2
Rajasthan,Kota,NH3,2.0,5.0,4.0,6,Good,18.2,78.8,11.8
Rajasthan,Kota,PM2.5,23.0,53.0,37.0,30,Good,33.2,92.4,19.7
Rajasthan,Kota,NO2,18.0,40.0,26.0,41,Good,21.7,34.7,21.1
Rajasthan,Kota,NO2,12.0,17.0,14.0,25,Good,20.0,54.8,18.1
Rajasthan,Pali,PM2.5,64.0,134.0,98.0,68,Moderate,27.6,51.7,9.1
Rajasthan,Pali,PM10,73.0,128.0,99.0,71,Moderate,25.6,64.0,1.0
Tamil Nadu,Chennai,NH3,,,,437,Hazardous,21.9,59.2,25.6
Tamil Nadu,Chennai,OZONE,7.0,13.0,10.0,35,Good,23.0,87.1,29.4
Tamil Nadu,Coimbatore,NO2,,,,487,Hazardous,23.3,56.5,5.4
Tamil Nadu,Coimbatore,NH3,,,,486,Hazardous,33.4,39.4,20.0
Tamil Nadu,Madurai,PM10,,,,310,Hazardous,17.8,65.7,24.4
Tamil Nadu,Madurai,CO,35.0,36.0,36.0,2,Good,28.2,39.0,9.2
Tamil Nadu,Thoothukudi,PM10,22.0,120.0,52.0,72,Moderate,24.1,52.6,1.9
Tamil Nadu,Thoothukudi,NO2,12.0,22.0,17.0,28,Good,35.8,36.8,16.3
Tamil Nadu,Thoothukudi,SO2,2.0,19.0,13.0,29,Good,28.6,49.8,25.7
Tamil Nadu,Thoothukudi,CO,24.0,37.0,30.0,44,Good,21.1,76.9,17.9
Telangana,Hyderabad,PM2.5,19.0,33.0,26.0,7,Good,35.5,59.5,1.3
Uttar Pradesh,Ghaziabad,NO2,13.0,27.0,20.0,50,Good,20.9,44.2,15.8
Uttar Pradesh,Ghaziabad,NO2,6.0,58.0,27.0,17,Good,16.3,94.0,1.9
Uttar Pradesh,Ghaziabad,NH3,8.0,16.0,11.0,21,Good,32.4,41.6,2.5
Uttar Pradesh,Ghaziabad,NO2,19.0,40.0,23.0,36,Good,16.9,32.9,7.7
Uttar Pradesh,Ghaziabad,NH3,6.0,11.0,8.0,4,Good,16.1,91.2,23.7
Uttar Pradesh,Ghaziabad,CO,108.0,112.0,109.0,137,Unhealthy for Sensitive Groups,19.7,68.1,29.9
Uttar Pradesh,Greater Noida,PM10,120.0,314.0,181.0,180,Unhealthy,35.7,67.5,20.6
Uttar Pradesh,Hapur,SO2,17.0,29.0,22.0,12,Good,33.9,46.4,25.3
Telangana,Hyderabad,PM10,43.0,75.0,59.0,69,Moderate,22.5,59.9,22.7
Telangana,Hyderabad,NO2,11.0,16.0,13.0,49,Good,17.4,61.5,22.0
Tripura,Agartala,PM2.5,28.0,74.0,46.0,32,Good,32.0,86.7,4.3
Tripura,Agartala,NO2,17.0,24.0,18.0,50,Good,17.8,63.2,25.2
Tripura,Agartala,OZONE,3.0,8.0,6.0,45,Good,20.8,42.3,29.2
Uttar Pradesh,Agra,OZONE,32.0,54.0,40.0,47,Good,17.1,63.3,21.6
Uttar Pradesh,Agra,PM10,34.0,174.0,103.0,148,Unhealthy for Sensitive Groups,17.7,89.5,7.9
Uttar Pradesh,Agra,NH3,,,,499,Hazardous,25.5,44.9,3.0
Uttar Pradesh,Bareilly,PM2.5,25.0,41.0,30.0,37,Good,25.1,88.2,19.0
Uttar Pradesh,Bareilly,PM10,26.0,44.0,31.0,4,Good,16.1,72.3,14.0
Uttar Pradesh,Bulandshahr,NH3,7.0,14.0,9.0,10,Good,33.2,67.6,29.0
Uttar Pradesh,Bulandshahr,OZONE,6.0,16.0,11.0,2,Good,20.2,40.1,9.2
Uttar Pradesh,Firozabad,NO2,15.0,15.0,15.0,38,Good,19.1,92.6,0.4
Uttar Pradesh,Firozabad,SO2,2.0,4.0,4.0,23,Good,35.6,78.9,11.6
Uttar Pradesh,Firozabad,NH3,2.0,2.0,2.0,39,Good,31.4,37.0,18.6
Uttar Pradesh,Ghaziabad,PM2.5,,,,486,Hazardous,23.6,79.3,2.2
Sikkim,Gangtok,SO2,1.0,1.0,1.0,30,Good,22.3,57.2,18.3
Sikkim,Gangtok,OZONE,15.0,22.0,19.0,49,Good,31.1,61.6,7.6
Tamil Nadu,Chennai,PM10,12.0,79.0,47.0,44,Good,17.7,94.5,1.1
Tamil Nadu,Chennai,NO2,11.0,16.0,14.0,35,Good,29.4,41.1,24.0
Tamil Nadu,Chennai,NH3,3.0,5.0,4.0,35,Good,15.5,89.0,21.2
Tamil Nadu,Chennai,PM10,47.0,126.0,86.0,56,Moderate,36.3,35.1,4.0
Tamil Nadu,Chennai,SO2,1.0,2.0,2.0,41,Good,31.7,81.6,13.1
Tamil Nadu,Chennai,PM10,16.0,47.0,30.0,48,Good,34.4,49.6,16.3
Uttar Pradesh,Lucknow,SO2,0.0,17.0,7.0,42,Good,16.9,44.5,2.1
Uttar Pradesh,Lucknow,PM10,49.0,111.0,71.0,68,Moderate,33.4,92.3,20.2
Uttar Pradesh,Meerut,NH3,2.0,6.0,4.0,1,Good,17.5,73.0,7.0
Uttar Pradesh,Meerut,PM2.5,11.0,42.0,24.0,34,Good,16.4,78.3,16.6
Uttar Pradesh,Meerut,PM10,18.0,144.0,73.0,56,Moderate,25.6,92.1,22.6
Uttar Pradesh,Meerut,PM2.5,2.0,37.0,15.0,35,Good,18.9,38.6,25.4
Uttar Pradesh,Meerut,OZONE,22.0,30.0,27.0,47,Good,28.4,82.0,11.4
Uttar Pradesh,Meerut,NO2,22.0,49.0,28.0,2,Good,29.5,36.3,6.5
Uttar Pradesh,Meerut,CO,38.0,62.0,53.0,72,Moderate,22.9,81.6,19.2
Uttar Pradesh,Meerut,OZONE,26.0,100.0,72.0,59,Moderate,17.8,63.7,4.9
Uttar Pradesh,Modinagar,CO,65.0,129.0,97.0,91,Moderate,16.8,67.1,29.4
Uttar Pradesh,Moradabad,SO2,26.0,27.0,27.0,46,Good,39.4,77.4,10.3
Uttar Pradesh,Moradabad,SO2,31.0,60.0,52.0,59,Moderate,22.2,55.9,17.7
Uttar Pradesh,Moradabad,OZONE,18.0,21.0,19.0,41,Good,35.8,58.9,25.1
Uttar Pradesh,Moradabad,NO2,24.0,25.0,24.0,44,Good,26.4,40.9,8.1
Uttar Pradesh,Moradabad,OZONE,14.0,67.0,40.0,25,Good,26.2,61.4,19.1
Uttar Pradesh,Moradabad,OZONE,30.0,33.0,32.0,24,Good,17.5,76.5,9.1
Uttar Pradesh,Muzaffarnagar,PM10,24.0,133.0,60.0,71,Moderate,29.9,90.8,4.2
Uttar Pradesh,Muzaffarnagar,NO2,18.0,51.0,33.0,33,Good,22.1,34.6,12.7
Uttar Pradesh,Noida,NH3,11.0,20.0,14.0,30,Good,15.4,92.2,9.4
Uttar Pradesh,Noida,SO2,14.0,27.0,21.0,26,Good,28.0,84.8,22.4
Uttar Pradesh,Noida,NO2,24.0,82.0,41.0,45,Good,35.0,70.2,23.7
Uttar Pradesh,Noida,SO2,7.0,26.0,13.0,32,Good,15.4,76.4,9.9
Uttar Pradesh,Prayagraj,PM2.5,11.0,59.0,20.0,35,Good,18.5,59.6,8.2
Uttar Pradesh,Prayagraj,SO2,16.0,94.0,46.0,28,Good,16.2,49.2,14.4
Uttar Pradesh,Prayagraj,NH3,5.0,6.0,6.0,3,Good,25.1,89.6,21.4
Uttar Pradesh,Prayagraj,OZONE,24.0,42.0,32.0,20,Good,21.8,40.5,29.1
Uttar Pradesh,Raebareli,NH3,8.0,12.0,9.0,33,Good,33.2,68.3,21.4
Uttar Pradesh,Raebareli,SO2,,,,356,Hazardous,37.4,75.5,19.3
Uttar Pradesh,Raebareli,OZONE,18.0,29.0,23.0,40,Good,25.8,31.7,8.1
Uttar Pradesh,Varanasi,PM2.5,28.0,70.0,43.0,43,Good,39.2,88.2,22.6
Uttar Pradesh,Varanasi,NH3,0.0,0.0,0.0,30,Good,22.4,81.3,22.8
Uttar Pradesh,Varanasi,SO2,30.0,32.0,30.0,32,Good,30.0,31.0,17.0
Uttar Pradesh,Varanasi,OZONE,3.0,7.0,6.0,50,Good,34.3,81.1,4.8
Uttar Pradesh,Varanasi,NH3,,,,436,Hazardous,23.1,30.4,2.9
Uttar Pradesh,Varanasi,CO,1.0,3.0,2.0,7,Good,37.4,91.0,15.2
Uttar Pradesh,Varanasi,NO2,7.0,8.0,8.0,48,Good,17.7,68.2,11.3
Uttarakhand,Dehradun,PM10,11.0,48.0,27.0,0,Good,31.3,76.9,11.1
Uttarakhand,Dehradun,NH3,,,,398,Hazardous,32.0,51.4,7.7
Uttarakhand,Dehradun,CO,12.0,23.0,18.0,41,Good,17.1,93.7,19.0
Uttarakhand,Kashipur,PM2.5,37.0,55.0,46.0,31,Good,18.0,63.1,28.0
West Bengal,Asansol,NO2,8.0,31.0,16.0,40,Good,28.6,82.7,8.7
West Bengal,Asansol,NH3,6.0,9.0,7.0,24,Good,18.7,71.0,23.6
West Bengal,Asansol,OZONE,6.0,14.0,10.0,14,Good,34.4,89.7,20.0
West Bengal,Asansol,NO2,2.0,8.0,3.0,8,Good,24.3,88.9,24.7
West Bengal,Asansol,CO,28.0,37.0,34.0,42,Good,32.6,60.0,20.0
West Bengal,Asansol,PM2.5,22.0,75.0,45.0,37,Good,22.9,71.0,28.1
West Bengal,Asansol,NH3,2.0,5.0,3.0,24,Good,26.4,40.0,3.8
West Bengal,Asansol,OZONE,31.0,57.0,42.0,8,Good,27.6,75.9,23.3
West Bengal,Barrackpore,OZONE,2.0,17.0,10.0,20,Good,28.5,49.9,18.8
West Bengal,Durgapur,CO,28.0,34.0,31.0,50,Good,37.4,94.1,8.2
West Bengal,Durgapur,SO2,12.0,12.0,12.0,21,Good,39.2,54.6,1.5
West Bengal,Durgapur,CO,25.0,31.0,28.0,7,Good,17.5,43.4,19.8
West Bengal,Durgapur,OZONE,16.0,41.0,30.0,26,Good,28.7,50.7,24.8
West Bengal,Haldia,PM10,19.0,58.0,35.0,18,Good,17.6,91.8,0.8
West Bengal,Haldia,SO2,12.0,13.0,12.0,32,Good,21.6,30.1,19.4
West Bengal,Howrah,SO2,10.0,11.0,11.0,32,Good,19.8,53.0,15.8
West Bengal,Howrah,PM2.5,19.0,33.0,27.0,19,Good,30.0,56.3,17.4
West Bengal,Howrah,NO2,18.0,81.0,38.0,21,Good,34.8,73.1,24.7
West Bengal,Howrah,NH3,10.0,14.0,11.0,27,Good,22.9,57.4,24.0
West Bengal,Howrah,PM2.5,41.0,69.0,53.0,74,Moderate,37.3,30.7,1.7
West Bengal,Kolkata,NO2,22.0,50.0,32.0,38,Good,21.5,64.3,3.1
West Bengal,Kolkata,SO2,5.0,6.0,5.0,35,Good,17.2,32.1,10.1
West Bengal,Kolkata,PM2.5,68.0,84.0,76.0,97,Moderate,36.3,74.5,5.0
West Bengal,Kolkata,PM10,81.0,100.0,91.0,73,Moderate,16.4,72.2,2.8
West Bengal,Kolkata,SO2,13.0,23.0,17.0,37,Good,39.6,31.5,4.7
West Bengal,Kolkata,CO,48.0,62.0,55.0,52,Moderate,27.5,65.1,13.7
West Bengal,Kolkata,NH3,6.0,8.0,7.0,4,Good,18.8,67.7,28.3
West Bengal,Kolkata,OZONE,17.0,63.0,39.0,33,Good,29.3,56.2,24.5
West Bengal,Kolkata,PM10,20.0,39.0,27.0,11,Good,37.2,88.8,6.1
West Bengal,Kolkata,NO2,17.0,42.0,26.0,46,Good,39.0,61.5,21.1
West Bengal,Kolkata,SO2,7.0,8.0,7.0,39,Good,32.3,61.1,7.4
West Bengal,Kolkata,OZONE,8.0,21.0,14.0,8,Good,38.9,65.3,5.9
West Bengal,Siliguri,SO2,11.0,14.0,13.0,17,Good,30.1,66.1,15.7
Andhra Pradesh,Vijayawada,CO,17.0,33.0,23.0,26,Good,38.9,49.5,6.9
Andhra Pradesh,Visakhapatnam,NO2,31.0,94.0,57.0,83,Moderate,15.9,51.9,13.8
Andhra Pradesh,Visakhapatnam,CO,9.0,47.0,25.0,24,Good,22.8,63.8,22.7
Andhra Pradesh,Visakhapatnam,OZONE,6.0,31.0,16.0,16,Good,38.1,90.0,12.9
Arunachal Pradesh,Naharlagun,OZONE,7.0,10.0,8.0,12,Good,19.9,33.0,3.7
Assam,Byrnihat,PM2.5,59.0,167.0,89.0,68,Moderate,16.2,62.4,1.7
Assam,Guwahati,SO2,7.0,15.0,11.0,47,Good,28.5,90.8,12.7
Assam,Guwahati,OZONE,27.0,46.0,37.0,33,Good,28.7,32.7,18.0
Assam,Guwahati,PM10,12.0,55.0,36.0,35,Good,20.4,34.2,8.4
Assam,Guwahati,OZONE,29.0,64.0,38.0,14,Good,39.1,36.2,16.6
Assam,Guwahati,PM2.5,5.0,40.0,20.0,16,Good,35.9,78.9,15.7
Assam,Guwahati,PM2.5,,,,402,Hazardous,31.1,76.4,14.8
Assam,Guwahati,NO2,0.0,0.0,0.0,37,Good,22.3,85.1,7.2
Assam,Nagaon,PM10,37.0,70.0,56.0,94,Moderate,20.6,60.1,29.7
Bihar,Patna,SO2,4.0,5.0,4.0,22,Good,24.5,91.5,19.6
Bihar,Patna,OZONE,14.0,35.0,22.0,24,Good,24.4,41.1,5.9
Bihar,Patna,NO2,,,,416,Hazardous,31.1,75.9,0.3
Bihar,Purnia,NO2,4.0,6.0,6.0,9,Good,33.1,61.9,7.9
Bihar,Purnia,SO2,15.0,17.0,16.0,43,Good,38.8,81.8,0.1
Bihar,Purnia,CO,53.0,56.0,55.0,60,Moderate,33.5,88.6,3.8
Bihar,Purnia,OZONE,14.0,44.0,25.0,8,Good,27.7,40.1,7.9
Bihar,Saharsa,SO2,,,,447,Hazardous,16.5,54.6,1.6
Bihar,Samastipur,PM10,24.0,258.0,73.0,89,Moderate,27.6,74.4,24.6
Bihar,Sasaram,SO2,,,,407,Hazardous,27.7,84.7,18.1
Bihar,Siwan,PM10,6.0,76.0,48.0,27,Good,39.7,90.5,11.8
Chandigarh,Chandigarh,CO,21.0,38.0,29.0,26,Good,36.9,54.6,12.5
Chandigarh,Chandigarh,NH3,19.0,27.0,21.0,48,Good,20.7,41.9,15.8
Chandigarh,Chandigarh,PM10,12.0,54.0,28.0,41,Good,15.6,34.1,27.9
Chandigarh,Chandigarh,OZONE,6.0,21.0,13.0,28,Good,35.0,72.0,23.7
Chhattisgarh,Bhilai,OZONE,8.0,17.0,12.0,7,Good,36.8,31.6,27.1
Chhattisgarh,Bhilai,NO2,15.0,16.0,16.0,2,Good,36.4,83.7,29.2
Chhattisgarh,Bhilai,CO,20.0,28.0,25.0,15,Good,29.4,35.6,18.7
Chhattisgarh,Bhilai,OZONE,10.0,14.0,12.0,3,Good,24.8,46.9,20.4
Chhattisgarh,Bhilai,PM10,10.0,79.0,23.0,48,Good,16.4,82.2,11.3
Chhattisgarh,Bhilai,NO2,3.0,15.0,8.0,13,Good,21.8,37.8,16.8
Chhattisgarh,Bhilai,NH3,3.0,4.0,3.0,32,Good,37.9,47.9,23.3
Chhattisgarh,Chhal,NH3,3.0,3.0,3.0,6,Good,36.1,81.8,16.5
Chhattisgarh,Chhal,OZONE,,,,341,Hazardous,23.0,88.1,1.9
Chhattisgarh,Korba,PM2.5,,,,474,Hazardous,25.5,46.3,19.8
Chhattisgarh,Korba,NH3,,,,421,Hazardous,33.1,61.9,15.1
Chhattisgarh,Korba,SO2,,,,338,Hazardous,29.2,33.1,2.7
Chhattisgarh,Kunjemura,NH3,2.0,2.0,2.0,49,Good,17.5,64.4,22.2
Chhattisgarh,Milupara,CO,16.0,16.0,16.0,28,Good,32.9,94.1,24.0
Chhattisgarh,Raipur,PM10,11.0,27.0,17.0,30,Good,20.2,70.0,11.1
Chhattisgarh,Raipur,SO2,4.0,6.0,5.0,30,Good,22.4,73.0,12.5
Chhattisgarh,Raipur,OZONE,5.0,17.0,10.0,24,Good,40.0,32.0,0.6
Chhattisgarh,Raipur,OZONE,3.0,12.0,7.0,3,Good,19.6,89.1,26.3
Chhattisgarh,Raipur,OZONE,1.0,12.0,5.0,35,Good,20.5,68.8,26.0
Chhattisgarh,Raipur,OZONE,3.0,5.0,4.0,42,Good,39.0,78.7,0.5
Chhattisgarh,Tumidih,PM2.5,15.0,64.0,32.0,31,Good,16.2,66.2,9.1
Chhattisgarh,Tumidih,CO,18.0,51.0,25.0,0,Good,24.7,69.1,26.1
Delhi,Delhi,NH3,,,,310,Hazardous,37.3,54.9,8.0
Delhi,Delhi,OZONE,5.0,154.0,75.0,93,Moderate,19.8,88.8,29.5
Delhi,Delhi,SO2,0.0,2.0,1.0,18,Good,32.0,75.2,13.5
Andhra Pradesh,Guntur,OZONE,29.0,53.0,44.0,10,Good,38.3,86.3,1.8
Andhra Pradesh,Kadapa,CO,25.0,31.0,27.0,14,Good,27.4,42.2,21.4
Andhra Pradesh,Machilipatnam,CO,22.0,46.0,31.0,38,Good,33.0,93.2,26.7
Andhra Pradesh,Nellore,SO2,5.0,15.0,10.0,14,Good,39.4,90.7,23.7
Andhra Pradesh,Rajamahendravaram,PM10,7.0,37.0,25.0,35,Good,16.2,83.5,18.9
Andhra Pradesh,Rajamahendravaram,OZONE,10.0,18.0,13.0,36,Good,29.4,84.5,26.4
Andhra Pradesh,Tirupati,NH3,4.0,6.0,5.0,34,Good,19.8,43.7,23.0
Andhra Pradesh,Vijayawada,NH3,3.0,8.0,5.0,46,Good,24.8,77.4,25.7
Andhra Pradesh,Vijayawada,SO2,11.0,15.0,12.0,44,Good,34.1,87.2,25.5
Bihar,Bhagalpur,OZONE,18.0,20.0,19.0,34,Good,31.6,84.1,27.9
Bihar,Bihar Sharif,PM10,24.0,45.0,32.0,47,Good,26.2,32.6,24.6
Bihar,Bihar Sharif,NO2,9.0,10.0,9.0,11,Good,29.6,73.0,7.5
Bihar,Bihar Sharif,SO2,5.0,63.0,31.0,3,Good,24.8,35.4,26.7
Bihar,Buxar,NH3,3.0,3.0,3.0,50,Good,19.2,30.3,0.9
Bihar,Buxar,CO,22.0,27.0,25.0,37,Good,26.6,55.0,15.5
Bihar,Chhapra,PM10,105.0,109.0,109.0,138,Unhealthy for Sensitive Groups,22.6,55.0,1.9
Bihar,Chhapra,NH3,3.0,4.0,4.0,11,Good,37.2,43.1,23.5
Bihar,Chhapra,OZONE,3.0,6.0,4.0,13,Good,39.1,59.1,24.7
Bihar,Gaya,SO2,7.0,7.0,7.0,1,Good,24.6,53.6,28.8
Bihar,Gaya,CO,23.0,37.0,29.0,29,Good,26.2,40.9,23.2
Assam,Silchar,SO2,4.0,7.0,5.0,21,Good,36.0,82.8,24.9
Assam,Sivasagar,NO2,5.0,15.0,10.0,24,Good,30.7,62.8,17.8
Bihar,Araria,NO2,8.0,20.0,14.0,25,Good,34.5,45.8,3.1
Bihar,Araria,NH3,5.0,6.0,5.0,30,Good,20.5,92.8,17.9
Bihar,Araria,CO,19.0,24.0,22.0,25,Good,35.5,82.6,6.4
Bihar,Araria,OZONE,9.0,11.0,10.0,19,Good,28.5,86.3,12.1
Bihar,Begusarai,SO2,18.0,25.0,22.0,6,Good,19.3,46.7,18.9
Bihar,Bettiah,PM2.5,,,,346,Hazardous,31.7,68.7,28.5
Bihar,Bettiah,PM10,,,,357,Hazardous,27.8,47.0,25.1
Bihar,Bettiah,NO2,,,,372,Hazardous,18.9,65.7,27.2
Bihar,Bettiah,NH3,,,,486,Hazardous,33.5,78.7,2.0
Bihar,Gaya,NO2,10.0,13.0,12.0,37,Good,34.1,90.5,9.4
Bihar,Hajipur,SO2,5.0,12.0,8.0,7,Good,20.7,38.9,21.6
Bihar,Hajipur,CO,7.0,11.0,9.0,41,Good,18.1,59.2,26.5
Bihar,Katihar,NH3,1.0,1.0,1.0,32,Good,26.5,37.6,13.6
Bihar,Kishanganj,PM10,61.0,113.0,77.0,58,Moderate,24.0,78.0,16.7
Bihar,Kishanganj,CO,13.0,16.0,14.0,32,Good,35.3,78.9,13.7
Bihar,Manguraha,OZONE,31.0,32.0,32.0,46,Good,39.3,65.5,8.1
Bihar,Motihari,NO2,2.0,3.0,3.0,24,Good,34.1,51.0,3.6
Bihar,Motihari,NH3,3.0,3.0,3.0,14,Good,27.4,53.1,6.1
Bihar,Motihari,CO,11.0,14.0,13.0,26,Good,19.5,92.3,5.7
Bihar,Munger,PM2.5,12.0,85.0,41.0,4,Good,17.7,79.2,24.1
Bihar,Muzaffarpur,NO2,11.0,23.0,17.0,12,Good,24.5,67.1,5.3
Bihar,Muzaffarpur,OZONE,8.0,99.0,34.0,16,Good,18.3,87.2,5.7
Bihar,Muzaffarpur,SO2,4.0,11.0,6.0,39,Good,29.9,71.1,29.4
Bihar,Muzaffarpur,PM10,37.0,66.0,50.0,49,Good,34.5,77.7,1.8
Bihar,Muzaffarpur,OZONE,29.0,71.0,52.0,55,Moderate,34.1,50.3,6.6
Bihar,Patna,OZONE,31.0,34.0,33.0,9,Good,27.0,43.5,6.6
Andhra Pradesh,Amaravati,NO2,12.0,23.0,16.0,20,Good,15.7,54.8,19.8
Andhra Pradesh,Anantapur,PM2.5,37.0,308.0,82.0,77,Moderate,16.2,62.8,6.2
Andhra Pradesh,Chittoor,PM2.5,56.0,65.0,61.0,81,Moderate,28.9,48.1,11.6
Andhra Pradesh,Chittoor,NH3,6.0,9.0,8.0,42,Good,17.5,36.0,16.5
Andhra Pradesh,Chittoor,OZONE,28.0,31.0,29.0,1,Good,15.0,50.6,24.2
Andhra Pradesh,Guntur,PM2.5,56.0,71.0,63.0,88,Moderate,22.3,46.3,10.5
Andhra Pradesh,Guntur,PM10,55.0,75.0,64.0,57,Moderate,20.3,85.3,29.2
Andhra Pradesh,Guntur,NH3,4.0,12.0,7.0,16,Good,20.4,53.9,25.5
Delhi,Delhi,OZONE,12.0,32.0,22.0,29,Good,36.5,93.6,12.1
Delhi,Delhi,PM2.5,69.0,140.0,92.0,96,Moderate,29.3,41.3,10.4
Delhi,Delhi,NO2,16.0,27.0,19.0,4,Good,19.4,82.0,9.3
Delhi,Delhi,OZONE,10.0,46.0,30.0,9,Good,24.8,85.3,13.2
Delhi,Delhi,NH3,12.0,19.0,14.0,17,Good,35.1,55.7,23.2
Delhi,Delhi,NH3,4.0,12.0,11.0,4,Good,38.9,83.7,7.0
Delhi,Delhi,SO2,28.0,56.0,44.0,29,Good,37.7,67.0,14.9
Delhi,Delhi,PM2.5,5.0,87.0,44.0,31,Good,18.9,33.1,5.4
Delhi,Delhi,NH3,5.0,7.0,6.0,47,Good,35.0,30.7,17.5
Delhi,Delhi,CO,16.0,22.0,19.0,1,Good,33.6,36.8,2.4
Delhi,Delhi,SO2,5.0,13.0,9.0,10,Good,39.0,76.9,18.3
Delhi,Delhi,OZONE,2.0,19.0,10.0,36,Good,37.6,79.2,25.0
Delhi,Delhi,NO2,16.0,46.0,26.0,42,Good,39.2,62.4,1.4
Delhi,Delhi,CO,40.0,59.0,46.0,12,Good,23.1,73.5,8.6
Delhi,Delhi,PM10,59.0,137.0,100.0,83,Moderate,39.7,31.6,8.1
Delhi,Delhi,NH3,5.0,6.0,6.0,31,Good,30.5,34.7,18.0
Delhi,Delhi,OZONE,7.0,34.0,22.0,30,Good,27.0,34.4,12.5
Delhi,Delhi,PM10,21.0,115.0,94.0,61,Moderate,37.8,86.5,22.5
Delhi,Delhi,CO,45.0,72.0,62.0,76,Moderate,27.2,87.4,19.0
Delhi,Delhi,OZONE,17.0,18.0,18.0,47,Good,35.9,33.4,28.6
Delhi,Delhi,PM2.5,15.0,111.0,58.0,83,Moderate,38.3,72.9,1.6
Delhi,Delhi,NH3,,,,384,Hazardous,19.4,83.8,1.5
Delhi,Delhi,NO2,9.0,29.0,16.0,8,Good,15.5,38.7,27.9
Delhi,Delhi,CO,72.0,84.0,76.0,95,Moderate,16.2,40.6,14.0
Delhi,Delhi,PM2.5,30.0,91.0,63.0,82,Moderate,19.7,78.5,15.6
Delhi,Delhi,SO2,,,,391,Hazardous,39.6,31.6,10.0
Delhi,Delhi,PM10,35.0,160.0,101.0,143,Unhealthy for Sensitive Groups,26.2,49.0,23.6
Delhi,Delhi,CO,38.0,47.0,43.0,23,Good,32.1,87.9,12.8
Delhi,Delhi,OZONE,15.0,51.0,32.0,4,Good,26.5,59.7,0.0
Delhi,Delhi,SO2,,,,334,Hazardous,24.8,32.7,0.7
Delhi,Delhi,CO,30.0,34.0,32.0,26,Good,30.0,39.9,15.3
Delhi,Delhi,OZONE,3.0,13.0,7.0,12,Good,28.9,69.5,20.4
Delhi,Delhi,PM2.5,57.0,163.0,103.0,101,Unhealthy for Sensitive Groups,27.6,33.3,23.4
Delhi,Delhi,OZONE,5.0,10.0,7.0,49,Good,29.0,60.0,14.7
Delhi,Delhi,PM2.5,12.0,87.0,40.0,5,Good,27.1,84.7,28.5
Delhi,Delhi,PM10,70.0,134.0,103.0,150,Unhealthy for Sensitive Groups,32.2,69.7,21.9
Delhi,Delhi,PM2.5,33.0,97.0,64.0,65,Moderate,26.1,66.2,1.8
Delhi,Delhi,NH3,9.0,13.0,11.0,46,Good,15.7,91.5,14.6
Delhi,Delhi,PM10,64.0,161.0,105.0,131,Unhealthy for Sensitive Groups,36.0,31.3,3.1
Delhi,Delhi,PM2.5,3.0,203.0,56.0,95,Moderate,17.8,51.2,3.6
Delhi,Delhi,PM10,80.0,149.0,111.0,102,Unhealthy for Sensitive Groups,19.2,39.7,22.7
Delhi,Delhi,NH3,7.0,8.0,7.0,28,Good,32.6,88.5,10.7
Delhi,Delhi,NO2,19.0,83.0,43.0,38,Good,37.5,87.9,18.8
Delhi,Delhi,OZONE,16.0,22.0,19.0,31,Good,31.6,91.4,4.4
Delhi,Delhi,NO2,0.0,7.0,2.0,40,Good,18.5,70.6,16.6
Delhi,Delhi,NH3,10.0,13.0,11.0,48,Good,31.4,93.5,25.8
Delhi,Delhi,NO2,13.0,39.0,20.0,2,Good,22.8,64.6,15.5
Delhi,Delhi,NH3,2.0,6.0,4.0,17,Good,27.5,40.5,13.7
Delhi,Delhi,CO,38.0,46.0,41.0,32,Good,30.8,31.2,20.5
Delhi,Delhi,OZONE,11.0,41.0,24.0,0,Good,39.8,88.1,6.9
Delhi,Delhi,NH3,1.0,7.0,2.0,6,Good,18.3,82.2,5.7
Delhi,Delhi,NH3,1.0,17.0,5.0,34,Good,19.2,91.6,11.6
Delhi,Delhi,OZONE,36.0,76.0,58.0,92,Moderate,23.5,87.9,1.9
Delhi,Delhi,PM10,57.0,153.0,97.0,100,Moderate,18.5,79.3,27.6
Delhi,Delhi,CO,101.0,105.0,103.0,136,Unhealthy for Sensitive Groups,33.3,41.0,3.9
Gujarat,Rajkot,NO2,61.0,76.0,68.0,81,Moderate,38.2,92.9,11.7
Gujarat,Rajkot,NH3,2.0,2.0,2.0,48,Good,16.4,70.8,24.7
Gujarat,Rajkot,OZONE,6.0,8.0,7.0,48,Good,31.9,72.2,10.5
Gujarat,Surat,SO2,6.0,9.0,7.0,38,Good,33.6,75.5,0.5
Gujarat,Vadodara,NO2,11.0,13.0,12.0,15,Good,19.5,82.1,17.3
Gujarat,Vapi,CO,,,,401,Hazardous,19.0,73.2,8.7
Haryana,Ambala,NH3,2.0,11.0,7.0,18,Good,20.2,46.6,23.5
Haryana,Bahadurgarh,PM10,57.0,133.0,93.0,86,Moderate,29.4,78.6,18.7
Haryana,Bahadurgarh,OZONE,22.0,26.0,24.0,33,Good,22.7,65.5,0.9
Gujarat,Gandhinagar,PM10,52.0,101.0,73.0,87,Moderate,33.6,92.1,14.1
Gujarat,Gandhinagar,NO2,7.0,12.0,10.0,32,Good,30.4,87.2,18.2
Gujarat,Gandhinagar,NO2,29.0,56.0,41.0,15,Good,32.1,82.3,23.3
Gujarat,Gandhinagar,CO,30.0,44.0,38.0,47,Good,35.5,94.8,17.4
Gujarat,Gandhinagar,OZONE,12.0,42.0,25.0,39,Good,24.4,36.2,26.2
Gujarat,Mehsana,PM2.5,8.0,51.0,26.0,42,Good,25.6,46.5,26.1
Gujarat,Mehsana,NO2,7.0,9.0,8.0,4,Good,28.6,72.5,13.2
Gujarat,Nandesari,PM10,50.0,100.0,67.0,51,Moderate,22.5,91.8,9.6
Gujarat,Ahmedabad,PM10,41.0,123.0,71.0,91,Moderate,34.4,34.7,9.7
Gujarat,Ahmedabad,SO2,2.0,3.0,3.0,36,Good,30.6,93.9,6.3
Gujarat,Ahmedabad,CO,19.0,48.0,37.0,38,Good,33.5,45.4,24.8
Gujarat,Ahmedabad,OZONE,37.0,65.0,50.0,4,Good,23.6,72.6,27.6
Gujarat,Ahmedabad,PM2.5,,,,459,Hazardous,39.4,37.9,20.5
Gujarat,Ahmedabad,PM10,,,,428,Hazardous,30.7,74.6,11.5
Gujarat,Ahmedabad,CO,12.0,52.0,33.0,49,Good,34.3,34.7,5.6
Gujarat,Ahmedabad,NO2,8.0,16.0,11.0,49,Good,17.0,56.8,10.4
Gujarat,Ahmedabad,OZONE,5.0,18.0,11.0,50,Good,19.6,53.4,11.7
Haryana,Ballabgarh,SO2,3.0,5.0,4.0,22,Good,15.4,84.6,1.8
Haryana,Ballabgarh,CO,53.0,62.0,58.0,78,Moderate,37.8,41.6,27.7
Haryana,Charkhi Dadri,NO2,9.0,22.0,15.0,43,Good,35.4,32.0,5.4
Haryana,Charkhi Dadri,SO2,9.0,11.0,10.0,11,Good,38.6,43.2,8.9
Haryana,Dharuhera,SO2,7.0,16.0,11.0,18,Good,32.8,89.5,28.2
Haryana,Faridabad,PM2.5,33.0,321.0,121.0,135,Unhealthy for Sensitive Groups,31.4,50.6,26.2
Haryana,Faridabad,SO2,4.0,10.0,7.0,46,Good,16.6,56.7,26.4
Delhi,Delhi,NH3,7.0,13.0,10.0,49,Good,33.2,46.8,20.9
Delhi,Delhi,CO,46.0,57.0,50.0,7,Good,22.7,44.1,25.3
Delhi,Delhi,NO2,12.0,92.0,37.0,24,Good,16.2,39.8,17.3
Delhi,Delhi,NH3,6.0,8.0,7.0,49,Good,21.0,63.1,6.4
Delhi,Delhi,SO2,2.0,6.0,4.0,32,Good,25.7,76.1,17.5
Delhi,Delhi,OZONE,15.0,39.0,27.0,9,Good,39.2,51.2,0.6
Delhi,Delhi,NH3,4.0,8.0,6.0,32,Good,27.2,52.8,25.2
Delhi,Delhi,OZONE,4.0,17.0,11.0,30,Good,29.7,74.2,23.6
Haryana,Karnal,CO,13.0,14.0,14.0,50,Good,38.8,74.3,14.5
Haryana,Kurukshetra,OZONE,24.0,61.0,44.0,47,Good,19.2,52.9,19.0
Haryana,Mandikhera,CO,33.0,50.0,47.0,34,Good,22.9,76.0,22.5
Haryana,Manesar,OZONE,10.0,43.0,18.0,9,Good,28.8,46.7,12.4
Haryana,Palwal,NO2,23.0,25.0,24.0,46,Good,32.7,75.2,16.0
Haryana,Panchgaon,NH3,3.0,22.0,9.0,11,Good,15.9,76.6,23.7
Haryana,Panchkula,OZONE,38.0,42.0,41.0,7,Good,18.5,31.7,6.3
Haryana,Panipat,PM2.5,24.0,500.0,205.0,209,Very Unhealthy,31.3,37.1,13.9
Haryana,Panipat,OZONE,37.0,38.0,37.0,11,Good,25.5,72.1,24.4
Haryana,Rohtak,PM10,57.0,116.0,88.0,65,Moderate,27.8,77.1,16.4
Haryana,Rohtak,NO2,7.0,11.0,9.0,26,Good,19.2,60.7,4.9
Haryana,Rohtak,CO,46.0,52.0,49.0,6,Good,35.1,93.0,23.0
Haryana,Sirsa,NH3,12.0,14.0,13.0,47,Good,16.1,34.0,1.5
Haryana,Faridabad,OZONE,14.0,19.0,16.0,50,Good,37.9,44.0,22.5
Haryana,Gurugram,NO2,6.0,24.0,8.0,26,Good,30.7,59.2,19.9
Haryana,Gurugram,PM10,,,,364,Hazardous,34.5,85.1,4.7
Haryana,Gurugram,NH3,,,,367,Hazardous,27.8,71.4,28.8
Haryana,Gurugram,OZONE,18.0,59.0,35.0,49,Good,20.8,32.0,26.5
Haryana,Gurugram,PM10,81.0,298.0,148.0,111,Unhealthy for Sensitive Groups,38.2,51.4,21.7
Haryana,Gurugram,OZONE,8.0,26.0,12.0,22,Good,25.8,43.5,6.7
Haryana,Gurugram,OZONE,11.0,44.0,21.0,23,Good,29.8,69.8,7.1
Haryana,Hisar,SO2,8.0,15.0,11.0,21,Good,34.3,72.1,15.6
Haryana,Jind,PM10,64.0,153.0,96.0,53,Moderate,29.1,47.7,4.6
Haryana,Jind,OZONE,47.0,63.0,57.0,94,Moderate,24.0,76.5,17.6
Haryana,Karnal,PM2.5,3.0,376.0,217.0,259,Very Unhealthy,32.5,55.4,28.7
Karnataka,Bengaluru,OZONE,44.0,52.0,47.0,28,Good,21.5,89.6,24.7
Karnataka,Bengaluru,NO2,9.0,24.0,16.0,43,Good,31.1,71.2,25.8
Karnataka,Bengaluru,OZONE,26.0,33.0,30.0,34,Good,31.1,38.6,10.6
Karnataka,Chamarajanagar,NO2,24.0,30.0,29.0,30,Good,36.0,71.6,13.9
Karnataka,Chamarajanagar,CO,22.0,23.0,23.0,42,Good,29.5,44.8,24.2
Karnataka,Chikkaballapur,NH3,1.0,1.0,1.0,2,Good,20.9,40.2,7.8
Karnataka,Chikkamagaluru,PM10,23.0,45.0,32.0,50,Good,23.5,49.5,11.6
Karnataka,Chikkamagaluru,CO,11.0,28.0,14.0,45,Good,16.8,55.1,17.4
Karnataka,Dharwad,NO2,23.0,26.0,25.0,40,Good,39.4,94.5,2.5
Karnataka,Kalaburagi,PM10,19.0,49.0,37.0,31,Good,37.7,36.5,9.1
Karnataka,Kalaburagi,SO2,2.0,5.0,4.0,0,Good,19.1,48.7,13.6
Madhya Pradesh,Bhopal,PM2.5,3.0,38.0,16.0,18,Good,33.6,63.6,3.0
Madhya Pradesh,Bhopal,OZONE,24.0,32.0,27.0,36,Good,35.5,73.3,24.6
Madhya Pradesh,Bhopal,NH3,5.0,5.0,5.0,23,Good,36.0,65.8,13.3
Madhya Pradesh,Bhopal,OZONE,21.0,31.0,26.0,48,Good,23.8,92.7,6.8
Madhya Pradesh,Bhopal,NO2,9.0,28.0,17.0,45,Good,21.2,65.5,1.3
Madhya Pradesh,Bhopal,CO,5.0,11.0,7.0,16,Good,22.9,73.3,22.0
Madhya Pradesh,Bhopal,OZONE,16.0,35.0,24.0,33,Good,29.3,85.6,29.6
Madhya Pradesh,Damoh,SO2,45.0,58.0,50.0,22,Good,16.1,48.6,28.4
Madhya Pradesh,Dewas,PM2.5,,,,471,Hazardous,27.0,88.8,23.5
Madhya Pradesh,Dewas,NH3,,,,402,Hazardous,26.6,62.6,20.5
Madhya Pradesh,Gwalior,PM2.5,3.0,73.0,24.0,35,Good,31.9,84.1,14.5
Madhya Pradesh,Gwalior,SO2,6.0,26.0,11.0,3,Good,23.8,94.4,1.1
Madhya Pradesh,Gwalior,OZONE,11.0,19.0,16.0,34,Good,29.7,61.8,9.5
Karnataka,Shivamogga,PM2.5,22.0,32.0,28.0,8,Good,24.4,31.6,10.0
Karnataka,Shivamogga,CO,22.0,28.0,25.0,12,Good,30.7,52.7,11.4
Karnataka,Vijayapura,SO2,3.0,6.0,3.0,42,Good,37.5,64.3,26.9
Kerala,Kannur,SO2,0.0,2.0,1.0,48,Good,32.9,30.8,22.7
Kerala,Kollam,PM2.5,7.0,77.0,35.0,50,Good,26.5,87.7,9.7
Kerala,Kollam,OZONE,31.0,35.0,33.0,50,Good,25.5,80.9,8.2
Kerala,Thiruvananthapuram,CO,4.0,19.0,8.0,20,Good,33.5,42.6,18.1
Kerala,Thiruvananthapuram,CO,21.0,23.0,22.0,31,Good,17.1,68.5,12.4
Kerala,Thrissur,PM2.5,35.0,56.0,48.0,4,Good,19.0,30.2,7.3
Kerala,Thrissur,NO2,8.0,10.0,9.0,38,Good,38.5,85.5,22.6
Jharkhand,Jorapokhar,NH3,3.0,3.0,3.0,48,Good,33.2,64.7,3.8
Jharkhand,Jorapokhar,SO2,4.0,4.0,4.0,50,Good,18.1,94.3,6.0
Karnataka,Bagalkot,PM2.5,30.0,36.0,34.0,25,Good,35.1,88.4,14.8
Karnataka,Bagalkot,PM10,46.0,51.0,49.0,46,Good,28.7,86.6,8.1
Karnataka,Bengaluru,NO2,25.0,26.0,26.0,25,Good,23.5,34.6,27.9
Karnataka,Bengaluru,CO,47.0,56.0,51.0,57,Moderate,29.6,34.2,5.2
Karnataka,Bengaluru,NO2,16.0,19.0,17.0,14,Good,36.5,55.7,18.7
Karnataka,Bengaluru,SO2,7.0,18.0,14.0,11,Good,24.1,89.8,2.1
Karnataka,Bengaluru,PM10,37.0,72.0,47.0,50,Good,24.3,71.9,19.8
Karnataka,Bengaluru,SO2,19.0,20.0,19.0,39,Good,21.2,36.5,24.4
Himachal Pradesh,Baddi,PM2.5,37.0,243.0,77.0,52,Moderate,23.8,48.7,26.2
Himachal Pradesh,Baddi,NH3,5.0,7.0,6.0,30,Good,36.9,31.9,16.7
Himachal Pradesh,Baddi,CO,46.0,67.0,55.0,77,Moderate,21.3,91.3,26.9
Jammu and Kashmir,Pampore,NO2,,,,452,Hazardous,29.6,37.6,0.6
Jammu and Kashmir,Pampore,NH3,,,,373,Hazardous,16.6,67.9,3.2
Jharkhand,Dhanbad,NH3,,,,476,Hazardous,21.6,70.3,13.2
Jharkhand,Dhanbad,SO2,103.0,134.0,116.0,103,Unhealthy for Sensitive Groups,33.0,64.4,19.9
Jharkhand,Jorapokhar,PM2.5,,,,397,Hazardous,17.3,79.6,13.0
Madhya Pradesh,Gwalior,NO2,25.0,85.0,51.0,77,Moderate,31.8,61.9,29.0
Madhya Pradesh,Gwalior,NH3,5.0,6.0,6.0,31,Good,20.0,75.2,11.9
Madhya Pradesh,Gwalior,NO2,7.0,33.0,14.0,2,Good,29.0,59.4,24.4
Madhya Pradesh,Gwalior,SO2,9.0,29.0,16.0,43,Good,22.4,43.9,20.1
Madhya Pradesh,Gwalior,CO,31.0,45.0,38.0,5,Good,19.2,48.3,30.0
Madhya Pradesh,Indore,CO,77.0,91.0,89.0,68,Moderate,33.7,74.4,26.8
Madhya Pradesh,Indore,NH3,5.0,6.0,5.0,48,Good,36.4,87.0,18.7
Madhya Pradesh,Indore,PM2.5,10.0,61.0,38.0,32,Good,18.2,54.7,13.7
Karnataka,Madikeri,PM2.5,3.0,18.0,10.0,43,Good,36.8,74.3,26.6
Karnataka,Madikeri,PM10,5.0,16.0,10.0,42,Good,19.1,31.1,18.8
Karnataka,Madikeri,NO2,,,,342,Hazardous,28.4,74.3,23.2
Karnataka,Madikeri,SO2,7.0,7.0,7.0,23,Good,15.2,75.6,14.5
Karnataka,Madikeri,CO,12.0,20.0,14.0,37,Good,28.3,52.6,12.9
Karnataka,Mysuru,CO,14.0,27.0,20.0,23,Good,39.4,73.5,15.1
Karnataka,Ramanagara,PM2.5,8.0,43.0,24.0,35,Good,30.4,36.6,16.7
Karnataka,Ramanagara,NO2,,,,345,Hazardous,19.3,92.3,29.7
Maharashtra,Dombivli,NO2,8.0,26.0,18.0,14,Good,35.1,93.7,3.3
Maharashtra,Dombivli,NH3,1.0,2.0,1.0,6,Good,28.1,88.1,21.9
Maharashtra,Dombivli,SO2,0.0,12.0,6.0,27,Good,22.1,68.2,24.8
Maharashtra,Hingoli,PM2.5,5.0,18.0,9.0,25,Good,33.4,39.7,2.7
Maharashtra,Hingoli,SO2,0.0,4.0,3.0,1,Good,34.9,43.1,8.5
Maharashtra,Jalna,PM2.5,9.0,54.0,27.0,26,Good,17.5,87.6,5.0
Maharashtra,Jalna,NO2,15.0,25.0,20.0,38,Good,22.8,47.6,5.3
Maharashtra,Kalyan,PM10,44.0,55.0,48.0,10,Good,31.2,48.1,18.3
Maharashtra,Kalyan,SO2,9.0,15.0,12.0,0,Good,18.8,93.6,12.4
Maharashtra,Kolhapur,PM2.5,7.0,20.0,12.0,2,Good,29.5,38.9,2.2
Maharashtra,Kolhapur,NH3,2.0,4.0,2.0,38,Good,33.9,80.5,10.0
Maharashtra,Kolhapur,CO,8.0,16.0,11.0,5,Good,39.4,74.3,5.2
Maharashtra,Kolhapur,PM10,15.0,39.0,26.0,33,Good,18.9,93.7,11.0
Maharashtra,Latur,PM2.5,3.0,26.0,11.0,15,Good,18.9,43.3,26.8
Maharashtra,Latur,NO2,4.0,20.0,11.0,19,Good,21.1,86.2,15.8
Maharashtra,Latur,CO,11.0,23.0,16.0,22,Good,22.8,50.6,12.8
Maharashtra,Latur,OZONE,10.0,24.0,18.0,32,Good,36.0,74.4,11.4
Maharashtra,Mahad,PM2.5,33.0,59.0,43.0,14,Good,31.8,50.7,29.2
Maharashtra,Malegaon,PM10,40.0,83.0,57.0,89,Moderate,37.2,44.5,5.3
Maharashtra,Mira-Bhayandar,NO2,2.0,27.0,10.0,25,Good,35.5,35.7,9.5
Maharashtra,Mira-Bhayandar,SO2,3.0,4.0,4.0,21,Good,23.9,63.9,27.5
Maharashtra,Mumbai,NH3,4.0,12.0,8.0,42,Good,30.5,49.1,9.5
Maharashtra,Mumbai,OZONE,19.0,67.0,38.0,18,Good,22.3,75.4,0.9
Maharashtra,Mumbai,PM10,33.0,55.0,42.0,31,Good,34.1,85.2,14.3
Maharashtra,Mumbai,NH3,1.0,2.0,1.0,41,Good,18.7,74.6,16.5
Maharashtra,Mumbai,CO,5.0,24.0,13.0,18,Good,39.9,80.1,1.8
Maharashtra,Mumbai,PM10,,,,495,Hazardous,30.7,42.8,13.0
Maharashtra,Mumbai,NH3,2.0,2.0,2.0,5,Good,31.9,89.0,26.8
Maharashtra,Mumbai,SO2,29.0,29.0,29.0,26,Good,24.7,57.9,14.4
Maharashtra,Mumbai,PM2.5,7.0,37.0,21.0,44,Good,39.2,73.9,21.2
Maharashtra,Mumbai,NO2,1.0,39.0,10.0,23,Good,32.9,57.7,19.5
Maharashtra,Mumbai,NO2,9.0,31.0,16.0,20,Good,23.8,38.2,8.6
Maharashtra,Mumbai,OZONE,16.0,16.0,16.0,41,Good,24.3,65.0,12.4
Maharashtra,Mumbai,PM10,19.0,46.0,36.0,20,Good,33.9,71.0,13.8
Madhya Pradesh,Singrauli,OZONE,13.0,31.0,17.0,37,Good,25.3,48.9,29.3
Madhya Pradesh,Ujjain,OZONE,61.0,74.0,68.0,67,Moderate,32.6,81.6,16.7
Maharashtra,Akola,PM2.5,29.0,112.0,51.0,99,Moderate,31.8,45.6,26.3
Maharashtra,Akola,SO2,1.0,4.0,2.0,43,Good,20.4,65.8,5.8
Maharashtra,Amravati,NO2,3.0,15.0,7.0,27,Good,27.8,32.7,16.3
Maharashtra,Amravati,NO2,3.0,25.0,7.0,48,Good,34.5,93.1,17.2
Maharashtra,Amravati,NH3,2.0,7.0,4.0,12,Good,24.7,43.1,20.1
Maharashtra,Amravati,SO2,0.0,3.0,1.0,40,Good,19.4,95.0,23.2
Maharashtra,Aurangabad,PM10,16.0,44.0,28.0,48,Good,33.7,50.0,27.0
Maharashtra,Aurangabad,NO2,8.0,40.0,18.0,39,Good,30.1,64.4,17.9
Maharashtra,Aurangabad,SO2,6.0,9.0,7.0,5,Good,34.0,83.6,26.6
Maharashtra,Aurangabad,NO2,8.0,12.0,10.0,41,Good,20.4,90.1,29.9
Maharashtra,Aurangabad,PM2.5,,,,329,Hazardous,20.5,46.6,9.0
Madhya Pradesh,Jabalpur,PM2.5,8.0,35.0,18.0,15,Good,36.8,83.0,3.1
Madhya Pradesh,Katni,NO2,10.0,22.0,14.0,49,Good,27.4,92.1,19.3
Madhya Pradesh,Katni,SO2,15.0,56.0,38.0,44,Good,15.2,84.2,15.1
Madhya Pradesh,Katni,OZONE,26.0,39.0,31.0,6,Good,24.7,93.0,8.1
Madhya Pradesh,Mandideep,NO2,24.0,52.0,35.0,20,Good,34.6,84.7,4.1
Madhya Pradesh,Mandideep,CO,22.0,30.0,26.0,7,Good,35.4,92.6,14.0
Madhya Pradesh,Pithampur,PM10,5.0,58.0,28.0,6,Good,17.4,68.1,16.2
Madhya Pradesh,Pithampur,OZONE,56.0,68.0,62.0,93,Moderate,17.7,44.8,6.0
Madhya Pradesh,Ratlam,PM10,,,,322,Hazardous,24.4,47.5,7.2
Madhya Pradesh,Ratlam,NO2,36.0,41.0,37.0,43,Good,19.1,84.3,28.6
Madhya Pradesh,Ratlam,SO2,14.0,17.0,16.0,22,Good,21.2,46.2,24.8
Madhya Pradesh,Ratlam,CO,,,,490,Hazardous,26.0,74.8,3.9
Madhya Pradesh,Sagar,PM2.5,2.0,39.0,19.0,45,Good,30.9,72.8,12.5
Madhya Pradesh,Satna,PM10,70.0,71.0,70.0,100,Moderate,27.9,34.9,25.9
Maharashtra,Mumbai,NO2,26.0,26.0,26.0,50,Good,36.7,42.1,22.2
Maharashtra,Mumbai,PM2.5,15.0,35.0,26.0,39,Good,18.1,41.4,19.9
Maharashtra,Mumbai,PM10,18.0,45.0,32.0,15,Good,21.1,91.6,24.2
Maharashtra,Mumbai,NO2,,,,301,Hazardous,24.8,76.7,23.5
Maharashtra,Mumbai,NH3,,,,353,Hazardous,22.6,59.9,23.0
Maharashtra,Mumbai,NH3,,,,306,Hazardous,22.1,81.8,12.0
Maharashtra,Mumbai,CO,,,,307,Hazardous,38.1,76.9,9.7
Maharashtra,Mumbai,NH3,3.0,6.0,5.0,16,Good,31.6,48.3,24.3
Maharashtra,Mumbai,CO,17.0,41.0,26.0,42,Good,26.3,61.8,3.8
Maharashtra,Mumbai,OZONE,2.0,20.0,13.0,5,Good,21.2,85.4,6.1
Maharashtra,Nagpur,PM10,17.0,59.0,33.0,7,Good,38.7,83.8,12.3
Maharashtra,Nagpur,NH3,5.0,8.0,6.0,16,Good,31.2,78.7,3.7
Maharashtra,Nagpur,SO2,0.0,6.0,2.0,28,Good,36.1,83.7,26.0
Maharashtra,Nagpur,PM10,16.0,57.0,38.0,26,Good,16.3,40.2,19.7
Maharashtra,Nagpur,OZONE,14.0,19.0,17.0,10,Good,34.3,87.2,13.2
Maharashtra,Mumbai,CO,20.0,27.0,24.0,2,Good,30.0,41.1,2.9
Maharashtra,Mumbai,CO,22.0,28.0,24.0,8,Good,26.5,83.0,25.9
Maharashtra,Mumbai,PM2.5,7.0,21.0,14.0,15,Good,15.6,43.3,23.6
Maharashtra,Mumbai,NO2,4.0,34.0,15.0,21,Good,34.1,39.6,16.9
Maharashtra,Mumbai,NH3,,,,301,Hazardous,27.0,45.1,10.9
Maharashtra,Mumbai,PM10,10.0,33.0,22.0,49,Good,18.6,67.4,13.4
Maharashtra,Mumbai,CO,2.0,9.0,6.0,22,Good,19.9,30.4,13.9
Maharashtra,Mumbai,PM2.5,11.0,36.0,20.0,33,Good,36.2,57.6,23.5
Maharashtra,Mumbai,OZONE,19.0,20.0,20.0,5,Good,35.9,76.6,29.0
Maharashtra,Mumbai,PM2.5,16.0,17.0,16.0,24,Good,18.1,46.8,18.4
Maharashtra,Mumbai,OZONE,56.0,56.0,56.0,79,Moderate,35.6,81.9,7.6
Maharashtra,Mumbai,PM2.5,5.0,37.0,19.0,32,Good,34.1,38.6,1.1
Maharashtra,Mumbai,OZONE,10.0,14.0,12.0,40,Good,37.7,39.0,27.8
Maharashtra,Badlapur,PM2.5,19.0,38.0,29.0,17,Good,35.2,33.9,7.5
Maharashtra,Beed,NH3,3.0,4.0,4.0,11,Good,31.6,63.8,11.1
Maharashtra,Bhiwandi,PM2.5,26.0,42.0,33.0,15,Good,21.9,81.1,28.5
Maharashtra,Boisar,NO2,11.0,26.0,17.0,33,Good,27.2,77.8,9.6
Maharashtra,Boisar,SO2,14.0,17.0,16.0,50,Good,21.7,89.5,7.4
Maharashtra,Chandrapur,PM10,14.0,96.0,41.0,26,Good,16.0,46.3,24.2
Maharashtra,Chandrapur,NO2,13.0,15.0,15.0,31,Good,18.7,59.2,1.7
Maharashtra,Chandrapur,CO,38.0,40.0,39.0,27,Good,28.5,62.2,11.4
Maharashtra,Dombivli,PM2.5,,,,390,Hazardous,15.7,60.0,17.5
Maharashtra,Nagpur,PM10,25.0,61.0,37.0,46,Good,16.7,60.8,6.0
Maharashtra,Nagpur,SO2,8.0,11.0,9.0,34,Good,15.3,46.7,9.9
Maharashtra,Nagpur,OZONE,8.0,23.0,16.0,32,Good,21.2,71.1,17.8
Maharashtra,Nanded,OZONE,16.0,24.0,21.0,3,Good,38.1,51.8,23.6
Maharashtra,Nashik,NO2,3.0,6.0,4.0,17,Good,39.5,44.7,20.4
Maharashtra,Nashik,SO2,0.0,4.0,1.0,40,Good,29.6,94.1,9.8
Maharashtra,Navi Mumbai,CO,101.0,101.0,101.0,128,Unhealthy for Sensitive Groups,17.8,48.6,5.7
Maharashtra,Navi Mumbai,OZONE,,,,434,Hazardous,32.8,34.3,18.9
Maharashtra,Navi Mumbai,CO,12.0,18.0,15.0,0,Good,22.2,82.2,22.3
Madhya Pradesh,Indore,NO2,2.0,3.0,3.0,9,Good,24.9,38.0,6.7
Madhya Pradesh,Indore,CO,21.0,27.0,24.0,36,Good,38.8,52.8,6.1
Madhya Pradesh,Indore,PM2.5,11.0,34.0,24.0,9,Good,16.2,82.3,18.1
Madhya Pradesh,Indore,PM10,7.0,41.0,25.0,5,Good,19.7,69.1,28.6
Madhya Pradesh,Indore,OZONE,6.0,10.0,8.0,22,Good,17.5,48.4,6.6
Madhya Pradesh,Jabalpur,NO2,20.0,37.0,28.0,32,Good,17.2,79.9,10.7
Odisha,Bhubaneswar,NO2,7.0,10.0,8.0,20,Good,30.1,69.6,1.4
Odisha,Bhubaneswar,CO,46.0,54.0,50.0,35,Good,35.0,57.4,25.5
Odisha,Bhubaneswar,NH3,6.0,24.0,7.0,41,Good,38.6,48.4,2.8
Odisha,Bileipada,SO2,14.0,15.0,15.0,25,Good,39.9,34.1,2.3
Odisha,Brajrajnagar,PM10,11.0,66.0,35.0,36,Good,35.9,35.9,7.3
Odisha,Brajrajnagar,SO2,23.0,25.0,24.0,27,Good,35.4,70.3,20.8
Odisha,Brajrajnagar,CO,26.0,33.0,29.0,7,Good,32.4,72.2,25.0
Odisha,Byasanagar,NO2,8.0,72.0,17.0,15,Good,37.3,72.4,13.8
Odisha,Byasanagar,OZONE,40.0,83.0,56.0,100,Moderate,25.7,39.9,0.6
Odisha,Keonjhar,PM2.5,24.0,47.0,32.0,34,Good,23.8,86.3,21.7
Odisha,Rairangpur,NO2,6.0,7.0,6.0,20,Good,31.4,74.5,26.1
Odisha,Rourkela,NH3,,,,340,Hazardous,38.0,61.7,23.4
Odisha,Rourkela,PM10,43.0,92.0,69.0,91,Moderate,26.9,82.8,4.3
Rajasthan,Churu,NH3,5.0,6.0,6.0,37,Good,23.1,71.5,2.9
Rajasthan,Dausa,PM2.5,27.0,68.0,47.0,42,Good,37.9,66.3,28.2
Rajasthan,Dausa,NH3,8.0,12.0,11.0,3,Good,22.8,31.8,27.1
Rajasthan,Dausa,OZONE,10.0,38.0,21.0,41,Good,35.1,54.4,0.9
Rajasthan,Dholpur,NO2,3.0,15.0,10.0,9,Good,37.2,69.8,17.9
Rajasthan,Dholpur,CO,31.0,39.0,35.0,44,Good,21.9,75.2,22.5
Rajasthan,Dholpur,OZONE,21.0,36.0,29.0,45,Good,34.1,87.4,6.2
Rajasthan,Hanumangarh,OZONE,8.0,33.0,19.0,40,Good,17.1,66.9,6.7
Rajasthan,Jaipur,PM2.5,42.0,87.0,72.0,73,Moderate,30.5,51.2,5.8
Rajasthan,Jaipur,NH3,1.0,5.0,3.0,32,Good,17.7,64.2,1.2
Rajasthan,Jaipur,CO,2.0,47.0,25.0,34,Good,38.6,32.8,20.5
Rajasthan,Jaipur,NO2,5.0,64.0,28.0,25,Good,31.8,55.3,23.7
Rajasthan,Jaipur,SO2,0.0,54.0,29.0,10,Good,39.6,34.2,19.3
Rajasthan,Jaipur,PM10,32.0,124.0,69.0,99,Moderate,25.9,49.0,9.7
Odisha,Talcher,SO2,29.0,51.0,36.0,46,Good,36.3,75.7,18.9
Odisha,Tensa,PM2.5,,,,459,Hazardous,18.6,48.0,18.7
Odisha,Tensa,OZONE,0.0,1.0,1.0,41,Good,27.9,42.5,3.3
Puducherry,Puducherry,PM2.5,8.0,35.0,18.0,6,Good,24.9,31.9,14.1
Punjab,Amritsar,NH3,7.0,12.0,8.0,47,Good,36.4,38.0,23.8
Punjab,Amritsar,CO,22.0,25.0,24.0,28,Good,28.6,87.9,27.5
Punjab,Amritsar,OZONE,24.0,24.0,24.0,1,Good,18.7,63.3,4.7
Punjab,Bathinda,NO2,,,,464,Hazardous,23.9,69.7,6.4
Punjab,Khanna,PM2.5,43.0,46.0,44.0,28,Good,16.5,84.0,11.2
Punjab,Khanna,OZONE,30.0,40.0,34.0,49,Good,38.4,32.5,23.3
Punjab,Ludhiana,OZONE,36.0,73.0,61.0,70,Moderate,15.6,47.2,3.6
Punjab,Mandi Gobindgarh,NO2,24.0,25.0,25.0,2,Good,16.8,51.2,15.1
Punjab,Mandi Gobindgarh,SO2,,,,315,Hazardous,16.7,33.0,7.4
Maharashtra,Navi Mumbai,OZONE,4.0,19.0,10.0,45,Good,35.2,49.1,14.6
Maharashtra,Navi Mumbai,NO2,5.0,12.0,6.0,39,Good,34.5,51.2,15.3
Maharashtra,Navi Mumbai,NH3,8.0,12.0,9.0,7,Good,31.1,31.5,11.3
Maharashtra,Navi Mumbai,CO,20.0,24.0,21.0,15,Good,25.2,93.9,5.5
Maharashtra,Navi Mumbai,OZONE,10.0,10.0,10.0,15,Good,39.6,34.2,17.3
Maharashtra,Navi Mumbai,NH3,1.0,1.0,1.0,25,Good,24.2,37.8,25.7
Maharashtra,Navi Mumbai,NH3,2.0,7.0,4.0,45,Good,36.2,54.6,11.4
Maharashtra,Parbhani,PM10,26.0,44.0,35.0,30,Good,31.5,60.1,8.7
Maharashtra,Parbhani,CO,10.0,14.0,12.0,23,Good,24.0,44.2,6.4
Maharashtra,Pimpri-Chinchwad,NO2,5.0,17.0,11.0,8,Good,24.1,93.3,22.6
Maharashtra,Pimpri-Chinchwad,PM2.5,7.0,19.0,13.0,12,Good,34.0,37.5,5.5
Maharashtra,Pimpri-Chinchwad,PM10,16.0,37.0,28.0,45,Good,18.9,52.0,1.8
Maharashtra,Pimpri-Chinchwad,CO,29.0,32.0,31.0,18,Good,26.0,50.6,10.8
Maharashtra,Pimpri-Chinchwad,SO2,,,,342,Hazardous,16.9,31.7,19.0
Maharashtra,Pimpri-Chinchwad,CO,27.0,102.0,60.0,75,Moderate,39.7,62.2,24.5
Maharashtra,Pimpri-Chinchwad,PM2.5,11.0,46.0,17.0,15,Good,38.6,52.1,10.7
Maharashtra,Pimpri-Chinchwad,PM10,12.0,34.0,18.0,42,Good,35.1,82.7,12.8
Maharashtra,Pimpri-Chinchwad,NH3,,,,398,Hazardous,27.9,34.0,28.2
Maharashtra,Pimpri-Chinchwad,CO,10.0,30.0,17.0,42,Good,23.5,55.2,18.7
Maharashtra,Pune,PM10,10.0,30.0,17.0,10,Good,20.7,71.3,22.6
Maharashtra,Pune,SO2,3.0,5.0,4.0,4,Good,30.2,90.3,10.6
Maharashtra,Pune,PM2.5,17.0,39.0,23.0,31,Good,32.2,91.8,12.2
Maharashtra,Pune,NH3,,,,367,Hazardous,17.1,59.8,22.7
Maharashtra,Pune,CO,21.0,80.0,42.0,1,Good,21.9,84.8,18.7
Maharashtra,Pune,OZONE,2.0,5.0,4.0,48,Good,24.9,40.8,28.8
Maharashtra,Pune,CO,128.0,137.0,131.0,123,Unhealthy for Sensitive Groups,19.6,90.7,20.7
Maharashtra,Pune,NH3,,,,466,Hazardous,35.0,82.7,25.2
Maharashtra,Pune,SO2,2.0,3.0,3.0,25,Good,22.9,89.1,15.4
Maharashtra,Pune,NO2,17.0,58.0,34.0,14,Good,31.7,33.5,12.0
Rajasthan,Bharatpur,NH3,8.0,18.0,10.0,3,Good,37.4,37.9,28.6
Rajasthan,Bhilwara,NH3,2.0,6.0,4.0,16,Good,17.0,79.4,13.0
Rajasthan,Bhilwara,SO2,5.0,12.0,10.0,15,Good,34.7,83.5,29.2
Rajasthan,Bhilwara,CO,13.0,27.0,22.0,43,Good,39.7,42.0,22.0
Rajasthan,Bhiwadi,NH3,6.0,23.0,12.0,45,Good,29.4,83.1,16.8
Rajasthan,Bhiwadi,PM10,70.0,500.0,217.0,243,Very Unhealthy,16.7,43.8,15.5
Rajasthan,Bhiwadi,SO2,14.0,25.0,17.0,2,Good,17.4,45.9,9.4
Rajasthan,Bundi,PM10,28.0,80.0,52.0,61,Moderate,17.0,45.4,6.3
Rajasthan,Bundi,NH3,3.0,6.0,4.0,0,Good,35.7,87.6,27.0
Rajasthan,Bundi,OZONE,13.0,45.0,26.0,19,Good,21.7,72.0,1.5
Rajasthan,Chittorgarh,SO2,3.0,9.0,6.0,49,Good,33.2,52.4,26.6
Meghalaya,Byrnihat,PM2.5,,,,496,Hazardous,39.5,68.8,1.7
Meghalaya,Byrnihat,NO2,,,,340,Hazardous,33.8,62.5,4.5
Meghalaya,Shillong,NH3,0.0,0.0,0.0,48,Good,27.7,46.7,12.8
Meghalaya,Shillong,OZONE,9.0,19.0,13.0,16,Good,36.0,92.4,10.4
Meghalaya,Shillong,PM10,,,,483,Hazardous,33.2,35.9,7.5
Mizoram,Aizawl,CO,3.0,3.0,3.0,23,Good,15.0,42.1,26.4
Nagaland,Kohima,NH3,0.0,1.0,1.0,35,Good,30.6,92.7,26.7
Odisha,Angul,PM2.5,,,,313,Hazardous,31.5,78.8,22.9
Odisha,Baripada,NH3,0.0,3.0,2.0,24,Good,38.5,61.4,23.6
Odisha,Baripada,CO,13.0,42.0,22.0,48,Good,39.0,68.2,28.4
Maharashtra,Sangli,NH3,2.0,3.0,2.0,9,Good,18.5,84.5,10.8
Maharashtra,Satara,PM2.5,,,,404,Hazardous,24.9,41.4,17.6
Maharashtra,Satara,SO2,1.0,4.0,2.0,10,Good,22.0,78.7,14.6
Maharashtra,Solapur,PM2.5,,,,308,Hazardous,16.9,49.3,21.8
Maharashtra,Thane,CO,1.0,33.0,16.0,4,Good,31.8,75.9,5.3
Maharashtra,Ulhasnagar,NO2,11.0,30.0,20.0,50,Good,23.7,51.7,13.9
Maharashtra,Ulhasnagar,CO,20.0,31.0,25.0,45,Good,21.1,37.7,0.5
Maharashtra,Virar,PM2.5,,,,488,Hazardous,15.5,39.0,12.2
Punjab,Rupnagar,PM2.5,29.0,236.0,96.0,75,Moderate,28.3,85.0,2.4
Rajasthan,Ajmer,NH3,7.0,7.0,7.0,18,Good,37.8,46.4,21.8
Rajasthan,Alwar,PM2.5,42.0,143.0,61.0,80,Moderate,17.9,56.4,22.5
Rajasthan,Alwar,PM10,66.0,102.0,79.0,80,Moderate,35.0,54.0,18.2
Rajasthan,Baran,PM2.5,5.0,33.0,15.0,9,Good,30.7,91.2,16.2
Rajasthan,Baran,NO2,13.0,37.0,22.0,27,Good,35.6,89.3,18.9
Rajasthan,Baran,NH3,3.0,7.0,4.0,40,Good,27.3,68.4,26.6
Telangana,Hyderabad,NH3,2.0,3.0,2.0,24,Good,35.8,33.7,13.3
Telangana,Hyderabad,PM2.5,32.0,51.0,42.0,31,Good,23.2,71.6,29.7
Telangana,Hyderabad,OZONE,16.0,18.0,17.0,5,Good,23.5,37.7,14.6
Telangana,Hyderabad,NH3,,,,402,Hazardous,16.3,85.8,25.4
Telangana,Hyderabad,PM10,11.0,51.0,30.0,3,Good,22.5,61.4,20.9
Telangana,Hyderabad,NO2,5.0,26.0,16.0,48,Good,22.8,65.6,1.6
Telangana,Hyderabad,SO2,2.0,9.0,6.0,36,Good,24.6,87.4,19.4
Telangana,Hyderabad,PM10,3.0,17.0,9.0,14,Good,31.0,49.9,16.1
Telangana,Hyderabad,NO2,4.0,8.0,7.0,44,Good,32.4,72.9,16.1
Telangana,Hyderabad,SO2,6.0,19.0,14.0,48,Good,17.0,87.1,10.8
Telangana,Hyderabad,OZONE,19.0,46.0,39.0,26,Good,19.4,38.4,23.0
Telangana,Hyderabad,PM10,55.0,73.0,63.0,56,Moderate,31.0,85.7,21.2
Telangana,Hyderabad,CO,29.0,41.0,31.0,38,Good,25.5,30.9,26.4
Uttar Pradesh,Ghaziabad,NO2,13.0,27.0,20.0,46,Good,33.1,67.6,18.7
Uttar Pradesh,Ghaziabad,NH3,7.0,24.0,13.0,47,Good,22.5,43.8,28.9
Uttar Pradesh,Ghaziabad,SO2,7.0,11.0,8.0,17,Good,30.0,47.2,17.7
Uttar Pradesh,Ghaziabad,SO2,16.0,46.0,28.0,19,Good,36.4,83.9,1.6
Uttar Pradesh,Ghaziabad,CO,14.0,72.0,47.0,48,Good,26.4,92.0,23.0
Uttar Pradesh,Ghaziabad,OZONE,19.0,44.0,33.0,20,Good,39.3,49.5,0.3
Uttar Pradesh,Ghaziabad,CO,31.0,55.0,42.0,13,Good,28.1,69.5,10.2
Uttar Pradesh,Ghaziabad,PM2.5,41.0,154.0,81.0,72,Moderate,21.6,44.6,18.4
Uttar Pradesh,Ghaziabad,SO2,4.0,5.0,4.0,43,Good,39.9,69.0,29.4
Uttar Pradesh,Greater Noida,OZONE,8.0,23.0,12.0,39,Good,30.6,56.1,2.5
Uttar Pradesh,Greater Noida,SO2,3.0,7.0,5.0,19,Good,33.3,90.3,17.7
Uttar Pradesh,Hapur,PM2.5,8.0,44.0,27.0,45,Good,21.5,62.5,9.8
Uttar Pradesh,Hapur,NO2,8.0,18.0,11.0,37,Good,18.3,78.3,13.2
Rajasthan,Pratapgarh,NO2,9.0,16.0,12.0,2,Good,33.0,51.7,27.8
Rajasthan,Rajsamand,SO2,4.0,8.0,5.0,16,Good,25.1,69.0,29.0
Rajasthan,Sawai Madhopur,CO,39.0,50.0,45.0,38,Good,26.6,81.4,5.7
Rajasthan,Sikar,PM10,51.0,135.0,102.0,115,Unhealthy for Sensitive Groups,32.9,56.3,23.5
Rajasthan,Sirohi,NO2,3.0,10.0,6.0,40,Good,27.4,31.5,1.7
Rajasthan,Sirohi,CO,7.0,14.0,11.0,48,Good,37.3,64.1,29.5
Rajasthan,Sri Ganganagar,NO2,7.0,63.0,21.0,9,Good,38.2,42.1,21.7
Rajasthan,Sri Ganganagar,NH3,2.0,12.0,4.0,46,Good,37.4,87.3,4.7
Rajasthan,Sri Ganganagar,CO,19.0,48.0,27.0,33,Good,17.0,76.4,27.3
Rajasthan,Sri Ganganagar,OZONE,8.0,55.0,26.0,17,Good,32.8,59.7,26.7
Rajasthan,Udaipur,NO2,3.0,19.0,8.0,36,Good,27.5,44.2,3.5
Telangana,Hyderabad,OZONE,21.0,31.0,27.0,34,Good,16.2,57.8,10.8
Telangana,Hyderabad,CO,24.0,37.0,31.0,49,Good,26.2,34.1,29.3
Uttar Pradesh,Agra,PM2.5,25.0,71.0,41.0,21,Good,33.8,32.7,23.7
Uttar Pradesh,Agra,NO2,18.0,18.0,18.0,30,Good,40.0,35.9,11.5
Uttar Pradesh,Agra,SO2,10.0,10.0,10.0,12,Good,18.8,48.1,26.7
Uttar Pradesh,Agra,CO,16.0,18.0,17.0,17,Good,26.0,51.6,19.8
Uttar Pradesh,Agra,NH3,1.0,1.0,1.0,17,Good,27.8,81.9,1.7
Uttar Pradesh,Agra,SO2,38.0,40.0,39.0,10,Good,29.8,87.1,26.5
Uttar Pradesh,Agra,PM2.5,,,,496,Hazardous,17.9,43.7,20.1
Uttar Pradesh,Agra,PM10,,,,398,Hazardous,39.6,55.9,12.3
Uttar Pradesh,Agra,NH3,1.0,1.0,1.0,24,Good,19.3,79.2,1.7
Uttar Pradesh,Agra,SO2,16.0,51.0,37.0,50,Good,21.4,84.5,12.8
Uttar Pradesh,Agra,NO2,16.0,16.0,16.0,9,Good,15.1,49.1,28.7
Rajasthan,Jaipur,PM10,34.0,151.0,82.0,97,Moderate,27.5,45.5,17.1
Rajasthan,Jaipur,CO,24.0,56.0,37.0,28,Good,34.9,77.2,24.4
Rajasthan,Jaisalmer,PM2.5,22.0,75.0,45.0,38,Good,17.0,75.4,4.8
Rajasthan,Jhalawar,NH3,4.0,8.0,6.0,3,Good,21.0,85.4,11.2
Rajasthan,Jhunjhunu,OZONE,20.0,71.0,40.0,37,Good,36.1,83.5,12.9
Rajasthan,Jodhpur,OZONE,37.0,69.0,56.0,64,Moderate,31.1,52.7,19.2
Rajasthan,Jodhpur,NO2,1.0,8.0,3.0,10,Good,21.1,89.1,17.4
Rajasthan,Jodhpur,NH3,4.0,7.0,4.0,50,Good,29.3,92.2,1.3
Rajasthan,Jodhpur,PM2.5,33.0,83.0,53.0,58,Moderate,39.5,87.2,22.9
Uttar Pradesh,Bareilly,PM2.5,,,,432,Hazardous,26.4,34.2,17.4
Uttar Pradesh,Bareilly,SO2,3.0,7.0,3.0,17,Good,35.3,65.0,26.5
Uttar Pradesh,Bareilly,CO,32.0,46.0,40.0,40,Good,23.5,32.3,17.3
Uttar Pradesh,Bareilly,OZONE,,,,453,Hazardous,33.9,82.8,5.3
Uttar Pradesh,Bareilly,CO,33.0,43.0,36.0,34,Good,21.1,37.6,25.7
Uttar Pradesh,Bulandshahr,PM10,19.0,136.0,63.0,96,Moderate,35.2,55.9,13.0
Uttar Pradesh,Bulandshahr,NO2,0.0,30.0,8.0,48,Good,32.0,36.6,17.9
Uttar Pradesh,Bulandshahr,SO2,2.0,8.0,5.0,2,Good,25.5,69.8,26.7
Uttar Pradesh,Firozabad,NH3,6.0,7.0,7.0,28,Good,29.9,42.3,28.8
Uttar Pradesh,Firozabad,OZONE,6.0,7.0,7.0,3,Good,35.0,74.0,15.5
Sikkim,Gangtok,CO,6.0,10.0,9.0,48,Good,34.9,57.4,26.5
Tamil Nadu,Chennai,PM10,38.0,74.0,54.0,82,Moderate,21.0,39.5,15.4
Tamil Nadu,Chennai,NH3,3.0,4.0,4.0,19,Good,35.9,94.4,18.0
Tamil Nadu,Chennai,NO2,4.0,7.0,5.0,35,Good,28.0,42.4,27.5
Tamil Nadu,Chennai,SO2,3.0,9.0,6.0,30,Good,18.9,78.3,3.1
Tamil Nadu,Chennai,PM2.5,12.0,67.0,23.0,29,Good,28.1,68.3,13.8
Tamil Nadu,Chennai,OZONE,6.0,157.0,41.0,26,Good,36.3,50.8,18.3
Tamil Nadu,Chennai,PM2.5,,,,318,Hazardous,27.4,66.2,18.7
Rajasthan,Jodhpur,NO2,2.0,9.0,5.0,30,Good,37.6,67.0,19.8
Rajasthan,Karauli,NH3,5.0,47.0,14.0,26,Good,29.0,86.1,14.7
Rajasthan,Khairthal,NO2,5.0,13.0,8.0,0,Good,34.1,75.8,24.8
Rajasthan,Khairthal,SO2,4.0,5.0,5.0,20,Good,30.0,47.8,11.9
Rajasthan,Kota,PM10,47.0,103.0,75.0,87,Moderate,29.8,65.1,20.8
Rajasthan,Kota,CO,14.0,20.0,17.0,17,Good,27.1,86.4,24.3
Rajasthan,Kota,PM10,27.0,80.0,54.0,92,Moderate,29.8,52.8,0.6
Tamil Nadu,Chennai,OZONE,30.0,33.0,32.0,13,Good,36.9,78.0,17.4
Tamil Nadu,Cuddalore,PM2.5,,,,339,Hazardous,18.1,86.1,17.4
Tamil Nadu,Cuddalore,NH3,,,,473,Hazardous,28.5,92.4,17.1
Tamil Nadu,Gummidipoondi,PM10,46.0,138.0,85.0,51,Moderate,34.5,33.0,11.5
Tamil Nadu,Thoothukudi,PM2.5,,,,322,Hazardous,32.3,34.8,3.1
Uttar Pradesh,Lucknow,OZONE,45.0,82.0,62.0,67,Moderate,23.3,68.7,17.6
Uttar Pradesh,Lucknow,PM2.5,18.0,81.0,52.0,95,Moderate,33.6,36.6,8.7
Uttar Pradesh,Lucknow,OZONE,53.0,62.0,58.0,93,Moderate,24.4,94.2,4.2
Uttar Pradesh,Lucknow,OZONE,22.0,58.0,42.0,6,Good,24.7,37.0,10.6
Uttar Pradesh,Mathura,PM2.5,,,,359,Hazardous,22.9,85.2,14.2
Uttar Pradesh,Mathura,SO2,1.0,5.0,3.0,39,Good,19.9,34.4,7.9
Uttar Pradesh,Mathura,OZONE,18.0,54.0,39.0,31,Good,26.8,37.7,17.2
Uttar Pradesh,Meerut,PM10,28.0,93.0,55.0,100,Moderate,16.6,37.6,10.2
Uttar Pradesh,Meerut,SO2,11.0,37.0,18.0,25,Good,32.4,65.1,15.9
Uttar Pradesh,Meerut,CO,21.0,49.0,29.0,18,Good,23.3,82.0,29.3
Uttar Pradesh,Meerut,CO,28.0,40.0,31.0,7,Good,25.3,36.4,28.0
Uttar Pradesh,Meerut,PM10,11.0,64.0,40.0,20,Good,17.9,35.6,16.2
Uttar Pradesh,Meerut,NO2,5.0,14.0,8.0,6,Good,21.3,32.7,18.2
Uttar Pradesh,Meerut,SO2,6.0,8.0,8.0,5,Good,35.0,67.7,28.6
Uttar Pradesh,Meerut,PM10,63.0,167.0,118.0,125,Unhealthy for Sensitive Groups,39.4,86.6,3.9
Uttar Pradesh,Meerut,SO2,2.0,3.0,2.0,10,Good,21.4,82.3,0.0
Uttar Pradesh,Modinagar,SO2,13.0,14.0,13.0,13,Good,29.4,47.0,15.4
Uttar Pradesh,Moradabad,PM2.5,,,,307,Hazardous,39.3,49.1,14.0
Uttar Pradesh,Prayagraj,CO,8.0,16.0,11.0,1,Good,21.4,77.5,16.1
Uttar Pradesh,Varanasi,PM10,19.0,79.0,40.0,31,Good,16.3,39.4,10.9
Uttar Pradesh,Varanasi,PM10,22.0,102.0,46.0,35,Good,39.7,80.0,11.2
Uttar Pradesh,Varanasi,NO2,39.0,50.0,41.0,9,Good,21.5,82.5,12.2
Uttar Pradesh,Varanasi,PM10,22.0,78.0,43.0,14,Good,15.9,50.0,29.5
Uttar Pradesh,Varanasi,SO2,25.0,33.0,28.0,12,Good,24.3,80.6,2.6
Uttar Pradesh,Vrindavan,PM10,11.0,100.0,49.0,13,Good,28.4,45.6,6.2
Uttar Pradesh,Vrindavan,NH3,7.0,10.0,8.0,33,Good,36.4,63.7,21.3
Uttar Pradesh,Vrindavan,SO2,21.0,35.0,28.0,29,Good,24.5,49.4,2.4
Uttar Pradesh,Vrindavan,OZONE,16.0,16.0,16.0,8,Good,23.3,52.5,9.3
Uttarakhand,Kashipur,SO2,0.0,10.0,6.0,21,Good,17.0,48.0,9.0
Uttarakhand,Kashipur,OZONE,7.0,35.0,20.0,17,Good,31.3,75.6,29.6
Uttarakhand,Rishikesh,PM2.5,2.0,2.0,2.0,48,Good,38.9,58.4,11.2
Uttarakhand,Rishikesh,PM10,27.0,27.0,27.0,20,Good,34.9,72.4,11.3
West Bengal,Asansol,PM2.5,17.0,60.0,33.0,38,Good,37.1,37.7,28.3
Uttar Pradesh,Jhansi,NH3,4.0,4.0,4.0,28,Good,28.5,33.9,16.8
Uttar Pradesh,Jhansi,CO,7.0,96.0,31.0,24,Good,19.5,61.5,20.1
Uttar Pradesh,Kanpur,CO,50.0,52.0,51.0,64,Moderate,17.9,91.7,1.2
Uttar Pradesh,Kanpur,OZONE,2.0,2.0,2.0,22,Good,19.2,78.0,6.5
Uttar Pradesh,Kanpur,PM2.5,16.0,209.0,44.0,13,Good,20.6,79.6,26.9
Uttar Pradesh,Kanpur,NO2,26.0,27.0,27.0,45,Good,17.9,77.5,22.9
Uttar Pradesh,Kanpur,CO,34.0,38.0,36.0,48,Good,17.7,85.7,23.6
Uttar Pradesh,Khurja,SO2,10.0,11.0,10.0,14,Good,25.5,59.1,13.9
Uttar Pradesh,Lucknow,PM2.5,35.0,100.0,56.0,65,Moderate,35.1,86.0,27.4
Uttar Pradesh,Lucknow,NH3,3.0,20.0,11.0,2,Good,28.3,52.6,4.7
Uttar Pradesh,Lucknow,NO2,11.0,12.0,12.0,7,Good,16.9,39.3,27.5
Uttar Pradesh,Lucknow,OZONE,32.0,39.0,35.0,1,Good,18.9,89.9,3.0
Uttar Pradesh,Muzaffarnagar,PM2.5,29.0,162.0,59.0,88,Moderate,34.3,65.3,6.0
Uttar Pradesh,Muzaffarnagar,SO2,3.0,81.0,37.0,36,Good,24.5,84.9,13.0
Uttar Pradesh,Noida,CO,16.0,51.0,36.0,34,Good,30.5,66.8,21.3
Uttar Pradesh,Noida,PM2.5,29.0,88.0,57.0,92,Moderate,24.0,69.9,9.1
Uttar Pradesh,Noida,PM10,55.0,161.0,104.0,116,Unhealthy for Sensitive Groups,33.5,81.8,28.6
Uttar Pradesh,Noida,NH3,23.0,27.0,23.0,45,Good,19.7,44.9,0.4
Uttar Pradesh,Noida,OZONE,11.0,58.0,32.0,9,Good,24.0,71.0,26.6
Uttar Pradesh,Prayagraj,NH3,8.0,8.0,8.0,27,Good,27.7,88.1,22.3
Uttar Pradesh,Prayagraj,SO2,14.0,23.0,18.0,49,Good,27.0,90.4,23.4
Uttar Pradesh,Prayagraj,OZONE,15.0,26.0,22.0,24,Good,32.2,69.7,8.4
Uttar Pradesh,Prayagraj,PM10,19.0,40.0,28.0,45,Good,29.8,36.7,8.5
West Bengal,Howrah,NH3,1.0,2.0,1.0,33,Good,28.6,53.6,13.6
West Bengal,Kolkata,PM2.5,39.0,81.0,50.0,30,Good,31.4,49.3,27.2
West Bengal,Kolkata,NH3,9.0,10.0,9.0,6,Good,19.4,82.9,26.4
West Bengal,Kolkata,CO,16.0,29.0,21.0,10,Good,20.2,40.8,11.0
West Bengal,Kolkata,NO2,25.0,88.0,52.0,56,Moderate,36.6,73.5,7.7
West Bengal,Kolkata,SO2,5.0,8.0,7.0,4,Good,25.4,88.3,25.2
West Bengal,Kolkata,CO,13.0,22.0,17.0,48,Good,36.5,86.1,14.4
West Bengal,Kolkata,NH3,6.0,9.0,7.0,28,Good,27.6,35.8,14.5
West Bengal,Kolkata,NH3,5.0,6.0,5.0,19,Good,39.2,78.8,26.1
West Bengal,Kolkata,CO,42.0,46.0,44.0,12,Good,31.7,69.2,18.4
West Bengal,Asansol,NH3,8.0,10.0,9.0,40,Good,28.8,48.0,5.7
West Bengal,Asansol,SO2,27.0,32.0,30.0,25,Good,25.8,69.9,9.5
West Bengal,Asansol,CO,40.0,60.0,44.0,24,Good,19.2,86.8,21.2
West Bengal,Asansol,PM2.5,,,,321,Hazardous,37.9,66.4,1.9
West Bengal,Asansol,PM10,31.0,81.0,52.0,89,Moderate,16.9,59.5,26.1
West Bengal,Barrackpore,PM2.5,17.0,57.0,42.0,13,Good,17.8,91.7,22.8
West Bengal,Barrackpore,SO2,9.0,11.0,10.0,30,Good,23.5,81.7,29.3
West Bengal,Durgapur,NH3,,,,354,Hazardous,30.0,74.8,14.0
West Bengal,Durgapur,NO2,2.0,19.0,9.0,50,Good,34.7,32.9,12.4
Uttar Pradesh,Moradabad,PM10,26.0,89.0,41.0,3,Good,26.4,93.0,4.9
Uttar Pradesh,Moradabad,CO,40.0,40.0,40.0,7,Good,33.0,40.8,20.5
Uttar Pradesh,Moradabad,SO2,26.0,30.0,27.0,45,Good,37.5,72.8,23.8
Uttar Pradesh,Moradabad,PM10,21.0,63.0,35.0,4,Good,37.8,31.0,0.7
Uttar Pradesh,Moradabad,NO2,24.0,25.0,24.0,16,Good,22.7,60.1,10.7
Uttar Pradesh,Moradabad,NH3,5.0,5.0,5.0,11,Good,23.5,65.7,9.1
West Bengal,Howrah,SO2,3.0,6.0,5.0,9,Good,31.2,41.1,26.2
West Bengal,Howrah,CO,14.0,30.0,20.0,32,Good,25.0,65.7,17.1
West Bengal,Howrah,PM10,57.0,91.0,75.0,86,Moderate,38.9,77.7,10.0
West Bengal,Howrah,NH3,3.0,4.0,3.0,26,Good,36.1,88.9,5.4
West Bengal,Howrah,OZONE,17.0,21.0,19.0,10,Good,31.2,89.2,20.6
West Bengal,Siliguri,NH3,21.0,29.0,25.0,50,Good,32.2,68.8,7.8
Bihar,Patna,CO,32.0,33.0,33.0,50,Good,20.1,84.6,20.0
Bihar,Patna,PM10,,,,395,Hazardous,21.7,85.7,15.4
Bihar,Patna,CO,34.0,41.0,37.0,10,Good,26.7,78.4,17.8
Bihar,Patna,PM10,43.0,46.0,44.0,10,Good,25.0,91.4,25.5
Bihar,Patna,CO,57.0,57.0,57.0,77,Moderate,37.0,87.3,20.1
Bihar,Purnia,PM2.5,50.0,80.0,63.0,62,Moderate,37.2,58.9,23.6
Bihar,Purnia,NH3,2.0,2.0,2.0,45,Good,32.4,89.9,24.0
Bihar,Rajgir,NH3,3.0,3.0,3.0,24,Good,30.0,59.2,2.2
Bihar,Saharsa,NO2,,,,331,Hazardous,36.4,72.4,15.7
Bihar,Saharsa,CO,35.0,35.0,35.0,28,Good,32.9,88.5,22.2
Bihar,Saharsa,OZONE,15.0,15.0,15.0,18,Good,35.6,66.6,28.8
Bihar,Samastipur,PM2.5,27.0,362.0,89.0,55,Moderate,25.1,31.2,7.0
Bihar,Sasaram,NO2,,,,346,Hazardous,31.7,55.8,4.5
Bihar,Siwan,OZONE,12.0,16.0,14.0,23,Good,31.3,66.2,8.1
Andhra Pradesh,Guntur,SO2,7.0,17.0,11.0,43,Good,26.5,84.5,10.7
Andhra Pradesh,Kadapa,NH3,9.0,16.0,11.0,14,Good,25.8,88.7,28.7
Andhra Pradesh,Kadapa,SO2,10.0,16.0,12.0,41,Good,24.8,32.8,20.5
Andhra Pradesh,Nellore,NO2,28.0,31.0,29.0,13,Good,29.4,43.2,19.2
Andhra Pradesh,Nellore,NH3,5.0,7.0,6.0,6,Good,37.5,46.3,12.0
Andhra Pradesh,Nellore,CO,36.0,36.0,36.0,28,Good,25.2,38.5,23.3
Andhra Pradesh,Rajamahendravaram,NO2,3.0,8.0,5.0,37,Good,15.4,86.1,7.5
Andhra Pradesh,Rajamahendravaram,CO,8.0,25.0,16.0,11,Good,36.4,79.0,15.2
Andhra Pradesh,Tirumala,PM2.5,3.0,20.0,11.0,1,Good,22.5,80.1,7.4
Andhra Pradesh,Tirumala,NO2,15.0,62.0,39.0,42,Good,37.7,30.7,18.4
Andhra Pradesh,Tirumala,NH3,2.0,3.0,2.0,46,Good,21.1,42.3,16.2
Andhra Pradesh,Tirupati,OZONE,47.0,48.0,48.0,39,Good,24.8,73.0,22.3
Andhra Pradesh,Vijayawada,CO,26.0,30.0,28.0,6,Good,15.7,33.2,24.9
Andhra Pradesh,Vijayawada,OZONE,20.0,43.0,28.0,37,Good,16.7,51.8,19.2
Andhra Pradesh,Vijayawada,PM2.5,47.0,65.0,52.0,88,Moderate,17.0,89.5,14.0
Andhra Pradesh,Vijayawada,SO2,8.0,17.0,12.0,7,Good,23.2,74.8,3.0
Andhra Pradesh,Vijayawada,OZONE,31.0,46.0,36.0,19,Good,27.4,67.9,0.3
Andhra Pradesh,Visakhapatnam,PM10,18.0,152.0,74.0,55,Moderate,23.1,36.5,9.9
Arunachal Pradesh,Naharlagun,PM2.5,2.0,57.0,28.0,14,Good,15.1,83.2,19.7
Arunachal Pradesh,Naharlagun,NO2,7.0,12.0,9.0,35,Good,33.6,84.0,22.7
Assam,Byrnihat,SO2,10.0,33.0,31.0,26,Good,21.6,41.3,14.2
Assam,Guwahati,PM10,13.0,59.0,41.0,33,Good,30.0,30.1,0.6
Assam,Guwahati,PM2.5,16.0,74.0,49.0,20,Good,34.2,32.2,23.4
Assam,Guwahati,CO,13.0,14.0,14.0,43,Good,21.1,72.0,23.4
Assam,Guwahati,PM10,,,,414,Hazardous,34.4,34.2,26.3
Bihar,Manguraha,CO,33.0,33.0,33.0,22,Good,24.9,31.7,26.4
Bihar,Motihari,PM10,,,,451,Hazardous,27.6,32.6,19.7
Bihar,Muzaffarpur,PM2.5,57.0,87.0,73.0,68,Moderate,25.6,81.0,22.1
Bihar,Muzaffarpur,SO2,1.0,11.0,6.0,28,Good,19.3,78.2,4.5
Bihar,Muzaffarpur,PM2.5,38.0,80.0,53.0,60,Moderate,21.7,57.0,17.7
Bihar,Muzaffarpur,PM10,,,,352,Hazardous,33.7,39.2,29.9
Bihar,Muzaffarpur,NO2,15.0,25.0,20.0,21,Good,36.9,92.5,10.1
Bihar,Muzaffarpur,NO2,1.0,9.0,6.0,15,Good,19.6,39.3,19.6
Bihar,Muzaffarpur,SO2,9.0,21.0,14.0,1,Good,34.4,44.6,17.8
Bihar,Muzaffarpur,CO,13.0,21.0,16.0,30,Good,38.0,54.7,12.5
Bihar,Patna,NO2,30.0,35.0,32.0,32,Good,33.5,44.9,7.4
Bihar,Patna,PM10,37.0,58.0,47.0,24,Good,32.8,80.1,20.4
Bihar,Patna,NH3,2.0,3.0,3.0,15,Good,31.5,56.2,20.8
Chhattisgarh,Korba,PM10,7.0,22.0,13.0,34,Good,22.3,31.4,1.1
Chhattisgarh,Korba,NO2,5.0,10.0,8.0,8,Good,23.0,44.0,16.0
Chhattisgarh,Korba,OZONE,2.0,2.0,2.0,45,Good,30.3,70.3,28.7
Chhattisgarh,Kunjemura,OZONE,7.0,10.0,9.0,12,Good,25.5,72.8,22.1
Chhattisgarh,Milupara,PM2.5,18.0,66.0,36.0,26,Good,36.9,67.2,12.3
Chhattisgarh,Milupara,SO2,15.0,19.0,16.0,32,Good,30.6,88.5,19.0
Chhattisgarh,Raipur,CO,19.0,23.0,20.0,22,Good,18.1,46.1,19.5
Chhattisgarh,Raipur,PM2.5,12.0,71.0,44.0,50,Good,31.5,32.5,5.2
Chhattisgarh,Raipur,PM10,,,,452,Hazardous,26.4,81.4,16.6
Chhattisgarh,Raipur,SO2,0.0,22.0,8.0,25,Good,22.1,44.1,16.5
Chhattisgarh,Raipur,PM2.5,9.0,33.0,17.0,40,Good,28.2,63.5,27.7
Delhi,Delhi,PM2.5,,,,373,Hazardous,27.1,77.0,5.2
Chandigarh,Chandigarh,SO2,,,,413,Hazardous,39.3,38.9,27.9
Chandigarh,Chandigarh,NO2,12.0,62.0,31.0,42,Good,32.0,41.5,14.4
Chhattisgarh,Bhilai,NH3,5.0,5.0,5.0,6,Good,20.4,57.4,0.4
Chhattisgarh,Bhilai,SO2,9.0,37.0,19.0,15,Good,16.3,77.2,27.3
Chhattisgarh,Bhilai,CO,21.0,42.0,32.0,11,Good,29.9,55.7,29.6
Chhattisgarh,Bilaspur,PM2.5,12.0,40.0,28.0,20,Good,24.0,84.4,6.3
Chhattisgarh,Bilaspur,OZONE,,,,415,Hazardous,34.7,55.6,13.7
Chhattisgarh,Chhal,PM2.5,17.0,44.0,26.0,16,Good,31.3,50.9,12.5
Chhattisgarh,Chhal,PM10,13.0,46.0,27.0,44,Good,19.8,89.7,25.2
Chhattisgarh,Chhal,SO2,7.0,13.0,9.0,25,Good,36.1,39.0,23.3
Chhattisgarh,Korba,NO2,,,,403,Hazardous,39.7,63.6,4.2
Chhattisgarh,Korba,OZONE,8.0,17.0,9.0,20,Good,30.3,52.0,2.5
Bihar,Bettiah,SO2,10.0,12.0,11.0,49,Good,16.2,68.3,11.3
Bihar,Bhagalpur,NO2,5.0,9.0,7.0,47,Good,35.9,78.5,21.0
Bihar,Bhagalpur,PM2.5,,,,318,Hazardous,28.9,52.3,5.4
Bihar,Bhagalpur,NO2,11.0,13.0,12.0,46,Good,26.4,39.9,16.4
Bihar,Bhagalpur,NH3,1.0,1.0,1.0,24,Good,28.5,54.5,21.5
Bihar,Bihar Sharif,NH3,3.0,4.0,3.0,42,Good,24.3,48.6,4.5
Bihar,Bihar Sharif,CO,50.0,62.0,58.0,72,Moderate,19.1,30.8,5.1
Bihar,Buxar,NO2,9.0,10.0,9.0,31,Good,27.6,89.1,19.0
Bihar,Buxar,SO2,27.0,32.0,30.0,2,Good,28.1,75.0,17.8
Bihar,Buxar,OZONE,10.0,47.0,28.0,20,Good,30.1,94.0,25.8
Bihar,Gaya,PM2.5,30.0,358.0,175.0,190,Unhealthy,37.9,65.3,28.0
Assam,Nagaon,NH3,0.0,4.0,4.0,49,Good,23.3,46.5,24.1
Assam,Nagaon,CO,20.0,23.0,22.0,33,Good,15.5,51.7,2.6
Assam,Silchar,PM2.5,32.0,34.0,33.0,43,Good,33.6,72.1,28.4
Assam,Silchar,PM10,39.0,59.0,47.0,4,Good,27.2,94.2,19.2
Assam,Sivasagar,SO2,7.0,11.0,9.0,11,Good,31.3,69.0,20.4
Bihar,Arrah,CO,46.0,57.0,51.0,71,Moderate,26.2,81.0,16.6
Bihar,Arrah,OZONE,5.0,9.0,7.0,14,Good,24.6,50.5,13.8
Bihar,Aurangabad,OZONE,6.0,7.0,6.0,11,Good,26.4,57.6,6.0
Bihar,Begusarai,CO,9.0,18.0,15.0,37,Good,15.1,78.5,8.3
Bihar,Gaya,OZONE,8.0,37.0,19.0,27,Good,39.5,87.0,6.2
Bihar,Gaya,SO2,35.0,44.0,41.0,37,Good,15.5,33.2,16.8
Bihar,Gaya,OZONE,22.0,45.0,35.0,16,Good,29.5,50.7,26.1
Bihar,Katihar,PM2.5,3.0,23.0,15.0,4,Good,35.4,57.3,16.7
Bihar,Katihar,SO2,17.0,22.0,19.0,13,Good,30.8,70.4,22.3
Bihar,Katihar,OZONE,15.0,26.0,19.0,22,Good,31.4,61.9,18.0
Bihar,Kishanganj,SO2,7.0,11.0,8.0,10,Good,29.5,52.0,22.8
Andhra Pradesh,Amaravati,PM2.5,9.0,29.0,18.0,2,Good,28.5,61.4,12.7
Andhra Pradesh,Chittoor,CO,14.0,20.0,18.0,30,Good,21.3,49.1,13.0
Andhra Pradesh,Eluru,PM2.5,50.0,66.0,58.0,77,Moderate,34.5,83.1,26.7
Andhra Pradesh,Eluru,NO2,11.0,29.0,16.0,18,Good,32.0,87.8,7.9
Delhi,Delhi,SO2,6.0,18.0,11.0,41,Good,39.7,39.1,19.3
Delhi,Delhi,OZONE,5.0,12.0,8.0,1,Good,22.0,90.5,3.3
Delhi,Delhi,NO2,19.0,58.0,28.0,18,Good,22.8,45.1,3.0
Delhi,Delhi,SO2,13.0,101.0,36.0,5,Good,15.5,56.4,18.7
Delhi,Delhi,CO,27.0,35.0,31.0,32,Good,26.8,81.8,10.1
Delhi,Delhi,PM10,80.0,156.0,117.0,150,Unhealthy for Sensitive Groups,32.3,85.2,20.9
Delhi,Delhi,OZONE,17.0,32.0,25.0,22,Good,35.7,69.8,14.7
Delhi,Delhi,NH3,2.0,6.0,4.0,47,Good,33.3,30.8,0.5
Delhi,Delhi,PM10,89.0,137.0,112.0,140,Unhealthy for Sensitive Groups,20.8,49.8,14.4
Delhi,Delhi,NH3,,,,335,Hazardous,38.5,82.7,11.7
Delhi,Delhi,PM2.5,22.0,103.0,60.0,53,Moderate,25.5,73.5,6.0
Delhi,Delhi,NO2,26.0,33.0,30.0,30,Good,30.9,58.6,8.8
Delhi,Delhi,NH3,,,,394,Hazardous,19.7,75.2,4.3
Delhi,Delhi,NH3,,,,477,Hazardous,32.4,42.6,26.3
Delhi,Delhi,NH3,4.0,10.0,6.0,40,Good,15.9,61.2,9.2
Delhi,Delhi,SO2,9.0,15.0,11.0,37,Good,38.1,39.1,19.3
Delhi,Delhi,CO,33.0,41.0,35.0,29,Good,36.0,63.7,1.4
Delhi,Delhi,PM2.5,45.0,127.0,84.0,66,Moderate,33.9,74.9,15.6
Delhi,Delhi,SO2,8.0,23.0,13.0,14,Good,16.7,62.4,21.6
Delhi,Delhi,PM2.5,30.0,250.0,117.0,127,Unhealthy for Sensitive Groups,22.2,59.2,7.9
Delhi,Delhi,CO,52.0,80.0,60.0,75,Moderate,30.6,73.8,4.9
Delhi,Delhi,OZONE,23.0,56.0,38.0,34,Good,24.3,59.5,1.7
Delhi,Delhi,PM2.5,33.0,95.0,65.0,82,Moderate,38.9,69.6,24.9
Delhi,Delhi,NO2,22.0,42.0,27.0,41,Good,39.9,54.4,17.6
Delhi,Delhi,NO2,20.0,35.0,24.0,46,Good,38.0,35.6,1.6
Delhi,Delhi,NO2,23.0,56.0,37.0,18,Good,35.7,34.9,15.2
Delhi,Delhi,SO2,8.0,12.0,10.0,13,Good,16.4,43.3,9.6
Delhi,Delhi,NO2,15.0,28.0,19.0,49,Good,30.1,80.7,25.9
Delhi,Delhi,NH3,,,,301,Hazardous,20.6,32.8,10.3
Gujarat,Ahmedabad,CO,6.0,14.0,11.0,15,Good,28.6,41.5,20.2
Gujarat,Ahmedabad,PM2.5,35.0,106.0,59.0,63,Moderate,17.4,78.6,19.1
Gujarat,Ahmedabad,NO2,10.0,23.0,13.0,36,Good,32.8,43.9,26.8
Gujarat,Ahmedabad,NH3,3.0,7.0,3.0,45,Good,28.4,86.0,11.8
Gujarat,Ahmedabad,OZONE,8.0,21.0,14.0,41,Good,38.4,70.3,0.3
Gujarat,Ahmedabad,NO2,28.0,30.0,29.0,31,Good,21.1,69.5,30.0
Gujarat,Ahmedabad,OZONE,41.0,53.0,46.0,39,Good,30.7,85.2,24.2
Gujarat,Ahmedabad,PM2.5,21.0,65.0,37.0,20,Good,20.8,69.6,12.1
Gujarat,Ahmedabad,CO,21.0,32.0,27.0,18,Good,15.6,70.5,14.3
Gujarat,Ahmedabad,NO2,5.0,10.0,7.0,40,Good,35.7,81.9,27.6
Delhi,Delhi,PM10,29.0,109.0,77.0,89,Moderate,29.2,61.3,8.6
Delhi,Delhi,NO2,5.0,13.0,9.0,25,Good,38.2,31.7,27.6
Delhi,Delhi,CO,23.0,27.0,26.0,34,Good,33.1,63.9,6.3
Delhi,Delhi,CO,25.0,37.0,30.0,2,Good,23.9,50.8,14.1
Delhi,Delhi,CO,23.0,33.0,26.0,46,Good,22.7,41.8,22.2
Delhi,Delhi,CO,36.0,51.0,40.0,1,Good,32.6,62.4,8.5
Delhi,Delhi,OZONE,6.0,11.0,9.0,44,Good,17.7,75.4,29.8
Delhi,Delhi,PM2.5,46.0,99.0,69.0,58,Moderate,28.5,59.8,9.4
Delhi,Delhi,CO,65.0,101.0,80.0,86,Moderate,25.0,30.8,18.7
Delhi,Delhi,PM10,50.0,134.0,91.0,55,Moderate,38.4,78.8,12.9
Delhi,Delhi,SO2,2.0,17.0,4.0,18,Good,16.5,82.6,0.2
Delhi,Delhi,PM2.5,58.0,176.0,97.0,53,Moderate,29.8,93.5,10.0
Delhi,Delhi,NO2,9.0,25.0,18.0,2,Good,26.9,42.3,11.8
Delhi,Delhi,NO2,21.0,73.0,40.0,36,Good,25.8,68.2,18.4
Delhi,Delhi,SO2,4.0,15.0,11.0,22,Good,29.8,54.0,1.6
Delhi,Delhi,CO,46.0,61.0,51.0,76,Moderate,34.7,85.3,15.1
Delhi,Delhi,PM2.5,32.0,103.0,67.0,80,Moderate,39.7,73.3,7.6
Delhi,Delhi,NO2,107.0,143.0,120.0,106,Unhealthy for Sensitive Groups,39.6,63.1,28.1
Delhi,Delhi,NH3,7.0,12.0,9.0,10,Good,26.3,85.7,27.3
Delhi,Delhi,PM2.5,30.0,183.0,75.0,78,Moderate,37.3,58.3,14.0
Delhi,Delhi,NO2,21.0,105.0,33.0,9,Good,39.1,32.3,28.0
Delhi,Delhi,CO,24.0,75.0,35.0,36,Good,24.1,66.4,3.1
Delhi,Delhi,OZONE,29.0,33.0,31.0,35,Good,38.1,50.3,26.6
Delhi,Delhi,OZONE,13.0,33.0,25.0,22,Good,27.4,38.1,29.6
Delhi,Delhi,NO2,9.0,72.0,29.0,27,Good,28.9,76.4,6.0
Delhi,Delhi,NH3,6.0,10.0,7.0,25,Good,26.7,85.7,12.5
Gujarat,Vapi,NO2,,,,413,Hazardous,27.5,55.2,9.4
Gujarat,Vapi,OZONE,6.0,7.0,6.0,22,Good,29.3,33.4,17.2
Gujarat,Vatva,NO2,14.0,68.0,44.0,11,Good,35.3,31.9,23.4
Haryana,Ambala,PM10,51.0,131.0,87.0,58,Moderate,18.0,68.5,3.3
Haryana,Ambala,NO2,20.0,54.0,30.0,34,Good,30.0,39.7,11.0
Haryana,Ambala,SO2,15.0,32.0,22.0,45,Good,21.0,57.5,16.6
Haryana,Ambala,CO,10.0,11.0,11.0,4,Good,25.9,86.0,24.6
Haryana,Bahadurgarh,NO2,12.0,20.0,15.0,12,Good,33.6,40.1,20.9
Haryana,Bahadurgarh,SO2,5.0,7.0,6.0,11,Good,15.5,76.0,20.9
Haryana,Bhiwani,PM10,88.0,107.0,94.0,97,Moderate,17.8,71.1,14.0
Haryana,Charkhi Dadri,PM2.5,83.0,332.0,190.0,157,Unhealthy,31.2,47.9,27.1
Gujarat,Gandhinagar,NH3,1.0,2.0,1.0,18,Good,35.6,44.2,11.2
Gujarat,Gandhinagar,CO,25.0,28.0,27.0,36,Good,20.1,57.3,21.4
Gujarat,Nandesari,SO2,3.0,4.0,3.0,18,Good,29.2,57.4,5.8
Gujarat,Rajkot,PM2.5,22.0,63.0,47.0,18,Good,35.3,48.5,1.5
Gujarat,Rajkot,PM10,28.0,90.0,58.0,100,Moderate,19.0,90.2,23.3
Gujarat,Surat,PM2.5,10.0,85.0,43.0,18,Good,23.9,54.0,7.1
Gujarat,Surat,CO,39.0,45.0,42.0,17,Good,30.0,38.0,22.2
Gujarat,Surat,SO2,14.0,21.0,16.0,43,Good,21.2,86.6,20.0
Gujarat,Vadodara,PM10,29.0,70.0,46.0,34,Good,37.6,63.8,12.2
Delhi,Delhi,NH3,5.0,10.0,8.0,32,Good,39.5,64.3,2.1
Delhi,Delhi,SO2,1.0,10.0,5.0,23,Good,35.1,84.4,13.5
Delhi,Delhi,NH3,6.0,13.0,8.0,33,Good,17.8,44.3,5.3
Delhi,Delhi,SO2,16.0,41.0,20.0,47,Good,38.0,84.0,5.2
Delhi,Delhi,OZONE,6.0,34.0,21.0,40,Good,34.1,42.2,8.8
Delhi,Delhi,CO,36.0,48.0,42.0,6,Good,20.4,92.2,21.9
Delhi,Delhi,OZONE,8.0,37.0,24.0,10,Good,36.8,92.7,9.0
Delhi,Delhi,NH3,10.0,14.0,12.0,43,Good,16.7,58.9,11.9
Delhi,Delhi,CO,60.0,71.0,66.0,58,Moderate,36.3,57.0,17.6
Delhi,Delhi,OZONE,7.0,29.0,17.0,19,Good,29.5,31.3,4.4
Gujarat,Ahmedabad,NO2,8.0,36.0,15.0,43,Good,15.2,75.0,9.8
Gujarat,Ankleshwar,NO2,,,,492,Hazardous,28.9,60.2,8.7
Gujarat,Bhavnagar,NO2,26.0,60.0,43.0,8,Good,24.2,80.3,1.4
Gujarat,Bhavnagar,NH3,3.0,7.0,5.0,11,Good,34.7,45.7,3.0
Gujarat,Bhavnagar,CO,78.0,79.0,79.0,100,Moderate,15.8,69.1,24.2
Gujarat,Gandhinagar,PM2.5,24.0,202.0,70.0,82,Moderate,23.5,66.8,16.1
Gujarat,Gandhinagar,NH3,15.0,25.0,20.0,50,Good,23.5,35.0,23.9
Gujarat,Gandhinagar,SO2,0.0,14.0,4.0,44,Good,23.1,49.6,1.3
Haryana,Gurugram,NO2,25.0,46.0,37.0,15,Good,17.4,58.8,18.1
Haryana,Gurugram,CO,26.0,47.0,32.0,40,Good,19.0,32.1,12.5
Haryana,Gurugram,NH3,9.0,22.0,14.0,33,Good,30.2,83.2,28.7
Haryana,Gurugram,SO2,6.0,11.0,10.0,15,Good,37.5,72.1,7.6
Haryana,Hisar,NO2,28.0,32.0,30.0,16,Good,19.0,84.1,7.7
Haryana,Hisar,OZONE,70.0,74.0,74.0,93,Moderate,26.4,88.7,18.3
Haryana,Jind,NH3,12.0,15.0,14.0,8,Good,16.8,36.3,11.9
Haryana,Jind,SO2,0.0,2.0,0.0,48,Good,21.5,93.9,2.3
Haryana,Kurukshetra,PM10,63.0,135.0,85.0,60,Moderate,18.0,84.0,15.7
Haryana,Kurukshetra,NH3,12.0,14.0,13.0,34,Good,26.6,61.1,8.5
Haryana,Mandikhera,PM10,,,,457,Hazardous,27.2,41.4,4.3
Haryana,Mandikhera,NH3,9.0,10.0,10.0,24,Good,35.0,58.6,12.7
Haryana,Mandikhera,SO2,26.0,27.0,26.0,13,Good,29.0,66.0,9.6
Haryana,Mandikhera,OZONE,47.0,48.0,47.0,39,Good,18.6,83.3,23.7
Haryana,Manesar,CO,9.0,17.0,12.0,49,Good,26.8,90.1,18.8
Haryana,Narnaul,PM10,100.0,182.0,133.0,119,Unhealthy for Sensitive Groups,36.9,55.1,28.3
Haryana,Palwal,PM10,34.0,79.0,52.0,98,Moderate,19.7,43.8,8.9
Himachal Pradesh,Baddi,OZONE,2.0,20.0,13.0,2,Good,25.2,64.6,1.4
Jammu and Kashmir,Pampore,SO2,4.0,12.0,5.0,33,Good,29.6,31.8,26.2
Jammu and Kashmir,Srinagar,PM2.5,25.0,43.0,31.0,29,Good,24.3,45.4,18.3
Jammu and Kashmir,Srinagar,SO2,3.0,4.0,3.0,7,Good,39.8,70.5,24.0
Jammu and Kashmir,Srinagar,CO,13.0,17.0,16.0,0,Good,28.6,33.0,24.6
Jammu and Kashmir,Srinagar,SO2,4.0,8.0,6.0,2,Good,27.2,48.6,16.9
Jharkhand,Dhanbad,CO,49.0,121.0,82.0,92,Moderate,36.0,88.5,26.0
Jharkhand,Jorapokhar,PM10,42.0,469.0,99.0,80,Moderate,36.7,48.7,7.8
Karnataka,Bagalkot,NO2,10.0,11.0,10.0,16,Good,35.5,35.0,14.1
Karnataka,Bagalkot,SO2,10.0,10.0,10.0,4,Good,39.9,50.8,13.0
Karnataka,Bengaluru,NH3,3.0,3.0,3.0,9,Good,20.9,84.6,19.8
Karnataka,Bengaluru,SO2,18.0,51.0,32.0,47,Good,27.6,79.3,15.4
Karnataka,Bengaluru,CO,14.0,31.0,23.0,27,Good,27.9,90.9,15.5
Karnataka,Koppal,CO,14.0,18.0,15.0,35,Good,16.3,91.1,12.8
Karnataka,Madikeri,NH3,,,,369,Hazardous,18.6,92.4,9.9
Karnataka,Mangalore,NH3,0.0,3.0,1.0,27,Good,31.0,55.1,15.5
Karnataka,Mangalore,CO,,,,399,Hazardous,29.3,51.7,3.2
Karnataka,Ramanagara,NH3,,,,343,Hazardous,32.5,86.8,15.5
Karnataka,Shivamogga,NH3,4.0,4.0,4.0,36,Good,35.8,73.5,2.7
Karnataka,Shivamogga,SO2,3.0,6.0,5.0,35,Good,20.1,86.3,23.3
Karnataka,Vijayapura,PM2.5,26.0,31.0,29.0,33,Good,31.0,70.4,23.6
Karnataka,Vijayapura,NO2,11.0,12.0,12.0,19,Good,31.7,52.9,3.9
Karnataka,Vijayapura,NH3,4.0,4.0,4.0,7,Good,23.9,79.2,11.3
Karnataka,Yadgir,CO,13.0,19.0,15.0,9,Good,23.9,39.2,19.8
Kerala,Kannur,PM2.5,36.0,55.0,45.0,6,Good,33.7,62.5,18.7
Kerala,Kannur,PM10,41.0,54.0,48.0,18,Good,25.1,80.9,27.6
Kerala,Kannur,NH3,1.0,1.0,1.0,39,Good,21.5,77.2,7.0
Karnataka,Chikkamagaluru,NO2,15.0,26.0,19.0,6,Good,38.0,89.7,7.9
Karnataka,Chikkamagaluru,NH3,2.0,3.0,2.0,12,Good,21.2,61.8,7.3
Karnataka,Chikkamagaluru,SO2,,,,365,Hazardous,15.2,33.2,19.6
Karnataka,Dharwad,PM10,62.0,79.0,68.0,59,Moderate,25.7,58.1,13.7
Karnataka,Dharwad,OZONE,27.0,27.0,27.0,9,Good,35.4,67.9,5.2
Karnataka,Gadag,PM2.5,28.0,33.0,30.0,23,Good,39.9,55.8,24.7
Karnataka,Gadag,PM10,24.0,28.0,26.0,27,Good,36.1,34.4,28.5
Karnataka,Hubballi,PM2.5,29.0,31.0,30.0,28,Good,39.8,62.2,20.2
Karnataka,Hubballi,SO2,2.0,3.0,2.0,37,Good,36.0,61.5,11.6
Karnataka,Kalaburagi,OZONE,13.0,18.0,14.0,17,Good,21.4,52.9,27.2
Karnataka,Karwar,PM10,,,,418,Hazardous,23.1,70.1,14.3
Karnataka,Karwar,NH3,2.0,37.0,6.0,13,Good,19.7,65.3,20.0
Haryana,Dharuhera,PM2.5,73.0,216.0,129.0,118,Unhealthy for Sensitive Groups,31.3,67.9,16.3
Haryana,Dharuhera,OZONE,18.0,27.0,23.0,30,Good,39.8,68.6,25.1
Haryana,Faridabad,SO2,5.0,15.0,11.0,25,Good,36.2,90.3,29.8
Haryana,Faridabad,CO,22.0,25.0,23.0,47,Good,17.2,34.6,0.8
Haryana,Faridabad,PM10,43.0,140.0,93.0,100,Moderate,18.1,63.2,23.6
Haryana,Faridabad,NO2,36.0,40.0,38.0,27,Good,28.7,33.5,0.7
Haryana,Faridabad,SO2,4.0,4.0,4.0,46,Good,16.5,62.1,14.3
Haryana,Fatehabad,NO2,,,,419,Hazardous,18.9,44.8,26.8
Haryana,Fatehabad,NH3,,,,352,Hazardous,38.2,52.8,17.4
Haryana,Gurugram,PM10,32.0,151.0,92.0,78,Moderate,27.1,83.0,28.8
Haryana,Gurugram,CO,33.0,83.0,61.0,75,Moderate,23.4,75.3,16.6
Haryana,Panchgaon,NO2,22.0,33.0,27.0,46,Good,16.5,65.7,6.6
Haryana,Panchgaon,SO2,2.0,18.0,11.0,7,Good,25.9,32.1,23.7
Haryana,Panchgaon,OZONE,14.0,23.0,19.0,42,Good,37.5,74.2,7.3
Haryana,Panchkula,PM2.5,,,,411,Hazardous,24.3,59.4,9.1
Haryana,Panchkula,NO2,,,,303,Hazardous,37.9,41.2,0.7
Haryana,Panchkula,CO,18.0,20.0,19.0,39,Good,21.1,83.9,8.1
Haryana,Panipat,NO2,33.0,34.0,34.0,44,Good,19.3,37.5,29.7
Haryana,Sirsa,PM2.5,87.0,263.0,168.0,157,Unhealthy,21.3,93.4,7.3
Haryana,Sirsa,NO2,18.0,22.0,19.0,48,Good,24.6,36.1,29.7
Haryana,Sirsa,CO,55.0,62.0,58.0,94,Moderate,23.0,32.3,6.3
Haryana,Sirsa,OZONE,30.0,78.0,51.0,94,Moderate,25.5,67.2,14.6
Haryana,Sonipat,PM10,3.0,497.0,152.0,180,Unhealthy,20.8,45.3,7.7
Karnataka,Bengaluru,NO2,19.0,20.0,19.0,34,Good,26.7,49.9,11.3
Karnataka,Bengaluru,OZONE,25.0,26.0,25.0,35,Good,35.2,91.5,4.3
Karnataka,Bengaluru,NH3,3.0,4.0,3.0,31,Good,16.4,31.0,7.1
Karnataka,Bengaluru,SO2,4.0,10.0,7.0,11,Good,22.6,56.3,23.2
Karnataka,Bengaluru,NO2,5.0,9.0,7.0,36,Good,22.6,91.2,19.8
Karnataka,Bengaluru,NH3,1.0,2.0,1.0,8,Good,36.5,32.3,13.9
Karnataka,Bengaluru,SO2,1.0,8.0,4.0,17,Good,31.2,55.7,15.6
Karnataka,Bengaluru,CO,6.0,12.0,10.0,6,Good,24.4,73.4,13.1
Karnataka,Chamarajanagar,NH3,2.0,2.0,2.0,50,Good,26.0,80.4,22.8
Karnataka,Chikkaballapur,PM10,9.0,111.0,46.0,26,Good,39.7,82.7,16.0
Karnataka,Chikkaballapur,NO2,2.0,5.0,3.0,23,Good,20.6,42.7,5.7
Kerala,Kannur,CO,10.0,12.0,11.0,29,Good,38.8,61.4,29.1
Kerala,Kollam,NO2,8.0,10.0,9.0,2,Good,17.2,36.2,29.6
Kerala,Thiruvananthapuram,PM10,8.0,41.0,23.0,13,Good,23.8,94.9,15.3
Kerala,Thiruvananthapuram,NH3,0.0,0.0,0.0,26,Good,38.2,44.1,24.8
Kerala,Thiruvananthapuram,SO2,12.0,27.0,17.0,12,Good,34.5,82.2,25.2
Kerala,Thiruvananthapuram,OZONE,11.0,24.0,16.0,8,Good,31.7,71.8,28.1
Kerala,Thiruvananthapuram,OZONE,30.0,31.0,31.0,27,Good,34.8,34.6,2.9
Madhya Pradesh,Bhopal,PM2.5,7.0,49.0,26.0,22,Good,29.4,42.9,24.9
Madhya Pradesh,Bhopal,NO2,10.0,30.0,17.0,47,Good,21.2,61.1,23.8
Madhya Pradesh,Damoh,NO2,,,,487,Hazardous,33.5,72.9,19.8
Madhya Pradesh,Damoh,CO,,,,480,Hazardous,15.1,90.5,3.2
Madhya Pradesh,Damoh,OZONE,,,,362,Hazardous,35.4,33.9,28.1
Madhya Pradesh,Gwalior,NO2,13.0,32.0,23.0,2,Good,29.3,53.4,17.3
Madhya Pradesh,Pithampur,NH3,3.0,5.0,5.0,49,Good,38.1,35.4,29.0
Madhya Pradesh,Sagar,OZONE,33.0,67.0,55.0,78,Moderate,20.5,41.9,0.1
Madhya Pradesh,Satna,SO2,17.0,18.0,18.0,38,Good,16.1,56.4,7.1
Madhya Pradesh,Satna,OZONE,40.0,60.0,54.0,95,Moderate,36.5,32.5,8.5
Madhya Pradesh,Singrauli,PM2.5,12.0,27.0,18.0,9,Good,23.5,44.2,23.3
Madhya Pradesh,Singrauli,NO2,50.0,68.0,62.0,66,Moderate,36.4,43.7,7.2
Madhya Pradesh,Ujjain,CO,21.0,27.0,24.0,7,Good,39.2,52.8,29.1
Maharashtra,Ahmednagar,SO2,,,,476,Hazardous,28.2,69.4,4.8
Maharashtra,Ahmednagar,OZONE,17.0,28.0,22.0,17,Good,21.7,66.5,6.3
Maharashtra,Ambernath,PM2.5,4.0,49.0,23.0,29,Good,35.8,35.7,23.1
Maharashtra,Ambernath,PM10,,,,395,Hazardous,18.5,68.9,5.3
Maharashtra,Ambernath,NH3,2.0,3.0,3.0,23,Good,37.1,56.5,7.3
Maharashtra,Ambernath,OZONE,3.0,8.0,5.0,0,Good,37.5,76.0,27.3
Maharashtra,Boisar,PM10,28.0,50.0,37.0,42,Good,15.8,65.4,3.6
Maharashtra,Chandrapur,SO2,8.0,12.0,9.0,22,Good,18.1,47.5,8.3
Maharashtra,Chandrapur,OZONE,16.0,18.0,17.0,20,Good,30.9,74.3,19.3
Maharashtra,Chandrapur,OZONE,1.0,14.0,6.0,14,Good,26.7,88.2,10.3
Maharashtra,Hingoli,PM10,4.0,25.0,12.0,28,Good,39.7,34.2,19.1
Maharashtra,Hingoli,NH3,0.0,6.0,2.0,20,Good,15.9,57.5,18.8
Maharashtra,Hingoli,CO,10.0,19.0,14.0,34,Good,28.0,83.8,10.2
Maharashtra,Jalgaon,SO2,0.0,3.0,1.0,6,Good,31.2,74.0,5.5
Maharashtra,Jalgaon,OZONE,21.0,48.0,35.0,41,Good,39.7,94.4,29.1
Maharashtra,Jalna,PM10,12.0,75.0,38.0,47,Good,22.9,37.2,2.9
Maharashtra,Jalna,OZONE,14.0,41.0,25.0,46,Good,29.5,64.8,19.2
Maharashtra,Kalyan,NO2,12.0,13.0,13.0,38,Good,25.2,59.1,28.2
Maharashtra,Kalyan,NH3,3.0,4.0,4.0,26,Good,36.0,89.6,4.4
Maharashtra,Mumbai,PM10,,,,306,Hazardous,30.5,70.5,11.2
Maharashtra,Mumbai,CO,20.0,33.0,25.0,38,Good,29.2,32.0,13.7
Maharashtra,Mumbai,OZONE,4.0,9.0,6.0,19,Good,21.1,66.6,4.8
Maharashtra,Mumbai,SO2,0.0,6.0,3.0,34,Good,20.6,52.3,22.0
Maharashtra,Nagpur,PM2.5,14.0,62.0,33.0,16,Good,31.3,47.3,21.1
Maharashtra,Nagpur,SO2,0.0,43.0,14.0,32,Good,35.8,69.4,24.8
Maharashtra,Nagpur,NO2,16.0,16.0,16.0,13,Good,28.4,32.9,1.9
Maharashtra,Nagpur,NH3,5.0,5.0,5.0,43,Good,18.2,71.8,11.4
Maharashtra,Nagpur,PM2.5,25.0,57.0,36.0,40,Good,15.0,34.4,17.0
Maharashtra,Nagpur,NH3,1.0,9.0,3.0,41,Good,16.0,54.2,21.1
Maharashtra,Nanded,SO2,14.0,16.0,15.0,12,Good,24.4,34.6,3.3
Maharashtra,Nanded,CO,20.0,27.0,24.0,32,Good,30.4,90.3,29.8
Maharashtra,Nashik,SO2,2.0,5.0,3.0,4,Good,38.9,86.6,19.2
Maharashtra,Mumbai,NO2,6.0,29.0,17.0,45,Good,33.4,54.4,12.0
Maharashtra,Mumbai,NO2,14.0,33.0,23.0,35,Good,15.6,88.0,13.1
Maharashtra,Mumbai,PM10,30.0,31.0,31.0,44,Good,32.7,35.2,15.8
Maharashtra,Mumbai,NO2,13.0,14.0,13.0,25,Good,15.3,72.2,24.4
Maharashtra,Mumbai,CO,1.0,3.0,2.0,25,Good,19.9,54.7,2.4
Maharashtra,Mumbai,SO2,1.0,3.0,2.0,15,Good,25.2,60.6,2.6
Maharashtra,Mumbai,NH3,0.0,0.0,0.0,33,Good,17.3,78.8,18.8
Maharashtra,Mumbai,OZONE,,,,474,Hazardous,31.7,67.4,16.6
Maharashtra,Mumbai,CO,20.0,20.0,20.0,10,Good,18.5,84.0,20.7
Maharashtra,Mumbai,CO,69.0,78.0,74.0,90,Moderate,39.9,60.8,22.1
Maharashtra,Mumbai,PM10,,,,390,Hazardous,35.5,89.5,21.9
Maharashtra,Mumbai,OZONE,,,,344,Hazardous,22.6,58.9,18.5
Maharashtra,Kolhapur,PM2.5,3.0,30.0,12.0,5,Good,20.8,80.1,5.5
Maharashtra,Kolhapur,NH3,3.0,4.0,4.0,46,Good,31.2,46.4,4.5
Maharashtra,Kolhapur,OZONE,12.0,20.0,16.0,48,Good,23.0,53.3,26.8
Maharashtra,Malegaon,NH3,1.0,3.0,1.0,44,Good,25.3,56.5,15.2
Maharashtra,Malegaon,OZONE,27.0,40.0,35.0,8,Good,38.0,61.4,23.5
Maharashtra,Mira-Bhayandar,PM10,,,,344,Hazardous,25.9,50.9,16.3
Maharashtra,Mumbai,PM2.5,5.0,13.0,8.0,43,Good,18.7,88.6,18.5
Maharashtra,Mumbai,NO2,5.0,26.0,14.0,3,Good,24.4,79.5,26.3
Maharashtra,Mumbai,SO2,0.0,1.0,1.0,27,Good,38.4,57.6,29.2
Maharashtra,Mumbai,NO2,6.0,31.0,17.0,6,Good,32.4,66.2,23.6
Maharashtra,Mumbai,SO2,1.0,4.0,3.0,12,Good,39.9,55.9,9.2
Maharashtra,Mumbai,PM2.5,,,,453,Hazardous,21.5,51.2,5.0
Madhya Pradesh,Indore,CO,5.0,14.0,9.0,6,Good,30.6,60.0,21.4
Madhya Pradesh,Jabalpur,PM10,24.0,38.0,30.0,11,Good,28.5,92.3,26.1
Madhya Pradesh,Jabalpur,NH3,0.0,26.0,3.0,12,Good,39.7,45.4,25.7
Madhya Pradesh,Jabalpur,SO2,9.0,12.0,10.0,33,Good,36.3,92.7,3.5
Madhya Pradesh,Jabalpur,CO,28.0,35.0,32.0,6,Good,37.2,57.3,19.8
Madhya Pradesh,Katni,PM2.5,20.0,72.0,44.0,6,Good,36.8,77.5,27.4
Madhya Pradesh,Katni,NH3,2.0,3.0,3.0,43,Good,17.4,34.8,25.9
Madhya Pradesh,Katni,CO,28.0,53.0,38.0,15,Good,30.3,63.2,19.0
Madhya Pradesh,Maihar,NH3,,,,453,Hazardous,16.6,85.7,11.1
Madhya Pradesh,Mandideep,PM10,6.0,85.0,37.0,1,Good,36.1,77.9,23.9
Maharashtra,Amravati,SO2,5.0,7.0,6.0,36,Good,15.3,72.9,9.3
Maharashtra,Amravati,CO,5.0,13.0,10.0,27,Good,38.6,81.5,26.2
Maharashtra,Amravati,PM2.5,12.0,55.0,31.0,14,Good,24.1,90.5,14.6
Maharashtra,Aurangabad,CO,21.0,36.0,26.0,7,Good,31.3,50.0,23.3
Maharashtra,Badlapur,PM10,26.0,51.0,42.0,48,Good,36.9,58.2,21.0
Maharashtra,Belapur,NO2,16.0,40.0,25.0,30,Good,19.2,91.7,5.4
Maharashtra,Belapur,OZONE,4.0,13.0,8.0,3,Good,31.8,31.9,16.3
Maharashtra,Bhiwandi,NH3,4.0,9.0,6.0,15,Good,31.4,45.1,0.3
Maharashtra,Boisar,PM2.5,21.0,38.0,28.0,7,Good,27.7,60.1,22.7
Madhya Pradesh,Gwalior,PM2.5,2.0,33.0,16.0,15,Good,26.2,40.8,28.4
Madhya Pradesh,Gwalior,OZONE,31.0,52.0,41.0,12,Good,21.7,81.4,26.7
Madhya Pradesh,Indore,PM2.5,1.0,26.0,17.0,11,Good,23.4,49.3,3.7
Madhya Pradesh,Indore,SO2,29.0,31.0,30.0,26,Good,22.6,77.9,12.8
Madhya Pradesh,Indore,PM10,14.0,108.0,34.0,34,Good,34.1,36.5,8.3
Madhya Pradesh,Indore,NO2,51.0,186.0,65.0,92,Moderate,17.1,90.0,27.4
Madhya Pradesh,Indore,CO,42.0,71.0,47.0,27,Good,24.9,94.6,1.4
Madhya Pradesh,Indore,OZONE,4.0,6.0,5.0,14,Good,38.8,76.6,28.8
Madhya Pradesh,Indore,SO2,18.0,20.0,19.0,17,Good,19.8,61.8,1.8
Madhya Pradesh,Indore,NH3,0.0,0.0,0.0,17,Good,29.9,35.5,3.1
Maharashtra,Mumbai,PM10,7.0,18.0,12.0,29,Good,30.2,46.0,26.3
Maharashtra,Mumbai,CO,17.0,17.0,17.0,41,Good,39.7,30.7,28.4
Maharashtra,Mumbai,PM2.5,15.0,32.0,24.0,5,Good,35.2,58.5,4.6
Maharashtra,Mumbai,SO2,6.0,15.0,10.0,35,Good,34.1,71.4,10.4
Maharashtra,Mumbai,OZONE,1.0,25.0,10.0,27,Good,26.2,93.4,14.2
Maharashtra,Mumbai,SO2,3.0,4.0,3.0,22,Good,28.0,91.8,6.3
Maharashtra,Mumbai,PM2.5,16.0,24.0,20.0,14,Good,20.8,59.6,18.7
Maharashtra,Mumbai,PM10,26.0,103.0,45.0,27,Good,30.4,81.4,0.0
Maharashtra,Pune,NO2,5.0,8.0,7.0,11,Good,16.2,78.6,19.1
Maharashtra,Pune,CO,28.0,32.0,30.0,37,Good,15.9,62.9,7.7
Maharashtra,Pune,OZONE,13.0,23.0,18.0,35,Good,38.8,49.2,14.5
Maharashtra,Pune,PM10,21.0,38.0,29.0,29,Good,32.8,89.2,18.9
Maharashtra,Pune,NO2,7.0,12.0,9.0,21,Good,15.3,44.9,29.0
Maharashtra,Pune,SO2,,,,436,Hazardous,31.4,33.8,10.5
Maharashtra,Pune,SO2,,,,456,Hazardous,20.4,39.4,5.0
Maharashtra,Pune,PM10,12.0,48.0,23.0,49,Good,38.2,38.6,7.5
Maharashtra,Pune,SO2,,,,445,Hazardous,30.5,54.8,27.3
Maharashtra,Pune,CO,60.0,106.0,90.0,54,Moderate,22.5,80.4,14.3
Maharashtra,Pune,NO2,11.0,101.0,40.0,40,Good,35.1,78.2,21.0
Maharashtra,Pune,NH3,,,,372,Hazardous,22.3,46.0,10.9
Maharashtra,Pune,SO2,,,,430,Hazardous,31.5,69.9,8.2
Maharashtra,Pune,CO,2.0,2.0,2.0,0,Good,35.8,79.4,24.6
Maharashtra,Sangli,CO,11.0,14.0,13.0,21,Good,15.6,90.5,24.9
Maharashtra,Satara,NO2,1.0,18.0,6.0,18,Good,18.3,33.1,19.1
Maharashtra,Solapur,PM2.5,7.0,21.0,14.0,27,Good,20.6,35.0,26.5
Maharashtra,Solapur,NO2,8.0,19.0,12.0,10,Good,15.8,33.6,2.9
Maharashtra,Solapur,NO2,,,,382,Hazardous,23.9,62.7,13.5
Maharashtra,Solapur,OZONE,14.0,27.0,19.0,43,Good,33.2,54.8,29.5
Maharashtra,Thane,SO2,2.0,7.0,4.0,17,Good,33.8,71.3,10.3
Mizoram,Aizawl,OZONE,3.0,5.0,4.0,43,Good,38.7,43.6,12.3
Nagaland,Kohima,PM2.5,5.0,24.0,12.0,29,Good,30.0,53.7,29.3
Odisha,Angul,PM10,11.0,172.0,60.0,78,Moderate,34.4,35.7,16.9
Odisha,Angul,OZONE,19.0,61.0,44.0,4,Good,31.0,30.9,24.7
Odisha,Balasore,CO,30.0,37.0,34.0,30,Good,21.5,42.4,2.0
Odisha,Barbil,NH3,1.0,1.0,1.0,37,Good,16.2,94.9,24.9
Odisha,Baripada,PM2.5,11.0,68.0,40.0,38,Good,38.8,55.4,11.0
Odisha,Baripada,PM10,31.0,95.0,65.0,62,Moderate,34.9,69.2,14.8
Odisha,Bhubaneswar,PM10,5.0,64.0,34.0,28,Good,15.9,57.2,26.8
Odisha,Bhubaneswar,NO2,8.0,28.0,18.0,44,Good,32.0,76.0,13.2
Odisha,Bhubaneswar,OZONE,24.0,52.0,34.0,49,Good,25.5,57.3,20.1
Odisha,Bileipada,PM10,54.0,105.0,68.0,94,Moderate,35.5,48.3,7.8
Odisha,Bileipada,NH3,5.0,5.0,5.0,15,Good,27.8,45.7,21.2
Odisha,Bileipada,OZONE,14.0,15.0,15.0,30,Good,26.3,46.7,9.1
Odisha,Keonjhar,PM10,31.0,33.0,31.0,38,Good,32.9,92.7,25.1
Odisha,Keonjhar,NH3,2.0,2.0,2.0,27,Good,30.6,67.1,27.4
Odisha,Keonjhar,SO2,6.0,24.0,16.0,15,Good,18.9,47.5,4.1
Odisha,Keonjhar,CO,34.0,40.0,37.0,12,Good,31.5,79.0,8.5
Odisha,Rairangpur,OZONE,4.0,13.0,8.0,13,Good,20.2,89.0,1.9
Odisha,Rourkela,PM2.5,57.0,96.0,68.0,86,Moderate,36.6,57.7,6.6
Odisha,Rourkela,OZONE,,,,380,Hazardous,24.1,44.1,0.6
Odisha,Rourkela,PM2.5,28.0,86.0,52.0,73,Moderate,25.7,85.0,8.2
Odisha,Talcher,PM2.5,,,,324,Hazardous,23.0,70.5,8.7
Odisha,Tensa,PM10,26.0,52.0,38.0,39,Good,38.1,67.7,1.9
Odisha,Tensa,NH3,,,,458,Hazardous,39.9,45.7,10.8
Puducherry,Puducherry,OZONE,11.0,49.0,37.0,49,Good,21.3,78.1,5.3
Maharashtra,Nashik,OZONE,19.0,24.0,22.0,41,Good,17.3,93.9,11.9
Maharashtra,Nashik,PM10,6.0,27.0,15.0,16,Good,17.8,87.4,5.0
Maharashtra,Nashik,SO2,,,,487,Hazardous,28.7,52.4,22.5
Maharashtra,Nashik,NH3,3.0,3.0,3.0,12,Good,33.6,44.9,15.5
Maharashtra,Navi Mumbai,PM2.5,10.0,27.0,17.0,42,Good,35.1,38.2,3.0
Maharashtra,Navi Mumbai,NO2,10.0,21.0,16.0,24,Good,16.6,44.4,17.1
Maharashtra,Navi Mumbai,NH3,8.0,13.0,10.0,48,Good,32.9,89.6,21.1
Maharashtra,Navi Mumbai,OZONE,15.0,15.0,15.0,19,Good,37.1,91.0,12.5
Maharashtra,Navi Mumbai,PM10,,,,356,Hazardous,34.0,92.7,16.2
Maharashtra,Navi Mumbai,SO2,10.0,15.0,14.0,11,Good,33.8,76.2,27.6
Maharashtra,Navi Mumbai,PM2.5,19.0,29.0,22.0,15,Good,18.1,83.7,3.4
Maharashtra,Parbhani,NO2,22.0,53.0,39.0,49,Good,15.8,60.4,26.1
Maharashtra,Thane,PM2.5,8.0,44.0,29.0,2,Good,16.1,42.3,14.0
Maharashtra,Thane,NH3,2.0,5.0,3.0,38,Good,20.5,83.8,3.8
Maharashtra,Ulhasnagar,PM2.5,,,,431,Hazardous,39.1,52.5,0.5
Maharashtra,Ulhasnagar,SO2,6.0,11.0,9.0,23,Good,19.5,37.0,27.8
Maharashtra,Ulhasnagar,CO,16.0,20.0,18.0,12,Good,15.2,45.4,13.3
Maharashtra,Virar,NO2,,,,392,Hazardous,33.0,92.9,16.6
Meghalaya,Byrnihat,PM10,,,,378,Hazardous,19.4,67.1,8.8
Meghalaya,Byrnihat,CO,7.0,28.0,18.0,48,Good,31.5,87.1,3.4
Meghalaya,Shillong,NH3,,,,310,Hazardous,35.4,63.6,9.5
Mizoram,Aizawl,PM10,1.0,27.0,11.0,21,Good,27.8,83.9,22.5
Mizoram,Aizawl,NO2,1.0,1.0,1.0,23,Good,32.8,78.5,22.1
Mizoram,Aizawl,SO2,14.0,15.0,15.0,2,Good,24.1,84.8,1.0
Rajasthan,Bhiwadi,NH3,6.0,12.0,8.0,32,Good,29.6,87.0,13.1
Rajasthan,Bhiwadi,CO,16.0,26.0,19.0,0,Good,40.0,78.5,11.4
Rajasthan,Bikaner,SO2,0.0,10.0,4.0,11,Good,38.7,30.9,2.4
Rajasthan,Chittorgarh,NO2,2.0,19.0,8.0,50,Good,16.5,46.0,11.7
Rajasthan,Chittorgarh,NH3,7.0,19.0,10.0,29,Good,22.1,75.0,6.7
Rajasthan,Dungarpur,PM10,22.0,84.0,54.0,53,Moderate,23.1,77.6,15.1
Rajasthan,Dungarpur,NH3,12.0,23.0,16.0,2,Good,23.0,91.5,6.1
Rajasthan,Hanumangarh,PM2.5,9.0,43.0,26.0,44,Good,36.7,51.0,6.0
Maharashtra,Pimpri-Chinchwad,SO2,,,,410,Hazardous,30.9,70.5,2.7
Maharashtra,Pimpri-Chinchwad,OZONE,8.0,14.0,13.0,32,Good,29.3,52.9,12.8
Maharashtra,Pimpri-Chinchwad,PM10,21.0,53.0,38.0,40,Good,21.5,52.8,10.9
Maharashtra,Pimpri-Chinchwad,CO,20.0,30.0,25.0,39,Good,16.4,68.4,26.9
Maharashtra,Pimpri-Chinchwad,NH3,,,,323,Hazardous,27.3,95.0,3.7
Maharashtra,Pimpri-Chinchwad,OZONE,5.0,11.0,8.0,40,Good,20.3,69.4,11.3
Maharashtra,Pune,NH3,,,,387,Hazardous,26.1,89.8,0.2
Maharashtra,Pune,SO2,17.0,32.0,23.0,50,Good,19.7,76.5,25.6
Maharashtra,Pune,OZONE,15.0,24.0,18.0,19,Good,34.8,51.5,26.4
Rajasthan,Baran,OZONE,20.0,171.0,68.0,56,Moderate,16.3,50.5,22.1
Rajasthan,Barmer,NO2,2.0,16.0,7.0,22,Good,18.2,56.8,27.6
Rajasthan,Bharatpur,CO,23.0,37.0,29.0,41,Good,25.0,50.3,1.1
Rajasthan,Bhilwara,PM2.5,23.0,65.0,41.0,24,Good,35.5,72.8,11.0
Rajasthan,Bhiwadi,NO2,24.0,84.0,43.0,48,Good,18.9,85.2,9.8
Rajasthan,Bhiwadi,SO2,12.0,19.0,16.0,45,Good,24.5,44.2,16.1
Rajasthan,Bhiwadi,CO,12.0,24.0,17.0,9,Good,38.6,49.6,23.7
Punjab,Khanna,SO2,16.0,17.0,16.0,21,Good,30.3,83.8,8.8
Punjab,Mandi Gobindgarh,NH3,5.0,5.0,5.0,36,Good,22.8,39.9,6.6
Rajasthan,Alwar,NH3,9.0,11.0,10.0,23,Good,29.5,63.1,8.9
Rajasthan,Alwar,SO2,32.0,46.0,40.0,45,Good,22.7,71.4,18.5
Rajasthan,Banswara,PM2.5,28.0,92.0,56.0,53,Moderate,32.7,62.6,16.7
Rajasthan,Banswara,NH3,1.0,4.0,2.0,30,Good,35.6,87.5,3.8
Rajasthan,Banswara,CO,10.0,17.0,14.0,41,Good,37.5,91.0,8.4
Rajasthan,Hanumangarh,SO2,2.0,10.0,3.0,34,Good,33.9,45.0,14.0
Rajasthan,Hanumangarh,CO,16.0,38.0,28.0,16,Good,24.9,82.9,12.8
Rajasthan,Jaipur,PM10,52.0,132.0,94.0,89,Moderate,16.5,94.0,8.1
Rajasthan,Jaipur,NO2,33.0,64.0,47.0,3,Good,37.3,80.8,15.8
Rajasthan,Jaipur,CO,48.0,78.0,62.0,74,Moderate,37.7,51.0,7.0
Rajasthan,Jaipur,NO2,10.0,53.0,24.0,18,Good,17.2,42.5,12.0
Rajasthan,Jaipur,SO2,1.0,4.0,2.0,27,Good,32.0,89.7,21.4
Rajasthan,Jaipur,OZONE,27.0,38.0,33.0,34,Good,33.7,76.5,20.1
Rajasthan,Jaipur,PM10,47.0,120.0,80.0,69,Moderate,17.3,32.9,22.9
Rajasthan,Jaipur,SO2,4.0,13.0,9.0,9,Good,30.6,93.7,7.6
Rajasthan,Jaipur,NO2,7.0,43.0,16.0,24,Good,19.6,88.2,28.1
Rajasthan,Jaisalmer,SO2,3.0,4.0,3.0,0,Good,32.6,34.2,23.0
Rajasthan,Jaisalmer,OZONE,23.0,36.0,30.0,1,Good,24.9,82.8,20.4
Rajasthan,Jalore,NO2,3.0,23.0,9.0,7,Good,20.7,53.4,18.8
Rajasthan,Jhalawar,PM2.5,15.0,100.0,41.0,40,Good,28.3,73.9,22.3
Rajasthan,Jhalawar,SO2,4.0,8.0,6.0,4,Good,33.3,89.4,11.8
Rajasthan,Jhalawar,CO,18.0,28.0,24.0,24,Good,20.6,88.6,28.5
Tamil Nadu,Gummidipoondi,NO2,15.0,31.0,23.0,25,Good,26.1,90.2,7.6
Tamil Nadu,Gummidipoondi,SO2,3.0,54.0,25.0,36,Good,32.9,53.3,13.1
Tamil Nadu,Madurai,PM2.5,,,,375,Hazardous,32.7,51.7,14.3
Tamil Nadu,Madurai,NH3,,,,461,Hazardous,32.1,48.2,16.4
Tamil Nadu,Thoothukudi,NH3,,,,464,Hazardous,38.7,32.1,4.8
Telangana,Hyderabad,PM10,44.0,58.0,47.0,39,Good,16.9,53.6,27.2
Telangana,Hyderabad,PM10,57.0,76.0,66.0,96,Moderate,32.9,68.8,10.8
Telangana,Hyderabad,NH3,3.0,5.0,3.0,3,Good,38.2,52.8,21.2
Telangana,Hyderabad,SO2,11.0,15.0,12.0,33,Good,35.9,32.7,7.0
Telangana,Hyderabad,OZONE,20.0,25.0,22.0,29,Good,24.6,51.3,14.2
Telangana,Hyderabad,NH3,,,,394,Hazardous,37.9,37.3,21.0
Telangana,Hyderabad,SO2,0.0,22.0,6.0,41,Good,23.4,54.3,7.4
Telangana,Hyderabad,PM10,,,,484,Hazardous,24.4,76.5,5.1
Telangana,Hyderabad,OZONE,9.0,11.0,10.0,5,Good,15.9,74.3,2.5
Telangana,Hyderabad,OZONE,32.0,32.0,32.0,46,Good,30.3,84.0,10.6
Telangana,Hyderabad,NH3,2.0,2.0,2.0,4,Good,31.1,94.4,2.1
Telangana,Hyderabad,PM2.5,37.0,46.0,40.0,18,Good,37.0,83.3,20.0
Telangana,Hyderabad,PM2.5,19.0,106.0,57.0,86,Moderate,26.2,44.6,28.5
Telangana,Hyderabad,NO2,13.0,18.0,16.0,29,Good,30.5,89.7,4.9
Telangana,Hyderabad,CO,23.0,37.0,29.0,12,Good,25.8,85.3,21.4
Telangana,Hyderabad,PM10,5.0,47.0,21.0,39,Good,17.2,70.6,15.4
Telangana,Hyderabad,CO,9.0,22.0,15.0,32,Good,23.9,31.1,14.7
Telangana,Hyderabad,PM2.5,33.0,56.0,44.0,35,Good,28.4,47.7,13.5
Telangana,Hyderabad,OZONE,17.0,28.0,23.0,21,Good,37.4,51.8,18.8
Tripura,Agartala,NH3,4.0,6.0,5.0,15,Good,20.1,73.7,25.9
Uttar Pradesh,Agra,PM10,34.0,128.0,69.0,92,Moderate,27.0,91.9,1.8
Uttar Pradesh,Agra,NH3,3.0,3.0,3.0,28,Good,31.2,62.4,5.3
Uttar Pradesh,Agra,PM2.5,81.0,177.0,110.0,107,Unhealthy for Sensitive Groups,39.7,93.3,26.1
Uttar Pradesh,Agra,PM10,63.0,105.0,82.0,64,Moderate,28.1,31.3,18.4
Uttar Pradesh,Agra,NO2,31.0,31.0,31.0,48,Good,33.4,63.4,21.1
Tamil Nadu,Chennai,PM2.5,29.0,29.0,29.0,49,Good,20.9,80.3,20.9
Tamil Nadu,Chennai,NO2,11.0,13.0,12.0,24,Good,17.8,37.4,4.0
Tamil Nadu,Chennai,SO2,5.0,7.0,6.0,2,Good,22.6,66.2,7.3
Tamil Nadu,Chennai,CO,,,,427,Hazardous,39.7,34.8,3.7
Tamil Nadu,Chennai,NH3,0.0,1.0,0.0,3,Good,32.3,66.9,27.2
Tamil Nadu,Chennai,PM2.5,12.0,64.0,26.0,46,Good,17.2,31.1,25.2
Tamil Nadu,Chennai,SO2,17.0,18.0,18.0,26,Good,24.4,57.0,27.2
Tamil Nadu,Chennai,SO2,4.0,89.0,21.0,48,Good,26.2,91.7,8.7
Tamil Nadu,Chennai,CO,12.0,76.0,33.0,2,Good,22.7,63.4,24.7
Tamil Nadu,Chennai,PM10,47.0,57.0,52.0,100,Moderate,28.2,82.3,23.6
Tamil Nadu,Chennai,NH3,4.0,4.0,4.0,36,Good,29.7,50.0,19.5
Tamil Nadu,Chennai,SO2,5.0,6.0,5.0,43,Good,35.3,38.5,7.9
Tamil Nadu,Coimbatore,PM10,,,,320,Hazardous,16.1,41.6,24.4
Tamil Nadu,Coimbatore,CO,16.0,19.0,18.0,5,Good,31.5,70.4,7.4
Tamil Nadu,Coimbatore,OZONE,19.0,20.0,20.0,3,Good,37.7,44.3,11.8
Tamil Nadu,Cuddalore,OZONE,1.0,2.0,2.0,37,Good,17.5,74.4,5.6
Rajasthan,Kota,OZONE,28.0,61.0,40.0,19,Good,23.6,78.7,17.6
Rajasthan,Kota,PM10,44.0,113.0,78.0,74,Moderate,18.7,58.4,18.2
Rajasthan,Kota,OZONE,29.0,44.0,38.0,15,Good,31.0,80.3,14.0
Rajasthan,Kota,PM2.5,31.0,84.0,59.0,80,Moderate,37.2,31.0,6.2
Rajasthan,Nagaur,NH3,2.0,6.0,4.0,44,Good,27.1,80.3,12.4
Rajasthan,Nagaur,SO2,3.0,9.0,5.0,26,Good,38.3,47.6,7.3
Rajasthan,Pali,NO2,25.0,26.0,26.0,1,Good,32.7,76.4,28.1
Rajasthan,Pali,OZONE,10.0,71.0,24.0,33,Good,17.0,74.7,16.9
Rajasthan,Pratapgarh,PM2.5,15.0,60.0,33.0,46,Good,23.0,93.4,15.5
Rajasthan,Pratapgarh,NH3,2.0,3.0,3.0,3,Good,39.2,63.5,25.8
Rajasthan,Sawai Madhopur,PM2.5,,,,346,Hazardous,18.8,32.8,4.4
Rajasthan,Sawai Madhopur,NO2,8.0,30.0,16.0,4,Good,33.8,91.2,0.9
Rajasthan,Jhunjhunu,NO2,5.0,42.0,13.0,30,Good,37.8,38.0,1.7
Rajasthan,Jhunjhunu,SO2,3.0,7.0,3.0,25,Good,17.4,59.7,0.8
Rajasthan,Jodhpur,PM10,59.0,191.0,85.0,87,Moderate,34.0,94.0,11.8
Rajasthan,Jodhpur,NO2,1.0,8.0,4.0,15,Good,24.0,44.0,17.8
Rajasthan,Jodhpur,PM10,56.0,173.0,87.0,67,Moderate,19.1,91.2,25.0
Rajasthan,Jodhpur,OZONE,35.0,55.0,49.0,9,Good,38.4,62.2,5.2
Rajasthan,Jodhpur,SO2,2.0,6.0,4.0,25,Good,16.3,41.5,24.0
Rajasthan,Jodhpur,PM10,41.0,119.0,74.0,98,Moderate,22.1,85.9,14.7
Rajasthan,Jodhpur,NH3,3.0,9.0,6.0,33,Good,28.4,61.1,18.5
Rajasthan,Jodhpur,SO2,2.0,7.0,2.0,11,Good,32.7,90.0,23.3
Rajasthan,Karauli,PM10,29.0,87.0,51.0,90,Moderate,31.3,45.5,11.1
Rajasthan,Karauli,CO,9.0,18.0,13.0,49,Good,34.4,92.0,27.8
Uttar Pradesh,Agra,CO,19.0,19.0,19.0,46,Good,30.0,66.2,27.8
Uttar Pradesh,Agra,PM2.5,20.0,150.0,70.0,79,Moderate,37.0,80.7,7.7
Uttar Pradesh,Agra,SO2,18.0,20.0,19.0,43,Good,28.2,88.1,27.6
Uttar Pradesh,Agra,CO,31.0,32.0,31.0,40,Good,24.8,31.9,29.4
Uttar Pradesh,Agra,NH3,6.0,6.0,6.0,20,Good,20.9,69.6,16.7
Uttar Pradesh,Agra,NO2,20.0,20.0,20.0,38,Good,20.8,80.8,28.0
Uttar Pradesh,Agra,OZONE,10.0,11.0,10.0,17,Good,22.5,42.7,1.3
Uttar Pradesh,Baghpat,NO2,9.0,36.0,16.0,46,Good,32.9,84.8,27.0
Uttar Pradesh,Baghpat,SO2,8.0,21.0,13.0,36,Good,32.8,47.5,7.0
Uttar Pradesh,Baghpat,OZONE,15.0,43.0,30.0,7,Good,19.7,63.2,7.9
Uttar Pradesh,Bareilly,NH3,1.0,5.0,1.0,2,Good,38.5,69.8,13.2
Rajasthan,Sirohi,NH3,2.0,3.0,2.0,46,Good,23.9,32.6,11.8
Rajasthan,Sirohi,SO2,2.0,4.0,3.0,25,Good,32.5,94.7,2.8
Rajasthan,Tonk,PM2.5,30.0,80.0,58.0,90,Moderate,38.3,39.2,23.7
Rajasthan,Tonk,PM10,56.0,185.0,106.0,123,Unhealthy for Sensitive Groups,25.5,88.6,16.7
Rajasthan,Tonk,CO,13.0,37.0,27.0,40,Good,17.0,55.9,19.2
Rajasthan,Udaipur,PM2.5,43.0,112.0,67.0,93,Moderate,27.6,62.0,2.1
Rajasthan,Udaipur,CO,16.0,28.0,21.0,11,Good,20.3,65.5,5.6
Tamil Nadu,Chennai,PM2.5,8.0,58.0,33.0,47,Good,18.0,70.7,15.6
Tamil Nadu,Chennai,CO,28.0,36.0,30.0,25,Good,26.5,89.3,6.4
Uttar Pradesh,Bareilly,NH3,1.0,3.0,1.0,50,Good,15.5,49.5,13.0
Uttar Pradesh,Firozabad,SO2,10.0,69.0,27.0,35,Good,23.0,90.5,27.6
Uttar Pradesh,Ghaziabad,PM2.5,13.0,64.0,44.0,46,Good,34.3,81.3,28.9
Uttar Pradesh,Ghaziabad,PM10,24.0,110.0,73.0,99,Moderate,31.9,68.7,7.6
Uttar Pradesh,Ghaziabad,PM10,57.0,133.0,98.0,62,Moderate,26.1,86.0,20.7
Uttar Pradesh,Ghaziabad,SO2,11.0,25.0,18.0,3,Good,20.0,43.1,16.2
Uttar Pradesh,Varanasi,SO2,28.0,42.0,32.0,6,Good,16.8,79.4,9.7
Uttar Pradesh,Varanasi,NH3,1.0,1.0,1.0,10,Good,36.0,70.7,4.5
Uttar Pradesh,Vrindavan,PM2.5,12.0,77.0,30.0,17,Good,34.1,59.6,1.1
Uttarakhand,Dehradun,PM2.5,6.0,61.0,28.0,41,Good,26.8,68.7,14.6
Uttarakhand,Rishikesh,NO2,7.0,7.0,7.0,24,Good,33.6,90.6,15.2
Uttarakhand,Rishikesh,SO2,1.0,1.0,1.0,11,Good,23.1,74.8,15.8
Uttarakhand,Rishikesh,OZONE,45.0,45.0,45.0,49,Good,17.0,41.0,22.7
West Bengal,Asansol,PM10,1.0,49.0,29.0,16,Good,33.8,37.4,8.9
West Bengal,Asansol,NO2,6.0,27.0,13.0,6,Good,19.6,63.8,21.2
West Bengal,Asansol,PM10,7.0,64.0,38.0,1,Good,29.4,71.7,28.3
West Bengal,Asansol,OZONE,16.0,32.0,25.0,35,Good,30.0,70.9,3.1
West Bengal,Asansol,NO2,27.0,34.0,30.0,39,Good,26.9,92.7,19.6
West Bengal,Barrackpore,NH3,6.0,9.0,7.0,1,Good,29.7,51.8,25.7
Uttar Pradesh,Lucknow,PM10,14.0,51.0,31.0,24,Good,20.8,39.0,16.8
Uttar Pradesh,Lucknow,OZONE,40.0,42.0,41.0,39,Good,20.7,72.9,12.2
Uttar Pradesh,Lucknow,PM10,33.0,212.0,70.0,78,Moderate,31.7,70.8,6.1
Uttar Pradesh,Lucknow,NH3,3.0,3.0,3.0,17,Good,19.7,35.2,15.2
Uttar Pradesh,Lucknow,CO,28.0,33.0,31.0,33,Good,26.4,88.3,0.0
Uttar Pradesh,Lucknow,PM2.5,,,,461,Hazardous,26.8,90.8,5.3
Uttar Pradesh,Lucknow,PM10,,,,431,Hazardous,21.7,58.8,14.4
Uttar Pradesh,Lucknow,SO2,,,,452,Hazardous,29.3,83.6,18.8
Uttar Pradesh,Lucknow,PM10,44.0,85.0,59.0,55,Moderate,19.3,32.3,8.8
Uttar Pradesh,Lucknow,PM2.5,22.0,69.0,47.0,37,Good,16.2,58.2,2.8
Uttar Pradesh,Lucknow,SO2,0.0,10.0,7.0,39,Good,25.3,53.9,28.7
Uttar Pradesh,Lucknow,CO,2.0,3.0,3.0,2,Good,16.9,81.9,4.0
Uttar Pradesh,Mathura,CO,8.0,17.0,13.0,26,Good,15.5,79.0,23.6
Uttar Pradesh,Meerut,PM2.5,15.0,72.0,37.0,3,Good,34.5,60.3,16.8
Uttar Pradesh,Meerut,NO2,20.0,41.0,26.0,45,Good,30.0,60.4,25.2
Uttar Pradesh,Noida,PM2.5,32.0,82.0,63.0,71,Moderate,16.8,53.0,5.9
Uttar Pradesh,Noida,NH3,,,,375,Hazardous,22.5,34.1,20.7
Uttar Pradesh,Noida,OZONE,31.0,60.0,47.0,39,Good,39.4,34.1,16.8
Uttar Pradesh,Noida,NH3,18.0,26.0,20.0,33,Good,26.1,53.7,10.7
Uttar Pradesh,Noida,CO,25.0,37.0,32.0,3,Good,24.3,53.1,12.2
Uttar Pradesh,Prayagraj,PM10,16.0,84.0,41.0,23,Good,22.1,55.6,2.2
Uttar Pradesh,Prayagraj,NO2,12.0,12.0,12.0,25,Good,15.3,53.5,11.3
Uttar Pradesh,Prayagraj,CO,6.0,9.0,7.0,44,Good,32.6,37.8,27.6
Uttar Pradesh,Prayagraj,PM10,15.0,75.0,26.0,23,Good,38.5,90.5,21.5
Uttar Pradesh,Prayagraj,PM2.5,13.0,35.0,23.0,5,Good,23.1,69.0,15.6
Uttar Pradesh,Raebareli,PM2.5,,,,429,Hazardous,39.8,61.3,3.6
Uttar Pradesh,Varanasi,OZONE,13.0,36.0,24.0,15,Good,24.9,81.6,5.5
Uttar Pradesh,Varanasi,PM2.5,8.0,28.0,18.0,43,Good,22.4,44.1,27.8
Uttar Pradesh,Varanasi,NO2,2.0,2.0,2.0,4,Good,16.5,43.9,21.7
Uttar Pradesh,Gorakhpur,PM10,1.0,125.0,58.0,83,Moderate,35.0,82.0,9.1
Uttar Pradesh,Gorakhpur,SO2,40.0,43.0,42.0,49,Good,39.0,35.1,2.0
Uttar Pradesh,Gorakhpur,OZONE,9.0,31.0,17.0,29,Good,33.2,34.3,5.0
Uttar Pradesh,Greater Noida,NH3,,,,455,Hazardous,23.4,85.5,0.4
Uttar Pradesh,Greater Noida,OZONE,22.0,39.0,30.0,46,Good,16.1,69.1,14.8
Uttar Pradesh,Hapur,NH3,1.0,1.0,1.0,14,Good,24.2,64.4,16.8
Uttar Pradesh,Jhansi,PM10,16.0,42.0,22.0,39,Good,35.9,89.8,23.7
Uttar Pradesh,Kanpur,NO2,31.0,31.0,31.0,31,Good,30.0,87.8,25.6
Uttar Pradesh,Kanpur,NH3,3.0,3.0,3.0,21,Good,20.7,92.1,29.3
Uttar Pradesh,Kanpur,OZONE,13.0,13.0,13.0,0,Good,17.0,39.7,4.6
Uttar Pradesh,Khora,PM10,78.0,310.0,118.0,124,Unhealthy for Sensitive Groups,30.6,90.9,12.6
Uttar Pradesh,Khurja,PM2.5,13.0,67.0,33.0,20,Good,36.3,52.0,16.4
Uttar Pradesh,Moradabad,NO2,22.0,24.0,23.0,19,Good,16.4,35.8,22.8
Uttar Pradesh,Moradabad,NH3,3.0,3.0,3.0,18,Good,39.2,66.4,14.4
Uttar Pradesh,Moradabad,CO,10.0,41.0,22.0,30,Good,38.9,59.9,12.4
Uttar Pradesh,Moradabad,OZONE,8.0,22.0,15.0,46,Good,29.5,87.0,25.2
Uttar Pradesh,Moradabad,NH3,4.0,4.0,4.0,48,Good,25.9,41.6,15.7
Uttar Pradesh,Moradabad,SO2,28.0,78.0,58.0,59,Moderate,35.1,65.4,13.7
Uttar Pradesh,Moradabad,PM2.5,,,,417,Hazardous,28.4,57.0,9.6
Uttar Pradesh,Moradabad,SO2,17.0,18.0,18.0,32,Good,35.8,66.1,5.6
Uttar Pradesh,Moradabad,CO,29.0,39.0,35.0,26,Good,39.2,56.0,4.0
Uttar Pradesh,Muzaffarnagar,CO,17.0,35.0,24.0,22,Good,34.4,90.0,11.9
Uttar Pradesh,Noida,PM2.5,22.0,74.0,49.0,10,Good,19.5,31.6,3.8
Uttar Pradesh,Noida,NO2,22.0,56.0,32.0,33,Good,35.9,93.6,25.1
Uttar Pradesh,Noida,NO2,15.0,35.0,22.0,50,Good,30.9,34.7,16.4
Uttar Pradesh,Noida,CO,37.0,50.0,41.0,18,Good,21.2,80.7,19.3
Uttar Pradesh,Meerut,SO2,29.0,36.0,32.0,11,Good,22.9,39.8,27.3
Uttar Pradesh,Meerut,CO,35.0,46.0,40.0,29,Good,21.0,66.2,12.5
Uttar Pradesh,Meerut,PM2.5,70.0,248.0,142.0,121,Unhealthy for Sensitive Groups,23.1,73.9,12.3
Uttar Pradesh,Meerut,NH3,4.0,8.0,6.0,39,Good,29.7,33.9,5.2
Uttar Pradesh,Modinagar,PM2.5,41.0,112.0,68.0,78,Moderate,18.7,73.9,13.3
Uttar Pradesh,Modinagar,NO2,13.0,33.0,17.0,11,Good,32.8,62.0,0.1
Uttar Pradesh,Modinagar,OZONE,0.0,50.0,18.0,16,Good,22.6,30.3,27.6
Uttar Pradesh,Moradabad,PM10,,,,374,Hazardous,23.2,30.4,3.0
Uttar Pradesh,Moradabad,NH3,5.0,5.0,5.0,0,Good,21.2,31.9,17.5
Uttar Pradesh,Moradabad,CO,30.0,52.0,36.0,49,Good,33.6,31.9,3.1
West Bengal,Barrackpore,CO,20.0,33.0,25.0,40,Good,15.9,45.7,29.3
West Bengal,Durgapur,OZONE,47.0,47.0,47.0,24,Good,37.7,89.1,3.3
West Bengal,Durgapur,PM2.5,4.0,86.0,35.0,47,Good,21.5,36.6,24.9
West Bengal,Durgapur,CO,24.0,24.0,24.0,38,Good,36.5,45.2,25.9
West Bengal,Durgapur,PM2.5,32.0,65.0,49.0,30,Good,22.1,69.6,10.5
West Bengal,Durgapur,PM10,32.0,92.0,63.0,84,Moderate,16.7,48.2,10.2
West Bengal,Durgapur,NO2,35.0,42.0,39.0,47,Good,21.3,94.6,18.7
West Bengal,Durgapur,NH3,2.0,3.0,2.0,5,Good,30.9,42.2,4.7
West Bengal,Haldia,PM2.5,16.0,39.0,22.0,22,Good,25.8,79.9,15.2
West Bengal,Haldia,OZONE,18.0,24.0,21.0,30,Good,36.2,65.2,16.7
West Bengal,Howrah,OZONE,32.0,74.0,52.0,51,Moderate,16.5,82.7,16.7
West Bengal,Howrah,OZONE,8.0,19.0,12.0,50,Good,32.4,92.8,6.5
West Bengal,Howrah,SO2,4.0,8.0,6.0,43,Good,20.8,48.7,27.0
West Bengal,Howrah,CO,20.0,32.0,27.0,46,Good,23.4,38.8,21.8
West Bengal,Howrah,PM10,20.0,52.0,32.0,24,Good,18.0,33.4,7.6
West Bengal,Howrah,CO,14.0,21.0,18.0,7,Good,38.0,32.0,8.3
West Bengal,Kolkata,NH3,13.0,17.0,14.0,49,Good,22.7,50.1,4.7
West Bengal,Kolkata,OZONE,9.0,14.0,11.0,13,Good,23.2,59.2,9.6
West Bengal,Kolkata,PM2.5,16.0,40.0,28.0,34,Good,20.3,45.9,20.6
West Bengal,Kolkata,NO2,26.0,56.0,36.0,50,Good,19.1,32.8,2.9
West Bengal,Kolkata,NH3,7.0,9.0,8.0,48,Good,30.2,50.4,10.4
West Bengal,Kolkata,SO2,1.0,7.0,3.0,28,Good,35.0,60.3,23.7
West Bengal,Kolkata,CO,13.0,20.0,16.0,14,Good,36.1,52.1,7.5
West Bengal,Kolkata,OZONE,20.0,37.0,28.0,13,Good,37.0,59.7,12.1
West Bengal,Siliguri,NO2,118.0,184.0,151.0,200,Unhealthy,19.4,55.7,1.9
West Bengal,Siliguri,CO,24.0,41.0,32.0,2,Good,19.8,59.9,15.3
Bihar,Patna,PM2.5,,,,469,Hazardous,21.8,92.7,14.1
Bihar,Patna,NO2,2.0,2.0,2.0,4,Good,24.7,84.9,27.5
Bihar,Patna,NH3,1.0,1.0,1.0,13,Good,25.2,56.5,23.6
Bihar,Purnia,PM10,40.0,62.0,49.0,33,Good,35.6,76.6,3.8
Bihar,Rajgir,PM10,18.0,108.0,55.0,80,Moderate,20.8,42.3,18.5
Bihar,Rajgir,NO2,13.0,15.0,14.0,15,Good,34.8,87.0,14.5
Bihar,Saharsa,PM10,,,,456,Hazardous,31.3,61.1,4.3
Bihar,Saharsa,NH3,,,,424,Hazardous,27.7,87.0,21.9
Bihar,Samastipur,NO2,8.0,9.0,8.0,6,Good,18.5,58.1,20.2
Bihar,Samastipur,NH3,1.0,2.0,1.0,24,Good,34.4,46.8,15.8
Bihar,Sasaram,PM10,,,,306,Hazardous,25.1,88.1,20.7
Bihar,Sasaram,CO,29.0,64.0,46.0,24,Good,39.4,80.8,23.0
Bihar,Siwan,SO2,10.0,10.0,10.0,41,Good,39.5,64.9,12.1
Bihar,Siwan,CO,104.0,113.0,109.0,116,Unhealthy for Sensitive Groups,32.7,55.1,13.2
Chhattisgarh,Korba,PM2.5,4.0,13.0,7.0,45,Good,39.7,66.2,17.4
Chhattisgarh,Korba,NH3,1.0,1.0,1.0,5,Good,35.9,83.4,15.4
Chhattisgarh,Milupara,NO2,25.0,56.0,36.0,21,Good,36.7,60.5,29.7
Chhattisgarh,Raipur,NH3,2.0,2.0,2.0,46,Good,33.0,47.8,16.0
Chhattisgarh,Raipur,PM10,11.0,35.0,22.0,8,Good,27.2,41.1,14.2
Chhattisgarh,Raipur,NH3,2.0,3.0,2.0,44,Good,31.6,79.4,19.6
Chhattisgarh,Raipur,SO2,3.0,9.0,6.0,13,Good,15.7,90.2,27.5
Chhattisgarh,Raipur,NO2,1.0,6.0,3.0,6,Good,36.1,63.0,8.4
Chhattisgarh,Raipur,NH3,2.0,2.0,2.0,30,Good,32.8,41.4,16.1
Chhattisgarh,Raipur,SO2,1.0,62.0,8.0,20,Good,21.9,36.4,11.1
Chhattisgarh,Tumidih,NO2,19.0,93.0,40.0,12,Good,23.1,84.6,0.7
Chhattisgarh,Tumidih,SO2,5.0,6.0,6.0,34,Good,35.1,30.8,3.7
Delhi,Delhi,PM10,,,,369,Hazardous,17.1,39.9,2.4
Assam,Guwahati,OZONE,11.0,17.0,13.0,42,Good,23.7,33.4,26.9
Assam,Nagaon,SO2,8.0,16.0,13.0,34,Good,26.3,88.0,22.3
Assam,Nagaon,OZONE,10.0,12.0,11.0,12,Good,29.4,70.7,29.7
Assam,Silchar,OZONE,2.0,7.0,4.0,29,Good,34.2,84.0,18.3
Assam,Sivasagar,NH3,2.0,12.0,7.0,42,Good,25.5,63.8,20.1
Bihar,Araria,PM10,44.0,123.0,66.0,80,Moderate,15.0,35.6,11.0
Bihar,Aurangabad,NO2,7.0,8.0,8.0,11,Good,27.1,93.7,12.7
Bihar,Aurangabad,NH3,1.0,2.0,1.0,19,Good,37.4,71.5,27.7
Bihar,Aurangabad,SO2,0.0,16.0,11.0,9,Good,16.7,47.1,23.8
Bihar,Begusarai,NO2,9.0,17.0,13.0,11,Good,37.6,53.1,10.4
Bihar,Begusarai,NH3,15.0,17.0,16.0,31,Good,30.7,51.3,25.7
Chandigarh,Chandigarh,OZONE,8.0,19.0,14.0,40,Good,25.9,86.0,23.5
Chandigarh,Chandigarh,PM2.5,2.0,27.0,11.0,4,Good,22.6,63.2,25.0
Chandigarh,Chandigarh,PM10,8.0,29.0,18.0,37,Good,37.8,63.1,29.7
Chandigarh,Chandigarh,NO2,2.0,14.0,7.0,11,Good,23.2,77.0,10.1
Chandigarh,Chandigarh,NH3,7.0,31.0,15.0,9,Good,23.1,43.8,16.6
Chandigarh,Chandigarh,CO,56.0,79.0,66.0,72,Moderate,27.3,93.5,20.7
Chhattisgarh,Bhilai,PM2.5,,,,455,Hazardous,21.6,57.1,0.4
Chhattisgarh,Bhilai,PM10,16.0,55.0,29.0,44,Good,24.4,40.9,8.1
Chhattisgarh,Bhilai,NO2,10.0,29.0,17.0,19,Good,21.5,39.4,12.1
Chhattisgarh,Bhilai,PM2.5,9.0,57.0,22.0,5,Good,24.5,84.4,16.0
Chhattisgarh,Chhal,CO,,,,376,Hazardous,34.6,68.0,5.3
Chhattisgarh,Korba,PM10,,,,397,Hazardous,38.1,64.7,9.2
Andhra Pradesh,Guntur,CO,17.0,54.0,30.0,20,Good,33.9,88.0,1.1
Andhra Pradesh,Machilipatnam,PM2.5,55.0,302.0,89.0,97,Moderate,27.5,34.2,13.6
Andhra Pradesh,Machilipatnam,OZONE,33.0,36.0,33.0,37,Good,19.7,90.4,1.2
Andhra Pradesh,Nellore,OZONE,25.0,35.0,29.0,26,Good,29.0,84.7,10.0
Andhra Pradesh,Rajamahendravaram,SO2,5.0,8.0,6.0,46,Good,34.1,58.8,15.5
Andhra Pradesh,Tirupati,NO2,37.0,41.0,39.0,38,Good,26.4,63.8,22.1
Andhra Pradesh,Tirupati,CO,28.0,30.0,29.0,33,Good,21.8,75.6,16.1
Andhra Pradesh,Vijayawada,OZONE,24.0,48.0,35.0,50,Good,37.7,90.7,5.4
Andhra Pradesh,Vijayawada,PM2.5,51.0,79.0,62.0,90,Moderate,23.3,67.2,2.4
Bihar,Manguraha,PM2.5,,,,364,Hazardous,34.4,49.3,20.2
Bihar,Manguraha,SO2,13.0,17.0,16.0,44,Good,20.3,76.2,12.5
Bihar,Munger,NO2,4.0,5.0,5.0,22,Good,29.2,43.3,2.8
Bihar,Munger,CO,41.0,49.0,46.0,4,Good,22.8,64.1,23.3
Bihar,Muzaffarpur,CO,39.0,52.0,47.0,33,Good,38.5,51.3,27.3
Bihar,Muzaffarpur,OZONE,14.0,60.0,43.0,44,Good,38.7,91.1,7.3
Bihar,Muzaffarpur,PM2.5,32.0,65.0,43.0,4,Good,30.5,78.2,6.2
Bihar,Patna,PM10,51.0,75.0,62.0,59,Moderate,28.4,78.2,0.3
Bihar,Patna,SO2,5.0,7.0,6.0,28,Good,26.7,78.8,20.0
Bihar,Gaya,NH3,,,,486,Hazardous,22.8,56.6,3.6
Bihar,Gaya,NH3,4.0,5.0,5.0,40,Good,27.9,49.5,25.7
Bihar,Hajipur,PM2.5,65.0,109.0,87.0,62,Moderate,26.0,75.1,10.5
Bihar,Hajipur,PM10,83.0,112.0,97.0,55,Moderate,38.2,48.3,13.1
Bihar,Hajipur,NH3,11.0,24.0,18.0,43,Good,27.9,68.9,0.6
Bihar,Hajipur,OZONE,21.0,77.0,47.0,17,Good,36.5,78.8,20.7
Bihar,Katihar,PM10,4.0,24.0,15.0,22,Good,27.7,51.1,16.1
Bihar,Katihar,NO2,2.0,2.0,2.0,49,Good,23.8,69.2,24.1
Bihar,Kishanganj,PM2.5,58.0,170.0,80.0,84,Moderate,31.2,47.6,3.3
Bihar,Begusarai,OZONE,21.0,43.0,36.0,16,Good,15.7,38.6,20.0
Bihar,Bhagalpur,PM10,,,,474,Hazardous,23.8,78.5,8.2
Bihar,Bhagalpur,PM10,12.0,281.0,48.0,9,Good,25.3,34.9,2.5
Bihar,Bhagalpur,CO,28.0,60.0,43.0,31,Good,27.5,59.5,14.3
Bihar,Bihar Sharif,PM2.5,32.0,60.0,43.0,0,Good,24.6,56.6,4.6
Bihar,Buxar,PM10,11.0,500.0,116.0,128,Unhealthy for Sensitive Groups,22.8,47.3,21.7
Bihar,Gaya,PM10,,,,304,Hazardous,35.2,80.9,0.9
Bihar,Gaya,NO2,9.0,10.0,9.0,8,Good,23.2,80.7,2.7
Andhra Pradesh,Vijayawada,SO2,12.0,19.0,16.0,44,Good,30.0,81.8,12.7
Assam,Byrnihat,NO2,2.0,9.0,7.0,16,Good,34.6,82.4,20.3
Assam,Byrnihat,NH3,4.0,4.0,4.0,10,Good,17.2,55.7,20.7
Assam,Guwahati,NH3,2.0,13.0,4.0,13,Good,22.0,45.0,13.9
Assam,Guwahati,SO2,36.0,48.0,40.0,31,Good,24.9,84.9,29.6
Assam,Guwahati,CO,5.0,8.0,6.0,10,Good,26.7,82.9,25.3
Andhra Pradesh,Anantapur,PM10,41.0,179.0,73.0,59,Moderate,33.9,34.0,27.2
Andhra Pradesh,Anantapur,OZONE,23.0,50.0,28.0,50,Good,32.0,56.7,21.4
Andhra Pradesh,Chittoor,PM10,55.0,62.0,59.0,74,Moderate,26.5,44.0,20.5
Delhi,Delhi,PM2.5,64.0,258.0,132.0,114,Unhealthy for Sensitive Groups,33.3,33.7,12.0
Delhi,Delhi,PM10,46.0,133.0,87.0,54,Moderate,24.7,80.7,6.0
Delhi,Delhi,CO,49.0,92.0,67.0,70,Moderate,24.0,77.2,29.2
Delhi,Delhi,PM2.5,33.0,83.0,57.0,91,Moderate,15.8,53.7,16.6
Delhi,Delhi,PM10,51.0,129.0,94.0,82,Moderate,38.5,56.9,23.0
Delhi,Delhi,NO2,9.0,33.0,17.0,33,Good,29.8,60.9,29.2
Delhi,Delhi,NH3,5.0,9.0,7.0,11,Good,38.7,42.6,28.8
Delhi,Delhi,SO2,7.0,13.0,9.0,4,Good,20.0,70.8,2.8
Delhi,Delhi,OZONE,3.0,8.0,6.0,13,Good,29.8,49.0,11.1
Delhi,Delhi,PM10,70.0,148.0,109.0,112,Unhealthy for Sensitive Groups,17.9,80.8,11.7
Delhi,Delhi,NO2,30.0,55.0,37.0,6,Good,30.9,80.5,17.4
Delhi,Delhi,PM10,64.0,131.0,103.0,106,Unhealthy for Sensitive Groups,16.7,86.0,22.0
Delhi,Delhi,PM2.5,38.0,350.0,137.0,125,Unhealthy for Sensitive Groups,18.1,90.4,29.8
Delhi,Delhi,PM10,0.0,276.0,87.0,72,Moderate,15.5,35.3,16.4
Delhi,Delhi,PM10,57.0,127.0,89.0,80,Moderate,23.6,64.5,1.9
Delhi,Delhi,NH3,7.0,10.0,9.0,42,Good,30.4,39.6,19.8
Delhi,Delhi,SO2,5.0,11.0,8.0,9,Good,29.4,36.6,21.0
Delhi,Delhi,OZONE,5.0,23.0,14.0,44,Good,33.8,83.0,13.0
Delhi,Delhi,NH3,5.0,9.0,7.0,11,Good,33.4,81.4,15.8
Delhi,Delhi,CO,58.0,105.0,75.0,90,Moderate,23.4,58.4,4.7
Delhi,Delhi,OZONE,16.0,17.0,16.0,16,Good,17.4,61.5,11.5
Delhi,Delhi,CO,40.0,52.0,45.0,24,Good,17.9,83.9,6.7
Delhi,Delhi,PM10,66.0,144.0,118.0,142,Unhealthy for Sensitive Groups,33.2,94.7,10.0
Delhi,Delhi,PM10,72.0,124.0,96.0,71,Moderate,20.4,93.0,13.6
Delhi,Delhi,CO,97.0,108.0,103.0,148,Unhealthy for Sensitive Groups,30.0,87.0,17.3
Delhi,Delhi,PM10,74.0,137.0,106.0,101,Unhealthy for Sensitive Groups,23.4,36.7,13.6
Delhi,Delhi,SO2,28.0,32.0,31.0,0,Good,39.8,72.7,1.5
Delhi,Delhi,NO2,19.0,47.0,24.0,20,Good,34.2,37.3,12.1
Delhi,Delhi,CO,28.0,39.0,33.0,13,Good,38.9,38.1,13.4
Delhi,Delhi,SO2,3.0,5.0,4.0,13,Good,33.0,89.5,4.1
Delhi,Delhi,PM2.5,6.0,260.0,88.0,54,Moderate,17.8,66.3,21.0
Delhi,Delhi,PM2.5,32.0,157.0,74.0,63,Moderate,38.5,37.6,3.0
Delhi,Delhi,PM2.5,2.0,95.0,50.0,33,Good,39.9,69.2,16.5
Delhi,Delhi,SO2,7.0,19.0,14.0,26,Good,38.2,64.6,1.3
Delhi,Delhi,CO,3.0,59.0,40.0,28,Good,37.5,65.2,6.0
Delhi,Delhi,SO2,3.0,25.0,16.0,22,Good,15.6,31.7,24.3
Delhi,Delhi,PM10,66.0,150.0,106.0,104,Unhealthy for Sensitive Groups,36.6,47.4,16.6
Delhi,Delhi,SO2,,,,396,Hazardous,30.6,51.4,14.4
Delhi,Delhi,OZONE,59.0,147.0,106.0,149,Unhealthy for Sensitive Groups,24.2,73.0,21.8
Delhi,Delhi,PM10,79.0,121.0,100.0,100,Moderate,29.0,80.1,18.2
Delhi,Delhi,SO2,,,,438,Hazardous,38.9,92.6,10.3
Delhi,Delhi,PM10,56.0,129.0,93.0,58,Moderate,31.8,75.2,16.5
Delhi,Delhi,CO,32.0,38.0,35.0,39,Good,30.4,74.5,1.3
Delhi,Delhi,NO2,34.0,100.0,60.0,100,Moderate,34.2,53.1,6.9
Delhi,Delhi,SO2,,,,417,Hazardous,25.4,58.8,6.5
Delhi,Delhi,NH3,0.0,18.0,4.0,13,Good,39.7,51.4,13.2
Delhi,Delhi,OZONE,10.0,19.0,15.0,14,Good,26.8,67.9,0.5
Delhi,Delhi,OZONE,5.0,26.0,16.0,48,Good,24.6,61.4,2.8
Delhi,Delhi,PM2.5,45.0,93.0,66.0,77,Moderate,36.2,78.7,1.7
Delhi,Delhi,PM10,34.0,129.0,86.0,72,Moderate,21.9,50.4,19.2
Delhi,Delhi,OZONE,6.0,19.0,13.0,11,Good,27.0,38.3,17.9
Delhi,Delhi,PM10,59.0,116.0,94.0,78,Moderate,19.7,56.3,20.0
Delhi,Delhi,PM10,40.0,96.0,65.0,51,Moderate,23.3,62.3,15.7
Delhi,Delhi,OZONE,13.0,81.0,46.0,9,Good,22.5,89.6,10.0
Delhi,Delhi,NO2,23.0,76.0,42.0,30,Good,27.1,31.6,28.7
Delhi,Delhi,SO2,4.0,5.0,5.0,22,Good,21.5,66.8,0.8
Delhi,Delhi,CO,29.0,59.0,45.0,20,Good,18.9,44.4,18.3
Delhi,Delhi,PM2.5,18.0,89.0,56.0,68,Moderate,31.9,82.6,25.5
Delhi,Delhi,PM10,44.0,151.0,99.0,85,Moderate,16.4,40.1,26.3
Gujarat,Ahmedabad,PM10,33.0,100.0,58.0,89,Moderate,38.1,73.4,7.6
Gujarat,Ahmedabad,NO2,2.0,7.0,4.0,14,Good,17.7,58.3,12.2
Gujarat,Ahmedabad,NH3,0.0,1.0,1.0,38,Good,19.5,77.1,27.7
Gujarat,Ahmedabad,PM2.5,27.0,72.0,42.0,40,Good,30.8,47.5,13.6
Gujarat,Ahmedabad,PM2.5,25.0,89.0,48.0,26,Good,37.0,38.8,29.4
Gujarat,Ahmedabad,NO2,16.0,34.0,24.0,31,Good,35.3,92.1,4.5
Gujarat,Ahmedabad,PM10,54.0,111.0,80.0,53,Moderate,29.5,41.1,12.9
Gujarat,Ahmedabad,SO2,3.0,9.0,5.0,5,Good,20.9,61.8,29.0
Gujarat,Ahmedabad,CO,22.0,34.0,28.0,40,Good,31.4,80.8,6.8
Gujarat,Ahmedabad,OZONE,5.0,29.0,16.0,19,Good,38.6,66.6,29.2
Gujarat,Gandhinagar,SO2,3.0,19.0,8.0,50,Good,32.2,70.3,22.9
Gujarat,Gandhinagar,OZONE,10.0,25.0,17.0,45,Good,24.3,66.6,17.0
Gujarat,Mehsana,CO,66.0,69.0,67.0,61,Moderate,38.7,77.1,24.7
Gujarat,Mehsana,OZONE,13.0,17.0,15.0,10,Good,15.0,83.3,20.7
Gujarat,Nandesari,PM2.5,47.0,97.0,64.0,95,Moderate,39.3,60.2,17.8
Gujarat,Nandesari,NO2,4.0,63.0,28.0,44,Good,17.4,38.3,27.8
Gujarat,Rajkot,SO2,10.0,14.0,13.0,0,Good,22.5,43.8,26.1
Gujarat,Surat,NH3,2.0,5.0,3.0,31,Good,34.2,63.8,3.1
Gujarat,Surat,OZONE,4.0,5.0,5.0,8,Good,32.0,59.4,28.6
Gujarat,Vadodara,PM2.5,23.0,69.0,46.0,20,Good,22.0,47.1,1.4
Gujarat,Ahmedabad,PM2.5,,,,315,Hazardous,15.5,79.8,16.0
Gujarat,Ahmedabad,NH3,2.0,5.0,4.0,16,Good,25.6,84.1,0.7
Gujarat,Ankleshwar,SO2,,,,397,Hazardous,16.1,53.1,13.9
Gujarat,Ankleshwar,CO,56.0,67.0,62.0,58,Moderate,39.7,80.7,27.9
Gujarat,Ankleshwar,OZONE,9.0,16.0,12.0,49,Good,26.6,54.6,28.7
Gujarat,Bhavnagar,SO2,6.0,6.0,6.0,26,Good,17.9,59.0,19.2
Gujarat,Bhavnagar,OZONE,29.0,35.0,32.0,20,Good,19.6,64.2,21.4
Gujarat,Gandhinagar,NH3,4.0,6.0,4.0,43,Good,31.8,41.0,7.4
Gujarat,Gandhinagar,SO2,2.0,13.0,4.0,0,Good,34.0,77.7,18.9
Delhi,Delhi,SO2,3.0,7.0,4.0,15,Good,22.9,58.7,21.8
Delhi,Delhi,OZONE,2.0,4.0,3.0,17,Good,37.3,62.1,9.7
Delhi,Delhi,NO2,28.0,41.0,32.0,36,Good,25.8,45.8,27.3
Delhi,Delhi,OZONE,21.0,41.0,30.0,13,Good,18.2,35.6,24.3
Delhi,Delhi,PM10,62.0,127.0,96.0,85,Moderate,21.8,30.5,9.7
Delhi,Delhi,SO2,4.0,13.0,8.0,34,Good,23.3,86.2,9.8
Delhi,Delhi,NO2,22.0,70.0,36.0,35,Good,27.6,46.5,27.3
Delhi,Delhi,SO2,4.0,24.0,12.0,14,Good,23.6,86.5,24.6
Delhi,Delhi,OZONE,10.0,33.0,22.0,19,Good,16.4,53.1,26.6
Gujarat,Vapi,NH3,,,,478,Hazardous,23.9,75.0,29.6
Gujarat,Vatva,PM10,80.0,137.0,109.0,104,Unhealthy for Sensitive Groups,39.4,46.4,1.6
Gujarat,Vatva,OZONE,43.0,43.0,43.0,46,Good,22.2,41.1,13.2
Haryana,Ambala,OZONE,14.0,15.0,15.0,2,Good,35.0,37.1,14.5
Haryana,Ballabgarh,PM2.5,24.0,207.0,82.0,61,Moderate,36.6,46.6,12.1
Haryana,Ballabgarh,NO2,19.0,20.0,20.0,22,Good,17.9,37.0,23.4
Haryana,Ballabgarh,OZONE,12.0,17.0,15.0,1,Good,18.7,47.7,23.6
Himachal Pradesh,Baddi,PM10,56.0,207.0,98.0,64,Moderate,38.2,35.2,15.4
Himachal Pradesh,Baddi,SO2,14.0,22.0,16.0,33,Good,24.0,63.4,29.1
Jammu and Kashmir,Srinagar,NH3,9.0,9.0,9.0,1,Good,15.1,62.0,10.4
Jammu and Kashmir,Srinagar,OZONE,0.0,1.0,1.0,7,Good,39.1,93.2,26.8
Jammu and Kashmir,Srinagar,PM10,7.0,241.0,94.0,72,Moderate,27.3,34.8,28.7
Jammu and Kashmir,Srinagar,NH3,,,,408,Hazardous,39.7,61.5,26.0
Jammu and Kashmir,Srinagar,CO,,,,453,Hazardous,29.2,39.1,3.9
Jammu and Kashmir,Srinagar,OZONE,,,,483,Hazardous,18.0,48.6,5.7
Jharkhand,Dhanbad,OZONE,37.0,146.0,59.0,53,Moderate,21.4,31.0,5.5
Karnataka,Bagalkot,OZONE,18.0,18.0,18.0,42,Good,22.0,84.4,10.2
Karnataka,Bengaluru,PM2.5,3.0,88.0,32.0,26,Good,23.4,69.6,21.7
Karnataka,Bengaluru,OZONE,10.0,38.0,25.0,33,Good,20.1,90.3,9.6
Karnataka,Bengaluru,PM10,108.0,110.0,109.0,127,Unhealthy for Sensitive Groups,22.0,34.0,18.8
Karnataka,Bengaluru,NO2,27.0,33.0,30.0,40,Good,21.5,79.9,21.5
Karnataka,Bengaluru,PM2.5,2.0,10.0,6.0,17,Good,20.9,53.3,29.3
Karnataka,Bengaluru,PM10,5.0,57.0,22.0,13,Good,37.3,32.0,23.3
Karnataka,Karwar,CO,,,,432,Hazardous,33.9,32.2,5.9
Karnataka,Karwar,OZONE,,,,350,Hazardous,15.2,53.3,0.8
Karnataka,Koppal,NO2,29.0,36.0,30.0,33,Good,33.9,85.8,27.0
Karnataka,Koppal,SO2,,,,381,Hazardous,25.5,48.9,24.5
Karnataka,Koppal,OZONE,5.0,9.0,7.0,11,Good,31.8,82.1,13.8
Karnataka,Madikeri,OZONE,2.0,5.0,3.0,46,Good,38.5,78.9,18.0
Karnataka,Mangalore,OZONE,37.0,37.0,37.0,31,Good,17.0,87.6,9.3
Karnataka,Mysuru,PM2.5,7.0,29.0,15.0,39,Good,31.3,72.1,5.5
Karnataka,Mysuru,NO2,10.0,25.0,19.0,44,Good,19.8,72.9,19.8
Karnataka,Mysuru,NH3,3.0,5.0,4.0,25,Good,28.8,65.1,9.7
Karnataka,Ramanagara,PM10,8.0,58.0,31.0,19,Good,34.1,34.0,20.0
Karnataka,Ramanagara,SO2,8.0,26.0,19.0,32,Good,17.4,84.8,12.8
Karnataka,Ramanagara,OZONE,19.0,29.0,26.0,4,Good,26.3,88.1,7.5
Karnataka,Yadgir,PM10,7.0,37.0,21.0,6,Good,37.5,72.8,0.8
Karnataka,Yadgir,SO2,12.0,18.0,15.0,20,Good,18.3,50.7,10.6
Kerala,Kannur,NO2,12.0,13.0,13.0,48,Good,26.3,36.4,13.3
Kerala,Kannur,OZONE,27.0,28.0,27.0,29,Good,16.2,68.6,18.5
Kerala,Kollam,PM10,27.0,69.0,43.0,37,Good,30.3,40.9,15.4
Kerala,Kollam,CO,15.0,17.0,16.0,25,Good,34.6,54.4,23.2
Kerala,Thiruvananthapuram,PM2.5,5.0,27.0,15.0,42,Good,30.3,50.1,21.2
Kerala,Thiruvananthapuram,PM10,29.0,62.0,46.0,31,Good,21.8,73.7,11.4
Kerala,Thiruvananthapuram,NH3,0.0,0.0,0.0,43,Good,20.0,48.5,5.7
Kerala,Thiruvananthapuram,SO2,10.0,11.0,11.0,29,Good,18.7,70.6,2.9
Kerala,Thrissur,OZONE,29.0,29.0,29.0,40,Good,36.3,85.7,14.4
Madhya Pradesh,Bhopal,PM10,3.0,60.0,29.0,11,Good,22.5,68.8,8.0
Madhya Pradesh,Bhopal,NH3,4.0,6.0,5.0,21,Good,17.6,82.3,24.5
Madhya Pradesh,Bhopal,PM10,,,,385,Hazardous,39.6,94.6,16.4
Haryana,Faridabad,CO,51.0,56.0,53.0,60,Moderate,36.3,43.4,5.9
Haryana,Faridabad,OZONE,25.0,25.0,25.0,27,Good,25.9,48.7,19.5
Haryana,Faridabad,PM2.5,42.0,470.0,123.0,118,Unhealthy for Sensitive Groups,27.4,66.7,8.3
Haryana,Faridabad,PM10,46.0,314.0,90.0,89,Moderate,39.5,43.3,29.0
Haryana,Faridabad,NO2,24.0,27.0,25.0,15,Good,31.2,56.5,26.8
Haryana,Faridabad,OZONE,14.0,14.0,14.0,13,Good,34.2,81.0,15.5
Haryana,Faridabad,CO,37.0,56.0,46.0,40,Good,28.9,53.6,28.5
Haryana,Fatehabad,PM2.5,,,,306,Hazardous,30.5,58.1,10.7
Haryana,Fatehabad,SO2,,,,340,Hazardous,23.5,71.3,6.3
Haryana,Fatehabad,CO,43.0,52.0,48.0,4,Good,18.7,68.4,10.8
Haryana,Gurugram,PM2.5,17.0,119.0,61.0,53,Moderate,26.7,68.9,24.1
Haryana,Gurugram,SO2,,,,329,Hazardous,15.5,49.6,16.5
Haryana,Gurugram,CO,51.0,58.0,55.0,52,Moderate,32.3,87.9,6.7
Haryana,Gurugram,NO2,3.0,16.0,12.0,44,Good,30.6,32.5,16.0
Haryana,Gurugram,SO2,3.0,10.0,6.0,16,Good,25.2,35.1,29.8
Haryana,Gurugram,NO2,24.0,71.0,41.0,27,Good,39.6,76.7,2.0
Haryana,Hisar,NH3,11.0,13.0,12.0,17,Good,20.1,83.0,20.3
Haryana,Hisar,CO,62.0,63.0,63.0,70,Moderate,38.4,39.0,29.7
Haryana,Karnal,NO2,9.0,10.0,9.0,45,Good,19.6,44.8,8.1
Haryana,Kurukshetra,SO2,3.0,12.0,7.0,35,Good,33.1,72.6,12.5
Haryana,Mandikhera,PM2.5,,,,460,Hazardous,39.5,43.7,1.3
Haryana,Narnaul,PM2.5,95.0,305.0,180.0,166,Unhealthy,38.9,50.3,6.9
Haryana,Narnaul,NO2,20.0,26.0,22.0,24,Good,18.1,85.3,13.0
Haryana,Narnaul,CO,2.0,4.0,3.0,32,Good,25.5,88.7,26.2
Haryana,Palwal,SO2,0.0,111.0,19.0,44,Good,20.5,85.7,7.7
Haryana,Panchgaon,PM10,,,,338,Hazardous,27.9,47.3,15.0
Haryana,Panchkula,PM10,,,,374,Hazardous,29.2,81.1,17.4
Haryana,Panipat,PM10,57.0,477.0,198.0,184,Unhealthy,34.7,67.7,28.7
Haryana,Rohtak,NH3,,,,348,Hazardous,32.9,90.1,1.0
Haryana,Rohtak,OZONE,16.0,46.0,27.0,29,Good,21.2,30.6,6.8
Haryana,Sirsa,PM10,109.0,191.0,149.0,136,Unhealthy for Sensitive Groups,34.7,89.0,15.7
Haryana,Sonipat,NH3,8.0,9.0,9.0,39,Good,16.2,73.8,10.2
Haryana,Yamuna Nagar,NH3,7.0,20.0,14.0,5,Good,24.7,32.1,6.0
Karnataka,Bengaluru,CO,14.0,26.0,20.0,26,Good,22.4,58.6,28.8
Karnataka,Bengaluru,SO2,21.0,21.0,21.0,16,Good,29.0,73.4,8.8
Karnataka,Bengaluru,PM2.5,24.0,29.0,26.0,49,Good,21.7,56.2,6.6
Karnataka,Bengaluru,NO2,24.0,25.0,24.0,31,Good,34.1,68.8,17.1
Karnataka,Bengaluru,NH3,4.0,4.0,4.0,46,Good,28.9,32.5,0.9
Karnataka,Bengaluru,CO,46.0,52.0,48.0,30,Good,32.2,32.6,23.1
Karnataka,Bengaluru,CO,,,,452,Hazardous,31.3,63.3,24.2
Karnataka,Bengaluru,OZONE,14.0,23.0,18.0,27,Good,38.1,67.1,4.1
Karnataka,Bengaluru,PM2.5,7.0,35.0,18.0,16,Good,20.5,82.9,16.7
Karnataka,Bengaluru,SO2,8.0,30.0,17.0,47,Good,39.2,40.5,5.4
Karnataka,Chikkaballapur,SO2,11.0,19.0,15.0,44,Good,38.3,42.4,8.1
Karnataka,Chikkamagaluru,PM2.5,18.0,27.0,22.0,6,Good,27.1,31.0,14.2
Karnataka,Chikkamagaluru,OZONE,14.0,21.0,15.0,27,Good,37.3,61.8,29.0
Karnataka,Dharwad,PM2.5,48.0,58.0,52.0,95,Moderate,24.4,49.9,0.7
Karnataka,Dharwad,SO2,6.0,8.0,7.0,39,Good,23.5,92.9,17.9
Karnataka,Dharwad,CO,30.0,41.0,37.0,18,Good,21.3,41.4,21.0
Karnataka,Gadag,SO2,20.0,32.0,25.0,49,Good,35.6,35.1,22.9
Karnataka,Gadag,OZONE,16.0,16.0,16.0,8,Good,25.4,33.8,0.8
Karnataka,Kalaburagi,CO,34.0,38.0,36.0,22,Good,36.3,40.1,24.3
Karnataka,Karwar,NO2,11.0,55.0,18.0,25,Good,16.2,80.4,27.5
Madhya Pradesh,Bhopal,SO2,1.0,19.0,9.0,19,Good,18.6,72.7,5.6
Madhya Pradesh,Dewas,PM10,,,,328,Hazardous,19.9,56.9,0.3
Madhya Pradesh,Gwalior,NH3,3.0,7.0,5.0,28,Good,26.3,84.7,25.6
Madhya Pradesh,Gwalior,CO,10.0,31.0,18.0,12,Good,20.7,67.4,4.3
Maharashtra,Mumbai,OZONE,7.0,20.0,12.0,36,Good,21.3,88.5,20.6
Maharashtra,Mumbai,PM10,21.0,33.0,26.0,1,Good,22.3,65.8,16.2
Maharashtra,Mumbai,NH3,3.0,5.0,4.0,42,Good,31.2,66.7,10.6
Maharashtra,Mumbai,CO,49.0,64.0,57.0,61,Moderate,23.7,86.7,6.8
Maharashtra,Mumbai,NH3,9.0,9.0,9.0,47,Good,38.4,66.4,18.3
Maharashtra,Mumbai,SO2,3.0,4.0,4.0,31,Good,18.5,71.1,24.6
Maharashtra,Mumbai,CO,12.0,12.0,12.0,21,Good,34.7,84.5,12.0
Maharashtra,Mumbai,NO2,2.0,6.0,4.0,29,Good,28.3,56.0,23.3
Maharashtra,Mumbai,PM2.5,9.0,34.0,16.0,24,Good,37.0,89.6,24.6
Maharashtra,Mumbai,NO2,2.0,19.0,12.0,20,Good,22.4,64.3,10.1
Maharashtra,Mumbai,NH3,6.0,10.0,8.0,49,Good,15.5,34.0,21.2
Maharashtra,Mumbai,CO,48.0,61.0,53.0,55,Moderate,33.9,60.3,5.3
Maharashtra,Mumbai,OZONE,3.0,7.0,5.0,29,Good,20.4,79.5,2.5
Maharashtra,Mumbai,PM2.5,,,,337,Hazardous,29.7,33.1,11.9
Maharashtra,Mumbai,PM10,,,,302,Hazardous,32.5,43.1,6.4
Maharashtra,Mumbai,PM2.5,1.0,14.0,6.0,9,Good,22.0,45.0,14.2
Maharashtra,Mumbai,PM10,10.0,31.0,17.0,19,Good,32.7,41.3,1.9
Maharashtra,Mumbai,NH3,3.0,8.0,5.0,42,Good,38.4,91.1,1.5
Maharashtra,Mumbai,CO,12.0,62.0,32.0,11,Good,28.7,54.2,9.2
Maharashtra,Mumbai,SO2,5.0,14.0,8.0,41,Good,16.0,36.6,9.4
Maharashtra,Mumbai,OZONE,14.0,30.0,21.0,36,Good,30.5,62.1,27.9
Maharashtra,Mumbai,NO2,12.0,21.0,15.0,35,Good,35.8,51.3,23.0
Maharashtra,Mumbai,OZONE,7.0,33.0,11.0,13,Good,37.9,58.0,24.7
Maharashtra,Mumbai,NO2,,,,378,Hazardous,18.9,86.8,12.2
Maharashtra,Mumbai,PM2.5,3.0,20.0,12.0,13,Good,36.6,89.4,18.4
Maharashtra,Mumbai,PM10,9.0,41.0,19.0,9,Good,17.4,64.5,17.4
Maharashtra,Nagpur,NO2,8.0,30.0,12.0,19,Good,37.7,77.2,11.7
Maharashtra,Nagpur,PM2.5,17.0,55.0,31.0,45,Good,22.2,93.6,6.8
Maharashtra,Nagpur,NO2,4.0,19.0,10.0,13,Good,17.9,77.5,23.9
Maharashtra,Nagpur,NH3,1.0,5.0,3.0,2,Good,29.3,42.5,12.4
Maharashtra,Nagpur,CO,39.0,105.0,75.0,100,Moderate,15.4,45.0,14.9
Maharashtra,Nagpur,CO,28.0,116.0,69.0,52,Moderate,17.1,78.4,12.1
Maharashtra,Nagpur,OZONE,5.0,14.0,8.0,12,Good,22.0,37.5,22.1
Maharashtra,Nanded,PM2.5,12.0,19.0,15.0,15,Good,17.1,39.4,3.6
Maharashtra,Nanded,PM10,11.0,19.0,14.0,44,Good,38.0,44.3,3.8
Maharashtra,Nanded,NO2,8.0,16.0,11.0,38,Good,31.7,85.1,11.1
Maharashtra,Nashik,PM2.5,6.0,15.0,11.0,26,Good,38.3,31.4,25.3
Maharashtra,Nashik,PM10,3.0,25.0,14.0,50,Good,19.0,36.2,16.7
Maharashtra,Nashik,NH3,1.0,2.0,1.0,11,Good,19.2,80.8,3.5
Maharashtra,Nashik,PM10,5.0,38.0,22.0,13,Good,28.7,53.6,11.1
Maharashtra,Amravati,PM2.5,7.0,33.0,18.0,44,Good,29.8,69.9,5.3
Maharashtra,Amravati,CO,25.0,60.0,37.0,25,Good,24.1,61.2,21.2
Maharashtra,Aurangabad,PM2.5,46.0,54.0,50.0,7,Good,38.8,67.4,5.3
Maharashtra,Aurangabad,PM10,44.0,55.0,50.0,25,Good,40.0,56.6,8.4
Maharashtra,Aurangabad,SO2,26.0,33.0,28.0,42,Good,34.0,50.1,17.4
Maharashtra,Aurangabad,NH3,1.0,7.0,3.0,29,Good,17.1,93.3,23.5
Maharashtra,Aurangabad,CO,21.0,28.0,26.0,30,Good,21.6,55.7,3.2
Maharashtra,Aurangabad,OZONE,9.0,24.0,14.0,30,Good,33.6,43.8,3.5
Maharashtra,Badlapur,NH3,4.0,8.0,6.0,14,Good,26.2,85.5,3.0
Maharashtra,Badlapur,SO2,2.0,7.0,5.0,1,Good,22.9,49.7,4.2
Maharashtra,Beed,OZONE,11.0,15.0,12.0,16,Good,33.3,76.3,16.5
Maharashtra,Belapur,NH3,0.0,5.0,2.0,32,Good,30.1,71.6,29.4
Maharashtra,Bhiwandi,SO2,3.0,7.0,5.0,18,Good,25.5,57.1,0.5
Maharashtra,Bhiwandi,CO,17.0,31.0,24.0,49,Good,16.4,66.0,18.2
Madhya Pradesh,Indore,NO2,2.0,9.0,5.0,29,Good,36.0,51.4,18.7
Madhya Pradesh,Jabalpur,PM2.5,18.0,37.0,25.0,10,Good,33.5,78.7,20.8
Madhya Pradesh,Jabalpur,NH3,1.0,2.0,1.0,39,Good,28.8,33.0,11.5
Madhya Pradesh,Jabalpur,SO2,6.0,9.0,8.0,38,Good,27.7,83.4,2.2
Madhya Pradesh,Jabalpur,PM10,24.0,84.0,41.0,21,Good,20.4,92.2,7.2
Madhya Pradesh,Jabalpur,NH3,3.0,3.0,3.0,19,Good,24.5,60.3,4.4
Madhya Pradesh,Jabalpur,OZONE,9.0,21.0,17.0,29,Good,29.4,82.6,16.4
Madhya Pradesh,Maihar,PM2.5,1.0,46.0,16.0,40,Good,30.5,33.7,13.7
Madhya Pradesh,Maihar,NO2,13.0,86.0,59.0,52,Moderate,29.4,90.3,15.5
Madhya Pradesh,Maihar,OZONE,,,,352,Hazardous,23.9,78.5,23.8
Maharashtra,Mumbai,OZONE,28.0,29.0,28.0,40,Good,22.7,90.4,7.6
Maharashtra,Mumbai,SO2,3.0,11.0,5.0,16,Good,24.3,50.6,15.7
Maharashtra,Mumbai,NH3,8.0,8.0,8.0,30,Good,33.9,71.1,0.8
Maharashtra,Mumbai,SO2,2.0,4.0,3.0,11,Good,35.8,44.2,24.5
Maharashtra,Mumbai,NO2,42.0,55.0,47.0,21,Good,39.8,54.2,7.2
Maharashtra,Mumbai,NH3,4.0,4.0,4.0,17,Good,37.4,88.6,28.7
Maharashtra,Mumbai,NO2,6.0,24.0,13.0,11,Good,18.7,39.7,27.9
Maharashtra,Mumbai,CO,14.0,17.0,15.0,28,Good,19.5,57.8,18.9
Maharashtra,Mumbai,OZONE,15.0,16.0,16.0,46,Good,39.5,52.3,22.3
Maharashtra,Chandrapur,PM10,,,,382,Hazardous,21.9,34.8,29.6
Maharashtra,Chandrapur,CO,24.0,34.0,27.0,18,Good,31.2,73.0,20.1
Maharashtra,Chandrapur,NH3,4.0,5.0,5.0,32,Good,18.3,75.1,26.3
Maharashtra,Dombivli,PM10,2.0,12.0,5.0,2,Good,31.9,72.8,23.4
Maharashtra,Hingoli,NO2,4.0,14.0,7.0,31,Good,35.4,73.0,12.0
Maharashtra,Jalna,CO,57.0,72.0,65.0,87,Moderate,21.0,94.8,7.1
Maharashtra,Kalyan,PM2.5,0.0,62.0,22.0,47,Good,29.4,86.1,24.9
Maharashtra,Kalyan,CO,59.0,70.0,65.0,79,Moderate,39.4,44.3,20.9
Madhya Pradesh,Pithampur,CO,31.0,34.0,32.0,30,Good,17.7,87.1,12.1
Madhya Pradesh,Sagar,PM10,2.0,130.0,32.0,20,Good,26.4,44.9,19.9
Madhya Pradesh,Singrauli,NH3,2.0,3.0,2.0,30,Good,32.3,54.1,29.8
Madhya Pradesh,Ujjain,PM10,13.0,66.0,38.0,10,Good,16.2,73.4,0.6
Madhya Pradesh,Ujjain,SO2,3.0,6.0,4.0,46,Good,30.0,59.4,19.3
Maharashtra,Ahmednagar,CO,25.0,25.0,25.0,17,Good,36.2,84.8,18.4
Maharashtra,Akola,NH3,7.0,8.0,7.0,31,Good,19.0,59.9,11.0
Madhya Pradesh,Gwalior,SO2,0.0,19.0,10.0,9,Good,24.5,73.1,7.3
Madhya Pradesh,Gwalior,OZONE,29.0,47.0,38.0,14,Good,20.2,48.1,3.3
Madhya Pradesh,Gwalior,NH3,3.0,4.0,4.0,23,Good,17.1,38.7,0.6
Madhya Pradesh,Indore,NH3,,,,395,Hazardous,28.4,84.7,17.2
Madhya Pradesh,Indore,PM2.5,9.0,41.0,24.0,44,Good,33.9,75.6,1.2
Madhya Pradesh,Indore,PM10,10.0,85.0,49.0,2,Good,22.5,88.2,26.2
Madhya Pradesh,Indore,SO2,6.0,8.0,7.0,24,Good,20.5,37.9,7.8
Madhya Pradesh,Indore,PM10,6.0,40.0,19.0,46,Good,23.7,76.6,16.7
Maharashtra,Mira-Bhayandar,PM2.5,,,,400,Hazardous,17.4,48.6,9.0
Maharashtra,Mira-Bhayandar,CO,16.0,33.0,22.0,33,Good,29.8,74.0,30.0
Maharashtra,Mumbai,PM2.5,4.0,13.0,8.0,3,Good,35.4,33.8,28.3
Punjab,Bathinda,PM10,,,,374,Hazardous,23.7,91.4,5.7
Punjab,Bathinda,OZONE,,,,499,Hazardous,38.4,88.8,28.8
Punjab,Jalandhar,NH3,4.0,5.0,5.0,45,Good,36.9,42.1,10.4
Punjab,Jalandhar,SO2,16.0,17.0,17.0,38,Good,29.0,90.8,13.3
Punjab,Ludhiana,PM10,80.0,107.0,92.0,79,Moderate,29.1,54.3,6.2
Punjab,Ludhiana,SO2,1.0,30.0,13.0,10,Good,21.1,92.3,25.1
Punjab,Mandi Gobindgarh,PM2.5,54.0,84.0,68.0,96,Moderate,22.6,92.6,2.3
Punjab,Mandi Gobindgarh,OZONE,27.0,27.0,27.0,12,Good,23.8,31.6,2.5
Punjab,Patiala,NH3,6.0,7.0,6.0,38,Good,32.1,92.4,2.9
Punjab,Rupnagar,NO2,9.0,45.0,26.0,24,Good,37.2,70.7,7.3
Punjab,Rupnagar,SO2,11.0,16.0,14.0,21,Good,27.1,75.5,23.1
Punjab,Rupnagar,OZONE,,,,368,Hazardous,37.8,61.9,27.9
Rajasthan,Ajmer,NO2,33.0,41.0,36.0,21,Good,26.5,62.5,28.2
Rajasthan,Ajmer,CO,12.0,28.0,21.0,29,Good,29.8,59.3,29.1
Rajasthan,Alwar,NO2,38.0,102.0,72.0,54,Moderate,27.9,49.7,5.8
Rajasthan,Alwar,CO,54.0,79.0,64.0,79,Moderate,32.2,38.6,24.7
Rajasthan,Banswara,PM10,45.0,133.0,87.0,85,Moderate,24.6,40.7,27.4
Nagaland,Kohima,SO2,39.0,54.0,45.0,31,Good,36.2,73.6,16.3
Odisha,Angul,NH3,3.0,4.0,3.0,1,Good,17.1,43.7,0.8
Odisha,Angul,SO2,11.0,16.0,13.0,45,Good,24.8,37.5,1.8
Odisha,Balasore,PM10,15.0,107.0,49.0,46,Good,19.7,94.0,16.3
Odisha,Balasore,OZONE,1.0,166.0,56.0,93,Moderate,38.3,51.4,29.5
Odisha,Barbil,PM2.5,17.0,53.0,35.0,11,Good,16.3,79.6,18.4
Odisha,Barbil,PM10,21.0,106.0,53.0,62,Moderate,25.0,77.0,25.0
Odisha,Barbil,NO2,2.0,9.0,6.0,6,Good,35.0,81.3,7.8
Odisha,Barbil,CO,9.0,15.0,12.0,21,Good,21.0,76.2,7.9
Odisha,Baripada,NO2,4.0,38.0,13.0,18,Good,20.4,32.7,9.3
Odisha,Baripada,SO2,3.0,12.0,7.0,33,Good,34.8,36.6,7.5
Odisha,Baripada,OZONE,25.0,46.0,36.0,34,Good,19.7,35.5,24.6
Odisha,Bhubaneswar,NH3,2.0,2.0,2.0,41,Good,20.4,37.9,25.2
Odisha,Bhubaneswar,SO2,8.0,11.0,10.0,34,Good,27.6,37.2,28.6
Odisha,Bhubaneswar,PM2.5,7.0,48.0,28.0,14,Good,37.2,32.9,17.6
Odisha,Bileipada,PM2.5,12.0,76.0,32.0,19,Good,37.1,36.2,17.5
Odisha,Brajrajnagar,NH3,4.0,5.0,5.0,50,Good,23.5,35.4,14.7
Odisha,Byasanagar,PM10,10.0,85.0,45.0,33,Good,25.5,64.2,16.4
Odisha,Byasanagar,SO2,3.0,56.0,11.0,8,Good,24.2,91.2,19.2
Odisha,Keonjhar,OZONE,10.0,29.0,21.0,31,Good,29.2,64.0,3.8
Odisha,Rairangpur,CO,23.0,47.0,32.0,14,Good,38.1,43.6,3.9
Odisha,Rourkela,NO2,11.0,11.0,11.0,41,Good,36.9,53.2,2.8
Odisha,Suakati,NH3,3.0,3.0,3.0,29,Good,33.0,79.0,22.3
Odisha,Suakati,SO2,6.0,7.0,7.0,32,Good,18.6,44.5,20.2
Odisha,Suakati,CO,2.0,5.0,3.0,4,Good,35.7,83.9,20.2
Odisha,Suakati,OZONE,16.0,314.0,120.0,114,Unhealthy for Sensitive Groups,15.5,51.7,14.3
Odisha,Talcher,CO,106.0,109.0,108.0,114,Unhealthy for Sensitive Groups,15.6,38.6,2.6
Odisha,Tensa,NO2,,,,416,Hazardous,17.0,66.9,13.1
Puducherry,Puducherry,PM10,24.0,46.0,36.0,17,Good,15.7,30.4,12.6
Puducherry,Puducherry,CO,17.0,33.0,27.0,41,Good,34.6,73.4,5.8
Punjab,Amritsar,PM2.5,80.0,87.0,83.0,56,Moderate,35.6,69.4,2.2
Maharashtra,Pune,NH3,1.0,1.0,1.0,1,Good,38.7,40.8,17.0
Maharashtra,Pune,PM10,,,,492,Hazardous,24.7,75.4,22.0
Maharashtra,Pune,PM2.5,7.0,27.0,13.0,50,Good,32.8,41.5,1.0
Maharashtra,Pune,CO,12.0,22.0,17.0,22,Good,23.0,69.7,12.0
Maharashtra,Pune,OZONE,,,,384,Hazardous,22.4,65.0,11.5
Maharashtra,Pune,PM10,23.0,65.0,42.0,10,Good,27.0,53.3,9.6
Maharashtra,Pune,OZONE,7.0,14.0,9.0,31,Good,31.1,33.6,6.6
Maharashtra,Sangli,PM10,11.0,422.0,55.0,90,Moderate,39.4,50.1,25.1
Maharashtra,Sangli,SO2,8.0,11.0,9.0,45,Good,36.8,79.1,10.8
Maharashtra,Sangli,OZONE,19.0,27.0,25.0,32,Good,28.4,43.6,30.0
Maharashtra,Satara,NH3,1.0,2.0,1.0,4,Good,34.7,91.0,6.6
Maharashtra,Satara,CO,11.0,18.0,13.0,5,Good,28.9,31.8,27.2
Maharashtra,Solapur,PM10,16.0,42.0,28.0,29,Good,15.8,59.4,10.9
Maharashtra,Solapur,CO,12.0,20.0,15.0,36,Good,18.8,67.0,24.7
Maharashtra,Thane,PM10,19.0,35.0,26.0,21,Good,22.3,86.8,19.1
Maharashtra,Nashik,CO,11.0,18.0,15.0,22,Good,31.0,69.8,19.3
Maharashtra,Nashik,NO2,2.0,23.0,4.0,4,Good,23.9,74.4,2.3
Maharashtra,Nashik,CO,29.0,39.0,34.0,8,Good,19.7,54.7,23.4
Maharashtra,Nashik,NO2,5.0,5.0,5.0,42,Good,36.3,39.4,5.8
Maharashtra,Navi Mumbai,PM10,10.0,26.0,18.0,45,Good,29.0,80.7,18.7
Maharashtra,Navi Mumbai,SO2,1.0,14.0,11.0,23,Good,37.1,57.9,4.4
Maharashtra,Navi Mumbai,PM2.5,5.0,19.0,11.0,47,Good,38.9,60.6,20.5
Maharashtra,Navi Mumbai,NO2,10.0,19.0,15.0,3,Good,20.6,48.3,27.4
Maharashtra,Navi Mumbai,PM2.5,20.0,46.0,30.0,41,Good,24.3,82.3,22.7
Maharashtra,Navi Mumbai,CO,13.0,15.0,14.0,31,Good,32.5,42.1,25.7
Maharashtra,Navi Mumbai,OZONE,5.0,6.0,5.0,41,Good,26.5,52.9,25.1
Maharashtra,Parbhani,SO2,,,,327,Hazardous,32.3,30.7,11.7
Maharashtra,Pimpri-Chinchwad,PM2.5,16.0,22.0,18.0,39,Good,19.7,68.0,8.4
Maharashtra,Pimpri-Chinchwad,PM10,27.0,37.0,30.0,15,Good,35.5,81.5,11.4
Maharashtra,Thane,NO2,15.0,44.0,27.0,3,Good,19.3,69.0,21.9
Maharashtra,Thane,NH3,4.0,9.0,6.0,35,Good,33.5,59.5,2.6
Maharashtra,Thane,SO2,1.0,2.0,2.0,50,Good,32.3,47.9,5.3
Maharashtra,Thane,OZONE,25.0,26.0,25.0,14,Good,32.6,91.0,6.9
Maharashtra,Ulhasnagar,PM10,,,,418,Hazardous,19.7,33.2,1.8
Maharashtra,Ulhasnagar,NO2,6.0,21.0,13.0,16,Good,33.5,85.5,5.8
Maharashtra,Ulhasnagar,OZONE,11.0,14.0,13.0,10,Good,15.5,30.3,19.1
Maharashtra,Virar,SO2,,,,420,Hazardous,33.2,45.2,5.2
Maharashtra,Virar,CO,8.0,85.0,49.0,24,Good,36.7,73.0,13.1
Maharashtra,Virar,OZONE,22.0,23.0,22.0,40,Good,39.7,52.7,13.4
Meghalaya,Byrnihat,NH3,,,,388,Hazardous,34.4,57.6,16.7
Meghalaya,Shillong,PM2.5,,,,302,Hazardous,27.5,55.4,21.5
Meghalaya,Shillong,PM10,,,,467,Hazardous,21.3,47.4,6.5
Meghalaya,Shillong,SO2,10.0,11.0,11.0,46,Good,26.3,36.8,20.7
Meghalaya,Shillong,OZONE,5.0,8.0,6.0,44,Good,28.4,89.4,2.8
Rajasthan,Bhiwadi,NO2,11.0,35.0,21.0,23,Good,15.4,79.2,23.6
Rajasthan,Bikaner,PM2.5,20.0,53.0,33.0,2,Good,20.8,85.1,16.8
Rajasthan,Bikaner,NO2,7.0,54.0,19.0,0,Good,28.4,52.8,13.5
Rajasthan,Bikaner,NH3,1.0,2.0,1.0,49,Good,33.5,44.1,6.7
Rajasthan,Bikaner,CO,27.0,101.0,57.0,76,Moderate,24.6,64.4,8.3
Rajasthan,Bundi,PM2.5,7.0,48.0,23.0,33,Good,15.6,50.5,13.9
Rajasthan,Bundi,NO2,19.0,67.0,30.0,38,Good,25.7,82.0,26.4
Rajasthan,Chittorgarh,CO,5.0,11.0,7.0,39,Good,39.0,33.1,21.6
Rajasthan,Churu,SO2,3.0,5.0,4.0,24,Good,19.8,62.6,24.6
Rajasthan,Churu,OZONE,9.0,41.0,25.0,37,Good,25.1,53.5,25.7
Rajasthan,Dausa,PM10,23.0,144.0,84.0,95,Moderate,21.6,77.2,29.2
Rajasthan,Dungarpur,SO2,4.0,8.0,6.0,46,Good,15.7,39.1,1.5
Maharashtra,Pimpri-Chinchwad,CO,9.0,27.0,16.0,42,Good,29.1,38.6,19.7
Maharashtra,Pimpri-Chinchwad,NH3,,,,321,Hazardous,22.1,86.0,7.4
Maharashtra,Pimpri-Chinchwad,NO2,17.0,38.0,27.0,39,Good,32.1,80.7,15.0
Maharashtra,Pimpri-Chinchwad,NH3,,,,459,Hazardous,15.3,94.3,0.1
Maharashtra,Pimpri-Chinchwad,PM2.5,9.0,65.0,33.0,42,Good,19.8,60.8,6.5
Maharashtra,Pimpri-Chinchwad,OZONE,6.0,6.0,6.0,27,Good,32.2,36.8,1.5
Maharashtra,Pimpri-Chinchwad,SO2,,,,333,Hazardous,35.0,30.4,18.0
Maharashtra,Pimpri-Chinchwad,PM2.5,17.0,32.0,23.0,45,Good,22.8,58.6,8.1
Maharashtra,Pimpri-Chinchwad,OZONE,5.0,12.0,9.0,13,Good,25.2,65.5,26.8
Maharashtra,Pune,PM10,16.0,36.0,23.0,44,Good,34.0,47.1,1.4
Rajasthan,Barmer,PM2.5,3.0,312.0,39.0,11,Good,21.8,70.7,11.8
Rajasthan,Barmer,PM10,56.0,371.0,117.0,126,Unhealthy for Sensitive Groups,17.2,85.9,12.2
Rajasthan,Barmer,OZONE,23.0,43.0,34.0,27,Good,24.3,55.8,2.7
Rajasthan,Bharatpur,SO2,2.0,6.0,3.0,38,Good,19.6,32.5,19.3
Rajasthan,Bhilwara,NO2,10.0,27.0,18.0,44,Good,28.6,65.1,18.5
Rajasthan,Bhilwara,OZONE,19.0,51.0,32.0,19,Good,25.6,52.2,3.2
Rajasthan,Khairthal,PM10,74.0,126.0,96.0,65,Moderate,16.6,88.2,27.7
Rajasthan,Khairthal,CO,16.0,19.0,17.0,26,Good,20.1,84.2,0.3
Rajasthan,Kota,SO2,2.0,17.0,7.0,23,Good,22.6,75.8,27.6
Rajasthan,Kota,NH3,2.0,4.0,3.0,27,Good,27.0,42.1,1.9
Rajasthan,Kota,SO2,9.0,40.0,14.0,8,Good,30.4,53.1,22.8
Rajasthan,Kota,NH3,4.0,9.0,6.0,39,Good,30.1,64.1,8.9
Rajasthan,Nagaur,PM2.5,15.0,57.0,29.0,2,Good,27.7,57.2,25.6
Rajasthan,Nagaur,PM10,50.0,162.0,83.0,91,Moderate,27.1,59.4,21.5
Rajasthan,Nagaur,NO2,2.0,12.0,5.0,41,Good,39.5,46.5,27.6
Rajasthan,Nagaur,CO,10.0,15.0,12.0,13,Good,20.8,56.1,19.7
Rajasthan,Pali,SO2,8.0,12.0,10.0,42,Good,28.2,69.2,17.8
Rajasthan,Pratapgarh,OZONE,52.0,65.0,58.0,75,Moderate,26.6,35.4,26.0
Rajasthan,Rajsamand,PM10,49.0,109.0,72.0,63,Moderate,19.9,38.7,21.0
Rajasthan,Rajsamand,NH3,4.0,8.0,6.0,47,Good,22.6,64.5,5.3
Rajasthan,Sawai Madhopur,PM10,8.0,118.0,65.0,85,Moderate,15.6,54.3,24.6
Rajasthan,Sawai Madhopur,SO2,2.0,7.0,4.0,45,Good,34.7,66.8,20.2
Rajasthan,Dungarpur,OZONE,37.0,55.0,46.0,38,Good,23.9,73.8,8.5
Rajasthan,Hanumangarh,PM10,78.0,155.0,113.0,141,Unhealthy for Sensitive Groups,19.6,54.3,4.0
Rajasthan,Hanumangarh,NO2,1.0,16.0,5.0,11,Good,29.6,86.5,13.1
Rajasthan,Hanumangarh,NH3,2.0,11.0,5.0,18,Good,24.8,32.9,21.7
Rajasthan,Jaipur,NH3,6.0,15.0,10.0,6,Good,20.7,59.2,1.5
Rajasthan,Jaipur,SO2,12.0,27.0,16.0,7,Good,18.2,59.4,21.9
Rajasthan,Jaipur,PM2.5,25.0,68.0,45.0,0,Good,16.5,76.9,17.8
Rajasthan,Jaipur,PM2.5,7.0,73.0,41.0,47,Good,20.9,86.2,25.1
Rajasthan,Jaipur,SO2,2.0,5.0,3.0,30,Good,35.6,47.2,2.3
Rajasthan,Jaisalmer,NO2,3.0,11.0,6.0,0,Good,30.2,50.7,0.9
Rajasthan,Jalore,PM2.5,18.0,50.0,34.0,13,Good,28.8,87.1,27.5
Rajasthan,Jalore,PM10,64.0,119.0,85.0,97,Moderate,16.9,86.5,3.2
Rajasthan,Jalore,OZONE,30.0,49.0,40.0,10,Good,36.1,79.1,14.8
Rajasthan,Jhalawar,PM10,27.0,109.0,54.0,62,Moderate,36.0,39.0,9.8
Rajasthan,Jhalawar,NO2,10.0,24.0,18.0,39,Good,17.3,91.9,9.7
Tamil Nadu,Chennai,SO2,4.0,8.0,6.0,3,Good,25.3,74.2,23.5
Tamil Nadu,Chennai,OZONE,12.0,13.0,12.0,0,Good,31.5,40.7,23.7
Tamil Nadu,Chennai,PM2.5,9.0,162.0,60.0,100,Moderate,16.2,39.5,5.4
Tamil Nadu,Chennai,PM10,12.0,86.0,43.0,20,Good,27.5,65.5,4.5
Tamil Nadu,Chennai,CO,21.0,38.0,32.0,12,Good,23.3,51.8,0.9
Tamil Nadu,Chennai,OZONE,1.0,4.0,2.0,40,Good,30.4,62.6,6.5
Tamil Nadu,Chennai,NO2,9.0,18.0,14.0,4,Good,18.3,48.2,3.7
Tamil Nadu,Chennai,NO2,0.0,8.0,4.0,20,Good,38.2,50.9,3.9
Tamil Nadu,Chennai,NH3,2.0,8.0,3.0,8,Good,38.6,85.1,2.4
Tamil Nadu,Chennai,CO,28.0,33.0,31.0,17,Good,18.3,40.2,17.9
Tamil Nadu,Chennai,PM10,12.0,123.0,66.0,71,Moderate,16.0,62.9,12.9
Tamil Nadu,Chennai,PM2.5,36.0,44.0,40.0,11,Good,36.2,57.0,0.2
Tamil Nadu,Chennai,CO,50.0,59.0,54.0,78,Moderate,20.2,87.0,0.1
Tamil Nadu,Coimbatore,PM2.5,,,,315,Hazardous,25.9,74.5,28.4
Tamil Nadu,Cuddalore,PM10,,,,409,Hazardous,38.5,74.4,19.1
Tamil Nadu,Cuddalore,CO,,,,448,Hazardous,17.7,89.0,21.8
Uttar Pradesh,Agra,OZONE,6.0,6.0,6.0,21,Good,25.5,36.3,14.5
Uttar Pradesh,Agra,OZONE,10.0,20.0,16.0,4,Good,25.1,85.5,13.3
Uttar Pradesh,Agra,NO2,5.0,17.0,13.0,25,Good,18.3,55.3,10.5
Uttar Pradesh,Agra,OZONE,16.0,24.0,19.0,32,Good,21.0,57.3,22.8
Uttar Pradesh,Agra,PM2.5,12.0,106.0,44.0,22,Good,23.1,34.3,7.2
Uttar Pradesh,Agra,PM10,40.0,162.0,73.0,79,Moderate,29.6,31.0,10.7
Uttar Pradesh,Agra,SO2,5.0,12.0,8.0,49,Good,18.5,32.2,22.7
Uttar Pradesh,Agra,PM2.5,10.0,130.0,56.0,53,Moderate,36.7,71.7,17.5
Uttar Pradesh,Agra,PM10,29.0,141.0,75.0,95,Moderate,34.6,79.5,22.2
Uttar Pradesh,Baghpat,PM10,22.0,96.0,63.0,68,Moderate,38.5,79.4,11.5
Uttar Pradesh,Baghpat,NH3,1.0,4.0,2.0,29,Good,21.1,94.3,7.7
Uttar Pradesh,Baghpat,CO,14.0,34.0,21.0,36,Good,27.3,45.5,26.6
Uttar Pradesh,Bareilly,PM10,,,,401,Hazardous,30.9,73.6,20.3
Uttar Pradesh,Bareilly,NO2,7.0,30.0,10.0,14,Good,26.2,65.2,26.1
Uttar Pradesh,Bareilly,NO2,8.0,9.0,8.0,34,Good,25.4,54.3,20.8
Uttar Pradesh,Bareilly,SO2,,,,469,Hazardous,23.4,55.3,1.7
Uttar Pradesh,Bulandshahr,PM2.5,9.0,62.0,36.0,9,Good,21.5,62.2,11.0
Uttar Pradesh,Bulandshahr,CO,26.0,42.0,34.0,43,Good,20.8,63.7,14.9
Uttar Pradesh,Firozabad,CO,17.0,20.0,18.0,49,Good,23.0,74.1,3.0
Uttar Pradesh,Firozabad,PM2.5,,,,315,Hazardous,21.9,44.2,25.1
Uttar Pradesh,Firozabad,NO2,16.0,17.0,17.0,43,Good,27.8,79.9,19.9
Uttar Pradesh,Firozabad,CO,14.0,17.0,16.0,22,Good,37.8,54.9,6.7
Uttar Pradesh,Ghaziabad,PM10,,,,331,Hazardous,18.4,78.2,24.0
Uttar Pradesh,Ghaziabad,NH3,0.0,14.0,3.0,22,Good,30.3,30.8,10.2
Uttar Pradesh,Ghaziabad,PM2.5,42.0,102.0,61.0,63,Moderate,39.3,40.8,14.5
Uttar Pradesh,Ghaziabad,PM10,49.0,135.0,91.0,95,Moderate,34.8,42.0,5.4
Tamil Nadu,Gummidipoondi,NH3,0.0,2.0,1.0,41,Good,28.8,49.6,13.9
Tamil Nadu,Gummidipoondi,OZONE,,,,480,Hazardous,34.0,35.8,26.8
Tamil Nadu,Madurai,NO2,,,,477,Hazardous,33.8,42.6,28.1
Telangana,Hyderabad,CO,21.0,40.0,30.0,12,Good,38.8,78.5,25.2
Telangana,Hyderabad,OZONE,14.0,28.0,23.0,12,Good,34.1,36.3,27.8
Telangana,Hyderabad,NO2,15.0,17.0,16.0,7,Good,30.1,78.8,18.9
Telangana,Hyderabad,SO2,,,,408,Hazardous,37.6,39.2,16.6
Telangana,Hyderabad,CO,6.0,8.0,7.0,42,Good,28.1,77.7,18.9
Telangana,Hyderabad,NO2,12.0,38.0,24.0,45,Good,30.0,44.1,6.1
Telangana,Hyderabad,SO2,5.0,18.0,11.0,33,Good,15.5,41.2,11.9
Rajasthan,Jhunjhunu,CO,18.0,36.0,27.0,1,Good,28.0,78.2,25.2
Rajasthan,Jodhpur,SO2,3.0,6.0,4.0,40,Good,28.2,78.0,10.9
Rajasthan,Jodhpur,CO,10.0,17.0,14.0,46,Good,34.9,87.0,28.0
Rajasthan,Jodhpur,CO,14.0,17.0,15.0,42,Good,16.9,86.9,1.6
Rajasthan,Jodhpur,PM10,45.0,145.0,68.0,62,Moderate,24.3,91.1,27.2
Rajasthan,Jodhpur,NH3,4.0,10.0,6.0,24,Good,20.8,93.1,12.5
Rajasthan,Jodhpur,CO,5.0,76.0,35.0,44,Good,22.4,91.6,23.2
Rajasthan,Jodhpur,PM10,59.0,170.0,88.0,57,Moderate,37.5,89.8,17.6
Rajasthan,Jodhpur,CO,7.0,10.0,8.0,17,Good,35.0,94.9,14.6
Rajasthan,Karauli,NO2,20.0,48.0,35.0,23,Good,25.1,82.4,4.3
Telangana,Hyderabad,PM2.5,3.0,16.0,8.0,42,Good,26.5,70.9,8.1
Telangana,Hyderabad,NH3,3.0,7.0,5.0,24,Good,24.0,86.8,29.1
Telangana,Hyderabad,NO2,12.0,20.0,15.0,13,Good,22.0,35.3,20.3
Telangana,Hyderabad,NH3,3.0,4.0,3.0,27,Good,19.8,58.6,16.6
Telangana,Hyderabad,NO2,4.0,13.0,8.0,37,Good,32.6,37.5,29.5
Telangana,Hyderabad,SO2,2.0,13.0,7.0,12,Good,17.9,89.9,22.3
Telangana,Hyderabad,SO2,6.0,11.0,9.0,15,Good,38.1,57.2,9.8
Tripura,Agartala,PM10,30.0,103.0,60.0,94,Moderate,33.0,77.8,19.4
Tripura,Agartala,SO2,8.0,9.0,9.0,44,Good,16.0,45.7,7.6
Rajasthan,Sirohi,OZONE,25.0,35.0,31.0,46,Good,28.0,70.2,15.3
Rajasthan,Sri Ganganagar,PM2.5,35.0,90.0,60.0,73,Moderate,21.7,57.5,13.7
Rajasthan,Udaipur,NH3,2.0,5.0,3.0,43,Good,22.4,59.6,13.8
Sikkim,Gangtok,NO2,7.0,8.0,8.0,29,Good,35.4,91.2,22.5
Sikkim,Gangtok,NH3,1.0,15.0,2.0,38,Good,21.1,68.7,9.5
Uttar Pradesh,Gorakhpur,NO2,11.0,11.0,11.0,23,Good,29.6,70.3,26.5
Uttar Pradesh,Gorakhpur,CO,5.0,5.0,5.0,11,Good,22.2,33.5,24.5
Uttar Pradesh,Greater Noida,NO2,,,,433,Hazardous,29.8,87.0,3.5
Uttar Pradesh,Greater Noida,SO2,1.0,17.0,8.0,21,Good,38.7,93.3,12.3
Uttar Pradesh,Greater Noida,PM2.5,16.0,70.0,42.0,11,Good,20.3,56.6,28.5
Uttar Pradesh,Greater Noida,PM10,39.0,142.0,90.0,87,Moderate,23.2,59.3,23.6
Uttar Pradesh,Greater Noida,NO2,7.0,28.0,16.0,37,Good,16.7,48.0,13.4
Uttar Pradesh,Greater Noida,NH3,12.0,19.0,14.0,37,Good,17.2,58.0,24.1
Uttar Pradesh,Hapur,PM10,15.0,90.0,54.0,100,Moderate,37.2,31.7,26.3
Uttar Pradesh,Hapur,CO,40.0,46.0,44.0,35,Good,28.0,92.2,9.5
Uttar Pradesh,Jhansi,PM2.5,3.0,122.0,19.0,12,Good,18.1,83.1,2.9
Uttar Pradesh,Jhansi,NO2,6.0,6.0,6.0,41,Good,20.3,62.3,29.0
Uttar Pradesh,Kanpur,PM2.5,28.0,59.0,41.0,16,Good,26.3,64.6,19.4
Uttar Pradesh,Kanpur,NH3,,,,499,Hazardous,34.0,69.3,13.5
Uttar Pradesh,Kanpur,PM10,22.0,172.0,54.0,83,Moderate,25.8,36.5,26.6
Uttar Pradesh,Kanpur,SO2,9.0,18.0,12.0,43,Good,36.4,38.7,29.3
Uttar Pradesh,Khora,NO2,24.0,57.0,32.0,46,Good,39.4,61.4,0.6
Uttar Pradesh,Khora,NH3,10.0,16.0,12.0,45,Good,15.5,45.7,28.8
Uttar Pradesh,Noida,SO2,3.0,6.0,5.0,3,Good,34.6,60.7,14.5
Uttar Pradesh,Noida,OZONE,8.0,29.0,18.0,26,Good,25.5,65.0,20.7
Uttar Pradesh,Noida,NO2,3.0,12.0,6.0,39,Good,26.2,70.8,20.7
Uttar Pradesh,Noida,SO2,,,,465,Hazardous,31.7,78.7,11.9
Uttar Pradesh,Noida,CO,13.0,14.0,13.0,33,Good,32.3,58.5,11.4
Uttar Pradesh,Noida,PM2.5,51.0,113.0,71.0,89,Moderate,31.9,78.5,25.7
Uttar Pradesh,Noida,PM10,65.0,124.0,100.0,74,Moderate,15.4,62.3,27.0
Uttar Pradesh,Prayagraj,OZONE,23.0,41.0,33.0,24,Good,39.8,88.6,11.2
Uttar Pradesh,Prayagraj,CO,14.0,18.0,16.0,10,Good,23.9,46.8,2.3
Uttar Pradesh,Prayagraj,SO2,8.0,31.0,17.0,47,Good,34.0,42.9,14.1
Uttar Pradesh,Raebareli,PM10,,,,336,Hazardous,25.7,77.4,18.8
Uttar Pradesh,Raebareli,CO,,,,310,Hazardous,16.1,41.7,4.1
Uttar Pradesh,Varanasi,NO2,2.0,4.0,3.0,17,Good,32.2,65.5,0.1
Uttar Pradesh,Varanasi,PM2.5,17.0,78.0,35.0,34,Good,21.8,53.5,16.3
Uttar Pradesh,Varanasi,SO2,12.0,17.0,15.0,15,Good,28.9,76.6,13.7
Uttar Pradesh,Varanasi,NH3,0.0,2.0,1.0,1,Good,24.6,43.4,20.0
Uttar Pradesh,Varanasi,OZONE,0.0,7.0,4.0,8,Good,21.5,77.5,6.1
Uttar Pradesh,Varanasi,PM2.5,11.0,35.0,22.0,17,Good,37.8,48.2,10.6
Uttar Pradesh,Varanasi,PM10,27.0,86.0,55.0,67,Moderate,27.4,59.3,26.2
Uttar Pradesh,Varanasi,CO,4.0,19.0,8.0,31,Good,23.6,52.1,4.0
Uttar Pradesh,Varanasi,OZONE,7.0,19.0,10.0,48,Good,25.7,42.4,23.7
Uttar Pradesh,Vrindavan,CO,12.0,24.0,17.0,25,Good,16.5,93.5,12.7
Uttarakhand,Kashipur,NH3,2.0,12.0,5.0,11,Good,22.0,31.2,24.4
West Bengal,Asansol,PM10,25.0,53.0,37.0,4,Good,28.4,65.4,1.2
West Bengal,Asansol,SO2,74.0,76.0,75.0,57,Moderate,26.2,70.9,0.1
West Bengal,Asansol,CO,32.0,44.0,35.0,23,Good,15.8,81.9,18.3
West Bengal,Asansol,PM2.5,10.0,59.0,36.0,14,Good,33.4,67.5,1.7
West Bengal,Asansol,SO2,10.0,15.0,12.0,25,Good,36.4,30.9,24.1
West Bengal,Howrah,CO,32.0,48.0,40.0,48,Good,19.7,69.6,2.4
West Bengal,Howrah,PM10,46.0,77.0,59.0,59,Moderate,28.9,40.7,28.9
West Bengal,Howrah,NH3,4.0,5.0,4.0,17,Good,32.2,82.1,20.1
West Bengal,Howrah,PM10,50.0,83.0,69.0,52,Moderate,39.2,83.8,9.5
West Bengal,Howrah,NO2,60.0,83.0,73.0,82,Moderate,29.1,70.8,5.8
West Bengal,Howrah,SO2,7.0,10.0,8.0,48,Good,26.9,36.4,22.9
West Bengal,Howrah,PM2.5,,,,433,Hazardous,24.9,63.2,20.6
West Bengal,Howrah,NO2,11.0,39.0,19.0,6,Good,23.1,47.7,0.7
West Bengal,Howrah,SO2,8.0,11.0,9.0,17,Good,20.6,90.8,13.6
West Bengal,Howrah,OZONE,8.0,18.0,12.0,33,Good,38.8,30.1,19.1
West Bengal,Kolkata,SO2,5.0,6.0,5.0,37,Good,22.3,36.4,14.6
West Bengal,Kolkata,CO,21.0,26.0,24.0,32,Good,26.6,81.6,23.8
West Bengal,Kolkata,PM2.5,11.0,50.0,35.0,50,Good,36.3,37.7,21.5
West Bengal,Kolkata,PM10,12.0,53.0,37.0,18,Good,24.9,61.9,13.0
West Bengal,Kolkata,OZONE,15.0,46.0,25.0,19,Good,30.8,70.8,5.1
West Bengal,Barrackpore,PM10,27.0,74.0,50.0,44,Good,20.2,74.0,15.4
West Bengal,Barrackpore,NO2,11.0,22.0,17.0,33,Good,24.0,90.8,20.5
West Bengal,Durgapur,PM2.5,28.0,53.0,37.0,11,Good,29.6,79.5,27.3
West Bengal,Durgapur,PM10,30.0,59.0,42.0,26,Good,29.4,61.6,24.7
West Bengal,Durgapur,NO2,72.0,81.0,76.0,78,Moderate,15.7,62.4,13.8
West Bengal,Durgapur,PM10,27.0,120.0,66.0,79,Moderate,27.9,86.4,6.6
West Bengal,Durgapur,NH3,1.0,1.0,1.0,1,Good,35.1,36.7,27.7
West Bengal,Durgapur,SO2,11.0,31.0,13.0,8,Good,15.0,60.9,28.9
West Bengal,Haldia,NO2,6.0,20.0,10.0,26,Good,17.1,65.1,10.3
West Bengal,Haldia,CO,24.0,28.0,26.0,32,Good,35.5,58.8,19.2
West Bengal,Howrah,PM10,13.0,73.0,34.0,29,Good,26.8,80.0,6.4
West Bengal,Howrah,NO2,6.0,12.0,8.0,0,Good,24.2,83.2,11.9
West Bengal,Howrah,NH3,1.0,5.0,2.0,47,Good,39.0,58.5,23.7
Uttar Pradesh,Khora,OZONE,21.0,68.0,47.0,7,Good,26.7,42.3,8.6
Uttar Pradesh,Khurja,PM10,17.0,129.0,58.0,100,Moderate,33.8,42.2,1.3
Uttar Pradesh,Khurja,NH3,1.0,1.0,1.0,50,Good,38.4,32.2,1.4
Uttar Pradesh,Khurja,CO,5.0,53.0,32.0,19,Good,18.2,81.7,15.5
Uttar Pradesh,Lucknow,SO2,32.0,34.0,33.0,39,Good,23.2,73.8,13.4
Uttar Pradesh,Lucknow,NH3,,,,461,Hazardous,27.7,73.7,22.0
Uttar Pradesh,Lucknow,NO2,25.0,30.0,26.0,12,Good,25.6,39.6,8.9
Uttar Pradesh,Lucknow,NO2,20.0,28.0,24.0,25,Good,37.7,68.7,0.4
Uttar Pradesh,Lucknow,NH3,9.0,17.0,13.0,7,Good,17.7,36.0,9.0
Uttar Pradesh,Meerut,NO2,11.0,30.0,17.0,42,Good,18.4,32.0,13.2
Uttar Pradesh,Meerut,OZONE,7.0,17.0,12.0,3,Good,15.3,64.3,16.4
Uttar Pradesh,Moradabad,NO2,24.0,25.0,25.0,49,Good,18.7,90.2,19.3
Uttar Pradesh,Moradabad,NH3,6.0,6.0,6.0,10,Good,31.5,83.5,25.9
Uttar Pradesh,Moradabad,PM10,20.0,54.0,35.0,38,Good,39.5,55.7,9.9
Uttar Pradesh,Moradabad,PM2.5,10.0,30.0,21.0,27,Good,29.9,83.0,4.9
Uttar Pradesh,Moradabad,PM10,29.0,50.0,41.0,42,Good,29.6,73.1,8.1
Uttar Pradesh,Muzaffarnagar,NH3,2.0,6.0,3.0,28,Good,21.1,65.6,28.1
Uttar Pradesh,Muzaffarnagar,OZONE,16.0,30.0,24.0,8,Good,30.5,90.4,18.7
West Bengal,Kolkata,PM10,25.0,44.0,35.0,18,Good,21.2,31.8,24.6
West Bengal,Kolkata,CO,40.0,53.0,45.0,12,Good,36.2,40.5,4.9
West Bengal,Kolkata,OZONE,15.0,22.0,19.0,38,Good,34.4,50.3,26.5
West Bengal,Kolkata,PM2.5,21.0,36.0,29.0,31,Good,31.6,91.0,4.0
West Bengal,Siliguri,PM2.5,18.0,46.0,29.0,9,Good,25.0,65.9,9.5
West Bengal,Siliguri,PM10,36.0,94.0,48.0,17,Good,35.7,54.8,27.1
Uttar Pradesh,Meerut,OZONE,7.0,45.0,28.0,31,Good,32.8,84.2,4.2
Uttar Pradesh,Meerut,NH3,5.0,23.0,10.0,1,Good,30.9,69.1,18.8
Uttar Pradesh,Moradabad,NO2,15.0,29.0,19.0,28,Good,31.3,41.5,21.8
Uttar Pradesh,Moradabad,CO,8.0,30.0,18.0,46,Good,26.2,80.0,23.3
Uttar Pradesh,Moradabad,PM10,17.0,56.0,32.0,24,Good,37.0,88.5,9.4
Mizoram,Ankleshwar,CO,15.3,262.5,67.1,58,Moderate,21.1,69.0,16.4
Jammu and Kashmir,Byasanagar,PM10,84.1,244.8,86.7,55,Moderate,21.9,94.1,22.0
Maharashtra,Firozabad,NH3,1.6,96.5,72.6,90,Moderate,26.7,34.1,21.9
Tripura,Dharwad,PM2.5,0.3,394.3,33.8,24,Good,19.7,92.6,16.5
Punjab,Prayagraj,CO,60.1,231.5,220.6,256,Very Unhealthy,23.3,76.0,28.9
Karnataka,Talcher,CO,24.8,279.3,26.4,2,Good,29.5,76.8,3.4
Uttar Pradesh,Begusarai,NH3,0.8,479.5,2.3,37,Good,34.8,43.2,10.3
Madhya Pradesh,Ujjain,PM10,70.1,241.5,206.6,231,Very Unhealthy,31.9,80.7,12.8
Assam,Surat,NH3,4.9,79.2,23.1,45,Good,38.3,79.5,28.0
Jammu and Kashmir,Nandesari,PM2.5,41.0,474.5,164.4,172,Unhealthy,23.0,34.3,27.3
Karnataka,Agartala,OZONE,56.8,118.0,67.5,67,Moderate,22.9,74.6,10.4
Himachal Pradesh,Jhalawar,OZONE,17.2,346.4,158.8,151,Unhealthy,18.7,93.7,23.4
Uttarakhand,Bhilwara,OZONE,55.4,285.9,163.0,196,Unhealthy,24.2,83.1,19.3
Rajasthan,Noida,NO2,72.5,336.6,182.7,163,Unhealthy,32.6,49.6,17.7
Jammu and Kashmir,Ujjain,PM2.5,6.6,291.4,259.9,275,Very Unhealthy,17.9,66.6,2.0
Punjab,Nanded,SO2,20.7,150.2,23.3,48,Good,25.2,61.2,17.4
Jharkhand,Coimbatore,PM10,258.8,332.4,261.0,210,Very Unhealthy,35.5,40.7,10.6
Rajasthan,Vijayapura,SO2,89.0,227.1,200.9,494,Hazardous,35.6,32.7,28.6
Andhra Pradesh,Chittorgarh,SO2,173.2,310.4,179.9,186,Unhealthy,18.6,79.3,22.1
Assam,Nagaur,NH3,77.0,292.4,118.3,130,Unhealthy for Sensitive Groups,23.8,45.4,24.1
Uttar Pradesh,Jalore,NO2,124.6,430.7,174.8,159,Unhealthy,36.2,81.6,6.5
Arunachal Pradesh,Bettiah,PM2.5,12.0,169.4,62.0,57,Moderate,31.7,91.5,23.0
Karnataka,Guntur,OZONE,2.2,358.2,265.6,276,Very Unhealthy,19.2,89.6,9.6
Himachal Pradesh,Ramanagara,CO,83.3,374.3,164.2,186,Unhealthy,24.1,54.2,3.3
Gujarat,Karauli,NH3,87.4,383.2,229.1,274,Very Unhealthy,31.8,83.4,13.8
Nagaland,Thiruvananthapuram,PM10,28.0,358.8,166.1,182,Unhealthy,15.4,84.7,12.0
Jammu and Kashmir,Thoothukudi,NH3,123.8,312.0,208.5,265,Very Unhealthy,29.7,35.8,8.2
Uttarakhand,Narnaul,CO,64.5,488.2,72.5,67,Moderate,29.9,30.7,26.5
Bihar,Machilipatnam,SO2,28.2,378.7,128.5,101,Unhealthy for Sensitive Groups,28.6,70.0,21.7
Tamil Nadu,Dholpur,SO2,42.4,334.7,238.9,291,Very Unhealthy,36.6,54.3,26.8
Rajasthan,Gadag,PM10,2.0,67.7,3.4,34,Good,26.0,53.3,27.4
Odisha,Ulhasnagar,SO2,4.9,344.9,217.5,230,Very Unhealthy,22.8,62.9,12.7
Uttarakhand,Nagpur,NO2,248.6,453.2,261.7,279,Very Unhealthy,27.4,43.7,25.5
Sikkim,Thoothukudi,PM2.5,38.0,472.5,211.3,206,Very Unhealthy,20.8,33.4,1.5
Mizoram,Barbil,SO2,13.7,124.8,116.2,139,Unhealthy for Sensitive Groups,19.0,47.7,8.4
Meghalaya,Raebareli,NH3,100.0,307.2,230.0,201,Very Unhealthy,29.0,50.9,1.0
Jammu and Kashmir,Baripada,NH3,91.4,256.3,200.6,438,Hazardous,40.0,47.4,30.0
Himachal Pradesh,Katihar,CO,18.3,116.5,37.5,18,Good,27.0,93.7,26.6
Maharashtra,Thiruvananthapuram,CO,210.3,278.2,224.9,275,Very Unhealthy,39.2,55.1,3.5
Kerala,Shivamogga,PM2.5,8.3,447.7,209.7,229,Very Unhealthy,29.3,39.4,6.9
Maharashtra,Solapur,NO2,28.5,473.3,239.8,208,Very Unhealthy,22.1,32.8,29.9
Arunachal Pradesh,Eluru,PM2.5,64.3,494.8,146.3,117,Unhealthy for Sensitive Groups,24.0,63.9,18.6
Karnataka,Jhunjhunu,PM2.5,5.1,482.0,6.5,18,Good,38.2,39.2,15.3
West Bengal,Barmer,SO2,81.3,294.6,85.9,88,Moderate,15.0,60.7,28.0
Meghalaya,Chikkaballapur,CO,23.4,380.9,52.8,61,Moderate,28.4,55.0,10.1
Jammu and Kashmir,Visakhapatnam,PM10,166.7,252.2,214.0,249,Very Unhealthy,24.2,47.7,14.2
Karnataka,Agra,SO2,3.4,451.4,13.4,31,Good,28.1,48.4,18.5
Arunachal Pradesh,Khairthal,PM2.5,12.0,493.1,145.4,133,Unhealthy for Sensitive Groups,20.6,82.6,14.5
Gujarat,Thiruvananthapuram,NO2,16.0,34.8,16.8,17,Good,26.7,51.4,26.8
Chhattisgarh,Mysuru,CO,10.2,479.2,33.0,11,Good,22.5,56.7,18.9
Himachal Pradesh,Agartala,NH3,35.4,427.6,49.2,26,Good,21.3,60.4,28.5
Kerala,Puducherry,NH3,91.1,497.2,215.3,253,Very Unhealthy,27.2,54.0,20.6
Rajasthan,Mandideep,NH3,176.9,199.4,186.3,154,Unhealthy,38.2,42.5,24.2
Puducherry,Bhiwadi,OZONE,124.2,297.5,229.5,260,Very Unhealthy,21.1,50.4,12.2
Maharashtra,Jodhpur,NO2,30.0,485.8,110.4,105,Unhealthy for Sensitive Groups,25.0,48.1,16.5
Rajasthan,Bundi,PM2.5,136.7,462.8,143.4,108,Unhealthy for Sensitive Groups,20.4,86.3,11.8
Odisha,Vatva,OZONE,76.3,371.5,235.8,274,Very Unhealthy,36.1,35.1,17.1
Chandigarh,Damoh,PM10,59.3,313.0,166.5,174,Unhealthy,18.3,50.8,22.6
Meghalaya,Ramanagara,NH3,5.1,58.0,6.4,15,Good,29.5,40.7,3.6
Nagaland,Jodhpur,SO2,146.4,266.4,159.9,165,Unhealthy,16.6,61.9,9.2
Delhi,Thoothukudi,NH3,144.8,310.3,232.5,220,Very Unhealthy,38.8,55.5,7.9
Nagaland,Gorakhpur,PM10,177.8,402.8,258.6,222,Very Unhealthy,32.0,36.2,8.1
Maharashtra,Araria,PM10,8.8,85.7,25.6,30,Good,17.8,84.0,27.2
Jammu and Kashmir,Gangtok,PM10,137.2,275.0,186.2,155,Unhealthy,30.3,55.6,25.4
Sikkim,Bhopal,OZONE,58.7,396.7,114.0,118,Unhealthy for Sensitive Groups,17.2,56.5,23.0
Sikkim,Khurja,NO2,0.7,224.1,52.6,98,Moderate,27.5,40.6,19.2
Tamil Nadu,Dharuhera,PM10,193.4,325.3,255.2,201,Very Unhealthy,22.6,81.5,6.6
Maharashtra,Begusarai,NH3,79.4,467.5,96.5,87,Moderate,17.0,91.6,23.9
Bihar,Bagalkot,PM2.5,4.4,377.2,259.0,273,Very Unhealthy,29.9,69.9,1.8
Himachal Pradesh,Sri Ganganagar,PM2.5,129.8,390.4,154.0,200,Unhealthy,34.4,38.7,10.6
Telangana,Machilipatnam,PM2.5,117.7,397.7,227.7,282,Very Unhealthy,28.3,48.0,7.9
Kerala,Bhilai,OZONE,13.8,458.1,110.4,107,Unhealthy for Sensitive Groups,18.1,65.7,24.0
Gujarat,Hyderabad,SO2,3.7,180.8,14.0,22,Good,31.9,64.9,6.0
Assam,Ujjain,OZONE,22.7,142.3,49.6,21,Good,31.1,33.9,8.2
Chandigarh,Pali,SO2,113.1,302.0,145.2,115,Unhealthy for Sensitive Groups,29.6,71.2,19.5
Mizoram,Faridabad,OZONE,145.9,321.9,256.0,299,Very Unhealthy,17.8,55.5,10.0
Jharkhand,Kalyan,OZONE,132.2,294.0,219.1,209,Very Unhealthy,26.6,76.6,16.7
Maharashtra,Ahmedabad,OZONE,11.3,121.0,111.2,124,Unhealthy for Sensitive Groups,38.1,31.2,12.6
Himachal Pradesh,Muzaffarpur,NO2,27.3,440.4,212.2,246,Very Unhealthy,33.3,87.0,17.5
Mizoram,Nandesari,CO,183.2,413.2,230.9,229,Very Unhealthy,20.8,94.5,8.6
Meghalaya,Sri Ganganagar,PM10,9.6,253.7,41.8,36,Good,21.0,68.3,5.6
Haryana,Panchgaon,SO2,253.8,306.9,253.8,249,Very Unhealthy,28.0,75.8,13.8
Arunachal Pradesh,Chhapra,PM2.5,27.6,145.0,34.3,30,Good,35.8,63.4,14.1
Chhattisgarh,Saharsa,PM2.5,71.3,289.9,205.2,203,Very Unhealthy,21.3,62.9,27.0
Arunachal Pradesh,Churu,SO2,8.0,453.9,158.9,188,Unhealthy,38.0,86.6,2.0
Puducherry,Mahad,PM10,6.2,132.8,29.1,49,Good,21.7,32.6,1.2
Tripura,Amritsar,SO2,5.9,436.4,208.1,224,Very Unhealthy,38.6,52.9,15.0
Telangana,Hanumangarh,NO2,84.6,339.5,167.1,197,Unhealthy,25.0,79.3,2.6
Telangana,Ramanagara,OZONE,8.0,307.1,106.2,148,Unhealthy for Sensitive Groups,36.5,69.2,9.4
West Bengal,Vadodara,SO2,33.5,421.6,49.6,32,Good,35.1,48.6,22.2
Assam,Panipat,PM10,96.0,379.4,144.8,107,Unhealthy for Sensitive Groups,19.0,50.0,14.8
Arunachal Pradesh,Rishikesh,NO2,43.1,426.2,199.9,181,Unhealthy,23.3,32.7,11.3
Chhattisgarh,Suakati,OZONE,15.9,207.1,178.6,162,Unhealthy,24.2,49.3,15.8
Telangana,Jabalpur,SO2,155.6,251.0,221.8,298,Very Unhealthy,31.8,71.3,27.1
Gujarat,Gurugram,PM10,13.7,200.8,77.1,66,Moderate,36.2,42.7,10.1
Meghalaya,Barmer,NO2,98.9,331.2,238.5,259,Very Unhealthy,23.6,88.5,20.5
Maharashtra,Moradabad,PM10,2.5,196.7,131.6,114,Unhealthy for Sensitive Groups,24.6,71.5,4.5
Sikkim,Palwal,OZONE,158.6,211.4,209.2,283,Very Unhealthy,19.5,83.4,11.8
Madhya Pradesh,Kalyan,PM2.5,7.4,368.3,20.4,48,Good,27.4,53.1,20.7
Chhattisgarh,Solapur,CO,153.1,478.3,172.7,199,Unhealthy,24.5,61.3,24.2
Madhya Pradesh,Gwalior,PM2.5,171.9,324.4,260.1,250,Very Unhealthy,23.2,34.5,21.5
Karnataka,Nagaur,NH3,21.0,438.2,197.4,189,Unhealthy,16.6,43.4,22.6
Nagaland,Muzaffarnagar,NH3,71.1,428.2,251.7,298,Very Unhealthy,15.7,78.8,18.0
Maharashtra,Jhansi,CO,208.1,383.0,265.5,237,Very Unhealthy,39.7,93.4,13.9
Himachal Pradesh,Rairangpur,CO,41.4,269.1,234.7,213,Very Unhealthy,30.2,56.5,9.4
Nagaland,Bahadurgarh,SO2,8.6,332.0,17.4,21,Good,27.2,53.1,29.5
Sikkim,Sivasagar,NO2,0.2,316.2,24.3,8,Good,24.1,45.0,7.7
Madhya Pradesh,Rairangpur,SO2,40.3,207.2,187.2,154,Unhealthy,26.7,91.3,24.6
Telangana,Sagar,PM2.5,10.1,284.2,27.4,36,Good,24.0,71.4,2.8
Gujarat,Chittoor,NO2,119.3,469.7,158.8,173,Unhealthy,38.0,77.6,23.4
Sikkim,Sivasagar,NO2,71.0,410.0,75.3,73,Moderate,23.2,48.1,27.0
Punjab,Sawai Madhopur,NH3,32.5,343.9,46.1,38,Good,28.9,89.8,14.9
Tripura,Hajipur,CO,0.6,306.1,41.5,47,Good,34.4,31.3,16.8
Meghalaya,Sivasagar,PM10,12.3,499.3,28.0,15,Good,17.0,79.6,21.1
Telangana,Rupnagar,OZONE,127.1,275.8,189.8,183,Unhealthy,35.4,63.7,2.0
Rajasthan,Narnaul,PM2.5,8.6,195.3,50.0,42,Good,35.8,40.5,1.3
Odisha,Satara,PM2.5,6.2,465.7,18.4,15,Good,36.9,71.9,23.1
Kerala,Palwal,NO2,73.3,196.4,98.8,70,Moderate,26.0,45.7,21.9
Kerala,Modinagar,PM2.5,24.0,488.8,58.8,84,Moderate,36.9,79.7,14.5
Uttarakhand,Milupara,CO,36.2,405.6,207.0,215,Very Unhealthy,31.4,40.9,19.3
Himachal Pradesh,Jabalpur,PM10,68.4,460.0,186.2,164,Unhealthy,17.0,42.9,23.2
Maharashtra,Fatehabad,NH3,1.8,223.3,32.2,7,Good,35.1,31.1,9.7
Andhra Pradesh,Bhiwadi,NO2,30.4,394.4,32.2,20,Good,24.4,53.8,7.9
Meghalaya,Aurangabad,OZONE,25.4,421.9,201.2,285,Very Unhealthy,30.6,86.5,10.9
Chhattisgarh,Patiala,NH3,58.3,495.7,175.0,167,Unhealthy,34.9,83.0,2.2
Rajasthan,Narnaul,NO2,26.4,391.4,28.2,37,Good,30.5,37.6,2.5
Delhi,Nanded,CO,78.1,368.8,104.7,143,Unhealthy for Sensitive Groups,22.8,64.8,2.7
Assam,Ahmedabad,SO2,194.9,400.1,211.6,239,Very Unhealthy,32.7,34.2,3.7
Maharashtra,Kalaburagi,NH3,184.3,490.2,260.4,231,Very Unhealthy,20.5,37.5,17.1
Uttar Pradesh,Chikkamagaluru,PM10,138.8,370.1,211.6,203,Very Unhealthy,21.4,71.6,21.1
Bihar,Sikar,NH3,74.5,416.1,184.4,151,Unhealthy,32.0,74.4,1.1
Karnataka,Mumbai,PM2.5,54.8,395.6,196.5,171,Unhealthy,31.1,33.3,15.6
Punjab,Korba,SO2,130.5,345.6,152.5,186,Unhealthy,35.3,52.2,14.4
Jharkhand,Ramanagara,PM2.5,27.7,229.7,227.8,249,Very Unhealthy,23.0,65.2,17.4
Himachal Pradesh,Nellore,OZONE,73.2,97.7,86.3,98,Moderate,19.5,37.2,3.3
Haryana,Bhiwandi,SO2,63.5,357.0,145.4,141,Unhealthy for Sensitive Groups,30.7,69.2,3.8
Assam,Rajgir,OZONE,22.3,230.2,178.6,171,Unhealthy,23.5,68.7,3.9
Uttarakhand,Kolkata,PM2.5,53.0,491.2,259.7,217,Very Unhealthy,32.9,56.5,4.2
Uttar Pradesh,Thane,NO2,112.7,473.8,176.2,189,Unhealthy,29.4,87.7,25.9
Gujarat,Kolkata,NO2,68.4,417.2,248.9,267,Very Unhealthy,22.0,43.1,26.9
Assam,Naharlagun,CO,24.0,335.4,251.5,284,Very Unhealthy,36.0,32.0,29.4
Himachal Pradesh,Khora,NH3,2.0,426.3,109.0,146,Unhealthy for Sensitive Groups,22.6,60.2,28.1
Karnataka,Dharwad,PM2.5,26.4,138.3,62.6,91,Moderate,21.5,69.7,20.9
Mizoram,Ratlam,OZONE,24.7,419.1,44.9,28,Good,25.4,70.4,27.1
Punjab,Gangtok,NO2,53.9,244.6,147.7,102,Unhealthy for Sensitive Groups,22.6,32.2,29.6
Assam,Sagar,NH3,63.5,490.7,155.5,173,Unhealthy,24.1,69.5,3.8
Uttarakhand,Ambala,SO2,90.6,322.1,219.5,239,Very Unhealthy,38.0,50.5,5.4
Uttarakhand,Visakhapatnam,CO,48.9,392.4,233.4,285,Very Unhealthy,31.8,44.2,4.0
Sikkim,Patna,CO,83.3,356.3,198.2,187,Unhealthy,26.4,61.5,26.2
Tamil Nadu,Howrah,CO,45.1,488.0,57.3,72,Moderate,26.8,38.5,27.7
Uttar Pradesh,Panchkula,SO2,104.2,222.5,220.3,218,Very Unhealthy,21.4,40.3,6.2
Arunachal Pradesh,Nashik,SO2,121.5,485.8,229.7,268,Very Unhealthy,33.0,65.4,12.8
Jammu and Kashmir,Yamuna Nagar,CO,41.3,427.7,48.0,40,Good,34.2,63.4,12.3
Jharkhand,Chikkamagaluru,SO2,2.8,248.1,72.5,67,Moderate,20.3,64.4,13.0
Maharashtra,Satara,CO,36.0,398.0,192.7,172,Unhealthy,31.0,92.5,10.8
Puducherry,Panipat,CO,15.3,462.3,70.5,63,Moderate,31.2,34.0,25.4
Tamil Nadu,Gandhinagar,PM10,8.0,346.0,110.6,133,Unhealthy for Sensitive Groups,31.6,45.7,8.5
Kerala,Samastipur,OZONE,22.9,227.3,57.8,77,Moderate,23.5,87.5,29.7
Gujarat,Sirohi,SO2,135.0,429.8,214.4,256,Very Unhealthy,23.8,62.8,27.3
Jammu and Kashmir,Patna,OZONE,81.4,254.9,217.0,277,Very Unhealthy,31.4,56.0,21.9
Chhattisgarh,Silchar,NO2,52.3,299.7,247.6,250,Very Unhealthy,32.8,53.8,13.2
Haryana,Kunjemura,OZONE,108.0,413.3,165.4,183,Unhealthy,26.3,82.1,9.9
Assam,Vijayawada,NH3,33.4,125.6,88.0,68,Moderate,15.9,32.6,4.8
Puducherry,Puducherry,CO,4.1,72.2,5.9,17,Good,36.7,90.3,24.3
Haryana,Ramanagara,CO,45.1,362.0,218.7,253,Very Unhealthy,18.3,85.1,19.7
Jharkhand,Bhubaneswar,PM10,7.5,420.7,11.3,2,Good,19.7,31.8,23.2
Delhi,Bileipada,SO2,107.1,320.4,163.4,187,Unhealthy,20.7,68.6,2.9
Telangana,Saharsa,OZONE,37.6,442.6,241.5,209,Very Unhealthy,17.3,32.7,28.5
Sikkim,Rajamahendravaram,NH3,111.9,187.0,177.6,151,Unhealthy,30.2,48.3,17.7
Nagaland,Brajrajnagar,CO,40.6,359.9,96.1,96,Moderate,22.6,77.5,16.0
Karnataka,Parbhani,NH3,139.4,456.6,188.5,157,Unhealthy,25.0,79.3,24.0
Punjab,Barmer,NO2,74.5,262.9,89.0,54,Moderate,38.4,90.5,11.5
Madhya Pradesh,Jorapokhar,SO2,73.8,430.4,79.4,54,Moderate,28.5,49.5,1.8
Bihar,Sivasagar,PM2.5,3.2,296.5,74.2,72,Moderate,19.5,48.9,16.8
Nagaland,Gadag,OZONE,0.9,55.0,6.5,25,Good,20.4,39.5,25.6
Tamil Nadu,Baripada,SO2,127.6,448.5,188.9,155,Unhealthy,29.8,74.7,21.5
Tamil Nadu,Begusarai,SO2,18.7,125.8,49.6,46,Good,34.1,56.0,10.2
Mizoram,Hyderabad,CO,11.0,244.7,24.4,33,Good,37.6,69.2,20.5
Puducherry,Jabalpur,CO,42.0,309.4,45.5,29,Good,22.3,87.6,9.7
Puducherry,Durgapur,SO2,61.5,424.5,250.1,236,Very Unhealthy,23.4,30.3,23.8
Uttarakhand,Howrah,NH3,16.7,308.0,197.3,168,Unhealthy,39.5,83.2,7.7
Delhi,Panipat,PM2.5,52.9,431.6,62.5,98,Moderate,23.1,64.3,15.1
Andhra Pradesh,Virar,CO,53.6,372.0,107.4,142,Unhealthy for Sensitive Groups,28.5,66.6,1.8
Arunachal Pradesh,Vapi,OZONE,9.9,132.9,16.6,39,Good,28.5,72.2,8.2
Puducherry,Bhilai,NO2,149.0,471.8,152.7,176,Unhealthy,36.7,30.7,13.8
Punjab,Sagar,NH3,32.7,44.5,41.1,25,Good,17.8,59.6,16.9
West Bengal,Sangli,SO2,141.0,380.2,192.3,159,Unhealthy,19.5,81.3,7.7
Haryana,Fatehabad,PM10,49.0,111.2,108.1,146,Unhealthy for Sensitive Groups,33.9,47.5,16.5
Andhra Pradesh,Narnaul,OZONE,36.6,412.0,156.5,193,Unhealthy,31.2,59.4,19.4
Meghalaya,Dungarpur,NH3,73.3,319.8,144.0,137,Unhealthy for Sensitive Groups,30.1,86.2,12.5
Karnataka,Ballabgarh,PM2.5,122.0,219.7,141.6,141,Unhealthy for Sensitive Groups,34.5,65.0,27.3
Mizoram,Ratlam,SO2,87.7,494.6,107.1,146,Unhealthy for Sensitive Groups,36.6,73.0,18.6
Maharashtra,Damoh,NO2,240.4,284.8,259.9,224,Very Unhealthy,21.4,90.8,21.9
Haryana,Bhiwani,PM2.5,78.0,199.3,112.3,139,Unhealthy for Sensitive Groups,35.7,94.4,12.3
Arunachal Pradesh,Vapi,CO,6.9,156.9,13.0,29,Good,15.9,67.5,10.9
Haryana,Bhiwani,CO,1.3,144.1,74.6,64,Moderate,36.1,32.0,19.2
Meghalaya,Dausa,OZONE,4.3,228.3,92.9,65,Moderate,27.8,80.7,7.1
Karnataka,Gurugram,NO2,64.7,197.2,138.6,122,Unhealthy for Sensitive Groups,19.9,59.4,17.2
Odisha,Ahmednagar,OZONE,12.0,405.1,141.8,118,Unhealthy for Sensitive Groups,38.4,88.2,15.8
Jammu and Kashmir,Narnaul,PM10,20.8,187.2,144.5,123,Unhealthy for Sensitive Groups,37.2,81.8,21.8
Uttarakhand,Suakati,NH3,7.0,152.2,71.8,98,Moderate,27.8,45.9,29.9
Delhi,Karauli,SO2,192.3,296.3,249.1,208,Very Unhealthy,30.9,91.1,10.9
West Bengal,Dharuhera,CO,6.7,214.1,7.5,6,Good,27.0,74.3,2.1
Sikkim,Nagpur,CO,8.2,386.0,80.8,57,Moderate,18.0,81.0,10.2
Jharkhand,Chandrapur,PM2.5,2.1,341.8,177.8,177,Unhealthy,21.1,80.0,27.7
West Bengal,Siliguri,PM10,37.0,192.0,41.6,23,Good,29.2,88.9,18.1
Tripura,Alwar,SO2,86.3,425.6,92.9,51,Moderate,39.3,86.7,15.1
Odisha,Durgapur,NO2,152.3,213.4,153.5,182,Unhealthy,30.1,76.7,18.5
Punjab,Nashik,PM10,7.8,431.7,128.2,125,Unhealthy for Sensitive Groups,27.4,32.9,7.2
Meghalaya,Patiala,NO2,15.5,144.5,41.8,21,Good,21.7,47.8,17.3
Puducherry,Anantapur,PM10,111.6,211.1,196.2,186,Unhealthy,33.1,41.4,16.6
Puducherry,Kurukshetra,CO,8.0,450.4,41.8,5,Good,26.3,93.4,5.5
Maharashtra,Banswara,NH3,21.2,465.3,80.8,76,Moderate,30.3,70.6,26.6
Chhattisgarh,Tirupati,OZONE,5.2,440.3,222.8,208,Very Unhealthy,15.8,87.3,12.9
Odisha,Surat,NO2,83.8,368.6,254.1,239,Very Unhealthy,15.7,42.2,6.9
Odisha,Jaisalmer,PM10,1.2,293.3,198.9,166,Unhealthy,19.2,51.8,23.3
Himachal Pradesh,Ratlam,PM2.5,25.1,287.9,60.2,98,Moderate,29.5,79.6,13.3
Arunachal Pradesh,Talcher,PM2.5,164.0,211.2,170.1,157,Unhealthy,24.9,63.9,8.5
Telangana,Mira-Bhayandar,PM10,49.1,256.8,227.0,222,Very Unhealthy,17.5,55.8,15.6
Punjab,Dharwad,OZONE,86.1,483.0,191.6,184,Unhealthy,24.6,93.1,28.0
Karnataka,Jalore,PM2.5,79.5,488.8,134.9,107,Unhealthy for Sensitive Groups,37.1,46.2,17.3
Maharashtra,Sivasagar,CO,132.5,146.8,137.7,146,Unhealthy for Sensitive Groups,21.0,64.9,1.1
Kerala,Beed,NO2,59.9,413.3,90.0,57,Moderate,39.6,84.7,0.8
Kerala,Badlapur,SO2,16.6,438.2,224.9,252,Very Unhealthy,35.0,90.6,14.5
Gujarat,Cuddalore,CO,68.3,137.6,88.0,98,Moderate,19.1,46.9,18.7
Karnataka,Karnal,OZONE,162.4,411.5,225.8,237,Very Unhealthy,32.0,55.2,29.5
Gujarat,Gurugram,SO2,32.7,396.1,46.6,18,Good,39.9,31.1,8.7
Rajasthan,Aizawl,NH3,44.2,289.9,172.5,162,Unhealthy,22.3,52.3,19.8
Rajasthan,Badlapur,SO2,21.8,82.7,40.7,38,Good,16.3,65.1,20.5
Gujarat,Nellore,CO,24.6,305.9,246.3,294,Very Unhealthy,37.6,41.9,4.2
Madhya Pradesh,Manguraha,NH3,134.0,438.7,135.9,120,Unhealthy for Sensitive Groups,23.7,86.8,8.0
Jammu and Kashmir,Amaravati,NO2,25.2,214.0,73.0,92,Moderate,18.3,90.3,1.2
West Bengal,Barmer,NH3,110.7,388.0,232.8,224,Very Unhealthy,31.2,82.0,17.5
Maharashtra,Khora,SO2,21.1,121.0,76.4,83,Moderate,31.1,76.1,10.9
Tamil Nadu,Chamarajanagar,PM2.5,48.8,243.2,55.6,70,Moderate,28.7,89.9,10.5
Rajasthan,Sirsa,CO,54.5,282.4,239.9,205,Very Unhealthy,25.2,37.2,22.6
Madhya Pradesh,Gadag,CO,13.6,265.4,66.4,69,Moderate,23.8,76.8,27.5
Haryana,Delhi,SO2,119.7,404.5,231.8,234,Very Unhealthy,25.5,38.5,7.1
Bihar,Raipur,NO2,108.7,276.2,189.1,187,Unhealthy,25.2,71.9,22.9
Madhya Pradesh,Ballabgarh,PM2.5,18.6,442.2,176.5,163,Unhealthy,38.5,66.8,23.2
Andhra Pradesh,Moradabad,NO2,120.0,255.6,140.4,103,Unhealthy for Sensitive Groups,37.5,52.3,15.5
Kerala,Jabalpur,SO2,209.8,382.2,223.3,239,Very Unhealthy,36.6,72.8,3.5
Meghalaya,Ujjain,PM10,51.2,347.2,177.4,163,Unhealthy,29.5,38.3,24.9
Chandigarh,Barbil,SO2,10.7,180.2,13.9,5,Good,38.4,47.5,22.5
Rajasthan,Bengaluru,CO,6.8,200.4,70.9,85,Moderate,34.5,71.5,21.9
Andhra Pradesh,Asansol,PM2.5,32.1,416.4,211.3,286,Very Unhealthy,26.9,31.0,11.5
Chandigarh,Rajamahendravaram,PM2.5,5.8,472.6,26.6,0,Good,17.3,69.1,11.7
Maharashtra,Panipat,OZONE,23.9,365.9,112.2,131,Unhealthy for Sensitive Groups,29.3,44.0,27.7
Madhya Pradesh,Raipur,PM10,233.1,383.3,249.4,220,Very Unhealthy,19.5,51.4,13.0
Tamil Nadu,Suakati,PM10,18.3,428.3,108.6,138,Unhealthy for Sensitive Groups,27.4,61.7,17.3
Rajasthan,Vapi,NO2,12.8,271.3,258.3,214,Very Unhealthy,23.2,72.1,23.8
Bihar,Amravati,NO2,195.7,419.6,230.0,258,Very Unhealthy,34.7,39.1,4.2
Arunachal Pradesh,Kollam,OZONE,13.7,267.1,174.1,167,Unhealthy,32.3,59.7,10.2
Arunachal Pradesh,Nagaon,NH3,1.1,439.4,191.8,151,Unhealthy,18.8,75.7,3.2
Uttarakhand,Brajrajnagar,PM10,5.5,409.5,133.5,113,Unhealthy for Sensitive Groups,25.6,85.4,1.7
Punjab,Pratapgarh,NO2,43.7,422.8,102.7,137,Unhealthy for Sensitive Groups,27.5,45.6,5.4
Meghalaya,Bhilwara,OZONE,25.2,440.0,37.2,9,Good,39.7,69.8,4.6
Rajasthan,Kolhapur,SO2,183.9,309.5,263.3,247,Very Unhealthy,18.8,88.6,24.0
Assam,Malegaon,SO2,60.1,449.3,257.8,210,Very Unhealthy,38.7,93.3,6.7
Assam,Narnaul,NH3,82.7,278.2,159.6,169,Unhealthy,16.8,71.5,15.3
Sikkim,Bhiwani,OZONE,138.8,171.5,164.8,195,Unhealthy,17.3,64.2,27.5
Bihar,Dewas,PM10,56.1,149.2,89.2,73,Moderate,21.6,88.7,29.2
Uttarakhand,Karnal,SO2,33.7,426.9,250.4,205,Very Unhealthy,21.7,57.5,5.3
Maharashtra,Pampore,PM2.5,150.8,321.0,191.5,198,Unhealthy,29.2,68.2,18.3
Kerala,Banswara,PM2.5,38.0,191.7,83.7,73,Moderate,33.4,31.2,0.9
Assam,Manesar,PM10,193.9,297.2,259.0,201,Very Unhealthy,28.0,62.6,1.1
Odisha,Kalyan,SO2,2.3,142.7,33.8,15,Good,31.5,62.6,23.3
Arunachal Pradesh,Fatehabad,CO,44.7,410.9,178.1,183,Unhealthy,38.1,48.7,24.6
Himachal Pradesh,Munger,PM10,141.7,388.2,195.5,175,Unhealthy,26.0,56.1,16.3
Bihar,Hubballi,PM2.5,91.1,461.6,104.0,114,Unhealthy for Sensitive Groups,37.5,31.1,17.8
Tamil Nadu,Machilipatnam,OZONE,0.2,278.6,190.8,198,Unhealthy,38.1,30.6,28.7
Punjab,Nagpur,NH3,133.8,317.6,247.1,205,Very Unhealthy,16.3,61.4,28.8
Uttarakhand,Jorapokhar,CO,153.5,179.1,157.4,152,Unhealthy,15.9,87.1,1.7
Puducherry,Gummidipoondi,SO2,23.2,150.3,110.8,105,Unhealthy for Sensitive Groups,34.0,90.2,19.7
Chandigarh,Siliguri,NO2,93.5,484.8,93.9,87,Moderate,17.7,58.0,0.1
Telangana,Pune,PM10,5.6,227.3,37.7,33,Good,29.3,51.7,7.9
Andhra Pradesh,Vrindavan,OZONE,112.1,224.2,214.9,264,Very Unhealthy,16.8,38.2,2.6
Maharashtra,Vapi,PM10,115.7,206.0,143.6,113,Unhealthy for Sensitive Groups,29.5,77.4,28.6
Gujarat,Kunjemura,SO2,115.1,320.5,145.7,146,Unhealthy for Sensitive Groups,29.2,66.4,26.5
Bihar,Guntur,CO,1.5,493.8,9.7,8,Good,25.9,46.4,20.5
Arunachal Pradesh,Jhunjhunu,CO,20.9,307.7,101.5,150,Unhealthy for Sensitive Groups,16.4,72.2,18.1
Chhattisgarh,Nandesari,NH3,68.2,431.4,71.0,98,Moderate,26.9,31.1,16.7
Chandigarh,Belapur,PM2.5,19.7,481.8,56.9,76,Moderate,22.4,51.7,16.0
Nagaland,Chittoor,NH3,2.6,147.4,4.8,35,Good,15.3,73.8,25.6
West Bengal,Koppal,NH3,13.6,152.6,55.5,65,Moderate,38.6,36.6,21.8
Meghalaya,Pampore,OZONE,192.0,336.1,220.1,287,Very Unhealthy,31.6,93.8,7.7
Puducherry,Malegaon,NO2,78.1,323.5,145.8,144,Unhealthy for Sensitive Groups,20.2,85.7,11.3
Himachal Pradesh,Bileipada,NO2,133.3,248.8,175.3,179,Unhealthy,16.9,38.9,12.5
Maharashtra,Hubballi,NO2,79.8,464.8,81.1,67,Moderate,19.3,77.9,26.2
Sikkim,Ahmedabad,PM10,104.1,455.8,262.1,275,Very Unhealthy,36.7,66.4,12.3
Andhra Pradesh,Chandrapur,PM2.5,22.2,286.9,28.0,32,Good,39.7,87.4,14.5
Odisha,Lucknow,OZONE,5.9,309.6,63.0,92,Moderate,39.9,67.9,18.4
Maharashtra,Ambernath,SO2,226.0,403.4,256.9,225,Very Unhealthy,39.4,83.1,19.3
Assam,Durgapur,SO2,37.4,376.2,158.0,162,Unhealthy,29.6,58.9,4.4
Delhi,Mandikhera,SO2,32.9,205.8,101.3,132,Unhealthy for Sensitive Groups,32.7,58.0,16.7
Tamil Nadu,Hyderabad,OZONE,206.9,381.9,226.3,289,Very Unhealthy,26.9,52.5,26.7
Odisha,Ghaziabad,CO,81.5,312.9,223.6,203,Very Unhealthy,26.6,37.8,21.4
Sikkim,Kollam,OZONE,13.2,303.5,241.4,296,Very Unhealthy,24.0,47.3,6.6
Nagaland,Anantapur,OZONE,146.3,343.8,257.5,238,Very Unhealthy,33.8,80.9,28.5
Jammu and Kashmir,Kanpur,NO2,40.7,406.1,206.5,226,Very Unhealthy,18.5,83.3,13.7
Maharashtra,Ahmedabad,OZONE,19.6,492.9,31.9,41,Good,31.0,49.2,17.4
Haryana,Durgapur,SO2,17.4,118.3,73.3,70,Moderate,32.5,79.0,19.9
Uttarakhand,Guntur,PM10,12.3,471.0,22.3,8,Good,39.2,77.2,2.9
Odisha,Dombivli,NH3,102.9,440.5,156.6,194,Unhealthy,29.3,39.1,11.5
Andhra Pradesh,Tensa,PM2.5,0.7,350.1,65.5,94,Moderate,39.7,81.0,2.1
Telangana,Baghpat,OZONE,98.6,310.4,211.1,285,Very Unhealthy,39.8,71.9,0.7
Andhra Pradesh,Delhi,PM10,2.5,269.6,2.5,17,Good,26.9,61.1,24.2
Karnataka,Kalaburagi,SO2,15.3,256.9,95.0,67,Moderate,30.5,58.5,21.3
Puducherry,Kunjemura,SO2,16.5,127.0,22.9,27,Good,22.0,89.6,20.8
Karnataka,Byrnihat,NO2,65.2,380.4,137.0,105,Unhealthy for Sensitive Groups,34.6,64.6,23.2
Madhya Pradesh,Gwalior,NH3,38.0,490.9,225.4,266,Very Unhealthy,29.7,46.9,1.7
Tamil Nadu,Hajipur,PM2.5,7.2,71.1,8.9,5,Good,39.3,77.0,6.2
Haryana,Kannur,NO2,131.5,470.7,133.9,107,Unhealthy for Sensitive Groups,36.0,34.8,15.5
Meghalaya,Noida,PM2.5,5.8,433.7,29.0,41,Good,29.1,68.9,4.8
Jammu and Kashmir,Sawai Madhopur,SO2,83.6,271.9,186.2,198,Unhealthy,36.7,63.3,8.9
West Bengal,Bhiwandi,CO,70.8,357.7,152.4,166,Unhealthy,15.8,42.9,16.7
Rajasthan,Faridabad,SO2,124.6,362.6,174.3,180,Unhealthy,15.1,53.1,22.0
Tripura,Bagalkot,SO2,85.2,324.8,115.0,138,Unhealthy for Sensitive Groups,16.6,69.9,12.1
Chhattisgarh,Sikar,CO,7.5,272.1,217.4,281,Very Unhealthy,24.0,50.6,22.9
Tripura,Alwar,PM2.5,85.2,312.5,165.4,194,Unhealthy,26.8,58.1,15.2
Karnataka,Nellore,OZONE,23.7,327.0,197.4,178,Unhealthy,35.2,57.4,2.6
Sikkim,Karauli,NH3,41.7,358.2,245.8,274,Very Unhealthy,22.9,58.8,22.6
Karnataka,Mumbai,SO2,12.9,100.2,35.2,41,Good,26.8,61.5,10.6
Odisha,Banswara,SO2,54.3,318.1,117.6,106,Unhealthy for Sensitive Groups,37.0,90.9,20.7
Jammu and Kashmir,Machilipatnam,NH3,158.7,264.2,218.2,248,Very Unhealthy,35.8,84.5,1.9
Bihar,Amaravati,SO2,156.8,384.0,256.3,226,Very Unhealthy,34.6,39.7,17.3
Sikkim,Talcher,OZONE,14.8,264.1,64.9,54,Moderate,29.8,84.4,9.8
West Bengal,Bareilly,SO2,17.3,473.2,96.7,65,Moderate,30.4,57.4,2.7
Bihar,Kadapa,PM2.5,9.6,389.0,30.2,8,Good,38.2,35.7,21.5
Bihar,Dungarpur,NO2,12.3,162.4,125.5,114,Unhealthy for Sensitive Groups,31.4,93.7,2.1
Himachal Pradesh,Karwar,NO2,87.2,331.3,229.5,286,Very Unhealthy,24.2,46.3,2.2
Delhi,Barbil,NH3,114.6,392.7,237.0,277,Very Unhealthy,29.9,82.3,1.9
Sikkim,Cuddalore,NH3,120.8,419.1,235.6,272,Very Unhealthy,22.4,68.0,26.6
Karnataka,Tonk,NO2,84.7,446.6,258.0,207,Very Unhealthy,38.2,84.2,12.4
Meghalaya,Bhubaneswar,PM10,22.9,450.3,33.0,49,Good,29.3,94.8,9.6
Mizoram,Nellore,NO2,37.3,323.8,44.2,19,Good,33.8,79.6,6.9
Uttarakhand,Jaisalmer,NO2,100.2,443.8,251.3,285,Very Unhealthy,38.6,61.5,17.3
Telangana,Thrissur,NO2,1.0,273.2,110.2,134,Unhealthy for Sensitive Groups,27.9,35.0,4.4
Jharkhand,Muzaffarnagar,NO2,39.0,460.2,43.3,34,Good,25.5,82.6,5.6
Puducherry,Pimpri-Chinchwad,SO2,35.7,127.8,40.6,44,Good,37.3,48.3,23.2
Odisha,Nagpur,OZONE,136.6,270.4,147.3,102,Unhealthy for Sensitive Groups,21.2,42.0,22.8
Jharkhand,Barmer,NH3,94.9,178.7,96.3,100,Moderate,18.1,69.4,0.2
Puducherry,Bihar Sharif,SO2,53.7,363.9,254.1,214,Very Unhealthy,33.5,38.6,20.1
Karnataka,Chhapra,PM2.5,83.6,387.8,101.9,108,Unhealthy for Sensitive Groups,25.0,42.8,23.4
Sikkim,Aizawl,CO,123.9,359.5,138.2,108,Unhealthy for Sensitive Groups,20.3,31.3,18.0
Chhattisgarh,Gangtok,NO2,119.1,288.8,235.2,236,Very Unhealthy,19.1,67.7,25.0
Bihar,Kota,CO,24.3,304.5,132.9,138,Unhealthy for Sensitive Groups,21.8,74.7,14.9
Punjab,Khurja,OZONE,119.1,338.4,256.4,226,Very Unhealthy,30.9,94.9,8.0
Puducherry,Anantapur,SO2,21.1,118.8,43.7,15,Good,36.6,69.0,21.7
West Bengal,Barmer,OZONE,211.2,454.3,227.8,266,Very Unhealthy,30.0,85.7,20.3
Jharkhand,Jhalawar,OZONE,5.6,260.5,41.0,27,Good,28.7,31.8,10.9
Uttarakhand,Guntur,OZONE,3.4,420.9,21.9,37,Good,22.9,79.8,6.5
Haryana,Jhunjhunu,SO2,60.4,284.4,123.4,118,Unhealthy for Sensitive Groups,36.2,79.6,14.9
Tripura,Kanpur,PM2.5,33.5,387.7,256.1,254,Very Unhealthy,21.6,80.3,28.6
Tripura,Milupara,NH3,40.8,172.2,140.2,119,Unhealthy for Sensitive Groups,15.1,50.6,16.0
Kerala,Nagaur,OZONE,28.3,272.3,221.8,287,Very Unhealthy,34.6,65.1,24.4
Meghalaya,Ramanagara,OZONE,73.0,313.8,84.4,56,Moderate,31.5,80.5,5.8
Puducherry,Kunjemura,SO2,2.4,372.0,161.0,159,Unhealthy,38.5,80.7,26.2
Himachal Pradesh,Aizawl,CO,60.5,477.4,125.8,108,Unhealthy for Sensitive Groups,27.6,82.1,16.1
Jammu and Kashmir,Noida,PM10,6.6,292.1,9.7,7,Good,27.1,78.0,17.2
Tripura,Vijayawada,PM10,6.5,133.4,17.3,35,Good,22.4,34.6,19.2
Madhya Pradesh,Narnaul,PM10,133.9,301.5,208.9,250,Very Unhealthy,20.6,30.4,12.6
Tamil Nadu,Belapur,NO2,189.5,327.3,254.8,231,Very Unhealthy,21.9,95.0,4.6
Chhattisgarh,Patiala,PM2.5,7.2,254.5,9.9,24,Good,19.0,64.8,14.9
Delhi,Faridabad,PM10,0.8,356.3,11.5,21,Good,18.0,51.6,13.8
Arunachal Pradesh,Nashik,OZONE,66.6,115.9,78.9,91,Moderate,36.2,45.6,6.7
Kerala,Chikkaballapur,PM10,13.3,423.7,212.2,291,Very Unhealthy,26.6,76.8,11.7
Nagaland,Churu,NH3,30.1,117.1,33.7,9,Good,16.1,85.6,18.4
Uttarakhand,Beed,PM10,30.5,357.9,74.1,79,Moderate,18.3,93.0,21.3
Jharkhand,Purnia,SO2,74.0,296.8,89.4,72,Moderate,23.9,89.0,10.1
Rajasthan,Churu,PM2.5,56.3,364.8,140.2,118,Unhealthy for Sensitive Groups,22.1,93.3,1.6
Jharkhand,Katihar,NO2,204.5,279.9,240.8,298,Very Unhealthy,17.2,86.5,26.2
Bihar,Barmer,CO,22.6,459.4,82.6,53,Moderate,39.5,77.4,6.9
Jharkhand,Rajsamand,NO2,1.4,339.3,31.2,23,Good,31.4,40.4,29.6
Madhya Pradesh,Surat,OZONE,33.2,410.3,138.1,121,Unhealthy for Sensitive Groups,24.9,81.1,5.2
Meghalaya,Dharwad,CO,21.2,294.2,97.0,65,Moderate,36.5,31.1,8.6
Maharashtra,Jhunjhunu,NO2,172.6,365.9,207.7,279,Very Unhealthy,39.1,31.3,17.9
Jharkhand,Hyderabad,SO2,41.5,179.5,71.3,56,Moderate,16.1,71.5,15.5
Tripura,Agartala,OZONE,28.3,181.8,107.0,103,Unhealthy for Sensitive Groups,18.3,85.3,3.6
Himachal Pradesh,Ankleshwar,OZONE,34.7,329.3,44.7,26,Good,29.4,77.1,16.7
Rajasthan,Chhal,PM2.5,29.8,449.0,135.5,112,Unhealthy for Sensitive Groups,36.0,32.2,5.5
Telangana,Kolkata,NH3,8.3,406.6,18.2,25,Good,38.1,84.9,16.8
Telangana,Rourkela,CO,28.7,53.8,39.0,33,Good,34.0,30.3,6.7
West Bengal,Mangalore,NO2,25.5,231.9,78.2,73,Moderate,34.6,31.5,0.7
Sikkim,Brajrajnagar,PM2.5,163.8,478.9,259.1,234,Very Unhealthy,26.9,62.3,1.8
Arunachal Pradesh,Greater Noida,NO2,131.6,482.3,137.7,111,Unhealthy for Sensitive Groups,32.7,65.1,18.8
Karnataka,Sirohi,PM2.5,131.1,409.9,137.8,113,Unhealthy for Sensitive Groups,28.6,76.4,13.5
Uttar Pradesh,Jabalpur,NH3,40.2,431.7,197.8,168,Unhealthy,16.9,66.1,14.5
Kerala,Aizawl,NO2,158.2,308.4,252.0,275,Very Unhealthy,16.1,77.1,10.2
Jammu and Kashmir,Ajmer,PM2.5,200.2,389.9,241.0,225,Very Unhealthy,35.0,61.6,9.5
West Bengal,Eluru,SO2,16.9,180.5,36.4,29,Good,37.0,90.3,12.3
Punjab,Patna,NO2,41.2,320.8,97.2,62,Moderate,23.3,82.1,15.9
Gujarat,Indore,NH3,43.3,393.0,45.4,19,Good,34.5,50.3,27.0
Haryana,Amritsar,CO,29.0,255.9,155.8,151,Unhealthy,30.4,82.0,3.8
Haryana,Churu,OZONE,49.4,328.9,242.7,265,Very Unhealthy,36.6,39.4,23.3
Chhattisgarh,Varanasi,PM10,231.9,440.2,241.6,258,Very Unhealthy,37.0,62.3,18.2
Karnataka,Bharatpur,NO2,10.1,338.1,25.7,39,Good,36.9,30.7,11.2
Chandigarh,Kalaburagi,NH3,23.4,42.0,33.0,37,Good,16.5,51.1,13.3
Puducherry,Nagaur,SO2,248.6,301.5,262.9,246,Very Unhealthy,30.4,70.5,25.4
Tripura,Pune,NO2,26.7,398.8,28.9,6,Good,29.1,62.5,22.5
Himachal Pradesh,Thrissur,PM10,66.9,147.3,75.1,97,Moderate,37.5,62.2,18.1
Karnataka,Karwar,CO,55.9,313.6,84.6,88,Moderate,28.7,51.2,17.9
Telangana,Pithampur,PM10,68.6,271.4,190.3,200,Unhealthy,35.7,35.0,1.2
Maharashtra,Bhavnagar,OZONE,30.6,332.1,177.3,195,Unhealthy,32.4,68.5,7.0
Odisha,Panchgaon,NO2,42.9,250.5,169.2,158,Unhealthy,33.8,60.4,27.2
Delhi,Barbil,NH3,23.8,173.6,76.0,82,Moderate,37.0,35.7,6.7
Tripura,Panchgaon,NO2,124.9,303.8,126.5,146,Unhealthy for Sensitive Groups,25.4,59.5,7.8
Puducherry,Siliguri,SO2,25.3,299.6,251.5,238,Very Unhealthy,26.7,59.5,15.6
Gujarat,Gaya,NO2,57.0,342.1,250.6,235,Very Unhealthy,16.4,48.9,24.5
Puducherry,Khurja,CO,10.2,176.5,22.6,31,Good,37.9,85.2,10.5
Arunachal Pradesh,Ramanagara,OZONE,164.5,277.8,217.8,227,Very Unhealthy,25.1,60.4,2.8
Arunachal Pradesh,Sasaram,PM2.5,43.8,482.8,213.7,257,Very Unhealthy,20.1,73.1,12.6
Chandigarh,Thiruvananthapuram,PM2.5,157.6,398.3,168.0,192,Unhealthy,23.5,59.5,21.6
Assam,Kishanganj,PM2.5,65.7,372.8,256.3,300,Very Unhealthy,20.7,82.7,7.6
Punjab,Bareilly,CO,73.5,340.0,217.7,273,Very Unhealthy,23.0,55.1,11.7
Telangana,Palwal,PM10,1.2,457.5,49.3,20,Good,23.3,31.4,15.5
Assam,Madurai,CO,175.1,371.5,209.7,293,Very Unhealthy,24.8,50.3,24.7
Bihar,Damoh,SO2,221.1,336.1,221.1,212,Very Unhealthy,39.5,86.4,19.2
Himachal Pradesh,Bareilly,SO2,4.1,57.6,14.2,11,Good,20.7,80.7,21.9
Tripura,Gandhinagar,PM2.5,1.3,267.5,5.6,39,Good,36.8,52.9,20.8
Assam,Beed,SO2,155.5,373.3,182.5,190,Unhealthy,39.3,84.0,17.5
Madhya Pradesh,Ambala,NO2,162.6,466.0,184.6,179,Unhealthy,29.7,92.9,10.0
Uttarakhand,Ajmer,PM10,25.0,436.4,252.3,300,Very Unhealthy,16.9,48.8,26.5
Punjab,Amritsar,OZONE,54.0,225.4,141.3,129,Unhealthy for Sensitive Groups,29.1,61.8,14.1
Rajasthan,Sivasagar,PM2.5,6.8,360.4,120.9,114,Unhealthy for Sensitive Groups,33.3,57.9,10.1
West Bengal,Sangli,PM2.5,77.5,415.0,121.6,124,Unhealthy for Sensitive Groups,28.5,86.4,24.6
Andhra Pradesh,Bhilwara,SO2,4.9,117.5,89.7,77,Moderate,31.2,51.3,20.4
Sikkim,Boisar,OZONE,41.6,476.3,63.4,74,Moderate,34.3,32.6,11.6
Nagaland,Mahad,SO2,106.2,409.6,238.6,213,Very Unhealthy,23.5,45.6,29.2
Odisha,Alwar,PM2.5,23.4,304.1,31.9,12,Good,28.2,42.0,29.8
Uttar Pradesh,Cuddalore,NO2,120.2,428.7,234.0,292,Very Unhealthy,30.2,57.4,22.8
Maharashtra,Asansol,NO2,71.5,336.8,235.8,235,Very Unhealthy,24.4,31.4,27.9
Sikkim,Bhiwandi,SO2,61.0,211.1,89.8,99,Moderate,27.7,46.9,19.5
Telangana,Vrindavan,CO,1.0,441.9,200.9,490,Hazardous,23.5,78.9,10.7
Himachal Pradesh,Bihar Sharif,CO,177.1,416.9,205.3,241,Very Unhealthy,36.3,80.0,23.7
Bihar,Dewas,NO2,102.3,387.8,153.6,191,Unhealthy,15.0,92.6,15.1
Haryana,Samastipur,OZONE,5.3,102.9,10.7,47,Good,38.1,50.0,0.5
Chandigarh,Mandi Gobindgarh,PM2.5,2.7,345.8,221.9,295,Very Unhealthy,15.3,56.2,27.2
West Bengal,Chittoor,NO2,98.5,270.2,264.5,263,Very Unhealthy,19.5,48.3,9.0
Uttarakhand,Tirupati,PM2.5,11.5,282.2,13.3,35,Good,30.1,72.3,4.2
Haryana,Bihar Sharif,CO,31.4,206.3,51.5,55,Moderate,33.4,38.7,28.6
Andhra Pradesh,Solapur,NH3,5.0,410.9,8.1,21,Good,33.4,61.0,5.9
Sikkim,Nandesari,CO,186.3,208.8,189.0,164,Unhealthy,35.4,52.7,20.9
Uttarakhand,Nashik,NH3,39.8,473.0,45.9,46,Good,22.4,84.1,11.4
Kerala,Jaisalmer,PM2.5,58.0,211.7,68.3,70,Moderate,19.8,90.5,12.0
Maharashtra,Karwar,SO2,172.6,388.6,264.2,241,Very Unhealthy,33.3,73.8,10.4
Madhya Pradesh,Mathura,NH3,57.8,61.9,61.9,62,Moderate,31.1,71.6,18.3
Gujarat,Bareilly,CO,81.7,273.3,233.5,283,Very Unhealthy,27.3,48.2,21.3
Madhya Pradesh,Ludhiana,PM2.5,2.0,225.5,217.4,265,Very Unhealthy,22.7,81.8,6.8
Maharashtra,Vatva,SO2,1.7,395.8,176.2,188,Unhealthy,31.1,60.0,11.7
Haryana,Gwalior,SO2,4.9,72.2,55.5,93,Moderate,22.9,76.7,1.2
Gujarat,Aurangabad,OZONE,56.7,121.5,99.3,54,Moderate,17.2,86.9,3.3
Uttarakhand,Indore,NO2,134.2,477.4,156.4,159,Unhealthy,24.5,92.0,8.6
Maharashtra,Silchar,NO2,90.6,312.3,242.2,282,Very Unhealthy,23.8,79.0,6.3
Delhi,Ratlam,OZONE,129.0,475.7,142.0,124,Unhealthy for Sensitive Groups,20.7,64.2,3.6
Puducherry,Hingoli,OZONE,230.9,450.8,243.2,293,Very Unhealthy,23.4,78.0,12.8
Jharkhand,Jhunjhunu,OZONE,63.9,165.5,123.4,105,Unhealthy for Sensitive Groups,23.8,89.4,13.0
Puducherry,Indore,PM2.5,120.5,378.4,135.5,132,Unhealthy for Sensitive Groups,37.3,48.6,23.6
Himachal Pradesh,Hajipur,SO2,106.8,163.5,138.3,111,Unhealthy for Sensitive Groups,18.5,69.8,25.0
Uttarakhand,Bareilly,SO2,18.6,421.9,213.0,259,Very Unhealthy,35.5,31.1,25.9
Assam,Kota,NH3,25.0,364.1,199.5,156,Unhealthy,21.3,75.4,14.6
Arunachal Pradesh,Shivamogga,NH3,0.9,321.4,9.8,41,Good,29.3,55.8,18.0
Himachal Pradesh,Mathura,OZONE,24.9,125.1,72.7,100,Moderate,20.7,49.6,11.4
Punjab,Pithampur,PM2.5,48.6,252.3,64.4,75,Moderate,30.0,59.4,9.0
Uttarakhand,Khora,NH3,242.9,406.9,255.4,205,Very Unhealthy,22.2,38.6,1.3
Telangana,Thane,PM2.5,260.3,342.6,262.8,269,Very Unhealthy,30.3,74.8,6.0
Chandigarh,Khanna,NO2,1.3,465.1,4.5,3,Good,27.2,81.0,27.9
Odisha,Talcher,SO2,6.1,116.8,26.8,32,Good,29.2,52.9,27.9
Odisha,Kishanganj,NO2,19.4,217.0,115.6,103,Unhealthy for Sensitive Groups,18.4,85.3,11.8
Chhattisgarh,Buxar,PM10,35.3,135.6,40.6,12,Good,38.9,67.6,15.0
Haryana,Kadapa,CO,84.2,345.3,86.4,74,Moderate,36.0,50.5,22.3
Haryana,Motihari,NH3,36.8,237.2,177.6,180,Unhealthy,20.7,33.1,20.5
Meghalaya,Jabalpur,NH3,104.6,306.7,199.9,175,Unhealthy,20.3,93.4,4.3
West Bengal,Bagalkot,OZONE,78.3,192.6,190.4,169,Unhealthy,33.6,83.1,12.5
Odisha,Munger,NH3,38.7,372.2,205.9,229,Very Unhealthy,26.0,75.1,17.2
Mizoram,Modinagar,NO2,0.2,450.1,1.2,41,Good,21.5,92.1,6.8
Haryana,Durgapur,OZONE,78.0,380.8,193.3,187,Unhealthy,36.5,68.5,18.7
West Bengal,Modinagar,PM10,7.1,289.0,42.9,33,Good,28.0,94.3,4.1
Tripura,Pithampur,SO2,80.1,436.3,199.7,184,Unhealthy,32.3,45.4,26.9
Nagaland,Balasore,PM2.5,26.6,494.2,144.0,109,Unhealthy for Sensitive Groups,21.7,80.1,22.6
Tripura,Churu,PM10,54.0,450.3,65.8,72,Moderate,17.6,81.7,18.6
West Bengal,Cuddalore,SO2,92.7,403.2,258.6,242,Very Unhealthy,28.9,44.0,22.7
West Bengal,Patiala,NH3,69.8,212.8,130.6,114,Unhealthy for Sensitive Groups,16.9,82.7,15.3
Chhattisgarh,Thrissur,SO2,113.9,376.1,154.2,151,Unhealthy,36.8,41.1,23.3
Maharashtra,Badlapur,CO,171.2,355.2,243.8,288,Very Unhealthy,15.2,83.3,0.3
Jharkhand,Dausa,NH3,87.3,447.7,121.8,141,Unhealthy for Sensitive Groups,16.3,41.9,3.8
Delhi,Mangalore,SO2,146.0,410.9,190.4,193,Unhealthy,30.5,43.0,28.8
Jammu and Kashmir,Palwal,PM10,24.0,224.3,44.6,45,Good,27.0,40.0,27.1
Haryana,Pune,PM2.5,39.0,386.8,191.3,180,Unhealthy,21.0,64.9,15.0
Himachal Pradesh,Hingoli,SO2,1.1,490.1,35.4,44,Good,35.9,39.5,23.4
Madhya Pradesh,Greater Noida,CO,66.1,352.3,72.9,98,Moderate,34.4,33.9,14.9
Chandigarh,Aizawl,PM10,182.8,295.9,252.9,285,Very Unhealthy,33.3,31.2,24.9
Odisha,Gorakhpur,NO2,38.0,390.0,41.3,22,Good,38.5,53.5,25.7
Sikkim,Bhavnagar,CO,21.8,473.7,149.3,103,Unhealthy for Sensitive Groups,25.4,85.4,2.0
Himachal Pradesh,Hisar,PM2.5,124.3,378.3,132.3,108,Unhealthy for Sensitive Groups,29.0,75.0,9.1
Tamil Nadu,Dehradun,PM10,140.9,168.0,146.2,137,Unhealthy for Sensitive Groups,27.8,81.2,5.9
Tamil Nadu,Kurukshetra,OZONE,105.4,229.6,220.0,248,Very Unhealthy,36.7,52.6,23.9
Telangana,Mahad,PM10,78.4,272.6,134.7,136,Unhealthy for Sensitive Groups,34.9,82.4,23.6
Arunachal Pradesh,Ludhiana,PM10,0.5,432.8,0.8,39,Good,32.8,56.4,26.6
Himachal Pradesh,Mysuru,CO,130.9,356.5,132.1,118,Unhealthy for Sensitive Groups,29.3,81.0,19.2
Punjab,Mira-Bhayandar,NO2,2.2,448.4,35.3,20,Good,30.6,56.9,23.7
Odisha,Eluru,PM2.5,7.4,420.5,103.3,141,Unhealthy for Sensitive Groups,28.6,85.9,7.6
Puducherry,Akola,CO,221.7,318.3,263.9,252,Very Unhealthy,32.0,88.8,24.5
Jammu and Kashmir,Gwalior,NO2,136.3,276.6,147.0,102,Unhealthy for Sensitive Groups,18.5,65.1,21.3
Uttarakhand,Rohtak,SO2,15.9,380.5,93.2,72,Moderate,24.8,84.9,16.2
Tripura,Nagaon,PM2.5,118.4,378.8,135.1,141,Unhealthy for Sensitive Groups,32.7,58.9,7.4
Jammu and Kashmir,Jalgaon,NO2,67.1,381.1,84.6,91,Moderate,38.0,92.3,10.3
Delhi,Kolkata,PM2.5,7.3,84.0,15.9,23,Good,28.7,92.5,21.9
Rajasthan,Bihar Sharif,PM10,119.7,371.7,192.4,182,Unhealthy,33.8,58.6,1.0
Gujarat,Delhi,SO2,22.0,303.9,126.8,114,Unhealthy for Sensitive Groups,29.6,73.7,11.9
Mizoram,Durgapur,NO2,116.8,399.2,205.4,254,Very Unhealthy,38.1,31.1,2.8
Assam,Ramanagara,NO2,13.6,334.1,35.6,45,Good,18.1,62.1,17.6
Assam,Rourkela,PM2.5,19.4,470.0,173.0,163,Unhealthy,21.6,42.3,27.0
Rajasthan,Ramanagara,SO2,62.0,138.0,91.7,99,Moderate,23.3,56.0,26.5
Karnataka,Karnal,PM10,5.5,465.5,18.0,28,Good,22.3,30.1,25.6
Chandigarh,Fatehabad,NO2,47.8,379.1,51.5,62,Moderate,29.3,51.7,25.9
Rajasthan,Buxar,CO,79.8,256.8,198.0,181,Unhealthy,36.5,90.6,26.8
Mizoram,Ahmednagar,NO2,59.0,247.8,97.1,76,Moderate,25.9,65.2,6.4
Puducherry,Noida,SO2,7.6,126.9,10.3,28,Good,18.0,82.2,8.6
Kerala,Ulhasnagar,SO2,6.0,468.8,62.6,63,Moderate,28.4,58.6,27.2
Bihar,Keonjhar,PM10,56.5,462.1,186.1,189,Unhealthy,33.8,51.8,5.6
Haryana,Kishanganj,SO2,14.6,195.9,163.2,188,Unhealthy,29.0,80.2,20.6
Odisha,Bhopal,NO2,215.5,303.4,245.9,228,Very Unhealthy,25.1,59.4,12.1
Tamil Nadu,Bikaner,PM2.5,29.0,122.1,57.5,78,Moderate,37.4,72.5,7.9
Jammu and Kashmir,Surat,CO,5.4,275.5,7.2,41,Good,23.6,34.1,9.1
Uttar Pradesh,Sonipat,SO2,164.3,486.1,165.4,165,Unhealthy,36.1,64.4,8.3
Uttarakhand,Kunjemura,NO2,29.5,75.3,63.3,66,Moderate,16.6,41.2,29.1
Himachal Pradesh,Kolkata,OZONE,6.5,314.3,13.7,49,Good,34.0,87.8,15.7
Jammu and Kashmir,Rajgir,PM2.5,66.8,331.1,75.9,100,Moderate,24.4,44.1,24.9
Mizoram,Dehradun,NO2,29.8,431.7,57.4,89,Moderate,18.7,91.4,25.3
Uttarakhand,Rishikesh,NH3,100.0,246.6,118.0,146,Unhealthy for Sensitive Groups,26.6,46.5,15.0
Andhra Pradesh,Bathinda,CO,68.2,491.9,165.9,169,Unhealthy,28.6,30.1,4.5
Mizoram,Bhiwandi,CO,10.5,218.3,190.6,171,Unhealthy,17.4,93.5,22.3
Andhra Pradesh,Chamarajanagar,PM10,20.7,325.8,36.7,16,Good,24.0,85.9,6.1
Karnataka,Fatehabad,PM10,59.5,180.7,79.4,90,Moderate,21.2,55.5,29.8
Assam,Chikkaballapur,CO,27.4,413.6,119.0,123,Unhealthy for Sensitive Groups,37.3,79.0,15.8
Assam,Nagaon,CO,13.0,111.2,62.0,95,Moderate,15.3,70.6,10.1
Himachal Pradesh,Shivamogga,PM10,88.1,261.3,224.0,283,Very Unhealthy,38.9,73.7,2.0
Arunachal Pradesh,Puducherry,PM10,91.3,327.3,94.1,87,Moderate,34.1,73.4,19.2
Tamil Nadu,Muzaffarnagar,PM10,1.1,473.9,142.7,110,Unhealthy for Sensitive Groups,33.8,84.1,28.8
Bihar,Jind,SO2,119.7,361.9,243.0,209,Very Unhealthy,20.7,88.3,14.5
Meghalaya,Pratapgarh,PM2.5,1.3,488.9,7.1,31,Good,31.2,90.6,7.4
Tamil Nadu,Khora,SO2,0.2,128.8,0.3,13,Good,39.8,89.1,10.2
Arunachal Pradesh,Dharuhera,OZONE,5.6,333.0,8.5,16,Good,16.7,65.2,17.9
West Bengal,Rajsamand,NH3,93.4,444.7,211.6,215,Very Unhealthy,31.8,41.0,24.9
Puducherry,Jodhpur,NO2,196.2,326.4,226.8,232,Very Unhealthy,18.6,40.4,4.5
Nagaland,Ujjain,NO2,4.0,368.3,17.0,2,Good,32.4,84.9,29.9
Kerala,Begusarai,CO,2.2,332.6,37.4,38,Good,18.7,54.5,21.0
Andhra Pradesh,Rohtak,PM2.5,24.5,405.6,194.1,170,Unhealthy,30.6,31.4,22.6
Maharashtra,Navi Mumbai,CO,146.3,438.4,261.5,299,Very Unhealthy,17.9,82.0,23.1
West Bengal,Aizawl,PM10,65.1,190.1,87.1,92,Moderate,15.1,68.1,12.0
Jharkhand,Sagar,OZONE,54.1,136.8,119.4,134,Unhealthy for Sensitive Groups,15.8,68.4,19.6
Sikkim,Thane,NO2,107.1,464.5,218.0,242,Very Unhealthy,39.9,94.1,19.6
Sikkim,Koppal,OZONE,88.3,494.4,108.8,124,Unhealthy for Sensitive Groups,36.1,65.1,19.5
Madhya Pradesh,Patiala,OZONE,37.9,470.9,61.6,65,Moderate,34.9,32.2,9.7
Chandigarh,Thoothukudi,OZONE,20.3,460.5,188.3,171,Unhealthy,28.7,30.3,28.5
Assam,Barrackpore,OZONE,30.1,286.5,56.6,75,Moderate,30.1,85.3,23.5
Delhi,Hapur,PM10,90.3,297.2,98.6,98,Moderate,18.3,63.5,29.4
Tripura,Faridabad,NH3,199.6,384.5,247.9,241,Very Unhealthy,29.2,93.5,0.1
Delhi,Madurai,PM10,195.4,389.2,264.6,224,Very Unhealthy,16.1,40.4,11.8
Gujarat,Dehradun,SO2,61.4,491.0,258.7,276,Very Unhealthy,34.1,94.1,27.9
Andhra Pradesh,Amaravati,NH3,5.4,400.8,247.6,232,Very Unhealthy,27.4,85.8,2.5
Haryana,Mandi Gobindgarh,CO,20.7,302.9,151.5,166,Unhealthy,17.5,55.0,5.6
Rajasthan,Bhagalpur,NH3,2.4,405.5,31.8,16,Good,27.2,33.1,11.4
Assam,Gorakhpur,PM2.5,1.6,233.8,98.4,61,Moderate,23.1,88.3,13.8
Assam,Virar,OZONE,80.5,365.4,241.8,241,Very Unhealthy,17.5,70.4,10.8
Chhattisgarh,Ambernath,NO2,171.8,464.9,177.1,162,Unhealthy,38.1,51.1,25.3
Gujarat,Kanpur,OZONE,158.8,355.5,234.8,212,Very Unhealthy,37.3,60.0,24.0
Karnataka,Nagaur,NH3,16.0,377.9,133.5,110,Unhealthy for Sensitive Groups,18.7,35.5,23.6
Tripura,Barmer,NH3,16.4,400.3,18.7,31,Good,26.7,40.6,23.8
Uttarakhand,Patiala,PM2.5,189.7,337.6,245.2,229,Very Unhealthy,32.0,51.7,18.2
Arunachal Pradesh,Ahmedabad,NH3,21.3,429.1,56.4,90,Moderate,37.9,81.1,13.6
Telangana,Kalaburagi,OZONE,177.5,277.7,222.3,289,Very Unhealthy,18.4,94.9,22.6
Bihar,Bhagalpur,OZONE,69.7,148.6,97.5,70,Moderate,18.3,44.3,27.5
Assam,Kanpur,NO2,7.7,144.3,32.8,45,Good,31.0,78.9,5.4
Meghalaya,Madurai,CO,60.3,385.4,151.2,171,Unhealthy,38.5,71.2,14.3
Assam,Bagalkot,PM10,101.6,380.4,243.7,236,Very Unhealthy,36.5,62.7,23.5
Madhya Pradesh,Sawai Madhopur,OZONE,59.6,337.4,148.5,145,Unhealthy for Sensitive Groups,22.2,61.5,28.1
Puducherry,Patiala,CO,44.2,485.5,63.2,61,Moderate,16.1,57.9,23.3
Tripura,Bettiah,PM10,27.4,261.9,29.9,24,Good,32.4,78.1,3.1
Madhya Pradesh,Amaravati,NH3,34.5,202.7,138.0,130,Unhealthy for Sensitive Groups,15.1,45.8,15.9
Jharkhand,Chennai,NO2,22.0,128.4,69.7,59,Moderate,40.0,39.1,8.4
Mizoram,Puducherry,NO2,10.2,182.5,47.5,33,Good,34.2,52.1,18.8
Meghalaya,Rishikesh,SO2,8.5,231.7,11.5,48,Good,15.6,60.3,19.5
Punjab,Araria,NO2,192.5,491.7,224.5,213,Very Unhealthy,27.3,81.9,25.2
Delhi,Bilaspur,PM2.5,3.5,450.9,191.9,177,Unhealthy,31.4,90.3,23.6
Assam,Barrackpore,NH3,186.7,312.9,222.7,235,Very Unhealthy,15.3,80.3,13.7
West Bengal,Jalgaon,PM2.5,49.0,356.4,131.7,115,Unhealthy for Sensitive Groups,27.3,85.4,12.3
Chandigarh,Bileipada,OZONE,31.9,496.0,137.9,137,Unhealthy for Sensitive Groups,17.9,33.9,23.5
Chhattisgarh,Dausa,PM2.5,85.4,378.7,160.4,160,Unhealthy,34.9,31.3,22.9
Odisha,Kannur,CO,25.5,491.5,77.2,91,Moderate,28.0,48.9,17.8
Karnataka,Jaipur,CO,51.7,334.2,138.0,141,Unhealthy for Sensitive Groups,17.4,49.2,5.1
Arunachal Pradesh,Rourkela,PM10,122.4,459.9,243.0,207,Very Unhealthy,32.3,50.1,11.4
Jharkhand,Ratlam,NO2,1.3,181.1,29.6,42,Good,24.4,94.8,23.8
Bihar,Dausa,OZONE,14.6,472.2,30.7,38,Good,39.9,70.1,16.0
Sikkim,Baghpat,NH3,99.5,429.9,141.2,120,Unhealthy for Sensitive Groups,38.6,50.6,11.2
Uttarakhand,Patiala,SO2,7.8,434.8,20.9,11,Good,23.2,91.5,22.1
Sikkim,Firozabad,OZONE,59.1,206.9,198.8,155,Unhealthy,39.2,63.1,0.0
Tripura,Nagpur,CO,11.0,119.1,28.5,8,Good,29.7,76.3,15.3
Chandigarh,Cuddalore,SO2,5.5,259.4,7.2,22,Good,29.4,37.6,3.8
Gujarat,Sagar,NO2,94.2,376.1,116.7,126,Unhealthy for Sensitive Groups,18.3,46.9,17.3
Andhra Pradesh,Firozabad,OZONE,122.0,397.5,261.6,210,Very Unhealthy,25.7,72.5,3.1
Jammu and Kashmir,Indore,PM10,5.1,295.1,11.0,36,Good,37.9,84.8,22.5
Tamil Nadu,Hajipur,OZONE,88.8,419.8,231.3,216,Very Unhealthy,24.7,84.8,23.2
Karnataka,Surat,OZONE,77.7,316.1,204.2,294,Very Unhealthy,33.5,36.6,25.2
Assam,Raebareli,NO2,29.8,346.7,261.0,270,Very Unhealthy,16.7,67.3,15.4
Telangana,Kunjemura,CO,125.2,414.1,157.1,181,Unhealthy,39.0,64.7,12.0
Madhya Pradesh,Chittorgarh,SO2,6.9,495.1,77.0,53,Moderate,38.3,38.6,26.1
Tamil Nadu,Kollam,PM10,26.1,338.5,26.9,8,Good,15.9,49.8,24.1
Himachal Pradesh,Pratapgarh,OZONE,167.9,298.5,206.1,261,Very Unhealthy,16.0,88.0,28.6
Andhra Pradesh,Barbil,PM10,25.8,54.8,36.5,31,Good,33.0,48.3,17.8
Uttar Pradesh,Thoothukudi,OZONE,18.2,436.5,204.1,292,Very Unhealthy,39.9,69.3,14.2
Arunachal Pradesh,Tirupati,NH3,18.7,158.6,25.0,34,Good,17.8,46.4,17.2
Himachal Pradesh,Hajipur,PM2.5,115.9,317.8,155.0,161,Unhealthy,26.3,66.4,28.1
West Bengal,Vijayapura,PM2.5,189.5,417.9,238.9,281,Very Unhealthy,26.2,78.1,19.0
Maharashtra,Mandikhera,NO2,111.8,457.1,118.0,133,Unhealthy for Sensitive Groups,21.2,82.5,12.4
Punjab,Asansol,CO,92.9,490.8,124.6,119,Unhealthy for Sensitive Groups,24.1,67.0,17.6
Assam,Srinagar,OZONE,9.6,445.5,207.6,294,Very Unhealthy,16.4,66.7,25.1
Bihar,Kurukshetra,NH3,0.2,335.3,192.5,160,Unhealthy,34.6,34.6,15.4
Odisha,Nagaon,NO2,16.4,130.1,45.9,41,Good,24.3,36.1,10.0
Chhattisgarh,Bhubaneswar,OZONE,172.4,389.7,248.4,224,Very Unhealthy,17.1,51.2,20.3
Maharashtra,Sonipat,OZONE,32.4,194.7,52.6,59,Moderate,24.0,36.3,22.7
Kerala,Rajkot,PM10,110.6,228.5,226.8,299,Very Unhealthy,38.4,34.2,8.0
Gujarat,Anantapur,NH3,217.3,339.2,255.7,262,Very Unhealthy,18.3,85.8,24.9
Puducherry,Baripada,PM2.5,45.5,315.7,54.4,93,Moderate,34.9,55.8,6.3
Madhya Pradesh,Gurugram,PM10,62.2,416.9,184.8,158,Unhealthy,39.8,61.5,25.5
Tamil Nadu,Bhavnagar,OZONE,110.4,318.2,151.4,176,Unhealthy,31.8,88.1,11.6
Assam,Anantapur,OZONE,27.1,462.7,140.7,106,Unhealthy for Sensitive Groups,36.9,50.3,17.7
Nagaland,Latur,CO,85.1,294.8,202.8,214,Very Unhealthy,36.9,36.7,17.3
Telangana,Durgapur,NO2,72.4,494.5,218.2,209,Very Unhealthy,26.1,71.5,9.9
Kerala,Ujjain,CO,123.2,267.8,264.9,285,Very Unhealthy,26.2,58.3,18.0
Tripura,Jaisalmer,CO,0.2,113.1,0.4,0,Good,19.1,63.1,24.0
Jammu and Kashmir,Raipur,SO2,229.5,452.8,232.3,204,Very Unhealthy,18.5,55.5,2.0
Puducherry,Ajmer,NO2,214.0,400.7,214.0,243,Very Unhealthy,20.1,57.5,26.2
Karnataka,Thiruvananthapuram,PM2.5,62.9,185.8,138.7,145,Unhealthy for Sensitive Groups,33.2,51.3,10.7
Arunachal Pradesh,Ambala,PM10,110.7,451.2,163.3,154,Unhealthy,32.8,40.8,8.9
Karnataka,Ajmer,NO2,46.1,456.1,196.3,197,Unhealthy,31.3,94.1,2.3
Arunachal Pradesh,Ambernath,SO2,29.4,186.8,38.3,7,Good,18.9,58.2,24.2
Punjab,Jalandhar,SO2,5.7,436.1,33.7,44,Good,26.9,74.8,18.2
Telangana,Jind,PM2.5,25.9,404.0,128.6,125,Unhealthy for Sensitive Groups,27.8,57.3,24.7
Meghalaya,Ankleshwar,NH3,190.3,330.9,248.0,248,Very Unhealthy,35.0,92.8,15.5
Punjab,Keonjhar,SO2,22.2,444.4,68.8,97,Moderate,23.7,63.4,8.7
Delhi,Araria,NO2,1.9,89.8,2.5,22,Good,26.6,48.0,21.9
Arunachal Pradesh,Guntur,NH3,118.8,383.3,171.7,192,Unhealthy,39.5,42.0,1.0
Odisha,Mahad,NH3,133.6,480.9,231.9,249,Very Unhealthy,29.4,90.7,2.9
Rajasthan,Pali,NH3,0.4,370.7,9.9,12,Good,33.1,78.4,21.8
Jharkhand,Suakati,SO2,4.6,412.9,21.1,45,Good,33.4,67.7,28.9
Rajasthan,Pratapgarh,NH3,8.1,100.7,74.8,97,Moderate,35.9,33.0,3.1
Tripura,Bhilai,NO2,15.8,120.3,71.1,61,Moderate,18.4,34.0,19.0
Bihar,Patiala,NH3,29.3,223.7,147.5,104,Unhealthy for Sensitive Groups,16.8,83.4,24.3
Arunachal Pradesh,Rourkela,PM10,3.6,370.9,5.0,14,Good,18.2,87.7,0.6
Assam,Srinagar,PM10,36.3,329.3,228.2,250,Very Unhealthy,31.6,50.0,22.6
Punjab,Kolkata,CO,73.6,261.0,103.6,124,Unhealthy for Sensitive Groups,19.6,65.9,4.2
Puducherry,Kolkata,PM2.5,78.4,317.5,109.2,149,Unhealthy for Sensitive Groups,15.2,74.8,20.7
West Bengal,Srinagar,OZONE,181.5,483.8,207.9,293,Very Unhealthy,26.2,93.4,8.3
Tripura,Varanasi,CO,157.9,257.2,230.5,254,Very Unhealthy,36.4,56.3,24.2
Chhattisgarh,Kollam,SO2,37.8,414.8,92.7,91,Moderate,27.9,66.6,13.8
Uttar Pradesh,Dhanbad,NH3,74.3,373.7,123.9,127,Unhealthy for Sensitive Groups,23.1,33.4,23.9
Jammu and Kashmir,Durgapur,SO2,51.3,481.1,158.7,185,Unhealthy,31.0,64.0,18.0
Bihar,Madikeri,SO2,26.5,460.1,84.5,61,Moderate,37.2,77.7,28.4
Punjab,Chennai,PM2.5,18.4,210.1,145.7,126,Unhealthy for Sensitive Groups,20.9,89.7,28.1
Mizoram,Udaipur,NO2,197.8,498.3,225.6,215,Very Unhealthy,19.9,65.7,10.0
Madhya Pradesh,Palwal,CO,57.5,328.1,148.9,122,Unhealthy for Sensitive Groups,38.4,77.0,3.3
Uttarakhand,Pampore,PM2.5,28.2,248.3,124.5,109,Unhealthy for Sensitive Groups,37.6,68.8,24.4
Meghalaya,Rourkela,SO2,0.0,225.6,1.1,25,Good,26.3,79.8,0.4
Andhra Pradesh,Boisar,PM2.5,15.8,339.7,18.2,29,Good,36.0,45.3,19.9
Sikkim,Firozabad,SO2,95.5,394.9,185.6,183,Unhealthy,38.6,72.6,6.4
Meghalaya,Pune,PM2.5,23.8,30.4,30.0,29,Good,22.0,33.1,14.5
Andhra Pradesh,Chittoor,NO2,65.7,207.1,164.5,158,Unhealthy,30.4,61.3,5.0
Maharashtra,Khanna,PM10,55.1,295.6,156.8,164,Unhealthy,28.8,69.0,23.4
Madhya Pradesh,Ratlam,NO2,101.9,348.0,172.1,185,Unhealthy,15.6,53.1,26.0
Himachal Pradesh,Bettiah,OZONE,149.7,291.2,189.5,157,Unhealthy,36.7,42.9,28.3
Kerala,Panchkula,CO,110.2,383.1,153.6,174,Unhealthy,37.3,67.4,21.3
Telangana,Dholpur,SO2,35.3,151.9,73.5,55,Moderate,29.1,72.8,9.7
Karnataka,Kollam,PM10,217.5,452.9,244.7,202,Very Unhealthy,22.6,59.7,24.4
Himachal Pradesh,Hisar,NO2,12.3,349.4,40.3,25,Good,23.1,88.1,5.9
Puducherry,Angul,PM10,47.9,160.6,138.8,106,Unhealthy for Sensitive Groups,35.6,70.8,22.3
Nagaland,Hubballi,SO2,52.1,82.2,64.3,83,Moderate,17.8,68.6,11.4
Telangana,Tirupati,NH3,146.3,348.0,231.4,287,Very Unhealthy,30.4,40.4,22.5
Jammu and Kashmir,Arrah,PM10,66.2,412.2,257.6,237,Very Unhealthy,26.9,59.3,6.4
Andhra Pradesh,Gandhinagar,OZONE,43.9,441.9,97.2,72,Moderate,36.1,45.5,19.8
Rajasthan,Bulandshahr,CO,18.5,430.2,30.6,5,Good,29.1,35.9,27.3
Maharashtra,Khurja,SO2,75.6,448.1,246.2,280,Very Unhealthy,19.3,39.7,18.3
Jammu and Kashmir,Talcher,OZONE,46.4,317.5,182.1,192,Unhealthy,30.9,92.1,27.2
Karnataka,Purnia,SO2,97.0,345.9,127.3,142,Unhealthy for Sensitive Groups,28.6,62.5,29.4
Kerala,Bhiwadi,CO,49.0,326.7,75.4,75,Moderate,16.8,51.0,23.0
West Bengal,Satna,PM2.5,15.9,281.1,48.5,30,Good,17.2,33.9,0.9
Telangana,Mira-Bhayandar,SO2,70.3,258.3,73.2,51,Moderate,39.8,35.1,9.1
Bihar,Begusarai,PM2.5,42.2,480.3,187.7,194,Unhealthy,15.1,31.6,4.6
Gujarat,Bagalkot,NH3,71.1,306.0,103.1,135,Unhealthy for Sensitive Groups,15.0,58.9,29.4
Haryana,Mathura,CO,242.0,295.7,260.6,260,Very Unhealthy,17.9,94.2,25.9
Gujarat,Nagpur,NH3,57.7,356.1,190.5,191,Unhealthy,30.6,63.3,29.4
Uttar Pradesh,Hajipur,PM10,27.5,464.8,36.9,14,Good,39.5,58.9,14.6
Gujarat,Coimbatore,CO,37.5,487.9,200.0,177,Unhealthy,18.9,41.0,24.6
Andhra Pradesh,Modinagar,SO2,147.4,149.2,147.9,102,Unhealthy for Sensitive Groups,28.8,32.6,6.4
Haryana,Kurukshetra,PM2.5,30.6,461.1,44.8,25,Good,26.7,41.9,23.6
Tripura,Bahadurgarh,SO2,90.3,432.8,179.4,160,Unhealthy,21.2,66.2,29.1
Odisha,Ghaziabad,OZONE,2.4,397.9,42.4,12,Good,23.2,71.0,6.8
Haryana,Rajkot,SO2,91.8,245.1,95.1,64,Moderate,20.4,65.3,18.6
Himachal Pradesh,Jodhpur,PM2.5,71.3,295.7,117.8,138,Unhealthy for Sensitive Groups,36.0,88.8,24.1
Bihar,Chandigarh,NH3,195.3,432.6,220.1,297,Very Unhealthy,24.5,76.6,15.9
Mizoram,Sivasagar,SO2,11.6,387.8,12.9,11,Good,34.5,56.9,29.0
Delhi,Katihar,SO2,13.8,450.3,35.8,18,Good,25.0,31.7,10.3
Bihar,Amritsar,NO2,160.7,189.2,180.8,172,Unhealthy,39.1,39.4,29.5
Bihar,Baghpat,NO2,3.3,440.2,12.8,37,Good,18.3,37.0,11.5
Himachal Pradesh,Vadodara,PM10,70.5,384.5,206.4,247,Very Unhealthy,15.5,41.0,29.1
Kerala,Dehradun,NO2,37.4,265.4,210.9,240,Very Unhealthy,18.9,67.2,5.5
Maharashtra,Suakati,CO,71.3,348.3,80.6,62,Moderate,27.1,42.0,1.2
Karnataka,Manesar,PM10,4.5,394.7,9.1,28,Good,37.6,45.2,22.0
Bihar,Virar,OZONE,12.5,88.9,78.4,51,Moderate,32.7,35.5,28.3
West Bengal,Dausa,CO,51.0,142.8,95.9,96,Moderate,29.3,81.2,8.0
Tripura,Brajrajnagar,OZONE,234.7,379.6,256.9,292,Very Unhealthy,26.2,85.2,10.6
Arunachal Pradesh,Vijayawada,OZONE,165.2,269.3,261.4,237,Very Unhealthy,29.7,38.8,14.6
Chandigarh,Mandikhera,SO2,63.6,376.9,219.1,274,Very Unhealthy,28.2,48.6,17.4
Karnataka,Chandigarh,OZONE,61.2,346.9,211.6,298,Very Unhealthy,32.7,31.5,4.8
Gujarat,Chikkamagaluru,CO,68.2,466.4,233.5,280,Very Unhealthy,15.3,87.1,10.7
Rajasthan,Thoothukudi,NH3,28.8,86.8,61.2,98,Moderate,29.8,65.3,11.9
Chandigarh,Saharsa,NH3,31.4,386.9,157.6,156,Unhealthy,39.1,44.1,20.1
Karnataka,Lucknow,OZONE,61.6,425.8,98.7,60,Moderate,28.1,91.6,12.3
Bihar,Charkhi Dadri,NH3,56.3,358.8,89.8,68,Moderate,15.8,55.5,22.4
Arunachal Pradesh,Thiruvananthapuram,OZONE,53.8,167.2,167.1,194,Unhealthy,36.4,58.1,3.6
Chandigarh,Pratapgarh,OZONE,151.9,280.3,231.0,213,Very Unhealthy,32.9,32.7,1.6
Madhya Pradesh,Rupnagar,PM10,116.2,247.4,226.8,224,Very Unhealthy,33.7,32.7,27.1
Gujarat,Tonk,PM2.5,69.6,450.3,87.2,86,Moderate,31.4,57.6,26.7
Punjab,Siliguri,OZONE,9.1,376.3,98.1,95,Moderate,28.2,91.4,13.2
Nagaland,Jalandhar,PM2.5,60.0,314.5,95.0,86,Moderate,36.4,68.4,6.4
Chhattisgarh,Bhopal,PM2.5,116.0,256.4,218.5,290,Very Unhealthy,33.0,46.2,20.9
Telangana,Navi Mumbai,PM10,10.3,411.8,25.7,17,Good,26.3,70.4,23.0
Sikkim,Amravati,SO2,98.8,295.5,174.3,196,Unhealthy,39.5,41.4,23.1
Meghalaya,Araria,PM2.5,28.5,474.8,33.9,1,Good,23.2,38.6,7.1
Haryana,Nagaon,CO,11.6,280.6,78.1,57,Moderate,20.4,74.8,0.3
Tripura,Suakati,PM10,84.5,390.2,191.4,188,Unhealthy,33.0,43.3,17.6
Sikkim,Hyderabad,SO2,42.8,179.2,163.6,165,Unhealthy,30.8,66.7,13.7
Odisha,Satara,PM10,93.5,347.3,178.0,167,Unhealthy,24.4,64.8,8.5
Uttar Pradesh,Naharlagun,SO2,231.0,353.1,260.8,277,Very Unhealthy,29.0,42.8,2.1
Rajasthan,Kota,PM2.5,5.7,490.7,67.0,51,Moderate,30.5,59.9,24.4
Chandigarh,Nagaur,SO2,19.5,205.9,74.2,66,Moderate,33.3,66.9,23.9
Assam,Ankleshwar,NO2,155.7,311.3,199.0,175,Unhealthy,27.6,48.8,5.6
Jammu and Kashmir,Naharlagun,NH3,0.5,157.3,44.4,17,Good,17.4,40.3,3.0
Nagaland,Nagpur,SO2,38.1,479.1,220.7,222,Very Unhealthy,36.8,50.7,22.9
Uttar Pradesh,Kalyan,SO2,0.5,438.3,76.3,81,Moderate,17.2,59.9,11.8
Chandigarh,Khurja,PM2.5,127.4,389.9,141.9,113,Unhealthy for Sensitive Groups,34.8,57.2,27.2
Chandigarh,Parbhani,SO2,71.8,458.8,220.7,219,Very Unhealthy,20.9,44.1,24.3
Uttarakhand,Nagaon,SO2,101.1,280.2,154.2,189,Unhealthy,21.9,48.1,13.2
Kerala,Karauli,OZONE,67.0,309.9,138.1,131,Unhealthy for Sensitive Groups,22.1,61.9,14.3
Himachal Pradesh,Firozabad,OZONE,81.0,419.5,252.8,215,Very Unhealthy,19.4,73.3,16.2
Telangana,Bhavnagar,OZONE,100.5,374.0,120.3,103,Unhealthy for Sensitive Groups,26.9,57.3,5.0
Bihar,Yamuna Nagar,NO2,1.6,290.7,102.5,135,Unhealthy for Sensitive Groups,34.1,58.8,15.0
Odisha,Malegaon,PM10,48.2,142.4,89.6,98,Moderate,23.4,78.4,6.6
Chandigarh,Mahad,NO2,113.6,266.5,257.9,289,Very Unhealthy,37.2,52.5,24.3
Bihar,Vapi,NO2,53.8,453.8,186.1,161,Unhealthy,21.5,74.5,29.7
Jharkhand,Sasaram,CO,98.6,204.6,171.6,166,Unhealthy,21.4,39.0,1.4
Kerala,Bhopal,NH3,162.0,482.7,235.5,283,Very Unhealthy,17.8,86.4,11.1
Tamil Nadu,Shillong,OZONE,54.1,173.9,123.8,124,Unhealthy for Sensitive Groups,21.7,88.5,25.4
Haryana,Angul,NO2,30.1,434.6,36.7,4,Good,23.8,40.6,15.8
Nagaland,Saharsa,SO2,24.3,231.6,36.5,49,Good,28.1,43.0,26.9
Maharashtra,Byrnihat,CO,110.0,386.0,144.9,150,Unhealthy for Sensitive Groups,18.2,60.0,25.0
Karnataka,Jind,OZONE,50.8,329.2,82.4,70,Moderate,32.4,54.6,27.4
Jammu and Kashmir,Chikkamagaluru,PM10,31.1,294.2,93.1,91,Moderate,20.1,53.7,4.9
Rajasthan,Rajgir,NH3,21.7,354.0,111.6,128,Unhealthy for Sensitive Groups,26.8,38.5,3.2
Assam,Guntur,CO,46.3,300.7,56.1,86,Moderate,21.2,76.2,13.8
Sikkim,Dharwad,OZONE,29.0,176.0,162.2,192,Unhealthy,22.0,94.4,10.6
Himachal Pradesh,Eluru,SO2,10.5,213.0,120.8,107,Unhealthy for Sensitive Groups,23.4,94.7,0.3
Uttarakhand,Cuddalore,NO2,72.1,440.6,214.7,269,Very Unhealthy,36.0,30.4,24.1
Maharashtra,Indore,PM10,14.8,320.3,20.4,41,Good,36.0,82.4,24.0
Uttar Pradesh,Kota,PM10,106.5,351.4,145.4,119,Unhealthy for Sensitive Groups,38.4,36.1,2.0
West Bengal,Rairangpur,NH3,0.4,57.9,2.7,25,Good,35.3,36.2,25.2
Jammu and Kashmir,Howrah,SO2,188.2,415.2,263.5,212,Very Unhealthy,28.8,79.1,7.7
Delhi,Bettiah,SO2,6.8,457.4,13.3,22,Good,34.9,68.3,18.1
Tripura,Nagaur,PM2.5,196.6,343.2,261.2,219,Very Unhealthy,28.0,34.6,7.6
Mizoram,Byrnihat,OZONE,41.2,378.4,134.2,144,Unhealthy for Sensitive Groups,35.3,64.6,10.9
Uttarakhand,Bettiah,SO2,63.5,192.0,110.7,124,Unhealthy for Sensitive Groups,17.4,70.9,16.2
Himachal Pradesh,Jalgaon,CO,30.6,441.2,93.0,97,Moderate,28.2,31.2,7.8
Mizoram,Mandi Gobindgarh,OZONE,42.2,179.7,167.1,190,Unhealthy,21.3,34.4,29.7
Delhi,Sirohi,CO,31.3,157.3,37.0,35,Good,39.7,62.8,6.5
Meghalaya,Damoh,NO2,2.5,116.6,50.3,371,Hazardous,20.6,62.1,29.5
Tripura,Muzaffarpur,SO2,27.4,239.1,113.1,106,Unhealthy for Sensitive Groups,37.7,31.4,4.9
Chhattisgarh,Barbil,NO2,78.8,435.8,81.1,85,Moderate,33.2,42.1,10.6
Kerala,Tumidih,SO2,46.6,449.2,73.0,86,Moderate,21.9,63.8,27.5
Assam,Bilaspur,CO,25.3,319.2,34.4,13,Good,16.2,61.3,21.8
Haryana,Banswara,PM10,128.3,402.9,191.0,172,Unhealthy,21.9,48.3,18.1
Jammu and Kashmir,Bhilwara,SO2,40.0,436.4,73.3,77,Moderate,36.8,33.7,7.7
Uttarakhand,Karwar,PM2.5,83.7,462.1,91.9,95,Moderate,35.4,53.6,2.6
Jammu and Kashmir,Tensa,PM10,13.0,43.1,28.2,28,Good,33.0,47.3,19.6
Andhra Pradesh,Bhiwandi,NH3,65.1,356.5,92.3,78,Moderate,21.7,82.9,1.3
Jharkhand,Bihar Sharif,PM2.5,20.6,312.9,232.3,225,Very Unhealthy,25.9,63.2,2.0
Haryana,Rupnagar,CO,67.3,287.7,136.0,146,Unhealthy for Sensitive Groups,34.1,80.9,27.5
Punjab,Mysuru,SO2,7.4,447.6,75.2,61,Moderate,26.9,34.5,20.0
Karnataka,Bagalkot,CO,26.1,449.1,190.5,200,Unhealthy,28.1,59.8,23.4
Assam,Tumidih,CO,13.1,191.7,28.0,24,Good,26.3,83.5,27.2
Punjab,Dausa,SO2,167.4,326.8,197.6,173,Unhealthy,23.2,49.3,26.0
Maharashtra,Ankleshwar,OZONE,132.7,227.0,164.2,187,Unhealthy,21.6,41.3,5.1
West Bengal,Saharsa,SO2,57.6,154.1,78.7,70,Moderate,27.2,55.9,13.8
Chandigarh,Noida,OZONE,124.4,320.2,231.8,260,Very Unhealthy,37.3,71.7,8.7
Assam,Boisar,OZONE,13.6,435.6,20.2,19,Good,39.0,35.5,8.3
Karnataka,Pratapgarh,NO2,60.4,447.5,87.0,66,Moderate,20.2,43.2,17.9
Madhya Pradesh,Guntur,PM2.5,43.5,286.5,115.7,143,Unhealthy for Sensitive Groups,39.0,47.4,7.9
Telangana,Agra,PM2.5,25.5,416.1,89.1,67,Moderate,30.4,56.3,2.5
Assam,Chittorgarh,PM2.5,0.1,276.9,2.7,31,Good,28.3,50.4,5.2
Nagaland,Bikaner,PM2.5,79.9,292.6,91.9,86,Moderate,25.3,33.3,24.4
Delhi,Patna,NH3,53.7,173.0,62.1,75,Moderate,31.0,39.8,4.8
Nagaland,Jhunjhunu,PM2.5,162.5,263.0,224.9,292,Very Unhealthy,27.9,47.4,9.8
Uttarakhand,Ballabgarh,NH3,63.5,496.4,135.4,139,Unhealthy for Sensitive Groups,38.9,92.9,14.4
Jharkhand,Chhapra,NH3,131.9,405.0,167.0,193,Unhealthy,32.7,71.0,28.1
West Bengal,Korba,PM10,88.3,280.8,103.4,127,Unhealthy for Sensitive Groups,22.7,64.1,11.2
Odisha,Latur,CO,91.9,407.6,226.6,235,Very Unhealthy,35.0,32.1,8.1
Gujarat,Rohtak,PM2.5,26.9,476.4,37.1,45,Good,28.7,66.0,5.8
Kerala,Baran,PM10,126.9,337.1,178.3,158,Unhealthy,31.0,42.7,17.4
Tripura,Kolkata,PM2.5,58.2,366.0,59.7,96,Moderate,20.8,39.5,13.3
Kerala,Agartala,PM2.5,93.3,342.0,121.7,131,Unhealthy for Sensitive Groups,35.8,57.7,24.6
Odisha,Ambernath,OZONE,47.8,488.4,106.8,145,Unhealthy for Sensitive Groups,27.6,42.4,4.9
Gujarat,Pampore,OZONE,4.1,487.6,24.6,9,Good,33.9,76.1,4.9
Karnataka,Panchkula,CO,146.1,422.2,173.3,169,Unhealthy,19.7,54.5,26.3
Uttarakhand,Rohtak,NH3,56.4,282.3,246.5,262,Very Unhealthy,18.6,72.9,13.7
Madhya Pradesh,Amritsar,NH3,64.2,442.9,229.6,228,Very Unhealthy,18.7,72.6,13.6
Chhattisgarh,Rairangpur,CO,130.8,453.8,183.8,168,Unhealthy,33.1,48.8,8.2
Assam,Puducherry,NH3,211.9,333.2,261.5,296,Very Unhealthy,35.5,67.6,26.1
Nagaland,Dharuhera,PM10,17.7,320.8,174.0,170,Unhealthy,17.5,51.7,15.1
Jharkhand,Dharwad,SO2,2.6,426.0,40.0,21,Good,37.2,65.1,19.5
Uttarakhand,Madurai,PM10,101.2,423.3,109.8,111,Unhealthy for Sensitive Groups,25.1,55.0,23.8
Jharkhand,Tirumala,CO,17.2,147.0,22.7,28,Good,31.4,64.0,26.1
Karnataka,Bahadurgarh,PM2.5,4.3,461.7,57.3,58,Moderate,39.4,91.0,4.3
Maharashtra,Rairangpur,NO2,32.2,263.0,238.7,288,Very Unhealthy,33.4,54.3,8.6
Tripura,Rajsamand,NH3,3.0,354.7,54.7,91,Moderate,39.4,72.0,2.3
Bihar,Shivamogga,CO,10.8,374.9,236.7,205,Very Unhealthy,26.7,55.0,10.9
Madhya Pradesh,Bundi,NO2,69.5,487.2,256.2,223,Very Unhealthy,18.2,45.3,11.2
Nagaland,Amravati,NH3,24.6,461.0,92.7,97,Moderate,32.5,39.2,20.7
Andhra Pradesh,Chennai,SO2,68.3,260.7,78.2,57,Moderate,25.0,34.2,20.9
Haryana,Raebareli,NH3,14.0,459.8,223.6,293,Very Unhealthy,27.6,58.4,19.7
Himachal Pradesh,Patna,CO,151.4,466.7,189.9,197,Unhealthy,38.4,41.5,14.6
Tripura,Jaipur,CO,61.0,435.7,86.2,83,Moderate,33.9,47.1,11.5
Karnataka,Gwalior,CO,13.2,275.4,113.7,126,Unhealthy for Sensitive Groups,27.4,43.9,2.0
Uttarakhand,Kolkata,NH3,12.3,429.5,150.9,399,Hazardous,33.8,61.0,14.7
Mizoram,Udaipur,PM2.5,19.4,196.5,28.7,46,Good,27.6,38.4,28.3
Mizoram,Nanded,NH3,7.7,488.2,62.0,77,Moderate,32.4,78.9,6.4
Kerala,Chittorgarh,PM2.5,12.6,255.5,18.3,15,Good,31.1,48.7,19.8
Puducherry,Meerut,NO2,99.4,458.9,112.3,148,Unhealthy for Sensitive Groups,28.1,50.9,25.4
Punjab,Hanumangarh,NH3,97.0,299.2,230.9,300,Very Unhealthy,31.9,34.9,3.8
Andhra Pradesh,Sangli,PM2.5,57.7,226.9,92.3,98,Moderate,27.1,31.0,24.0
Assam,Dombivli,PM10,29.1,312.8,183.4,158,Unhealthy,34.1,75.7,26.2
Andhra Pradesh,Chhapra,CO,28.9,175.4,61.1,84,Moderate,26.0,69.0,6.9
Meghalaya,Thrissur,NH3,35.0,371.3,219.2,253,Very Unhealthy,23.1,88.7,6.3
Meghalaya,Buxar,PM10,56.8,416.6,216.5,274,Very Unhealthy,32.4,40.4,0.4
Bihar,Panipat,PM2.5,75.7,192.7,151.5,197,Unhealthy,28.1,68.4,17.8
Mizoram,Thoothukudi,PM10,28.1,228.8,168.0,151,Unhealthy,18.8,30.1,25.9
Jharkhand,Kannur,PM2.5,47.8,230.1,127.5,115,Unhealthy for Sensitive Groups,31.9,42.2,29.7
Haryana,Raebareli,NH3,70.8,222.8,158.9,196,Unhealthy,15.6,50.5,21.1
Rajasthan,Agartala,PM2.5,91.3,423.8,240.9,239,Very Unhealthy,17.3,40.6,29.7
Tamil Nadu,Gorakhpur,SO2,62.8,261.9,145.1,105,Unhealthy for Sensitive Groups,20.2,87.0,21.4
Tripura,Sawai Madhopur,NH3,110.5,289.9,145.9,120,Unhealthy for Sensitive Groups,28.5,50.3,25.3
Haryana,Charkhi Dadri,NH3,5.3,376.9,97.8,76,Moderate,27.2,45.6,26.0
Odisha,Hyderabad,CO,114.0,294.3,196.0,176,Unhealthy,36.6,87.4,13.4
Himachal Pradesh,Chhapra,NH3,28.4,281.6,59.7,53,Moderate,37.0,49.9,17.1
West Bengal,Katni,SO2,4.5,138.0,16.5,31,Good,35.5,68.5,18.8
Punjab,Aurangabad,CO,59.1,162.3,136.9,108,Unhealthy for Sensitive Groups,38.2,48.8,5.0
Kerala,Mahad,PM2.5,92.4,183.3,118.7,113,Unhealthy for Sensitive Groups,15.1,86.1,26.7
Puducherry,Bihar Sharif,NO2,70.7,389.9,111.0,147,Unhealthy for Sensitive Groups,28.1,55.2,17.1
Chhattisgarh,Parbhani,NH3,111.1,339.0,238.4,291,Very Unhealthy,23.4,48.0,3.4
Meghalaya,Ambernath,SO2,4.4,73.2,37.2,46,Good,33.7,77.9,26.8
Meghalaya,Tumidih,NH3,23.8,163.2,27.2,14,Good,29.1,71.7,29.2
Karnataka,Jalna,OZONE,70.8,237.6,105.1,149,Unhealthy for Sensitive Groups,30.9,48.4,18.8
Telangana,Bihar Sharif,PM10,15.5,211.5,22.9,29,Good,35.2,73.5,25.8
Mizoram,Kota,PM2.5,34.5,314.0,169.6,187,Unhealthy,38.0,80.2,0.3
Punjab,Rourkela,NH3,52.4,324.6,117.8,143,Unhealthy for Sensitive Groups,36.3,94.6,24.0
Assam,Malegaon,SO2,50.9,372.6,171.4,175,Unhealthy,22.1,85.4,15.3
Tamil Nadu,Rishikesh,SO2,82.9,136.7,113.0,129,Unhealthy for Sensitive Groups,28.2,60.2,20.1
Jharkhand,Tonk,OZONE,6.6,480.0,167.2,191,Unhealthy,38.9,90.9,6.3
Tripura,Chhapra,NH3,40.7,391.7,174.2,159,Unhealthy,39.7,89.7,0.6
Uttar Pradesh,Meerut,CO,8.6,233.7,54.4,96,Moderate,29.6,75.1,24.7
Punjab,Tirupati,CO,105.1,364.6,109.8,132,Unhealthy for Sensitive Groups,24.6,36.8,6.5
Punjab,Mangalore,NO2,16.1,420.2,254.1,247,Very Unhealthy,28.1,56.9,5.1
Chhattisgarh,Ankleshwar,CO,8.4,360.7,226.3,265,Very Unhealthy,15.4,52.1,25.9
Kerala,Nellore,NH3,94.7,432.9,222.7,246,Very Unhealthy,24.1,69.4,5.0
Tamil Nadu,Purnia,SO2,18.3,353.0,41.5,13,Good,24.5,59.8,9.5
Assam,Talcher,CO,181.5,465.0,204.8,214,Very Unhealthy,21.0,67.3,21.2
Tripura,Dhanbad,CO,37.6,483.8,104.7,112,Unhealthy for Sensitive Groups,29.3,60.8,23.7
Meghalaya,Katni,OZONE,61.1,349.5,239.2,233,Very Unhealthy,37.6,42.1,13.1
Punjab,Chhapra,NH3,28.8,229.5,155.9,192,Unhealthy,29.2,71.0,15.7
Uttar Pradesh,Bulandshahr,NH3,46.4,356.2,110.1,131,Unhealthy for Sensitive Groups,25.6,93.1,14.4
Tripura,Puducherry,CO,15.4,316.6,175.3,182,Unhealthy,21.4,61.5,26.5
Nagaland,Motihari,NO2,23.5,388.8,42.9,29,Good,23.0,65.5,3.8
Chhattisgarh,Sawai Madhopur,NH3,137.3,452.6,199.0,190,Unhealthy,39.6,37.6,3.8
Andhra Pradesh,Pune,CO,133.5,302.2,176.0,178,Unhealthy,25.5,92.7,26.3
Telangana,Bulandshahr,NO2,44.7,397.1,137.9,109,Unhealthy for Sensitive Groups,32.8,41.0,12.4
Madhya Pradesh,Tensa,NH3,55.2,430.1,175.3,174,Unhealthy,33.7,64.8,6.3
Chandigarh,Meerut,PM2.5,7.8,295.6,50.0,3,Good,23.3,64.6,6.5
Bihar,Suakati,CO,60.5,384.1,92.3,80,Moderate,21.2,83.1,20.0
Maharashtra,Dausa,NO2,35.3,320.3,77.7,90,Moderate,25.5,57.4,7.2
Rajasthan,Belapur,NO2,20.8,177.6,26.4,18,Good,24.3,83.6,9.7
Mizoram,Sikar,OZONE,145.3,334.3,148.4,111,Unhealthy for Sensitive Groups,39.3,65.8,2.3
Assam,Surat,NO2,100.2,322.6,257.7,255,Very Unhealthy,39.7,71.7,15.4
Puducherry,Korba,PM10,7.9,264.4,179.3,191,Unhealthy,37.0,41.2,22.0
Bihar,Chennai,PM10,67.3,304.5,112.7,141,Unhealthy for Sensitive Groups,30.5,44.4,6.1
Uttar Pradesh,Meerut,SO2,3.7,15.5,11.1,2,Good,28.4,54.5,11.0
Punjab,Aurangabad,PM10,240.7,291.6,257.8,212,Very Unhealthy,22.2,51.9,27.8
Tripura,Katihar,PM2.5,15.7,343.2,187.7,195,Unhealthy,38.6,53.5,15.7
Himachal Pradesh,Cuddalore,CO,127.1,476.9,260.0,245,Very Unhealthy,29.7,85.2,27.4
Telangana,Ratlam,CO,52.4,87.6,52.6,73,Moderate,25.6,60.3,12.8
Uttar Pradesh,Khairthal,CO,9.9,361.0,12.8,3,Good,22.2,30.0,2.5
Gujarat,Purnia,OZONE,2.2,165.9,117.7,120,Unhealthy for Sensitive Groups,38.3,64.8,29.8
Nagaland,Begusarai,SO2,16.1,291.6,22.3,48,Good,38.9,34.0,22.5
Bihar,Hajipur,OZONE,103.3,295.8,176.6,164,Unhealthy,27.1,49.7,26.3
Karnataka,Sagar,PM10,49.5,375.4,161.7,169,Unhealthy,28.3,89.6,4.9
Tamil Nadu,Ahmednagar,NH3,25.2,163.2,94.9,83,Moderate,24.5,76.9,5.9
Bihar,Greater Noida,SO2,53.3,238.6,174.8,163,Unhealthy,16.1,59.0,29.2
Uttarakhand,Prayagraj,OZONE,6.0,345.1,92.4,95,Moderate,38.7,74.7,25.6
Puducherry,Tonk,CO,76.8,181.8,164.1,153,Unhealthy,25.7,36.9,9.4
Uttar Pradesh,Satara,PM10,111.0,225.8,180.4,173,Unhealthy,29.7,58.1,23.1
Madhya Pradesh,Singrauli,NO2,89.7,128.1,98.2,74,Moderate,28.0,62.7,5.7
Bihar,Thiruvananthapuram,NH3,37.5,67.1,53.1,86,Moderate,26.5,87.4,20.5
Madhya Pradesh,Gorakhpur,NH3,43.9,380.9,195.8,181,Unhealthy,25.7,68.5,4.3
Odisha,Durgapur,NH3,53.9,348.5,242.3,272,Very Unhealthy,39.4,39.0,15.3
Karnataka,Gurugram,OZONE,1.5,361.9,132.5,127,Unhealthy for Sensitive Groups,27.8,88.0,19.9
Jharkhand,Sikar,CO,29.8,454.0,101.7,149,Unhealthy for Sensitive Groups,26.3,90.7,19.3
Karnataka,Vrindavan,CO,14.8,279.4,220.3,224,Very Unhealthy,37.8,42.6,21.8
Odisha,Sasaram,NO2,46.7,362.4,231.2,270,Very Unhealthy,26.7,48.4,24.9
Andhra Pradesh,Rajsamand,CO,74.4,175.8,127.8,105,Unhealthy for Sensitive Groups,21.0,74.8,0.6
Kerala,Dewas,PM2.5,92.3,182.6,139.6,128,Unhealthy for Sensitive Groups,24.4,42.4,9.1
Rajasthan,Ballabgarh,PM2.5,15.1,216.4,44.0,1,Good,16.0,65.2,3.6
Rajasthan,Sri Ganganagar,NH3,4.5,270.9,11.3,14,Good,24.7,55.5,15.6
Mizoram,Khora,PM2.5,11.3,291.5,144.4,147,Unhealthy for Sensitive Groups,36.9,41.9,27.1
Jammu and Kashmir,Hapur,NH3,60.7,400.7,144.5,127,Unhealthy for Sensitive Groups,23.6,52.6,26.4
Chhattisgarh,Parbhani,NH3,6.8,300.9,24.8,0,Good,33.9,60.3,2.5
Punjab,Bhiwadi,PM2.5,89.5,360.6,164.6,173,Unhealthy,30.0,34.9,25.4
Telangana,Chamarajanagar,SO2,132.5,346.0,206.1,215,Very Unhealthy,27.6,30.3,8.3
Uttar Pradesh,Kolkata,NH3,7.8,345.2,12.7,13,Good,31.5,54.0,10.7
Tamil Nadu,Patiala,PM2.5,31.9,285.1,130.8,138,Unhealthy for Sensitive Groups,18.4,47.2,0.5
Karnataka,Kanpur,NH3,44.0,330.7,45.6,7,Good,34.4,86.6,18.5
Odisha,Mumbai,NH3,174.8,464.2,218.5,201,Very Unhealthy,38.7,51.9,15.8
Maharashtra,Kalyan,OZONE,26.9,462.6,161.8,168,Unhealthy,33.9,58.7,9.5
Mizoram,Sawai Madhopur,PM2.5,126.1,326.4,147.3,102,Unhealthy for Sensitive Groups,23.2,63.2,2.5
Bihar,Koppal,SO2,6.6,99.0,89.3,92,Moderate,22.7,59.6,0.7
Nagaland,Bhavnagar,OZONE,103.4,387.0,173.2,184,Unhealthy,22.4,64.2,16.3
Assam,Kollam,SO2,6.0,442.0,199.9,152,Unhealthy,20.4,48.3,14.1
Nagaland,Bileipada,OZONE,33.6,123.8,82.8,57,Moderate,24.7,30.6,7.6
Himachal Pradesh,Guntur,PM2.5,53.5,290.9,264.4,246,Very Unhealthy,22.2,50.7,8.9
Sikkim,Bihar Sharif,PM2.5,27.1,300.1,265.9,298,Very Unhealthy,38.2,86.7,18.2
Andhra Pradesh,Korba,PM10,19.2,440.1,169.1,171,Unhealthy,16.6,59.2,4.5
Gujarat,Guntur,PM10,2.3,204.9,56.7,90,Moderate,20.7,47.5,23.3
Madhya Pradesh,Koppal,PM2.5,5.2,122.8,91.0,59,Moderate,18.7,60.2,24.7
Haryana,Rupnagar,NH3,6.4,466.9,172.5,177,Unhealthy,22.9,71.1,22.8
Tamil Nadu,Arrah,NO2,164.7,285.5,236.8,297,Very Unhealthy,16.1,60.9,24.6
Sikkim,Buxar,PM2.5,1.9,219.5,40.4,36,Good,39.9,72.6,22.4
Punjab,Baran,OZONE,98.0,216.8,105.8,142,Unhealthy for Sensitive Groups,31.0,50.1,22.1
Delhi,Lucknow,SO2,71.9,266.0,162.6,177,Unhealthy,16.4,59.1,18.0
Uttarakhand,Lucknow,NH3,1.2,361.5,104.3,123,Unhealthy for Sensitive Groups,34.3,79.7,13.8
West Bengal,Dharwad,SO2,5.7,124.9,19.3,0,Good,17.2,34.3,7.4
Nagaland,Jhunjhunu,PM10,66.8,216.9,156.6,184,Unhealthy,26.8,65.7,5.7
Maharashtra,Bikaner,CO,75.3,222.6,111.9,105,Unhealthy for Sensitive Groups,31.6,49.0,15.2
Jammu and Kashmir,Gaya,PM2.5,120.2,398.0,166.6,184,Unhealthy,22.1,46.6,17.8
Maharashtra,Barmer,CO,217.2,339.9,252.7,203,Very Unhealthy,15.7,82.7,29.7
Arunachal Pradesh,Katni,PM2.5,124.8,445.2,219.1,258,Very Unhealthy,15.6,53.3,29.9
Maharashtra,Sivasagar,SO2,125.8,419.6,157.3,184,Unhealthy,20.0,36.7,10.2
Arunachal Pradesh,Haldia,PM10,6.9,255.8,135.5,105,Unhealthy for Sensitive Groups,32.8,51.7,12.7
Chandigarh,Vapi,PM10,32.4,279.6,147.5,139,Unhealthy for Sensitive Groups,15.6,70.2,22.2
Tripura,Hingoli,SO2,2.2,205.3,156.5,170,Unhealthy,36.2,44.4,10.1
Telangana,Saharsa,PM2.5,74.0,422.3,94.4,53,Moderate,26.7,85.5,12.2
Odisha,Amaravati,OZONE,7.6,373.6,72.1,73,Moderate,33.0,32.0,25.1
Haryana,Sikar,OZONE,22.5,252.1,60.4,77,Moderate,37.4,59.2,11.8
Mizoram,Panchkula,NO2,38.4,446.4,258.1,231,Very Unhealthy,38.3,38.2,5.2
Chandigarh,Vrindavan,SO2,77.3,379.1,130.9,107,Unhealthy for Sensitive Groups,27.4,88.8,6.6
Uttarakhand,Keonjhar,NO2,102.9,327.7,128.8,113,Unhealthy for Sensitive Groups,30.1,38.7,14.1
Arunachal Pradesh,Kadapa,PM10,21.3,98.7,96.7,81,Moderate,20.9,50.8,23.3
Uttar Pradesh,Mysuru,PM10,79.6,433.3,116.9,136,Unhealthy for Sensitive Groups,29.6,88.5,20.3
Kerala,Gummidipoondi,PM10,32.4,340.9,170.9,171,Unhealthy,22.6,74.5,3.5
Andhra Pradesh,Kota,PM2.5,60.7,104.9,96.7,54,Moderate,30.4,74.9,21.8
Haryana,Katihar,NH3,21.3,321.3,150.8,330,Hazardous,29.7,38.7,5.6
Rajasthan,Bhiwadi,PM10,89.2,277.3,258.5,245,Very Unhealthy,33.9,43.2,29.4
Andhra Pradesh,Rairangpur,SO2,21.0,472.6,25.6,44,Good,36.4,53.4,0.9
Maharashtra,Raipur,CO,122.3,328.2,173.0,173,Unhealthy,20.2,81.8,28.6
Assam,Manguraha,NH3,166.4,462.2,174.6,192,Unhealthy,37.0,60.0,16.0
Uttar Pradesh,Vrindavan,NO2,11.8,378.5,198.2,153,Unhealthy,18.2,87.9,0.3
Nagaland,Churu,NO2,23.3,198.1,55.2,92,Moderate,38.8,44.1,1.9
Chhattisgarh,Bilaspur,OZONE,93.1,155.5,120.1,105,Unhealthy for Sensitive Groups,16.8,50.2,18.9
Delhi,Sagar,NH3,0.9,379.1,59.0,62,Moderate,34.9,35.0,22.5
Sikkim,Surat,PM2.5,36.0,411.8,124.3,110,Unhealthy for Sensitive Groups,29.5,40.6,17.2
Meghalaya,Surat,OZONE,160.4,466.5,179.4,158,Unhealthy,20.4,78.1,15.2
Rajasthan,Rairangpur,PM2.5,5.1,287.4,145.6,148,Unhealthy for Sensitive Groups,33.3,30.6,11.4
Tripura,Agra,PM10,23.0,329.6,47.0,20,Good,24.9,40.3,11.0
Andhra Pradesh,Karnal,OZONE,21.4,332.2,190.1,174,Unhealthy,16.2,83.3,4.1
Sikkim,Churu,PM2.5,96.5,385.5,255.0,236,Very Unhealthy,30.0,87.7,12.6
Maharashtra,Hisar,PM2.5,52.7,87.1,56.4,65,Moderate,16.0,53.5,20.1
Arunachal Pradesh,Bundi,SO2,90.4,375.3,229.1,232,Very Unhealthy,22.4,46.5,16.4
Odisha,Vatva,OZONE,226.6,421.4,239.3,235,Very Unhealthy,36.4,51.7,7.3
Rajasthan,Milupara,NO2,158.8,295.8,243.5,252,Very Unhealthy,16.7,80.2,13.7
Chandigarh,Charkhi Dadri,PM2.5,189.5,367.6,225.4,261,Very Unhealthy,17.7,81.4,28.8
Tripura,Sagar,PM10,71.8,430.0,220.0,213,Very Unhealthy,39.7,88.9,15.6
Arunachal Pradesh,Madikeri,PM2.5,76.9,270.2,134.9,131,Unhealthy for Sensitive Groups,26.2,59.6,12.4
Uttar Pradesh,Bhavnagar,OZONE,90.8,219.5,107.7,104,Unhealthy for Sensitive Groups,30.1,32.8,23.4
Kerala,Bundi,NO2,41.1,412.5,155.7,173,Unhealthy,39.8,72.4,15.6
Uttarakhand,Amritsar,CO,37.2,428.6,37.7,39,Good,31.0,42.9,12.8
Chandigarh,Vijayawada,NH3,26.0,466.7,72.3,58,Moderate,36.8,37.5,27.6
Tamil Nadu,Jalore,SO2,46.0,425.2,164.8,152,Unhealthy,21.5,35.5,20.3
Karnataka,Baddi,OZONE,4.5,326.9,131.1,126,Unhealthy for Sensitive Groups,38.0,49.6,4.5
Mizoram,Pune,NH3,70.1,208.2,91.4,54,Moderate,23.7,54.3,6.3
Assam,Rajkot,CO,165.1,325.2,196.0,189,Unhealthy,33.3,45.1,11.3
Meghalaya,Indore,CO,64.2,329.7,252.2,278,Very Unhealthy,26.9,59.2,1.6
Uttar Pradesh,Ambala,NH3,78.1,422.2,117.6,114,Unhealthy for Sensitive Groups,25.7,91.9,1.6
Uttarakhand,Panchgaon,PM2.5,109.0,294.5,212.0,234,Very Unhealthy,27.8,78.0,23.4
Telangana,Alwar,PM2.5,125.6,481.6,140.2,146,Unhealthy for Sensitive Groups,29.5,54.7,18.7
Karnataka,Machilipatnam,PM10,40.7,368.6,148.5,101,Unhealthy for Sensitive Groups,36.5,67.1,9.0
Punjab,Chikkamagaluru,CO,127.8,362.5,186.0,170,Unhealthy,23.2,79.2,10.4
Gujarat,Hingoli,NH3,42.0,372.6,45.5,24,Good,25.7,55.2,12.9
Mizoram,Sasaram,NH3,60.6,113.9,109.3,149,Unhealthy for Sensitive Groups,25.9,89.3,13.9
Odisha,Howrah,SO2,141.9,477.1,186.8,181,Unhealthy,23.4,44.3,2.4
Rajasthan,Damoh,CO,9.3,149.7,36.6,6,Good,32.2,56.2,8.7
Jammu and Kashmir,Khairthal,NH3,129.3,413.3,203.5,290,Very Unhealthy,19.1,43.1,8.6
Bihar,Kalaburagi,PM10,7.3,139.0,30.6,21,Good,29.3,64.5,7.2
Assam,Rohtak,NO2,45.1,456.0,118.7,107,Unhealthy for Sensitive Groups,37.7,51.3,16.4
Uttarakhand,Naharlagun,PM2.5,181.4,400.9,240.0,229,Very Unhealthy,17.9,47.9,10.0
Meghalaya,Nagaur,PM10,69.3,346.3,116.8,129,Unhealthy for Sensitive Groups,23.0,45.1,25.1
Haryana,Bathinda,PM2.5,109.4,142.2,140.7,125,Unhealthy for Sensitive Groups,27.7,55.1,10.6
Uttar Pradesh,Buxar,OZONE,24.1,140.9,133.0,124,Unhealthy for Sensitive Groups,36.2,41.4,23.8
Jharkhand,Dhanbad,SO2,6.9,93.2,11.1,26,Good,23.8,90.0,23.6
Madhya Pradesh,Ujjain,CO,202.6,266.3,230.5,253,Very Unhealthy,26.8,37.5,1.4
Odisha,Rohtak,SO2,46.3,94.0,91.0,74,Moderate,25.2,88.5,12.1
Madhya Pradesh,Byrnihat,NH3,116.9,354.7,229.7,275,Very Unhealthy,24.9,78.6,22.1
Punjab,Tonk,CO,17.5,349.3,79.5,62,Moderate,18.0,85.5,3.8
Odisha,Angul,NH3,59.1,353.5,208.3,214,Very Unhealthy,21.0,60.0,12.7
Nagaland,Dehradun,PM10,16.1,119.1,17.7,19,Good,35.8,85.8,29.3
Arunachal Pradesh,Dhanbad,PM10,0.7,498.7,52.7,96,Moderate,21.3,38.7,3.0
Chhattisgarh,Siwan,CO,110.2,386.3,189.4,165,Unhealthy,21.0,81.1,18.1
Uttarakhand,Vrindavan,PM10,71.8,461.6,194.3,186,Unhealthy,18.0,42.5,24.9
Sikkim,Sagar,NO2,10.5,464.4,40.2,18,Good,36.0,53.1,24.0
Madhya Pradesh,Sri Ganganagar,SO2,33.7,388.4,49.6,7,Good,30.0,69.8,24.1
Jharkhand,Kota,OZONE,64.3,480.5,133.8,114,Unhealthy for Sensitive Groups,35.1,61.8,0.6
Gujarat,Rajgir,NH3,37.0,450.9,56.3,75,Moderate,34.4,78.9,2.9
Jammu and Kashmir,Navi Mumbai,PM10,75.5,178.3,108.3,102,Unhealthy for Sensitive Groups,29.4,50.2,23.0
Chhattisgarh,Tumidih,NH3,181.9,254.7,207.5,253,Very Unhealthy,34.6,62.3,4.7
Sikkim,Sirsa,NH3,12.9,253.6,85.7,79,Moderate,38.2,72.6,14.7
Telangana,Ghaziabad,PM10,0.2,197.8,0.4,0,Good,20.4,35.0,21.7
Sikkim,Tensa,PM10,203.5,441.2,242.8,250,Very Unhealthy,23.5,73.1,20.5
Meghalaya,Munger,PM10,0.9,220.3,120.1,110,Unhealthy for Sensitive Groups,28.6,47.2,20.7
Nagaland,Howrah,CO,112.9,464.2,123.1,115,Unhealthy for Sensitive Groups,36.2,47.4,11.1
Jammu and Kashmir,Kollam,NH3,21.8,428.6,130.4,146,Unhealthy for Sensitive Groups,29.4,47.1,23.1
Delhi,Greater Noida,NO2,21.9,219.3,164.0,186,Unhealthy,25.4,87.6,3.3
Uttar Pradesh,Ajmer,NO2,152.9,446.1,176.1,172,Unhealthy,24.4,69.4,8.9
Jharkhand,Ulhasnagar,NH3,9.4,382.0,24.5,15,Good,21.9,37.9,3.6
Mizoram,Rourkela,SO2,108.6,411.5,162.6,177,Unhealthy,23.1,40.1,8.8
Jammu and Kashmir,Bettiah,OZONE,131.4,460.8,262.4,261,Very Unhealthy,36.3,50.4,11.6
Jharkhand,Mandideep,NH3,37.1,328.9,49.7,15,Good,38.2,64.2,29.1
Uttarakhand,Jhunjhunu,SO2,52.5,375.8,75.7,99,Moderate,21.8,45.8,4.6
Delhi,Jodhpur,SO2,148.1,310.6,231.4,249,Very Unhealthy,32.7,84.0,23.0
Tripura,Machilipatnam,NH3,23.8,482.6,37.3,5,Good,38.6,90.7,18.3
Gujarat,Bhubaneswar,PM2.5,171.1,386.2,222.3,270,Very Unhealthy,27.8,50.4,7.4
Uttarakhand,Guwahati,PM2.5,50.9,357.2,109.5,148,Unhealthy for Sensitive Groups,22.8,75.7,7.9
Bihar,Hubballi,PM10,144.6,338.3,207.1,275,Very Unhealthy,15.6,36.1,11.1
Odisha,Khora,PM10,147.4,464.3,203.8,230,Very Unhealthy,38.7,47.0,24.6
Bihar,Srinagar,OZONE,122.6,259.9,184.2,159,Unhealthy,38.2,77.0,22.7
Mizoram,Mandi Gobindgarh,NO2,94.9,211.6,192.9,174,Unhealthy,32.7,34.4,9.9
Bihar,Delhi,OZONE,46.5,408.7,64.0,96,Moderate,40.0,80.9,14.8
Kerala,Byrnihat,OZONE,104.0,424.7,224.4,276,Very Unhealthy,37.2,33.8,10.6
Arunachal Pradesh,Gurugram,CO,9.7,258.5,17.2,13,Good,27.2,70.7,10.8
Mizoram,Katni,PM10,71.7,259.1,128.1,148,Unhealthy for Sensitive Groups,36.8,75.9,21.4
Mizoram,Gadag,NH3,51.1,399.2,134.3,145,Unhealthy for Sensitive Groups,39.0,66.4,0.3
Mizoram,Barrackpore,NO2,164.8,243.4,223.4,209,Very Unhealthy,30.4,93.0,5.0
Punjab,Greater Noida,OZONE,152.8,261.3,224.5,262,Very Unhealthy,18.2,85.9,0.3
Nagaland,Visakhapatnam,PM10,8.7,144.9,43.1,45,Good,37.3,84.2,27.7
Meghalaya,Thoothukudi,NH3,95.9,473.7,144.8,123,Unhealthy for Sensitive Groups,37.8,74.7,28.0
Bihar,Singrauli,NH3,34.4,305.3,228.9,268,Very Unhealthy,29.8,56.2,23.6
Rajasthan,Nagaon,CO,8.7,139.7,31.2,32,Good,39.3,36.9,23.0
Arunachal Pradesh,Machilipatnam,CO,34.2,356.2,179.6,189,Unhealthy,24.4,87.4,11.1
Chandigarh,Nagpur,PM2.5,16.4,156.2,143.8,119,Unhealthy for Sensitive Groups,31.3,74.8,18.3
Arunachal Pradesh,Milupara,OZONE,69.8,477.7,81.4,70,Moderate,26.1,76.4,16.3
Gujarat,Moradabad,OZONE,111.7,366.4,141.9,139,Unhealthy for Sensitive Groups,36.5,38.1,16.5
Sikkim,Greater Noida,NH3,67.9,253.2,94.3,92,Moderate,29.4,57.8,19.0
Assam,Amravati,OZONE,82.7,116.6,85.9,77,Moderate,31.8,48.9,24.9
West Bengal,Shivamogga,SO2,52.2,386.1,142.1,144,Unhealthy for Sensitive Groups,27.4,67.0,12.1
Odisha,Vijayawada,NH3,66.5,369.5,80.9,65,Moderate,35.0,73.2,24.4
Himachal Pradesh,Tirupati,NO2,73.5,145.8,140.5,123,Unhealthy for Sensitive Groups,29.5,77.9,2.0
Tamil Nadu,Barbil,SO2,101.9,343.4,243.2,235,Very Unhealthy,25.5,51.1,29.5
Telangana,Ahmedabad,PM2.5,65.1,139.7,133.4,109,Unhealthy for Sensitive Groups,30.3,42.9,1.4
Kerala,Chittoor,NH3,49.7,193.4,89.1,64,Moderate,29.3,62.7,23.8
Arunachal Pradesh,Sikar,NO2,168.8,402.2,179.5,160,Unhealthy,20.2,82.5,23.8
Tripura,Thoothukudi,NO2,37.5,328.9,38.4,7,Good,35.3,93.2,24.7
Delhi,Chhal,PM2.5,71.2,402.5,249.8,275,Very Unhealthy,15.0,47.5,18.4
Tripura,Dhanbad,PM10,5.5,487.5,7.6,41,Good,31.9,46.7,6.3
Himachal Pradesh,Damoh,PM2.5,89.7,249.0,118.9,104,Unhealthy for Sensitive Groups,20.9,58.6,8.9
Kerala,Thrissur,OZONE,0.4,202.3,9.9,21,Good,29.3,61.1,8.5
Telangana,Bahadurgarh,PM10,64.7,230.7,104.8,105,Unhealthy for Sensitive Groups,24.5,66.3,23.8
Assam,Firozabad,PM2.5,155.9,486.0,187.0,179,Unhealthy,35.7,87.7,21.6
Rajasthan,Talcher,NH3,132.0,360.7,180.4,157,Unhealthy,35.0,80.1,11.7
Rajasthan,Koppal,CO,13.7,52.7,22.9,41,Good,33.2,52.0,23.9
Meghalaya,Bareilly,CO,19.7,138.2,47.6,6,Good,23.3,78.1,2.8
Uttar Pradesh,Puducherry,OZONE,20.8,167.1,145.9,101,Unhealthy for Sensitive Groups,23.5,86.1,26.5
Assam,Sawai Madhopur,PM2.5,41.6,63.8,52.9,100,Moderate,23.2,52.0,18.3
Karnataka,Bhopal,PM2.5,12.7,344.9,152.2,170,Unhealthy,18.1,77.0,3.8
Bihar,Vijayawada,OZONE,262.0,384.5,262.7,257,Very Unhealthy,19.3,87.5,14.9
Rajasthan,Ramanagara,NH3,46.0,205.2,55.3,75,Moderate,26.8,68.3,20.9
Bihar,Banswara,PM10,172.0,453.1,191.7,165,Unhealthy,18.0,61.6,11.3
Bihar,Jodhpur,PM10,68.9,480.3,229.8,273,Very Unhealthy,31.1,49.9,24.9
Puducherry,Ramanagara,PM2.5,114.9,383.8,175.4,173,Unhealthy,31.0,65.8,1.5
Gujarat,Chittoor,SO2,11.4,170.6,24.3,4,Good,26.5,62.6,14.0
Nagaland,Nashik,NH3,67.4,253.1,133.8,106,Unhealthy for Sensitive Groups,29.2,44.2,25.6
Andhra Pradesh,Charkhi Dadri,CO,78.9,303.0,205.8,283,Very Unhealthy,34.9,39.9,12.9
Meghalaya,Saharsa,SO2,13.9,182.9,28.5,39,Good,39.6,57.4,6.7
Bihar,Mathura,PM10,134.7,326.9,192.8,163,Unhealthy,17.9,89.1,14.0
Himachal Pradesh,Koppal,SO2,136.0,261.2,219.8,252,Very Unhealthy,26.2,38.7,27.0
Uttarakhand,Bathinda,PM10,232.1,477.0,254.0,252,Very Unhealthy,26.1,58.0,29.5
Uttar Pradesh,Munger,PM10,95.1,376.3,232.0,232,Very Unhealthy,31.5,66.3,23.4
Delhi,Sivasagar,NO2,46.9,111.0,50.6,418,Hazardous,28.4,75.0,0.4
Haryana,Baghpat,PM2.5,78.4,234.3,217.3,264,Very Unhealthy,16.6,54.7,8.0
Nagaland,Araria,NO2,8.3,340.8,100.3,397,Hazardous,29.1,33.5,8.3
Tripura,Mandi Gobindgarh,SO2,100.6,369.9,113.6,130,Unhealthy for Sensitive Groups,29.9,93.7,25.5
Meghalaya,Byrnihat,NO2,23.4,307.7,177.1,194,Unhealthy,23.4,32.0,23.7
Haryana,Amritsar,PM10,70.8,346.7,131.4,130,Unhealthy for Sensitive Groups,20.1,42.4,24.3
Punjab,Bettiah,OZONE,7.3,494.4,12.3,7,Good,25.5,61.4,22.8
Assam,Satara,PM10,125.8,222.7,153.9,172,Unhealthy,28.2,81.0,29.7
Meghalaya,Munger,SO2,7.4,358.7,71.5,72,Moderate,39.5,78.1,0.9
Uttarakhand,Korba,NH3,23.6,70.0,51.0,81,Moderate,15.5,52.7,18.5
Mizoram,Vapi,NH3,172.5,302.3,209.9,259,Very Unhealthy,20.2,36.5,24.7
Nagaland,Raipur,NO2,6.9,69.3,10.4,33,Good,34.7,87.6,9.2
Bihar,Thiruvananthapuram,PM10,2.2,205.9,7.7,40,Good,23.1,54.5,14.0
Haryana,Kalaburagi,NH3,9.3,409.1,19.4,24,Good,34.4,67.3,20.9
Uttarakhand,Malegaon,CO,16.5,230.2,165.4,161,Unhealthy,17.3,81.0,2.2
Nagaland,Pali,OZONE,117.9,411.3,222.9,232,Very Unhealthy,39.2,54.7,4.9
Tripura,Vijayapura,NH3,142.2,363.9,241.8,299,Very Unhealthy,30.3,77.6,1.6
Rajasthan,Bhopal,PM2.5,204.3,255.5,247.4,258,Very Unhealthy,17.5,38.5,10.2
Delhi,Jhansi,NO2,98.6,326.3,218.9,273,Very Unhealthy,34.3,77.5,19.2
Chandigarh,Chittorgarh,SO2,68.9,403.6,254.8,223,Very Unhealthy,21.6,53.1,17.3
Chhattisgarh,Hingoli,NO2,21.0,443.3,139.3,143,Unhealthy for Sensitive Groups,33.2,48.0,14.6
Tripura,Rourkela,NO2,34.6,179.2,53.8,86,Moderate,18.0,44.2,2.6
Tripura,Madikeri,PM2.5,88.3,271.2,131.5,132,Unhealthy for Sensitive Groups,22.7,59.9,9.2
Haryana,Vapi,PM2.5,38.1,471.7,156.4,189,Unhealthy,26.3,92.7,8.8
Chhattisgarh,Balasore,NH3,105.7,259.8,115.6,147,Unhealthy for Sensitive Groups,19.9,30.9,6.2
Jammu and Kashmir,Sirsa,OZONE,74.0,185.8,95.2,90,Moderate,39.4,51.5,8.5
Puducherry,Rajkot,SO2,25.2,498.6,114.5,114,Unhealthy for Sensitive Groups,18.7,60.6,21.1
Tamil Nadu,Rajamahendravaram,CO,145.8,409.8,258.5,219,Very Unhealthy,34.2,40.9,9.9
Jharkhand,Dholpur,PM10,1.5,45.5,6.8,24,Good,16.5,85.9,8.4
Gujarat,Ahmednagar,PM10,10.6,249.4,79.5,99,Moderate,30.1,40.3,22.5
Andhra Pradesh,Tirumala,PM10,108.9,376.5,153.5,185,Unhealthy,39.7,72.5,23.4
Madhya Pradesh,Mandi Gobindgarh,NH3,238.9,483.3,265.5,228,Very Unhealthy,21.7,54.8,27.8
Telangana,Nandesari,OZONE,46.9,124.4,115.5,124,Unhealthy for Sensitive Groups,15.2,91.1,7.3
Rajasthan,Shillong,PM10,6.6,359.8,46.1,4,Good,15.5,73.8,10.2
Himachal Pradesh,Kunjemura,OZONE,32.6,315.5,215.5,267,Very Unhealthy,16.8,63.3,11.3
Delhi,Sagar,PM2.5,10.7,67.6,62.3,79,Moderate,37.4,49.4,28.2
Karnataka,Buxar,OZONE,1.4,47.8,19.1,5,Good,22.1,55.9,6.7
Madhya Pradesh,Navi Mumbai,PM2.5,41.3,488.8,60.3,99,Moderate,16.4,53.9,16.0
Delhi,Bharatpur,PM10,136.1,233.5,163.9,198,Unhealthy,25.2,90.8,9.3
Arunachal Pradesh,Rupnagar,CO,26.8,459.6,213.5,296,Very Unhealthy,31.4,31.2,11.8
Uttarakhand,Mandikhera,PM10,107.1,450.6,254.0,224,Very Unhealthy,16.0,47.6,7.0
Assam,Bhilwara,PM2.5,205.7,351.2,230.4,277,Very Unhealthy,31.6,34.0,7.0
Jammu and Kashmir,Faridabad,NO2,8.4,294.5,84.2,89,Moderate,40.0,68.7,24.5
Haryana,Sivasagar,PM2.5,194.8,313.3,258.9,209,Very Unhealthy,32.0,53.0,27.1
Nagaland,Gaya,PM2.5,80.6,158.4,89.4,85,Moderate,21.2,54.1,10.5
Assam,Raebareli,PM2.5,123.1,236.6,143.5,147,Unhealthy for Sensitive Groups,15.5,87.3,4.6
Sikkim,Rajkot,PM10,116.9,239.9,207.4,286,Very Unhealthy,17.2,32.1,15.1
Madhya Pradesh,Tensa,OZONE,220.5,228.8,223.4,274,Very Unhealthy,29.4,73.7,4.8
Arunachal Pradesh,Sagar,PM10,4.4,201.8,33.6,42,Good,17.5,80.0,21.4
Assam,Barrackpore,NH3,1.2,269.2,85.4,99,Moderate,38.7,50.3,1.0
Uttar Pradesh,Udaipur,PM2.5,218.2,445.8,252.5,246,Very Unhealthy,24.8,31.7,25.7
Maharashtra,Alwar,NH3,16.8,178.1,33.4,1,Good,34.3,30.3,20.4
Punjab,Bikaner,PM10,12.7,328.8,54.8,77,Moderate,38.9,41.6,3.3
Nagaland,Bhiwadi,NO2,22.3,309.1,30.3,2,Good,37.9,81.5,25.8
Assam,Mangalore,NH3,87.8,265.1,163.5,155,Unhealthy,32.8,79.6,15.4
Assam,Amritsar,PM2.5,115.0,479.1,252.5,269,Very Unhealthy,37.1,30.2,29.4
Maharashtra,Mehsana,OZONE,51.5,132.6,105.3,134,Unhealthy for Sensitive Groups,28.4,80.4,10.6
Assam,Ujjain,NH3,96.8,426.1,196.1,196,Unhealthy,16.4,81.2,4.8
Telangana,Buxar,PM2.5,20.5,104.8,22.3,12,Good,20.8,78.6,13.8
Jharkhand,Angul,NO2,32.9,410.0,50.3,321,Hazardous,33.2,76.1,12.5
Mizoram,Thiruvananthapuram,PM2.5,36.6,332.6,162.5,198,Unhealthy,30.6,52.1,19.8
Telangana,Banswara,PM10,119.3,483.9,263.4,224,Very Unhealthy,35.6,31.4,3.4
Nagaland,Udaipur,PM2.5,6.1,134.0,6.4,34,Good,22.4,37.5,22.3
Kerala,Indore,PM10,108.1,347.5,185.5,194,Unhealthy,36.8,41.4,1.2
Meghalaya,Gadag,NH3,33.2,394.5,40.7,46,Good,15.4,30.7,0.4
Meghalaya,Karwar,SO2,118.0,435.9,142.4,131,Unhealthy for Sensitive Groups,21.5,60.0,15.0
Assam,Vijayawada,PM10,18.9,194.3,192.8,190,Unhealthy,28.0,59.2,6.3
Tripura,Aurangabad,NO2,75.6,408.6,182.9,195,Unhealthy,31.3,86.2,0.7
Madhya Pradesh,Pali,NH3,10.3,453.4,10.4,49,Good,23.0,84.8,4.8
Madhya Pradesh,Kalaburagi,SO2,252.3,393.4,262.1,206,Very Unhealthy,18.7,68.7,5.2
Haryana,Charkhi Dadri,NH3,30.3,213.0,60.9,90,Moderate,30.4,90.3,16.1
Telangana,Anantapur,NH3,49.2,460.5,52.6,52,Moderate,36.1,82.1,9.2
Odisha,Thoothukudi,OZONE,16.9,231.2,142.3,137,Unhealthy for Sensitive Groups,24.9,70.8,10.9
Chandigarh,Vijayawada,CO,12.1,440.2,163.8,188,Unhealthy,18.0,68.4,7.3
Jammu and Kashmir,Talcher,OZONE,77.8,414.1,229.1,300,Very Unhealthy,30.2,61.5,14.0
Uttarakhand,Karwar,NO2,71.4,299.9,107.1,138,Unhealthy for Sensitive Groups,34.2,81.0,11.0
Punjab,Raipur,PM2.5,7.1,179.3,29.9,2,Good,23.2,82.4,23.1
Mizoram,Khairthal,CO,128.9,301.1,236.9,285,Very Unhealthy,38.9,35.2,29.8
Telangana,Bileipada,PM10,206.3,412.9,265.0,295,Very Unhealthy,34.0,87.9,5.8
Maharashtra,Kalyan,PM2.5,89.0,207.6,111.7,123,Unhealthy for Sensitive Groups,22.8,38.6,7.4
Maharashtra,Thoothukudi,OZONE,20.1,484.3,35.9,29,Good,15.9,66.6,6.5
Meghalaya,Sirsa,NO2,114.8,397.3,260.4,267,Very Unhealthy,39.2,67.6,21.4
Uttarakhand,Ulhasnagar,NO2,131.1,244.9,192.2,199,Unhealthy,31.8,91.2,11.4
Bihar,Rajsamand,PM2.5,26.9,160.4,48.2,26,Good,27.5,61.1,1.4
Rajasthan,Sangli,PM2.5,62.3,496.1,227.3,250,Very Unhealthy,16.7,30.1,12.0
Delhi,Udaipur,NH3,39.8,425.6,147.7,138,Unhealthy for Sensitive Groups,25.9,35.2,10.7
Chandigarh,Maihar,CO,116.4,297.4,138.7,101,Unhealthy for Sensitive Groups,34.0,67.9,0.1
Jammu and Kashmir,Nandesari,NH3,30.4,322.3,127.7,146,Unhealthy for Sensitive Groups,31.2,68.6,16.4
Maharashtra,Fatehabad,OZONE,41.3,238.0,54.4,71,Moderate,39.9,80.6,7.0
Madhya Pradesh,Kollam,CO,105.0,396.3,138.9,128,Unhealthy for Sensitive Groups,23.4,68.4,14.7
Mizoram,Sangli,CO,14.2,437.4,65.3,96,Moderate,37.9,72.4,24.2
Tripura,Prayagraj,PM10,62.2,416.3,163.0,184,Unhealthy,36.0,64.1,19.2
Arunachal Pradesh,Mandideep,CO,57.6,409.1,110.7,121,Unhealthy for Sensitive Groups,22.2,44.2,7.1
Assam,Hingoli,PM10,95.6,459.8,163.4,189,Unhealthy,37.6,84.3,18.4
Nagaland,Navi Mumbai,CO,92.9,335.6,265.1,214,Very Unhealthy,36.2,61.3,21.6
Punjab,Aurangabad,CO,129.5,215.5,188.2,158,Unhealthy,18.3,82.0,15.8
Punjab,Dhanbad,PM2.5,39.5,251.8,141.8,109,Unhealthy for Sensitive Groups,31.4,75.1,25.4
Maharashtra,Barmer,NH3,51.1,378.0,195.4,162,Unhealthy,21.0,55.5,5.0
Bihar,Bhiwani,PM10,12.8,467.3,20.7,37,Good,20.0,74.0,11.8
Chhattisgarh,Jalore,PM10,77.8,494.7,115.6,149,Unhealthy for Sensitive Groups,17.4,75.0,9.1
Tripura,Barmer,SO2,148.2,259.2,233.6,242,Very Unhealthy,22.1,92.3,20.5
Telangana,Sonipat,NH3,77.8,252.0,124.6,148,Unhealthy for Sensitive Groups,17.8,93.8,12.9
Nagaland,Khanna,PM10,47.0,366.7,57.0,70,Moderate,38.2,50.2,28.8
Uttarakhand,Kunjemura,PM10,17.1,285.8,217.1,248,Very Unhealthy,24.8,45.6,1.7
Jammu and Kashmir,Damoh,PM10,99.1,365.0,249.5,209,Very Unhealthy,33.1,61.8,6.6
Maharashtra,Hapur,OZONE,12.0,403.6,14.3,47,Good,27.0,86.8,6.9
Mizoram,Dharuhera,NH3,39.1,59.1,45.9,16,Good,19.8,76.1,24.6
Puducherry,Lucknow,SO2,14.5,144.4,18.0,5,Good,32.4,78.8,14.1
Uttar Pradesh,Jodhpur,CO,9.3,275.5,48.1,10,Good,39.7,46.6,2.0
Tripura,Bagalkot,PM10,209.7,400.0,231.8,216,Very Unhealthy,26.8,67.2,19.3
West Bengal,Kalyan,NH3,142.5,278.6,263.7,210,Very Unhealthy,37.8,66.3,24.1
Himachal Pradesh,Satna,PM2.5,19.8,403.4,58.7,72,Moderate,15.8,74.0,19.3
Karnataka,Dharuhera,NO2,67.8,462.5,76.1,57,Moderate,31.1,35.9,16.8
Uttarakhand,Visakhapatnam,PM2.5,82.4,317.0,230.2,300,Very Unhealthy,36.5,81.0,29.0
Andhra Pradesh,Bengaluru,NH3,40.0,232.5,214.7,211,Very Unhealthy,26.7,70.5,10.6
Rajasthan,Firozabad,PM2.5,16.7,126.1,31.2,9,Good,17.7,62.8,21.3
Kerala,Khanna,SO2,111.2,266.7,215.0,275,Very Unhealthy,30.3,66.7,28.1
Jharkhand,Munger,OZONE,20.4,199.3,21.8,34,Good,39.0,64.2,9.5
Meghalaya,Keonjhar,PM10,151.9,217.8,215.5,217,Very Unhealthy,34.2,56.6,10.8
Odisha,Fatehabad,NH3,135.6,262.2,152.4,183,Unhealthy,17.3,41.3,5.0
Meghalaya,Vijayawada,PM10,7.1,422.4,37.2,32,Good,28.2,56.7,20.3
Rajasthan,Amritsar,SO2,18.3,301.8,241.5,290,Very Unhealthy,36.1,90.2,27.7
Assam,Nanded,CO,6.0,405.6,170.3,183,Unhealthy,30.3,69.9,15.1
Puducherry,Bhilwara,PM2.5,108.1,430.7,185.0,199,Unhealthy,26.7,83.9,8.6
Bihar,Khurja,NH3,44.9,381.1,61.8,73,Moderate,18.6,67.9,29.0
Jammu and Kashmir,Vijayapura,PM2.5,64.5,464.0,156.8,164,Unhealthy,31.7,66.3,27.9
Assam,Keonjhar,NO2,40.5,327.2,60.9,56,Moderate,34.6,80.3,2.0
Nagaland,Shivamogga,NO2,117.7,213.9,118.7,107,Unhealthy for Sensitive Groups,29.3,43.3,4.2
Punjab,Navi Mumbai,PM10,43.7,144.1,139.2,130,Unhealthy for Sensitive Groups,32.4,30.6,23.3
West Bengal,Delhi,OZONE,5.3,305.8,7.6,40,Good,18.2,50.0,25.0
Maharashtra,Pali,CO,62.8,431.1,169.4,162,Unhealthy,26.3,57.3,6.1
Bihar,Satara,PM2.5,7.3,271.7,25.7,35,Good,23.9,38.8,18.3
Mizoram,Chandrapur,NO2,131.7,412.3,181.1,170,Unhealthy,31.4,85.9,9.5
Chandigarh,Raipur,PM10,89.2,125.0,97.2,53,Moderate,20.9,46.5,11.2
Karnataka,Gummidipoondi,PM2.5,53.7,475.1,256.7,225,Very Unhealthy,20.2,73.8,17.8
Chhattisgarh,Fatehabad,PM2.5,74.0,272.3,235.1,242,Very Unhealthy,27.0,54.2,25.8
West Bengal,Tirupati,NH3,78.3,196.1,165.3,169,Unhealthy,28.9,76.2,16.7
Bihar,Bengaluru,PM2.5,40.5,192.2,56.3,57,Moderate,34.6,78.0,8.8
Meghalaya,Khora,PM10,140.5,460.9,184.4,159,Unhealthy,21.2,36.7,19.1
Puducherry,Katihar,NH3,13.7,153.8,86.1,64,Moderate,31.4,94.4,16.3
Meghalaya,Khairthal,PM10,48.0,276.8,74.0,56,Moderate,19.0,70.7,8.7
Nagaland,Ahmedabad,OZONE,131.2,167.1,157.8,184,Unhealthy,15.5,42.3,2.5
Bihar,Raipur,NO2,2.5,404.8,12.4,38,Good,19.2,35.5,27.5
Odisha,Arrah,SO2,78.3,199.3,171.1,200,Unhealthy,28.6,38.6,13.7
Telangana,Pune,PM2.5,7.8,324.4,145.2,102,Unhealthy for Sensitive Groups,36.3,66.0,20.8
Meghalaya,Jhansi,NO2,185.6,286.3,246.5,265,Very Unhealthy,34.1,45.9,26.0
Nagaland,Kanpur,NH3,57.5,375.0,89.4,71,Moderate,30.7,81.3,1.7
Puducherry,Amaravati,CO,2.9,275.0,38.8,36,Good,33.6,79.7,24.8
West Bengal,Khanna,SO2,3.1,242.3,89.8,79,Moderate,27.4,62.8,9.3
Haryana,Nanded,PM2.5,58.6,313.9,87.0,81,Moderate,35.1,94.6,4.1
Odisha,Fatehabad,PM2.5,145.9,440.8,193.4,199,Unhealthy,31.0,46.7,19.9
Chhattisgarh,Katni,NH3,184.7,217.8,185.0,180,Unhealthy,22.1,86.7,24.9
Assam,Saharsa,SO2,0.4,140.3,107.5,134,Unhealthy for Sensitive Groups,23.1,94.9,16.5
Tamil Nadu,Latur,PM10,26.6,74.1,70.3,74,Moderate,38.3,59.3,29.0
Tamil Nadu,Muzaffarpur,PM10,70.0,392.2,79.0,60,Moderate,26.4,43.5,23.9
Odisha,Ratlam,PM2.5,36.8,285.4,84.1,97,Moderate,25.2,76.9,0.6
Tripura,Bhiwadi,PM10,147.2,460.3,157.1,154,Unhealthy,17.2,32.9,7.9
Himachal Pradesh,Ahmednagar,SO2,27.1,244.4,141.8,119,Unhealthy for Sensitive Groups,15.4,59.5,13.4
Delhi,Parbhani,PM2.5,20.7,363.4,25.1,39,Good,21.0,80.3,29.5
Arunachal Pradesh,Tirumala,CO,72.0,371.3,251.8,272,Very Unhealthy,38.4,92.5,19.9
Uttar Pradesh,Jabalpur,PM10,190.9,323.2,198.4,166,Unhealthy,24.6,76.4,23.7
Odisha,Bareilly,CO,19.4,262.7,248.0,205,Very Unhealthy,30.5,53.5,28.7
Telangana,Ulhasnagar,SO2,30.2,361.2,37.9,35,Good,18.9,77.2,5.7
Andhra Pradesh,Kishanganj,NO2,123.3,422.8,213.6,224,Very Unhealthy,35.8,85.5,28.1
Haryana,Jalandhar,CO,127.9,255.7,180.4,159,Unhealthy,26.0,46.3,3.4
Haryana,Delhi,OZONE,0.7,318.4,137.7,116,Unhealthy for Sensitive Groups,25.8,41.4,7.5
Madhya Pradesh,Chikkamagaluru,NH3,45.1,442.7,164.0,155,Unhealthy,27.4,45.7,14.6
Jammu and Kashmir,Bengaluru,PM10,6.8,307.7,237.8,287,Very Unhealthy,35.5,40.9,11.0
Himachal Pradesh,Jalna,PM2.5,128.4,260.3,187.3,185,Unhealthy,18.7,93.5,21.3
Meghalaya,Bengaluru,SO2,35.9,407.9,249.8,270,Very Unhealthy,39.6,66.2,6.1
Sikkim,Eluru,NO2,21.2,209.3,71.7,91,Moderate,19.1,83.8,7.9
Tamil Nadu,Aizawl,NH3,143.3,301.6,216.2,221,Very Unhealthy,26.2,63.3,6.9
Tamil Nadu,Rajgir,NO2,38.8,170.4,48.9,30,Good,25.6,52.5,21.7
West Bengal,Sivasagar,CO,36.1,479.7,131.1,112,Unhealthy for Sensitive Groups,38.5,88.8,9.1
West Bengal,Sasaram,SO2,20.1,475.6,240.8,292,Very Unhealthy,24.4,86.0,1.1
West Bengal,Balasore,OZONE,15.9,287.5,32.0,4,Good,22.5,81.0,11.7
Sikkim,Badlapur,OZONE,20.2,396.6,23.2,34,Good,17.4,34.5,28.8
Madhya Pradesh,Dungarpur,PM10,110.0,410.6,189.0,190,Unhealthy,33.5,54.6,23.8
Assam,Chandrapur,OZONE,171.5,220.7,207.0,288,Very Unhealthy,19.3,55.0,8.1
Delhi,Mehsana,SO2,41.3,437.6,136.0,136,Unhealthy for Sensitive Groups,26.0,50.1,12.3
Tripura,Prayagraj,PM2.5,8.2,282.3,130.1,131,Unhealthy for Sensitive Groups,38.5,76.3,8.6
Arunachal Pradesh,Kolkata,PM10,129.5,252.0,156.7,185,Unhealthy,16.3,63.9,12.8
Bihar,Yadgir,OZONE,10.0,378.8,80.2,74,Moderate,22.1,70.5,3.4
Tamil Nadu,Chhapra,NO2,29.9,352.9,119.7,133,Unhealthy for Sensitive Groups,20.9,81.6,0.7
Andhra Pradesh,Greater Noida,PM2.5,163.3,401.2,195.3,178,Unhealthy,36.3,92.1,6.4
Sikkim,Rajkot,NO2,33.3,483.9,36.5,27,Good,26.4,77.5,11.7
Jammu and Kashmir,Ujjain,NH3,7.8,405.9,21.7,8,Good,36.0,76.7,11.9
Sikkim,Baripada,SO2,28.0,40.6,35.2,10,Good,25.5,93.2,24.8
Jammu and Kashmir,Nanded,NO2,43.0,457.8,200.8,493,Hazardous,19.4,41.0,22.4
Uttar Pradesh,Bettiah,NH3,67.1,350.6,258.8,228,Very Unhealthy,32.7,69.5,0.1
Telangana,Khora,PM2.5,60.3,274.6,100.2,494,Hazardous,39.8,89.6,20.0
Arunachal Pradesh,Chittorgarh,NH3,25.0,442.0,103.8,115,Unhealthy for Sensitive Groups,30.2,33.6,10.7
Chandigarh,Chhal,NO2,0.0,174.2,0.1,22,Good,39.5,82.4,29.7
Haryana,Kishanganj,NH3,64.9,485.5,133.4,141,Unhealthy for Sensitive Groups,24.3,37.0,0.8
Andhra Pradesh,Kadapa,OZONE,0.0,158.4,32.2,17,Good,35.2,42.7,20.9
Karnataka,Jalore,OZONE,19.9,449.3,184.8,167,Unhealthy,28.5,89.6,18.2
Jammu and Kashmir,Maihar,NH3,26.6,381.4,88.5,58,Moderate,39.9,43.6,7.8
Mizoram,Tumidih,NH3,135.6,313.9,151.2,152,Unhealthy,18.0,41.9,11.4
Kerala,Damoh,PM2.5,185.0,350.3,257.4,250,Very Unhealthy,35.8,45.7,1.2
Maharashtra,Vapi,SO2,28.4,496.0,171.5,163,Unhealthy,20.4,35.1,4.0
West Bengal,Kalyan,CO,3.7,387.8,10.0,33,Good,32.7,48.8,24.7
Uttar Pradesh,Bikaner,SO2,131.3,449.9,151.7,169,Unhealthy,26.2,46.1,25.7
Karnataka,Rohtak,SO2,245.9,449.2,246.2,218,Very Unhealthy,17.2,38.1,22.8
Rajasthan,Panipat,NH3,36.3,223.0,209.6,283,Very Unhealthy,23.9,62.9,6.9
Jharkhand,Pune,OZONE,18.6,162.9,95.5,99,Moderate,18.3,64.0,3.0
Punjab,Hapur,NO2,48.5,350.8,50.7,437,Hazardous,25.6,82.4,14.4
Rajasthan,Chittoor,PM10,4.4,466.5,70.5,96,Moderate,17.8,46.0,23.3
Telangana,Tirupati,PM10,51.9,175.5,58.6,100,Moderate,36.6,63.1,4.0
Andhra Pradesh,Meerut,NO2,3.0,406.3,13.2,12,Good,38.8,85.2,3.5
Jharkhand,Madikeri,PM2.5,6.5,188.5,69.5,66,Moderate,36.4,40.4,24.9
Jharkhand,Sawai Madhopur,PM10,9.0,402.4,22.4,16,Good,22.4,57.7,8.6
Tripura,Bengaluru,OZONE,33.0,307.9,57.7,82,Moderate,22.8,80.6,7.3
Puducherry,Samastipur,NH3,43.1,320.6,64.0,56,Moderate,39.5,47.3,28.7
Arunachal Pradesh,Patna,CO,0.3,54.2,53.8,67,Moderate,26.8,94.3,19.5
Rajasthan,Aurangabad,PM2.5,158.9,482.9,191.3,170,Unhealthy,25.6,83.9,25.5
Jharkhand,Rohtak,CO,66.5,392.0,124.0,109,Unhealthy for Sensitive Groups,30.5,40.9,4.8
Mizoram,Gandhinagar,SO2,125.3,457.6,152.7,200,Unhealthy,33.2,41.8,20.6
Kerala,Balasore,NH3,12.7,328.9,79.2,64,Moderate,34.5,46.2,29.4
Rajasthan,Kalyan,NO2,116.8,343.1,211.7,256,Very Unhealthy,25.5,60.7,0.6
Chandigarh,Jodhpur,SO2,48.4,175.3,80.8,57,Moderate,19.8,53.9,26.6
Delhi,Arrah,PM10,97.2,276.6,192.9,199,Unhealthy,36.7,74.2,20.3
Gujarat,Palwal,NO2,159.6,412.3,248.7,279,Very Unhealthy,32.1,45.4,20.4
Madhya Pradesh,Panchgaon,PM10,5.4,321.3,137.2,105,Unhealthy for Sensitive Groups,37.2,63.0,9.7
Haryana,Aurangabad,SO2,96.4,106.8,99.3,81,Moderate,34.1,37.6,12.5
Karnataka,Moradabad,CO,6.8,439.3,200.8,354,Hazardous,39.9,68.6,19.3
Arunachal Pradesh,Howrah,OZONE,9.8,432.5,172.1,170,Unhealthy,19.4,84.1,26.8
Tamil Nadu,Kannur,CO,25.3,437.4,52.1,73,Moderate,34.2,77.0,29.1
Meghalaya,Gaya,PM2.5,85.2,245.9,132.7,149,Unhealthy for Sensitive Groups,21.0,89.4,14.5
Uttar Pradesh,Ahmedabad,NH3,0.2,401.7,2.9,22,Good,39.9,71.3,4.2
Nagaland,Satara,OZONE,136.4,353.7,143.6,104,Unhealthy for Sensitive Groups,24.6,49.3,2.4
Meghalaya,Agra,PM10,55.1,375.5,172.8,153,Unhealthy,25.1,38.1,16.8
Assam,Dhanbad,PM2.5,94.2,429.7,214.6,221,Very Unhealthy,20.2,30.8,22.1
Gujarat,Bhavnagar,NO2,215.6,374.1,240.7,260,Very Unhealthy,33.4,30.7,15.1
Uttarakhand,Hanumangarh,CO,122.1,373.0,171.2,155,Unhealthy,19.8,34.3,28.7
Haryana,Tensa,NH3,35.8,476.4,121.8,150,Unhealthy for Sensitive Groups,25.0,33.1,18.9
Jharkhand,Bengaluru,NH3,9.1,68.6,16.0,31,Good,33.0,63.4,20.4
Jammu and Kashmir,Barmer,PM2.5,3.2,392.4,3.7,39,Good,34.6,32.0,6.3
Andhra Pradesh,Baddi,NO2,83.7,432.9,108.1,146,Unhealthy for Sensitive Groups,38.1,76.6,3.0
Assam,Nashik,SO2,195.1,432.9,246.4,246,Very Unhealthy,16.6,87.4,5.1
Himachal Pradesh,Karwar,CO,8.8,446.7,118.1,149,Unhealthy for Sensitive Groups,16.5,94.5,9.6
Assam,Beed,NH3,46.0,437.8,103.4,117,Unhealthy for Sensitive Groups,30.5,67.2,4.5
Bihar,Churu,PM10,10.8,60.0,42.3,32,Good,20.6,65.6,17.0
Punjab,Ambala,SO2,16.7,108.2,57.4,96,Moderate,21.4,89.6,25.9
Karnataka,Akola,OZONE,1.2,184.7,46.3,3,Good,39.5,72.8,10.6
Maharashtra,Meerut,SO2,99.1,495.5,127.5,121,Unhealthy for Sensitive Groups,24.0,78.3,13.4
Uttar Pradesh,Nagaon,NH3,61.7,403.8,174.1,153,Unhealthy,15.8,89.2,8.2
Himachal Pradesh,Chittorgarh,NH3,52.2,268.8,133.6,111,Unhealthy for Sensitive Groups,15.1,87.8,10.7
Assam,Pune,OZONE,153.8,263.7,241.6,251,Very Unhealthy,23.8,68.6,8.8
Haryana,Mandideep,CO,4.6,211.4,27.9,11,Good,23.0,37.6,29.5
Himachal Pradesh,Baddi,PM10,121.9,431.0,253.3,289,Very Unhealthy,38.0,76.2,26.1
Mizoram,Rajamahendravaram,CO,162.3,362.7,249.5,295,Very Unhealthy,33.2,36.8,2.6
Meghalaya,Bhilai,OZONE,28.2,224.9,176.3,182,Unhealthy,26.3,39.9,20.1
Tamil Nadu,Vrindavan,NO2,105.2,410.3,129.3,132,Unhealthy for Sensitive Groups,34.6,55.2,8.0
Andhra Pradesh,Kurukshetra,SO2,37.9,243.8,63.1,82,Moderate,21.7,75.9,14.6
Punjab,Mangalore,SO2,27.6,319.8,71.2,97,Moderate,39.2,81.2,9.2
West Bengal,Noida,PM2.5,30.4,387.2,169.6,164,Unhealthy,26.5,48.6,25.9
Jammu and Kashmir,Jalore,PM2.5,25.3,245.7,42.7,16,Good,24.0,45.7,17.5
Jammu and Kashmir,Sivasagar,CO,13.6,337.1,68.2,65,Moderate,24.9,38.4,12.6
Assam,Sirsa,NO2,3.8,336.8,194.1,185,Unhealthy,28.7,57.7,29.2
Madhya Pradesh,Khurja,NO2,14.8,345.5,232.8,280,Very Unhealthy,36.8,45.9,21.9
Karnataka,Mandideep,PM2.5,6.2,347.5,154.3,200,Unhealthy,21.7,74.7,5.3
Sikkim,Barmer,PM2.5,42.9,301.4,128.3,116,Unhealthy for Sensitive Groups,36.5,46.5,6.5
Telangana,Silchar,PM2.5,109.1,455.9,260.5,271,Very Unhealthy,30.6,35.1,20.9
Chandigarh,Pampore,PM2.5,84.7,472.6,141.6,107,Unhealthy for Sensitive Groups,18.1,60.7,18.6
Nagaland,Siwan,NO2,95.2,414.2,120.5,138,Unhealthy for Sensitive Groups,21.9,42.6,25.8
Punjab,Sagar,CO,70.0,441.9,225.2,228,Very Unhealthy,26.7,60.2,19.8
Delhi,Dhanbad,NH3,105.4,438.8,170.1,153,Unhealthy,24.4,72.8,3.8
Andhra Pradesh,Gandhinagar,PM10,29.2,396.6,66.1,85,Moderate,30.8,57.4,5.5
Assam,Samastipur,NH3,30.3,268.5,240.0,273,Very Unhealthy,21.9,40.9,1.1
Delhi,Faridabad,PM10,54.5,217.6,80.8,52,Moderate,21.4,64.4,25.4
Rajasthan,Ahmednagar,NO2,22.1,365.3,49.0,7,Good,31.6,35.5,21.7
Jharkhand,Kota,NH3,138.0,308.9,226.9,269,Very Unhealthy,20.5,93.1,1.8
Chandigarh,Munger,NO2,18.8,90.9,47.8,41,Good,27.1,86.2,7.9
Jammu and Kashmir,Koppal,NH3,13.4,256.1,78.6,75,Moderate,24.1,61.1,6.0
Chandigarh,Moradabad,CO,44.6,266.2,62.5,98,Moderate,24.7,89.1,3.2
Karnataka,Suakati,OZONE,152.4,362.5,183.7,158,Unhealthy,27.1,82.0,7.8
Himachal Pradesh,Amravati,NO2,38.0,422.5,89.8,51,Moderate,21.1,72.8,6.9
Arunachal Pradesh,Bhagalpur,CO,81.0,330.5,97.4,77,Moderate,18.4,58.5,20.0
West Bengal,Talcher,NO2,79.3,315.1,114.5,115,Unhealthy for Sensitive Groups,20.6,35.3,0.6
Meghalaya,Bhiwadi,SO2,99.9,381.2,175.8,171,Unhealthy,23.3,89.7,19.9
Meghalaya,Machilipatnam,PM10,86.3,211.8,110.4,112,Unhealthy for Sensitive Groups,29.3,71.1,10.2
Nagaland,Begusarai,OZONE,6.5,299.8,41.6,21,Good,20.1,49.3,16.5
Andhra Pradesh,Suakati,PM2.5,41.4,342.5,181.8,175,Unhealthy,37.4,51.6,27.3
Jammu and Kashmir,Amaravati,PM10,33.1,318.4,50.1,347,Hazardous,17.2,53.9,5.4
Punjab,Kurukshetra,SO2,81.9,330.5,157.3,156,Unhealthy,34.3,46.5,21.6
Maharashtra,Ramanagara,SO2,2.7,498.0,70.6,79,Moderate,26.1,37.0,25.7
Puducherry,Eluru,NH3,201.2,332.1,226.8,288,Very Unhealthy,38.0,33.0,12.6
Chandigarh,Madikeri,PM10,50.2,203.2,129.6,149,Unhealthy for Sensitive Groups,23.2,36.5,8.8
Meghalaya,Bharatpur,PM2.5,115.8,498.9,153.3,180,Unhealthy,36.0,46.4,4.4
Andhra Pradesh,Nellore,SO2,0.4,140.7,0.7,47,Good,30.5,36.8,12.8
Puducherry,Baddi,PM10,80.3,234.0,184.6,174,Unhealthy,16.3,89.5,12.2
Nagaland,Durgapur,PM2.5,12.3,50.3,18.3,36,Good,35.2,34.4,26.0
Chhattisgarh,Jhansi,PM2.5,55.4,295.9,131.4,145,Unhealthy for Sensitive Groups,31.6,62.4,13.8
Punjab,Milupara,NO2,2.2,52.1,49.4,16,Good,39.9,34.9,24.0
Haryana,Amravati,NH3,171.7,449.4,188.8,169,Unhealthy,26.1,37.3,28.7
Chandigarh,Beed,PM2.5,0.3,323.6,248.1,242,Very Unhealthy,37.5,45.6,26.2
Telangana,Badlapur,OZONE,151.5,432.8,179.1,171,Unhealthy,15.9,74.8,25.1
Bihar,Jalna,NO2,168.1,238.8,172.6,197,Unhealthy,22.6,84.0,14.8
Meghalaya,Varanasi,NH3,21.4,148.3,80.7,78,Moderate,38.5,59.0,5.1
Sikkim,Angul,PM10,30.4,199.4,36.2,6,Good,26.1,54.4,9.0
Delhi,Muzaffarnagar,CO,32.2,128.4,119.6,120,Unhealthy for Sensitive Groups,19.2,85.4,8.8
Tripura,Parbhani,PM10,152.5,397.0,213.7,292,Very Unhealthy,29.0,70.1,28.5
Haryana,Dausa,CO,54.8,495.1,207.4,230,Very Unhealthy,33.2,89.9,15.1
Tripura,Bhiwadi,PM10,7.7,319.3,10.2,6,Good,22.4,66.0,26.2
Jharkhand,Bilaspur,PM2.5,7.4,223.5,101.8,143,Unhealthy for Sensitive Groups,39.4,76.5,7.5
Bihar,Bharatpur,OZONE,7.4,204.7,26.4,16,Good,24.5,51.5,18.7
Rajasthan,Ratlam,NH3,9.6,320.8,149.0,114,Unhealthy for Sensitive Groups,25.0,56.4,28.5
Maharashtra,Bhopal,PM2.5,0.1,21.6,0.4,6,Good,20.0,57.4,13.2
Odisha,Baripada,NH3,16.2,154.3,81.7,76,Moderate,22.2,36.4,1.9
Uttar Pradesh,Indore,SO2,41.5,82.9,59.0,73,Moderate,26.1,49.1,15.8
Meghalaya,Jalna,NH3,8.6,168.1,26.2,14,Good,39.1,78.6,1.2
Uttar Pradesh,Jabalpur,SO2,58.5,458.5,132.3,147,Unhealthy for Sensitive Groups,32.6,81.2,9.0
Jammu and Kashmir,Baripada,PM10,179.1,282.3,220.7,238,Very Unhealthy,35.4,75.3,20.2
Uttar Pradesh,Dharwad,SO2,10.0,140.7,12.0,42,Good,21.1,81.1,19.3
Karnataka,Karwar,OZONE,61.6,367.0,104.0,113,Unhealthy for Sensitive Groups,26.2,57.1,29.7
Gujarat,Puducherry,PM2.5,26.2,459.3,76.4,72,Moderate,36.4,88.1,2.7
Puducherry,Mathura,CO,62.9,202.8,198.5,183,Unhealthy,27.5,58.5,25.8
Karnataka,Meerut,OZONE,99.6,396.2,176.0,177,Unhealthy,34.3,39.2,16.7
Jammu and Kashmir,Bengaluru,NO2,76.8,321.6,100.1,352,Hazardous,24.6,32.4,0.5
Chhattisgarh,Byasanagar,SO2,26.9,132.9,109.5,126,Unhealthy for Sensitive Groups,34.5,58.8,1.3
Himachal Pradesh,Prayagraj,NO2,38.0,371.9,73.4,57,Moderate,36.2,41.7,19.4
Jammu and Kashmir,Howrah,SO2,1.3,280.6,1.5,45,Good,35.4,86.0,25.2
Assam,Bhiwadi,NO2,44.4,170.9,110.0,112,Unhealthy for Sensitive Groups,25.8,61.9,1.2
Andhra Pradesh,Kadapa,NO2,59.7,413.4,195.2,195,Unhealthy,26.8,89.2,26.9
Meghalaya,Ahmednagar,PM10,100.0,499.8,163.9,162,Unhealthy,18.1,71.6,4.2
Puducherry,Narnaul,PM2.5,44.8,432.0,68.8,78,Moderate,15.8,69.5,12.2
Himachal Pradesh,Guwahati,OZONE,8.1,406.6,131.0,134,Unhealthy for Sensitive Groups,34.1,55.0,15.0
Gujarat,Mehsana,PM2.5,29.7,393.9,171.5,174,Unhealthy,20.1,74.8,0.3
Karnataka,Hyderabad,NO2,117.0,457.5,223.4,269,Very Unhealthy,37.8,58.2,22.1
Madhya Pradesh,Brajrajnagar,OZONE,55.1,187.8,68.2,99,Moderate,28.3,53.4,3.0
Haryana,Chandigarh,NO2,61.6,370.9,86.8,71,Moderate,36.7,78.6,2.2
Nagaland,Bihar Sharif,NO2,71.0,177.1,105.3,110,Unhealthy for Sensitive Groups,36.0,94.5,0.8
Jharkhand,Madikeri,PM10,2.6,465.2,206.8,219,Very Unhealthy,19.9,45.6,4.2
Kerala,Patna,NH3,36.5,369.8,127.5,112,Unhealthy for Sensitive Groups,33.6,82.6,22.5
Kerala,Kurukshetra,PM2.5,18.7,458.5,39.6,39,Good,31.7,77.9,28.6
Madhya Pradesh,Samastipur,SO2,207.6,274.3,211.4,255,Very Unhealthy,29.1,77.2,2.3
Jammu and Kashmir,Chamarajanagar,CO,102.7,300.6,224.5,274,Very Unhealthy,28.8,90.2,6.7
Maharashtra,Ghaziabad,NO2,42.3,478.9,101.5,103,Unhealthy for Sensitive Groups,39.5,50.5,20.7
Sikkim,Narnaul,CO,94.4,352.9,152.3,179,Unhealthy,24.8,94.3,7.3
Punjab,Chittorgarh,NO2,3.0,92.3,27.4,44,Good,21.5,79.2,27.3
Gujarat,Siwan,NO2,3.4,43.3,9.5,38,Good,17.0,62.7,28.3
Bihar,Jalandhar,PM10,8.1,172.0,30.0,13,Good,28.8,38.5,23.1
Meghalaya,Jalna,CO,141.5,370.3,153.5,190,Unhealthy,38.0,33.9,9.8
Jammu and Kashmir,Barbil,CO,65.9,253.5,213.3,262,Very Unhealthy,26.0,42.6,3.6
Tripura,Asansol,NH3,15.2,476.2,20.4,22,Good,30.5,54.5,14.2
Punjab,Sagar,NO2,91.5,373.4,111.6,109,Unhealthy for Sensitive Groups,15.7,38.7,27.4
Punjab,Korba,PM10,103.5,474.6,113.2,149,Unhealthy for Sensitive Groups,39.4,62.8,22.1
Jharkhand,Bhiwadi,CO,3.2,120.2,38.8,11,Good,36.6,46.2,22.6
Sikkim,Kashipur,SO2,63.0,451.6,69.1,70,Moderate,32.2,76.0,10.4
Meghalaya,Yamuna Nagar,NH3,220.7,447.0,253.0,212,Very Unhealthy,39.3,72.3,29.4
Odisha,Madikeri,NO2,7.8,419.7,42.3,27,Good,30.2,88.8,16.3
Himachal Pradesh,Tensa,NO2,181.2,303.9,209.9,265,Very Unhealthy,26.9,62.7,24.3
Meghalaya,Siwan,NH3,2.9,328.2,251.5,218,Very Unhealthy,16.7,84.0,27.3
Madhya Pradesh,Chandigarh,PM10,167.6,359.8,260.6,202,Very Unhealthy,18.6,79.1,20.8
Odisha,Kota,PM2.5,4.5,302.3,255.1,253,Very Unhealthy,20.4,91.6,24.5
Punjab,Mangalore,CO,4.0,351.2,34.6,43,Good,38.4,49.5,1.6
Karnataka,Guntur,CO,12.3,127.1,112.1,118,Unhealthy for Sensitive Groups,27.0,39.1,0.7
Bihar,Kashipur,CO,21.0,363.9,25.7,45,Good,28.7,44.2,6.6
Delhi,Chhal,CO,136.4,448.1,176.0,166,Unhealthy,34.9,52.8,6.4
Odisha,Kurukshetra,SO2,50.9,467.9,91.0,60,Moderate,25.0,59.1,11.6
Bihar,Vijayapura,NO2,48.2,183.2,81.4,65,Moderate,20.9,31.8,18.9
Odisha,Pratapgarh,PM10,105.4,325.3,223.3,206,Very Unhealthy,27.3,53.0,21.8
Nagaland,Munger,NO2,43.1,204.0,101.6,115,Unhealthy for Sensitive Groups,15.1,48.6,8.8
Rajasthan,Ludhiana,OZONE,31.0,285.3,73.0,92,Moderate,16.0,91.8,12.5
West Bengal,Narnaul,NO2,94.3,416.4,217.5,288,Very Unhealthy,37.2,86.7,11.8
Maharashtra,Chhapra,NH3,44.1,418.2,260.4,239,Very Unhealthy,34.8,39.2,20.2
Himachal Pradesh,Kalyan,NO2,138.8,431.2,184.4,183,Unhealthy,18.0,44.1,20.7
Jammu and Kashmir,Bengaluru,NH3,52.8,480.9,110.3,134,Unhealthy for Sensitive Groups,18.4,45.8,22.3
Punjab,Shivamogga,PM10,16.7,168.5,63.0,79,Moderate,15.7,90.9,6.6
Chandigarh,Munger,SO2,4.8,58.5,50.6,386,Hazardous,23.5,81.4,28.4
Karnataka,Gummidipoondi,NO2,84.7,236.0,216.7,207,Very Unhealthy,26.9,49.0,6.7
Sikkim,Tumidih,PM10,167.5,417.0,261.9,237,Very Unhealthy,18.5,41.6,29.4
Haryana,Ajmer,NH3,50.5,297.0,66.1,93,Moderate,22.0,58.4,11.6
Rajasthan,Malegaon,CO,0.8,101.0,63.9,92,Moderate,30.1,40.0,7.4
Andhra Pradesh,Jalore,PM10,27.6,343.5,190.6,167,Unhealthy,25.5,55.2,29.9
Himachal Pradesh,Sirohi,PM2.5,159.4,274.0,246.1,295,Very Unhealthy,22.3,60.2,19.4
Uttar Pradesh,Hapur,NO2,32.3,375.2,90.7,97,Moderate,38.1,45.9,4.3
Mizoram,Thane,OZONE,4.3,282.7,16.9,48,Good,34.5,35.6,14.6
Odisha,Barmer,CO,131.7,375.3,189.6,183,Unhealthy,38.2,37.8,14.5
Puducherry,Latur,PM2.5,107.0,467.9,194.7,153,Unhealthy,17.3,89.3,2.2
Himachal Pradesh,Karwar,PM10,256.3,338.6,261.7,242,Very Unhealthy,39.5,81.5,1.9
Arunachal Pradesh,Manesar,NH3,88.3,274.3,227.8,266,Very Unhealthy,18.7,88.4,0.0
Bihar,Nagaur,OZONE,10.0,318.2,148.3,107,Unhealthy for Sensitive Groups,18.2,46.1,27.0
Rajasthan,Nagpur,NO2,95.6,165.0,96.0,89,Moderate,15.5,81.2,26.2
Odisha,Chhal,CO,17.6,475.4,24.0,43,Good,27.6,82.6,1.1
Tamil Nadu,Dehradun,CO,62.0,363.6,118.4,150,Unhealthy for Sensitive Groups,28.1,63.4,22.4
Himachal Pradesh,Prayagraj,CO,43.2,466.4,144.3,137,Unhealthy for Sensitive Groups,38.7,81.5,23.6
Assam,Katihar,OZONE,157.6,283.3,181.6,181,Unhealthy,21.9,49.2,21.4
Mizoram,Mangalore,NO2,24.2,298.1,54.9,98,Moderate,25.6,88.9,7.4
Delhi,Vatva,PM2.5,97.3,335.9,111.8,105,Unhealthy for Sensitive Groups,37.4,32.4,6.8
Karnataka,Patna,NH3,73.0,295.4,158.3,167,Unhealthy,18.9,50.5,20.7
Assam,Agartala,NO2,159.5,463.9,247.7,264,Very Unhealthy,29.1,62.6,18.7
Arunachal Pradesh,Tumidih,NH3,6.6,368.0,27.7,35,Good,27.8,76.0,20.4
Puducherry,Bundi,CO,79.8,387.7,85.9,90,Moderate,30.8,92.6,17.1
Puducherry,Ludhiana,PM2.5,4.2,472.4,8.8,3,Good,33.4,52.3,4.9
Chhattisgarh,Keonjhar,SO2,33.4,212.9,113.1,131,Unhealthy for Sensitive Groups,27.7,56.7,26.9
Maharashtra,Jhalawar,PM10,10.6,193.8,43.0,19,Good,28.2,55.7,17.3
Mizoram,Mysuru,PM2.5,10.7,151.9,36.9,6,Good,15.6,74.1,4.6
Tamil Nadu,Kashipur,PM10,66.5,387.6,217.1,284,Very Unhealthy,26.7,89.9,13.7
Meghalaya,Suakati,SO2,145.2,468.1,154.3,162,Unhealthy,27.2,53.2,1.6
Karnataka,Madikeri,PM2.5,131.7,225.1,145.4,114,Unhealthy for Sensitive Groups,27.8,88.5,6.5
Uttar Pradesh,Haldia,OZONE,149.0,310.1,157.1,158,Unhealthy,37.1,71.6,17.5
Gujarat,Sivasagar,NO2,47.6,125.4,54.8,86,Moderate,23.0,31.5,3.8
Delhi,Jaipur,NH3,40.3,316.6,230.5,241,Very Unhealthy,18.5,49.6,13.9
Puducherry,Patna,CO,42.4,296.0,49.5,34,Good,38.6,38.1,25.0
Delhi,Howrah,PM10,23.1,274.0,157.0,192,Unhealthy,26.1,91.1,29.9
Haryana,Puducherry,NO2,122.7,234.2,171.2,184,Unhealthy,33.0,33.0,16.9
West Bengal,Mehsana,SO2,61.5,193.6,171.4,157,Unhealthy,27.7,93.9,29.4
Nagaland,Chamarajanagar,SO2,124.7,433.4,175.0,192,Unhealthy,15.0,66.5,24.6
Tripura,Nanded,PM10,51.2,233.6,121.0,137,Unhealthy for Sensitive Groups,22.3,43.1,7.8
Bihar,Kohima,NO2,40.4,332.0,149.6,132,Unhealthy for Sensitive Groups,26.1,60.8,14.0
Jharkhand,Dungarpur,CO,83.0,230.5,224.3,219,Very Unhealthy,24.4,30.8,26.8
Gujarat,Sirohi,OZONE,45.1,426.8,222.1,274,Very Unhealthy,29.9,74.4,29.6
Chandigarh,Bhiwani,NO2,68.1,154.9,100.1,417,Hazardous,34.2,64.7,6.3
Nagaland,Karwar,PM2.5,17.7,330.8,103.2,127,Unhealthy for Sensitive Groups,15.3,93.9,5.9
Meghalaya,Rairangpur,NO2,56.3,208.0,124.7,128,Unhealthy for Sensitive Groups,38.3,49.6,26.0
Tripura,Jalgaon,NH3,81.3,343.8,110.4,145,Unhealthy for Sensitive Groups,17.3,78.8,25.2
Meghalaya,Kohima,NH3,148.5,239.3,160.6,169,Unhealthy,29.7,30.7,15.2
Himachal Pradesh,Navi Mumbai,PM2.5,3.9,171.1,57.0,60,Moderate,37.7,34.8,18.1
Jharkhand,Boisar,NO2,34.2,190.3,78.2,75,Moderate,38.6,52.8,18.8
Uttarakhand,Ramanagara,CO,5.2,482.3,113.6,136,Unhealthy for Sensitive Groups,35.1,71.0,5.7
Haryana,Byrnihat,PM2.5,167.3,391.8,169.4,179,Unhealthy,33.1,55.3,23.0
Chandigarh,Badlapur,PM2.5,151.2,287.4,229.6,209,Very Unhealthy,17.2,48.4,15.6
Uttarakhand,Kollam,PM2.5,35.0,405.5,176.3,154,Unhealthy,15.6,63.4,16.9
Haryana,Ahmednagar,PM2.5,104.3,353.4,185.2,189,Unhealthy,35.9,39.4,14.6
Uttar Pradesh,Latur,OZONE,159.7,410.7,207.5,283,Very Unhealthy,37.1,92.4,1.4
Bihar,Meerut,CO,27.5,257.6,199.7,165,Unhealthy,36.7,61.0,21.8
Tripura,Bhilai,PM10,75.8,449.4,80.4,77,Moderate,30.1,86.2,9.4
Punjab,Mangalore,NH3,27.9,291.6,74.3,84,Moderate,22.6,91.2,21.9
Meghalaya,Jodhpur,NH3,30.9,417.2,177.8,200,Unhealthy,36.2,75.9,4.4
Chandigarh,Khairthal,OZONE,117.3,358.8,202.3,279,Very Unhealthy,39.8,45.8,10.1
Haryana,Ajmer,OZONE,29.1,230.7,170.6,199,Unhealthy,36.7,92.4,25.6
Bihar,Chikkamagaluru,CO,51.9,252.5,122.1,127,Unhealthy for Sensitive Groups,15.8,66.1,13.8
Kerala,Barrackpore,NO2,34.4,480.3,152.3,153,Unhealthy,24.4,31.4,5.7
Uttarakhand,Munger,CO,2.1,291.3,54.8,79,Moderate,25.2,45.1,9.4
Jammu and Kashmir,Indore,OZONE,24.3,175.0,29.4,17,Good,25.8,79.1,8.2
Arunachal Pradesh,Satara,SO2,133.0,200.5,199.6,184,Unhealthy,24.2,51.5,9.7
Punjab,Bhiwani,PM2.5,15.3,423.5,28.8,6,Good,29.0,80.0,8.0
Mizoram,Ankleshwar,PM10,26.7,476.0,99.3,82,Moderate,18.0,84.1,25.3
Punjab,Tensa,CO,38.2,318.7,128.4,133,Unhealthy for Sensitive Groups,32.7,78.5,21.2
Punjab,Pratapgarh,SO2,71.2,228.0,121.5,121,Unhealthy for Sensitive Groups,37.6,53.0,3.7
Chhattisgarh,Thane,NH3,9.2,220.1,175.5,186,Unhealthy,31.1,53.4,26.0
Punjab,Bhagalpur,NO2,66.5,134.8,99.3,74,Moderate,17.6,80.1,8.9
Tripura,Baripada,SO2,24.4,379.9,142.4,119,Unhealthy for Sensitive Groups,23.6,42.8,16.3
West Bengal,Panchgaon,NH3,55.6,108.3,59.9,100,Moderate,19.1,55.6,1.5
Chhattisgarh,Kadapa,PM10,85.3,220.6,85.3,71,Moderate,35.7,90.7,25.1
Odisha,Sonipat,NH3,20.0,385.8,94.5,83,Moderate,18.5,47.8,17.2
Madhya Pradesh,Srinagar,CO,30.1,425.8,248.6,208,Very Unhealthy,36.8,68.2,4.4
Chhattisgarh,Durgapur,PM2.5,30.0,276.1,32.7,22,Good,22.5,87.7,8.4
Puducherry,Jalandhar,SO2,57.7,405.1,198.7,186,Unhealthy,19.2,77.7,2.1
Jammu and Kashmir,Jhunjhunu,NO2,122.7,488.4,221.4,221,Very Unhealthy,31.4,76.2,9.7
Sikkim,Haldia,NO2,136.1,315.7,248.1,291,Very Unhealthy,35.1,60.4,17.0
Meghalaya,Khanna,NH3,203.7,296.0,241.6,247,Very Unhealthy,32.4,39.2,17.7
Sikkim,Tensa,NO2,79.6,443.2,238.8,253,Very Unhealthy,38.3,46.3,2.2
Delhi,Pithampur,NH3,24.3,240.1,65.9,90,Moderate,23.2,57.5,18.5
Jharkhand,Ujjain,NH3,143.6,307.7,207.2,284,Very Unhealthy,22.5,33.4,11.7
Telangana,Jorapokhar,CO,87.0,272.9,163.6,197,Unhealthy,26.6,47.7,15.0
Punjab,Brajrajnagar,NO2,110.9,218.4,160.1,164,Unhealthy,36.2,44.2,10.4
Maharashtra,Begusarai,OZONE,42.3,68.6,60.3,58,Moderate,21.6,90.6,27.2
Odisha,Guwahati,OZONE,22.6,488.7,112.6,130,Unhealthy for Sensitive Groups,31.5,64.9,25.5
Arunachal Pradesh,Madurai,NO2,177.7,421.2,222.6,202,Very Unhealthy,38.5,46.1,16.2
Chhattisgarh,Barrackpore,PM2.5,75.5,398.2,220.0,224,Very Unhealthy,17.0,50.6,28.8
Haryana,Amaravati,SO2,7.6,74.7,8.1,50,Good,24.6,77.7,8.1
Kerala,Yamuna Nagar,PM2.5,208.7,289.1,257.9,204,Very Unhealthy,33.5,86.1,19.7
Uttarakhand,Bhiwani,CO,101.9,315.2,213.9,284,Very Unhealthy,20.1,74.9,12.0
Nagaland,Vapi,SO2,6.4,327.8,14.6,2,Good,36.7,55.6,26.2
Puducherry,Kunjemura,PM2.5,20.7,174.7,167.3,163,Unhealthy,32.6,31.9,24.8
Chandigarh,Nanded,CO,88.7,197.3,132.4,132,Unhealthy for Sensitive Groups,34.2,66.7,9.5
Arunachal Pradesh,Ahmednagar,PM10,110.5,298.2,256.1,254,Very Unhealthy,27.7,32.7,20.0
Jammu and Kashmir,Katni,PM10,12.4,185.5,164.9,191,Unhealthy,18.1,58.7,15.4
Meghalaya,Patiala,CO,126.5,388.1,260.3,203,Very Unhealthy,18.6,37.0,10.2
Haryana,Jalna,NO2,50.0,367.6,191.2,155,Unhealthy,21.9,73.6,14.1
Nagaland,Keonjhar,NO2,73.6,395.7,111.0,122,Unhealthy for Sensitive Groups,30.2,72.7,14.8
Gujarat,Gaya,NO2,57.8,406.7,224.1,205,Very Unhealthy,29.8,54.5,23.9
Sikkim,Tirupati,PM10,51.1,487.7,120.5,129,Unhealthy for Sensitive Groups,36.8,86.6,9.2
Chandigarh,Kollam,PM10,96.6,472.9,240.7,245,Very Unhealthy,39.9,61.2,11.6
Assam,Patiala,PM10,0.4,343.4,0.4,22,Good,23.8,55.4,14.1
Arunachal Pradesh,Surat,NO2,23.9,345.2,248.2,207,Very Unhealthy,16.6,56.4,27.0
Chandigarh,Bikaner,PM2.5,7.1,14.3,7.1,30,Good,20.3,91.3,7.8
Uttarakhand,Kishanganj,NH3,82.6,485.1,162.5,180,Unhealthy,34.7,92.6,4.3
Chhattisgarh,Narnaul,OZONE,83.7,397.3,123.9,137,Unhealthy for Sensitive Groups,22.2,86.6,12.1
Punjab,Bhiwadi,PM10,136.9,405.9,221.1,271,Very Unhealthy,21.2,34.8,20.3
Rajasthan,Belapur,NH3,34.0,216.0,94.4,53,Moderate,18.0,42.3,20.5
Odisha,Mumbai,OZONE,59.5,305.3,253.0,202,Very Unhealthy,16.4,86.5,2.1
Nagaland,Koppal,NH3,66.6,357.7,205.6,267,Very Unhealthy,15.5,63.1,5.0
Tripura,Maihar,CO,8.7,464.9,14.7,9,Good,21.5,79.9,20.7
Uttar Pradesh,Tirumala,OZONE,12.6,487.7,184.1,161,Unhealthy,20.8,36.5,25.8
Nagaland,Ramanagara,OZONE,12.2,266.4,70.0,92,Moderate,30.6,70.2,20.2
Uttar Pradesh,Kolkata,OZONE,7.4,450.6,7.4,18,Good,27.0,57.5,4.6
Nagaland,Palwal,NH3,9.8,306.5,122.9,140,Unhealthy for Sensitive Groups,24.5,61.7,29.6
Gujarat,Howrah,PM2.5,25.6,128.6,39.1,7,Good,26.2,33.3,2.6
Sikkim,Nandesari,PM10,109.3,221.3,183.4,188,Unhealthy,32.0,79.3,22.0
Mizoram,Jaipur,OZONE,103.8,367.8,173.6,157,Unhealthy,24.0,84.5,9.6
Telangana,Jorapokhar,SO2,6.0,125.9,6.0,37,Good,21.0,56.6,5.1
Chhattisgarh,Karwar,PM10,37.8,225.0,216.5,218,Very Unhealthy,33.0,30.2,18.7
Mizoram,Hyderabad,PM10,103.4,448.1,122.7,138,Unhealthy for Sensitive Groups,33.9,51.0,14.6
Madhya Pradesh,Pune,SO2,96.5,496.8,179.4,197,Unhealthy,31.7,77.5,27.0
Chandigarh,Bharatpur,SO2,168.7,494.3,199.2,181,Unhealthy,34.8,41.5,25.0
Karnataka,Vijayapura,NH3,80.2,143.8,113.4,129,Unhealthy for Sensitive Groups,29.6,54.3,18.6
Telangana,Bhopal,PM10,79.7,355.2,114.6,113,Unhealthy for Sensitive Groups,27.7,37.9,14.4
Meghalaya,Faridabad,NH3,10.6,248.0,157.4,161,Unhealthy,34.7,81.3,13.1
Uttar Pradesh,Kota,PM10,57.2,498.3,148.8,115,Unhealthy for Sensitive Groups,26.9,77.0,26.0
Puducherry,Dehradun,CO,54.5,77.8,57.0,62,Moderate,30.3,55.6,24.6
Uttar Pradesh,Nagpur,SO2,55.4,357.5,61.3,72,Moderate,18.3,44.2,13.2
West Bengal,Kohima,SO2,106.7,353.8,152.8,197,Unhealthy,19.3,36.4,10.4
Gujarat,Mira-Bhayandar,NH3,113.8,419.5,158.1,161,Unhealthy,34.3,35.3,23.6
Puducherry,Tonk,CO,117.7,206.9,170.4,175,Unhealthy,24.2,83.8,18.9
Arunachal Pradesh,Byrnihat,NO2,43.0,433.9,59.0,81,Moderate,31.0,33.1,13.5
Kerala,Rajamahendravaram,NH3,68.1,364.5,193.1,179,Unhealthy,36.1,59.6,8.4
Gujarat,Karnal,CO,119.3,310.6,198.7,155,Unhealthy,28.0,68.3,0.3
Delhi,Faridabad,SO2,8.6,224.0,34.7,0,Good,25.8,54.6,11.8
Jammu and Kashmir,Beed,CO,4.3,379.3,168.9,183,Unhealthy,22.2,82.2,17.3
Nagaland,Bundi,OZONE,6.4,439.6,39.1,44,Good,36.4,54.7,29.1
Kerala,Gorakhpur,NO2,3.3,133.7,120.9,133,Unhealthy for Sensitive Groups,33.8,93.8,12.6
Bihar,Firozabad,OZONE,89.1,378.8,230.7,266,Very Unhealthy,31.9,68.5,28.8
West Bengal,Thiruvananthapuram,PM10,21.0,159.0,47.3,48,Good,37.0,65.9,7.1
Jharkhand,Keonjhar,SO2,97.0,377.2,227.9,232,Very Unhealthy,38.9,47.5,9.3
Bihar,Mangalore,NH3,67.7,205.5,83.6,66,Moderate,39.1,64.0,23.6
Karnataka,Guntur,NO2,3.0,79.0,76.1,63,Moderate,36.0,43.5,24.0
Tripura,Sonipat,NH3,11.3,338.6,80.4,92,Moderate,24.1,39.6,8.6
Gujarat,Katihar,NH3,25.5,347.2,172.8,197,Unhealthy,21.1,73.8,21.3
Tripura,Ankleshwar,NO2,117.4,347.5,162.7,190,Unhealthy,23.0,61.0,1.9
Nagaland,Cuddalore,OZONE,95.9,205.4,176.3,193,Unhealthy,36.4,77.4,28.6
West Bengal,Madikeri,SO2,46.7,105.0,48.7,31,Good,21.6,51.9,16.3
Arunachal Pradesh,Pali,PM10,6.6,20.7,12.5,0,Good,37.0,40.1,4.2
Mizoram,Nashik,SO2,97.2,343.7,230.7,252,Very Unhealthy,22.7,34.9,18.1
Haryana,Chandrapur,NH3,1.5,256.0,4.2,36,Good,27.5,56.1,23.6
Punjab,Samastipur,SO2,227.2,319.4,244.4,238,Very Unhealthy,38.6,43.7,1.3
Tripura,Chandrapur,OZONE,49.8,321.4,125.8,150,Unhealthy for Sensitive Groups,31.6,37.3,6.5
Puducherry,Ambernath,PM2.5,24.3,179.0,24.6,1,Good,28.3,82.9,5.3
Puducherry,Karnal,PM2.5,104.0,495.0,125.4,118,Unhealthy for Sensitive Groups,31.5,61.3,1.6
Bihar,Chandrapur,NH3,14.4,377.1,46.5,12,Good,31.1,34.9,4.1
Gujarat,Muzaffarpur,PM2.5,248.7,322.6,251.4,274,Very Unhealthy,23.0,50.3,23.3
Sikkim,Panchkula,NO2,58.7,320.2,79.7,92,Moderate,39.9,82.5,7.6
Uttarakhand,Bettiah,CO,8.7,317.7,256.3,291,Very Unhealthy,19.6,51.2,19.0
Madhya Pradesh,Manguraha,PM10,26.0,436.5,85.2,98,Moderate,29.2,78.4,10.0
Delhi,Coimbatore,CO,9.3,181.4,55.0,80,Moderate,28.5,57.4,15.4
Meghalaya,Bhilai,SO2,139.3,254.7,191.1,187,Unhealthy,37.6,46.0,9.4
Jharkhand,Milupara,CO,20.3,250.7,205.8,223,Very Unhealthy,17.5,47.5,8.1
Karnataka,Hisar,NH3,82.3,475.8,92.0,96,Moderate,25.4,80.7,2.4
Nagaland,Bhavnagar,NH3,58.2,474.8,155.8,200,Unhealthy,27.5,48.3,10.3
Karnataka,Korba,PM2.5,12.8,475.7,69.8,87,Moderate,38.6,70.1,5.2
Himachal Pradesh,Barbil,NH3,54.5,211.5,76.2,72,Moderate,26.2,65.0,15.9
Punjab,Rajgir,CO,53.7,203.9,186.7,190,Unhealthy,21.1,85.7,6.6
Chandigarh,Tirupati,SO2,4.0,478.1,77.7,62,Moderate,38.3,67.9,3.4
Bihar,Mandikhera,PM2.5,21.4,311.6,236.4,263,Very Unhealthy,37.0,64.0,24.6
Uttarakhand,Bhiwadi,CO,18.9,261.5,51.6,89,Moderate,21.7,58.6,15.1
Jammu and Kashmir,Katihar,CO,100.9,270.0,185.9,171,Unhealthy,15.6,72.3,2.0
Jharkhand,Ujjain,PM10,66.2,175.4,171.9,151,Unhealthy,30.5,78.0,15.6
West Bengal,Hingoli,NH3,30.7,99.2,68.2,100,Moderate,28.1,78.5,22.1
Maharashtra,Samastipur,SO2,28.5,442.0,131.5,111,Unhealthy for Sensitive Groups,23.0,65.0,10.9
Odisha,Narnaul,PM2.5,33.3,469.1,232.4,256,Very Unhealthy,39.6,50.2,7.7
Nagaland,Tonk,SO2,3.7,359.3,117.5,120,Unhealthy for Sensitive Groups,39.3,72.4,19.6
Karnataka,Ambernath,PM10,166.9,390.7,223.6,202,Very Unhealthy,18.1,55.4,22.3
West Bengal,Katihar,SO2,14.4,127.8,47.0,1,Good,34.0,72.1,28.9
Haryana,Bareilly,SO2,30.4,128.5,94.4,59,Moderate,20.8,47.5,5.3
Himachal Pradesh,Bundi,PM10,44.8,282.4,64.2,94,Moderate,26.0,59.8,1.9
Rajasthan,Raebareli,SO2,40.8,435.8,210.1,280,Very Unhealthy,31.8,42.5,10.0
Andhra Pradesh,Sikar,NO2,9.4,206.0,32.8,15,Good,20.7,62.0,8.1
Andhra Pradesh,Hisar,NO2,1.5,357.5,20.9,38,Good,17.6,64.6,19.5
Rajasthan,Ambala,CO,7.5,425.8,40.3,6,Good,34.5,70.9,23.4
Bihar,Korba,NH3,109.7,493.5,264.0,255,Very Unhealthy,33.7,43.1,16.3
Himachal Pradesh,Noida,NH3,15.6,174.0,159.2,194,Unhealthy,30.1,54.3,23.7
Gujarat,Chikkamagaluru,NO2,134.8,378.0,233.1,270,Very Unhealthy,21.7,68.5,8.4
Madhya Pradesh,Baghpat,NO2,114.4,292.5,217.0,247,Very Unhealthy,24.4,49.8,23.8
West Bengal,Aurangabad,NH3,8.0,132.6,28.8,7,Good,20.0,82.7,7.5
Maharashtra,Bharatpur,SO2,105.2,237.9,221.1,236,Very Unhealthy,24.4,54.9,10.6
Arunachal Pradesh,Tumidih,PM10,72.3,281.0,212.2,243,Very Unhealthy,15.4,56.3,3.2
Odisha,Hubballi,NH3,14.2,97.4,38.7,45,Good,15.8,67.3,3.3
Tripura,Panchkula,CO,82.6,279.5,123.3,109,Unhealthy for Sensitive Groups,15.7,41.5,5.6
Telangana,Sonipat,CO,16.5,490.2,28.6,24,Good,35.2,77.8,0.2
Arunachal Pradesh,Bikaner,NO2,161.8,295.5,165.3,196,Unhealthy,36.7,31.0,12.7
Rajasthan,Palwal,CO,42.3,225.9,79.9,99,Moderate,20.1,31.8,22.5
Puducherry,Jorapokhar,NH3,68.0,344.5,166.7,170,Unhealthy,29.0,46.6,23.0
West Bengal,Chennai,PM2.5,189.4,344.4,193.7,190,Unhealthy,17.1,78.6,3.0
Rajasthan,Nandesari,SO2,5.7,419.1,182.2,187,Unhealthy,35.0,36.4,22.4
Kerala,Raebareli,CO,160.4,369.5,213.1,299,Very Unhealthy,22.3,41.9,20.7
Arunachal Pradesh,Hubballi,OZONE,93.5,347.5,167.8,179,Unhealthy,21.7,55.0,9.6
Punjab,Bettiah,PM10,27.5,233.7,156.8,188,Unhealthy,22.4,65.9,23.6
Assam,Pimpri-Chinchwad,PM2.5,24.5,458.9,63.2,95,Moderate,25.0,91.8,24.3
Uttarakhand,Damoh,CO,154.1,484.0,179.7,184,Unhealthy,39.2,60.2,18.9
Arunachal Pradesh,Khanna,PM10,78.4,481.0,194.0,170,Unhealthy,28.7,39.3,10.6
Odisha,Karnal,SO2,54.3,156.2,123.5,111,Unhealthy for Sensitive Groups,23.7,83.9,24.1
Punjab,Yamuna Nagar,NH3,2.6,162.9,81.3,69,Moderate,20.3,45.6,3.5
Mizoram,Jaipur,CO,18.5,361.1,158.3,184,Unhealthy,20.8,32.4,11.5
Chhattisgarh,Singrauli,PM2.5,71.5,352.6,78.0,89,Moderate,17.7,94.2,25.4
Gujarat,Vapi,PM2.5,37.2,135.1,62.3,54,Moderate,35.6,81.2,1.0
Mizoram,Maihar,SO2,59.5,268.7,197.3,199,Unhealthy,15.0,32.4,1.7
Kerala,Khairthal,SO2,39.1,100.2,44.5,34,Good,28.1,50.9,13.3
Maharashtra,Katihar,SO2,2.6,251.1,31.8,38,Good,21.3,38.7,3.4
Gujarat,Durgapur,NH3,159.6,359.4,205.8,228,Very Unhealthy,39.4,34.7,7.2
Nagaland,Siwan,NH3,165.1,286.4,223.0,278,Very Unhealthy,24.6,82.9,7.0
Haryana,Bundi,PM2.5,50.7,95.8,56.5,96,Moderate,38.8,73.9,7.0
Bihar,Dausa,PM10,77.5,458.2,182.9,172,Unhealthy,39.6,42.4,4.1
Uttarakhand,Naharlagun,SO2,1.0,253.7,4.8,37,Good,25.0,52.2,3.6
Meghalaya,Machilipatnam,OZONE,93.6,210.5,191.8,169,Unhealthy,37.8,90.7,24.9
Jammu and Kashmir,Fatehabad,PM10,45.8,283.0,108.2,131,Unhealthy for Sensitive Groups,28.9,45.8,3.6
Madhya Pradesh,Pune,NO2,117.6,334.8,119.1,105,Unhealthy for Sensitive Groups,19.2,93.0,25.5
Kerala,Angul,OZONE,21.1,275.6,100.3,366,Hazardous,27.3,55.2,0.9
Himachal Pradesh,Hubballi,PM2.5,19.0,372.5,26.7,30,Good,21.7,31.2,15.4
Madhya Pradesh,Maihar,PM2.5,33.3,241.5,186.4,162,Unhealthy,20.2,93.6,11.5
Tripura,Damoh,NO2,55.5,497.3,119.0,129,Unhealthy for Sensitive Groups,38.4,73.8,6.5
Chhattisgarh,Surat,PM2.5,21.7,458.6,111.2,133,Unhealthy for Sensitive Groups,24.6,51.4,3.2
Assam,Bahadurgarh,PM2.5,17.0,380.7,117.3,139,Unhealthy for Sensitive Groups,38.3,41.4,26.5
Sikkim,Visakhapatnam,CO,8.1,404.0,29.7,45,Good,22.1,87.2,24.9
Odisha,Angul,SO2,26.9,75.4,55.4,75,Moderate,37.8,65.6,20.9
Arunachal Pradesh,Mehsana,SO2,1.4,312.0,27.1,21,Good,19.3,52.3,19.1
Odisha,Buxar,PM10,4.5,361.0,81.3,89,Moderate,23.7,59.2,7.6
Bihar,Pali,PM10,4.4,328.7,39.4,10,Good,39.2,33.2,19.5
Madhya Pradesh,Vadodara,PM10,16.4,459.9,249.4,252,Very Unhealthy,22.4,69.4,26.8
Punjab,Patna,NH3,55.1,193.4,131.2,150,Unhealthy for Sensitive Groups,21.3,77.2,22.3
Punjab,Raipur,OZONE,51.6,183.6,98.0,66,Moderate,21.7,61.0,2.5
Assam,Bundi,PM2.5,2.3,397.9,48.5,0,Good,34.5,72.1,19.1
Telangana,Surat,PM2.5,1.8,475.1,29.0,50,Good,17.7,85.8,16.0
Andhra Pradesh,Patna,NO2,19.7,76.4,22.0,36,Good,35.9,56.0,2.3
Assam,Chhal,NH3,13.7,277.1,87.9,62,Moderate,22.1,30.8,26.3
Nagaland,Khurja,NH3,94.6,402.1,222.5,241,Very Unhealthy,23.1,85.4,7.1
Telangana,Bagalkot,PM10,118.4,262.6,162.2,169,Unhealthy,36.6,44.7,30.0
Assam,Kishanganj,NO2,7.4,355.4,37.2,9,Good,19.5,55.3,22.9
Punjab,Vrindavan,NH3,129.6,476.9,211.5,286,Very Unhealthy,24.7,61.9,23.3
Mizoram,Bharatpur,NO2,14.2,310.9,256.0,296,Very Unhealthy,32.0,64.0,5.8
Nagaland,Panipat,NH3,5.3,469.8,14.3,47,Good,19.7,63.5,12.7
Madhya Pradesh,Hajipur,NH3,14.2,451.1,46.9,32,Good,28.1,94.0,8.2
West Bengal,Narnaul,CO,100.2,489.9,119.1,148,Unhealthy for Sensitive Groups,26.0,63.9,21.1
Meghalaya,Chittorgarh,PM10,46.1,492.4,80.0,56,Moderate,18.5,74.5,21.1
Tamil Nadu,Suakati,OZONE,41.4,391.6,105.0,135,Unhealthy for Sensitive Groups,31.5,41.9,18.3
Himachal Pradesh,Tonk,PM10,0.6,361.8,50.0,4,Good,21.9,53.6,20.9
Sikkim,Ujjain,NH3,15.5,216.6,63.9,94,Moderate,35.2,61.1,14.7
Uttar Pradesh,Patiala,NO2,2.2,95.5,2.5,9,Good,38.7,80.5,17.2
Rajasthan,Khanna,SO2,1.3,490.5,7.9,22,Good,28.7,76.3,10.0
Uttarakhand,Sasaram,CO,98.0,284.9,179.7,166,Unhealthy,21.0,31.2,29.9
Kerala,Sawai Madhopur,PM10,183.3,287.3,238.8,269,Very Unhealthy,16.9,61.9,10.5
Punjab,Hubballi,NH3,122.4,409.8,228.7,247,Very Unhealthy,36.9,44.4,24.7
Uttar Pradesh,Mandideep,NO2,15.1,230.1,39.3,11,Good,37.6,72.1,11.7
Nagaland,Khairthal,CO,2.8,195.7,14.6,45,Good,35.4,86.1,15.3
Chhattisgarh,Guntur,OZONE,115.2,437.1,137.9,130,Unhealthy for Sensitive Groups,28.3,31.6,11.0
Assam,Begusarai,CO,16.9,387.5,18.7,6,Good,25.9,94.1,17.3
Delhi,Yadgir,PM10,9.2,249.9,47.6,19,Good,16.9,85.2,21.5
Bihar,Vrindavan,NO2,10.3,15.6,14.7,15,Good,25.2,81.4,3.6
Sikkim,Bhiwadi,PM2.5,97.8,329.4,186.9,158,Unhealthy,29.6,50.8,10.8
Assam,Sasaram,SO2,34.6,124.5,40.0,44,Good,22.7,68.8,11.4
Bihar,Beed,PM2.5,96.6,365.8,245.3,230,Very Unhealthy,37.3,41.1,0.3
Madhya Pradesh,Silchar,CO,0.5,307.9,34.3,34,Good,21.7,92.1,13.2
Chandigarh,Raebareli,NO2,47.2,224.9,81.3,77,Moderate,23.7,78.2,12.0
Delhi,Gaya,OZONE,137.8,325.4,150.1,353,Hazardous,15.4,75.8,16.8
Puducherry,Alwar,CO,214.0,292.9,257.5,237,Very Unhealthy,17.6,85.7,10.3
Arunachal Pradesh,Mira-Bhayandar,CO,4.8,179.9,45.5,24,Good,29.1,40.1,25.5
Mizoram,Patna,NO2,8.5,486.5,149.7,149,Unhealthy for Sensitive Groups,24.9,86.7,9.9
Chhattisgarh,Vijayapura,PM2.5,6.7,289.6,8.8,3,Good,19.4,73.4,27.3
Uttar Pradesh,Mira-Bhayandar,PM10,12.7,390.5,200.5,450,Hazardous,32.2,47.2,12.3
Madhya Pradesh,Jalore,SO2,1.4,365.0,5.4,26,Good,19.6,53.9,24.7
Telangana,Suakati,SO2,6.6,484.5,16.4,18,Good,31.1,57.9,11.8
Madhya Pradesh,Milupara,NO2,36.8,174.6,169.3,157,Unhealthy,31.9,81.1,0.9
Punjab,Mira-Bhayandar,OZONE,113.5,303.8,258.3,205,Very Unhealthy,16.7,86.2,22.1
Chhattisgarh,Eluru,PM2.5,32.9,240.2,160.5,155,Unhealthy,18.8,67.6,4.7
Kerala,Durgapur,NH3,127.1,172.8,169.1,160,Unhealthy,36.3,83.3,10.5
Telangana,Rishikesh,CO,26.1,456.9,243.3,265,Very Unhealthy,29.3,34.5,28.5
Maharashtra,Chamarajanagar,PM2.5,21.3,201.7,32.0,16,Good,38.8,93.2,3.6
Chandigarh,Jhunjhunu,CO,173.6,480.6,190.9,178,Unhealthy,34.4,72.0,26.3
Odisha,Kanpur,OZONE,3.3,260.0,157.8,158,Unhealthy,22.2,56.9,17.4
Uttarakhand,Haldia,PM10,128.7,450.2,166.8,190,Unhealthy,32.0,39.5,3.6
Sikkim,Sirsa,PM2.5,26.9,192.5,115.0,130,Unhealthy for Sensitive Groups,25.4,69.4,16.9
Himachal Pradesh,Vapi,NO2,34.1,155.5,70.5,60,Moderate,25.3,44.3,13.7
Chhattisgarh,Jaisalmer,SO2,17.7,407.4,20.7,27,Good,38.7,32.4,19.6
Rajasthan,Milupara,CO,55.8,255.7,118.6,123,Unhealthy for Sensitive Groups,32.8,70.9,14.1
Uttarakhand,Buxar,CO,11.4,22.2,14.8,8,Good,23.2,94.5,13.7
Maharashtra,Pratapgarh,PM10,23.8,392.0,24.2,24,Good,31.0,44.0,12.0
Sikkim,Bareilly,PM2.5,83.0,401.4,116.3,127,Unhealthy for Sensitive Groups,33.2,45.4,0.5
Punjab,Gorakhpur,CO,89.4,161.7,93.6,97,Moderate,15.9,39.9,29.9
Bihar,Bareilly,CO,64.8,174.4,78.4,53,Moderate,28.9,83.3,14.3
Uttar Pradesh,Begusarai,PM10,131.9,438.4,187.8,155,Unhealthy,26.0,69.2,29.3
Tamil Nadu,Manesar,SO2,0.1,414.4,29.1,18,Good,21.6,31.5,7.2
Gujarat,Nagaur,PM2.5,201.5,482.8,213.3,255,Very Unhealthy,40.0,39.3,3.2
Bihar,Ujjain,PM10,0.4,118.7,0.5,29,Good,34.3,62.0,19.6
Himachal Pradesh,Gadag,PM2.5,59.7,370.0,167.8,162,Unhealthy,37.0,46.8,0.8
West Bengal,Ludhiana,CO,165.7,310.3,185.2,197,Unhealthy,27.0,70.8,13.1
Haryana,Baran,OZONE,87.4,242.4,94.8,64,Moderate,25.5,46.0,28.8
Maharashtra,Dewas,NO2,69.4,351.5,99.5,52,Moderate,30.5,55.8,18.0
Delhi,Vijayapura,SO2,63.2,388.5,146.8,123,Unhealthy for Sensitive Groups,31.4,55.2,0.8
Odisha,Kalyan,NO2,8.5,190.8,72.1,64,Moderate,39.3,31.6,12.3
Jammu and Kashmir,Chikkamagaluru,NO2,32.5,385.0,80.1,65,Moderate,30.6,78.2,27.2
Punjab,Dharuhera,NH3,17.0,31.4,27.4,8,Good,28.2,40.3,1.3
Meghalaya,Udaipur,PM10,92.1,173.5,107.0,135,Unhealthy for Sensitive Groups,15.4,36.5,9.8
Sikkim,Visakhapatnam,CO,23.3,293.3,180.9,193,Unhealthy,16.6,54.9,12.7
Gujarat,Kolkata,OZONE,5.3,156.7,23.5,47,Good,39.4,35.2,6.2
Chandigarh,Shivamogga,NO2,62.2,374.2,106.9,140,Unhealthy for Sensitive Groups,31.0,71.1,28.6
Maharashtra,Faridabad,OZONE,48.1,456.0,256.2,250,Very Unhealthy,30.0,57.6,3.6
Nagaland,Bulandshahr,NO2,0.8,482.2,7.8,3,Good,36.0,55.6,18.8
Sikkim,Araria,SO2,53.2,495.9,254.9,258,Very Unhealthy,20.2,57.3,0.8
Nagaland,Durgapur,PM2.5,169.9,417.9,248.8,212,Very Unhealthy,28.1,43.9,21.8
Himachal Pradesh,Khanna,NH3,62.3,144.7,143.3,142,Unhealthy for Sensitive Groups,37.3,56.9,2.1
Arunachal Pradesh,Damoh,OZONE,16.1,495.4,153.6,151,Unhealthy,24.1,44.2,18.0
Meghalaya,Mehsana,PM10,186.3,496.4,233.6,288,Very Unhealthy,32.7,37.6,12.9
Chhattisgarh,Guwahati,OZONE,64.9,429.9,68.9,87,Moderate,27.5,77.3,28.9
Delhi,Palwal,PM2.5,16.3,71.0,31.1,6,Good,15.6,40.8,29.8
Tamil Nadu,Bhavnagar,NH3,40.4,219.2,72.0,59,Moderate,22.2,41.4,29.5
Tamil Nadu,Kalaburagi,CO,37.0,432.7,91.0,70,Moderate,18.1,84.5,18.4
Assam,Munger,OZONE,95.2,178.7,157.4,175,Unhealthy,34.5,83.9,26.9
Sikkim,Gangtok,CO,165.6,395.6,183.9,161,Unhealthy,21.8,66.9,24.9
Maharashtra,Motihari,PM10,0.6,437.4,167.7,152,Unhealthy,24.3,78.1,1.6
Kerala,Nandesari,CO,140.5,445.5,253.1,252,Very Unhealthy,31.3,70.7,16.7
Tamil Nadu,Purnia,NO2,9.0,175.1,93.4,71,Moderate,34.8,88.6,25.5
Assam,Belapur,NH3,0.4,236.6,0.7,26,Good,33.3,91.3,11.0
Puducherry,Maihar,CO,129.9,418.1,243.4,276,Very Unhealthy,34.0,84.8,24.0
Karnataka,Nagpur,PM10,17.1,475.2,19.7,36,Good,27.1,32.6,15.0
Uttar Pradesh,Rajkot,SO2,1.3,362.4,111.7,121,Unhealthy for Sensitive Groups,30.9,66.7,16.8
Haryana,Tonk,NO2,16.6,260.4,232.0,235,Very Unhealthy,27.4,63.8,5.9
Jammu and Kashmir,Nellore,PM10,15.2,137.0,111.0,120,Unhealthy for Sensitive Groups,37.2,37.0,2.9
Uttar Pradesh,Noida,OZONE,54.6,397.1,102.7,103,Unhealthy for Sensitive Groups,29.8,44.7,18.1
Madhya Pradesh,Bilaspur,SO2,201.4,242.3,204.2,299,Very Unhealthy,33.3,50.2,2.2
Punjab,Mira-Bhayandar,SO2,139.0,365.2,213.8,274,Very Unhealthy,34.9,33.7,17.4
Arunachal Pradesh,Naharlagun,OZONE,10.9,464.3,99.4,66,Moderate,21.1,44.8,22.5
Mizoram,Nagaur,SO2,29.5,245.3,43.3,0,Good,39.7,67.4,18.5
Karnataka,Gurugram,NH3,53.7,311.0,183.4,193,Unhealthy,29.2,71.9,6.6
Karnataka,Kadapa,NH3,169.1,319.4,253.8,281,Very Unhealthy,19.0,89.5,15.0
Jammu and Kashmir,Pampore,SO2,161.7,346.7,182.8,177,Unhealthy,30.4,32.1,7.6
Madhya Pradesh,Chhapra,NO2,1.1,65.5,6.1,36,Good,20.0,87.3,12.4
Maharashtra,Kunjemura,CO,72.8,139.8,111.0,123,Unhealthy for Sensitive Groups,27.6,94.4,19.7
West Bengal,Bengaluru,NH3,142.6,262.9,181.0,161,Unhealthy,19.6,93.0,26.2
Odisha,Ambernath,CO,75.2,139.4,106.0,140,Unhealthy for Sensitive Groups,30.2,86.6,18.0
Himachal Pradesh,Khairthal,NH3,22.7,395.0,93.6,66,Moderate,33.9,45.9,22.0
Sikkim,Baran,NH3,0.2,406.5,163.6,189,Unhealthy,35.2,58.8,18.3
Tripura,Bahadurgarh,NH3,204.4,415.1,214.8,227,Very Unhealthy,33.3,77.1,16.2
Chhattisgarh,Begusarai,SO2,9.2,342.7,172.3,160,Unhealthy,16.3,59.7,14.1
Chhattisgarh,Vijayapura,CO,25.3,456.8,138.5,128,Unhealthy for Sensitive Groups,32.3,54.9,27.6
Jammu and Kashmir,Bahadurgarh,NH3,75.6,188.0,110.9,109,Unhealthy for Sensitive Groups,25.1,38.6,3.3
Arunachal Pradesh,Amritsar,PM10,65.7,293.2,215.2,284,Very Unhealthy,32.0,93.7,27.1
Rajasthan,Mathura,NO2,21.8,255.5,36.0,11,Good,27.5,62.0,24.9
Telangana,Nagaon,PM10,4.3,497.0,12.8,11,Good,28.8,76.1,0.9
Uttar Pradesh,Kashipur,CO,76.5,414.5,218.4,256,Very Unhealthy,36.5,69.9,17.1
West Bengal,Chennai,NO2,154.2,494.0,170.2,154,Unhealthy,35.8,93.2,16.0
Delhi,Meerut,PM2.5,14.3,458.2,240.7,292,Very Unhealthy,16.8,55.5,26.2
Tamil Nadu,Bhubaneswar,PM2.5,110.7,493.7,231.0,261,Very Unhealthy,15.1,30.2,9.4
Arunachal Pradesh,Ghaziabad,NO2,49.1,233.8,84.7,54,Moderate,32.0,50.4,8.2
Punjab,Koppal,NO2,59.4,484.7,85.3,61,Moderate,18.0,83.3,11.8
Bihar,Boisar,NH3,68.9,392.0,99.7,68,Moderate,37.2,47.7,25.5
Karnataka,Katihar,PM2.5,153.3,226.4,179.6,188,Unhealthy,17.6,93.5,8.4
Assam,Gummidipoondi,CO,37.2,408.4,78.5,78,Moderate,36.1,52.0,4.4
Arunachal Pradesh,Bileipada,PM2.5,53.6,370.6,153.4,184,Unhealthy,29.6,73.8,24.5
Punjab,Ballabgarh,NH3,0.2,433.9,142.0,132,Unhealthy for Sensitive Groups,22.4,53.7,7.0
Uttarakhand,Sri Ganganagar,NH3,8.3,208.7,48.9,17,Good,28.6,32.0,6.4
Odisha,Shillong,NO2,10.0,459.3,15.9,24,Good,30.0,88.6,28.9
Andhra Pradesh,Pratapgarh,CO,52.4,332.2,107.4,146,Unhealthy for Sensitive Groups,21.4,92.6,6.4
Andhra Pradesh,Maihar,CO,100.5,207.9,162.4,194,Unhealthy,32.9,90.9,14.8
Telangana,Chandigarh,CO,23.5,259.5,33.9,18,Good,39.7,56.0,4.5
Chhattisgarh,Ahmedabad,OZONE,28.1,379.3,100.4,484,Hazardous,20.8,54.9,1.0
Odisha,Nagpur,PM2.5,180.9,363.4,248.9,297,Very Unhealthy,25.0,53.0,26.5
Uttarakhand,Dausa,SO2,65.4,451.4,154.2,176,Unhealthy,26.1,51.7,24.8
Jammu and Kashmir,Barmer,PM10,1.9,286.1,5.3,25,Good,38.3,92.9,10.6
Assam,Nellore,OZONE,9.2,107.1,77.6,69,Moderate,39.8,39.1,3.4
Chhattisgarh,Nagaur,NH3,138.7,410.0,258.1,241,Very Unhealthy,38.6,54.0,8.5
Tripura,Mehsana,PM10,8.3,234.8,78.5,84,Moderate,36.8,40.4,12.0
Andhra Pradesh,Sonipat,NH3,15.6,199.8,198.0,182,Unhealthy,23.3,65.2,7.7
Himachal Pradesh,Mumbai,NH3,137.1,268.1,227.3,296,Very Unhealthy,31.5,61.6,5.9
Haryana,Katni,PM2.5,3.6,495.8,32.4,43,Good,36.2,45.7,17.7
Maharashtra,Mumbai,NO2,67.6,317.2,170.7,195,Unhealthy,35.5,68.5,8.6
Gujarat,Bhiwandi,NH3,18.9,417.2,27.9,50,Good,26.1,46.7,2.9
Haryana,Gangtok,CO,176.1,392.3,222.9,277,Very Unhealthy,31.9,65.2,24.9
Andhra Pradesh,Munger,CO,200.2,338.5,240.2,241,Very Unhealthy,15.5,47.8,25.8
Delhi,Chamarajanagar,NO2,223.2,350.5,230.3,269,Very Unhealthy,31.8,58.6,0.3
Jharkhand,Mathura,CO,92.0,496.9,170.8,155,Unhealthy,20.4,62.3,28.3
Haryana,Bagalkot,CO,16.7,313.3,161.2,192,Unhealthy,20.5,78.2,24.9
Puducherry,Baran,NO2,0.2,196.2,0.3,34,Good,27.9,55.1,29.1
Nagaland,Bathinda,PM10,85.1,394.3,226.4,255,Very Unhealthy,38.3,76.1,2.0
Rajasthan,Coimbatore,NO2,130.7,484.7,177.4,178,Unhealthy,32.1,93.3,10.3
Karnataka,Mandikhera,PM2.5,75.2,314.5,256.2,205,Very Unhealthy,23.6,90.0,3.6
Maharashtra,Tirupati,NO2,28.9,409.9,220.2,204,Very Unhealthy,25.7,50.8,8.6
Meghalaya,Patna,PM10,7.3,472.1,11.8,39,Good,17.0,35.1,24.5
Chandigarh,Maihar,NH3,20.0,391.6,103.4,131,Unhealthy for Sensitive Groups,23.0,49.5,18.5
Puducherry,Rajsamand,NH3,30.5,375.5,64.7,94,Moderate,31.6,63.1,9.7
Puducherry,Banswara,CO,48.8,323.0,247.7,267,Very Unhealthy,38.2,42.7,19.9
Chhattisgarh,Kadapa,SO2,1.5,186.4,107.2,129,Unhealthy for Sensitive Groups,24.1,64.0,10.9
Uttarakhand,Bhilwara,NH3,43.3,230.6,85.1,57,Moderate,31.1,62.1,24.0
Uttar Pradesh,Kannur,OZONE,218.9,451.9,234.5,270,Very Unhealthy,40.0,83.1,0.6
Rajasthan,Jalandhar,OZONE,59.6,122.7,65.6,97,Moderate,15.2,30.5,8.6
Kerala,Kunjemura,PM2.5,122.3,359.1,233.1,261,Very Unhealthy,29.3,76.5,18.8
Punjab,Jodhpur,NO2,8.5,15.3,9.0,5,Good,36.4,40.9,16.8
Madhya Pradesh,Meerut,PM2.5,65.6,365.2,259.0,291,Very Unhealthy,35.6,36.3,5.5
Puducherry,Korba,NH3,119.0,375.8,145.8,109,Unhealthy for Sensitive Groups,30.6,32.1,2.3
Arunachal Pradesh,Motihari,SO2,6.6,422.3,111.9,141,Unhealthy for Sensitive Groups,31.7,85.4,28.4
Arunachal Pradesh,Chittorgarh,PM10,7.9,368.7,140.3,123,Unhealthy for Sensitive Groups,37.1,59.7,2.4
Jammu and Kashmir,Bhilai,NH3,25.2,450.5,229.4,226,Very Unhealthy,26.6,89.2,18.6
Meghalaya,Arrah,SO2,4.9,73.6,8.7,47,Good,39.1,83.5,29.8
West Bengal,Vijayawada,PM10,52.9,385.4,85.7,93,Moderate,16.1,62.9,29.3
Meghalaya,Sri Ganganagar,SO2,77.6,303.2,92.3,56,Moderate,31.2,35.3,27.9
Himachal Pradesh,Vadodara,SO2,115.0,347.0,128.6,148,Unhealthy for Sensitive Groups,15.4,54.9,25.6
Punjab,Rishikesh,NO2,67.0,333.5,107.9,145,Unhealthy for Sensitive Groups,34.5,77.0,7.3
Rajasthan,Vijayawada,NH3,95.6,361.3,174.4,172,Unhealthy,19.0,68.0,20.5
Haryana,Guwahati,CO,8.7,397.9,203.9,211,Very Unhealthy,39.3,74.6,2.0
Punjab,Rourkela,SO2,110.1,487.9,157.8,163,Unhealthy,24.3,30.1,2.5
Rajasthan,Beed,NO2,26.4,81.2,49.9,32,Good,31.0,93.7,23.7
Arunachal Pradesh,Dharwad,NO2,131.9,345.8,234.2,259,Very Unhealthy,39.3,55.4,26.4
Gujarat,Dungarpur,NO2,143.0,294.3,258.7,242,Very Unhealthy,16.8,44.5,27.5
Nagaland,Nagpur,SO2,11.2,485.8,170.9,193,Unhealthy,35.8,51.0,18.2
Himachal Pradesh,Chhapra,NH3,34.9,388.5,101.0,121,Unhealthy for Sensitive Groups,25.8,69.6,8.2
Himachal Pradesh,Khora,PM2.5,0.8,348.0,29.6,6,Good,31.0,34.1,29.9
Karnataka,Firozabad,SO2,99.2,311.1,123.1,120,Unhealthy for Sensitive Groups,37.8,78.4,26.6
Sikkim,Sirsa,NH3,15.6,124.1,42.1,49,Good,24.4,49.1,28.7
Jammu and Kashmir,Rajamahendravaram,PM2.5,10.3,20.4,16.2,33,Good,31.1,68.6,29.3
Chandigarh,Churu,NO2,21.7,474.6,193.1,163,Unhealthy,18.4,69.5,20.7
Nagaland,Mahad,SO2,91.2,448.1,127.7,101,Unhealthy for Sensitive Groups,38.4,41.3,14.1
Assam,Vatva,OZONE,48.1,260.1,67.4,77,Moderate,31.5,61.6,29.2
Arunachal Pradesh,Howrah,SO2,96.8,454.0,133.6,115,Unhealthy for Sensitive Groups,30.4,84.4,11.0
Chhattisgarh,Noida,PM10,40.4,443.2,213.0,222,Very Unhealthy,17.6,92.0,29.8
Assam,Sivasagar,NO2,34.5,191.4,55.7,62,Moderate,28.2,75.4,18.9
Meghalaya,Baran,SO2,43.0,365.5,178.4,190,Unhealthy,35.6,83.1,20.4
Haryana,Byasanagar,NH3,159.5,239.6,203.1,265,Very Unhealthy,35.9,54.7,5.0
Kerala,Gwalior,CO,56.2,438.2,252.0,222,Very Unhealthy,38.8,90.5,14.4
Puducherry,Katni,PM2.5,120.1,425.9,176.8,157,Unhealthy,25.6,74.8,4.1
Rajasthan,Bhilai,NH3,14.4,300.3,187.0,189,Unhealthy,28.5,87.5,5.5
Uttarakhand,Jodhpur,NH3,193.6,318.5,233.3,261,Very Unhealthy,26.0,64.5,11.0
Uttar Pradesh,Boisar,CO,123.1,457.9,253.1,290,Very Unhealthy,36.0,33.3,13.9
Nagaland,Chamarajanagar,PM2.5,12.0,112.7,17.2,20,Good,28.0,87.0,4.6
Himachal Pradesh,Indore,CO,18.9,499.6,53.2,90,Moderate,29.3,45.6,14.5
Odisha,Vijayapura,NO2,140.7,468.5,247.3,214,Very Unhealthy,38.5,53.2,1.6
Madhya Pradesh,Pratapgarh,CO,120.2,309.9,264.3,289,Very Unhealthy,32.7,32.6,0.7
Chhattisgarh,Pali,OZONE,0.0,288.9,3.0,45,Good,20.0,72.3,6.1
Haryana,Ambala,NO2,23.2,448.0,155.7,170,Unhealthy,20.0,62.4,12.4
Madhya Pradesh,Ballabgarh,CO,72.6,479.8,86.0,79,Moderate,34.5,58.3,3.0
Uttar Pradesh,Mathura,NH3,85.5,364.1,197.6,174,Unhealthy,35.1,42.5,10.2
Madhya Pradesh,Rupnagar,PM2.5,185.3,369.1,193.1,152,Unhealthy,30.3,80.3,23.5
Odisha,Gaya,OZONE,175.2,281.2,261.6,299,Very Unhealthy,31.1,74.2,22.9
Telangana,Bettiah,NO2,144.7,269.8,255.9,269,Very Unhealthy,15.9,36.7,4.3
Delhi,Jhansi,NH3,15.0,344.0,66.1,68,Moderate,25.1,88.4,15.3
Rajasthan,Ambernath,PM2.5,28.3,270.1,105.2,130,Unhealthy for Sensitive Groups,32.5,90.8,29.5
Gujarat,Amaravati,NH3,48.2,478.8,114.4,147,Unhealthy for Sensitive Groups,38.2,45.4,25.4
Gujarat,Udaipur,CO,46.5,392.9,108.8,133,Unhealthy for Sensitive Groups,34.7,41.9,27.8
Tripura,Nagaur,OZONE,32.3,465.1,159.2,168,Unhealthy,20.3,92.7,2.7
Jharkhand,Amritsar,CO,147.6,342.8,195.1,183,Unhealthy,18.4,53.4,26.9
Jharkhand,Sri Ganganagar,PM2.5,107.2,394.9,202.2,275,Very Unhealthy,16.7,51.7,9.6
Uttar Pradesh,Coimbatore,NO2,56.9,338.8,126.7,111,Unhealthy for Sensitive Groups,18.9,66.8,25.1
Puducherry,Gwalior,PM10,0.4,364.6,7.7,18,Good,29.3,79.3,0.8
Chhattisgarh,Visakhapatnam,PM10,1.0,478.7,1.4,11,Good,28.1,85.0,3.4
Chhattisgarh,Jaisalmer,PM10,11.1,161.3,24.0,26,Good,27.7,68.3,10.7
Gujarat,Kannur,CO,153.4,255.2,240.6,227,Very Unhealthy,16.1,53.4,10.3
Andhra Pradesh,Satara,PM2.5,4.8,178.0,87.7,54,Moderate,23.3,54.8,18.3
Rajasthan,Bihar Sharif,PM2.5,58.8,407.8,232.4,242,Very Unhealthy,29.5,32.7,20.4
Arunachal Pradesh,Sri Ganganagar,SO2,24.7,75.5,54.1,54,Moderate,39.9,73.6,24.2
Nagaland,Gummidipoondi,OZONE,97.9,236.3,197.5,157,Unhealthy,23.3,82.8,3.1
Bihar,Naharlagun,PM2.5,220.8,355.3,265.1,247,Very Unhealthy,27.3,60.2,17.1
Assam,Singrauli,NO2,189.9,384.3,258.6,251,Very Unhealthy,30.3,70.9,13.8
Bihar,Korba,SO2,51.0,385.5,127.8,148,Unhealthy for Sensitive Groups,25.4,94.5,2.8
Madhya Pradesh,Arrah,PM2.5,129.0,397.1,160.3,166,Unhealthy,36.5,43.6,2.7
Odisha,Durgapur,PM2.5,19.7,213.7,82.6,61,Moderate,37.8,87.0,10.5
Andhra Pradesh,Ahmednagar,NO2,11.0,43.5,21.9,11,Good,32.2,65.0,16.0
Karnataka,Delhi,CO,21.3,147.7,41.6,35,Good,34.3,50.4,30.0
Assam,Korba,NH3,96.2,170.2,140.8,106,Unhealthy for Sensitive Groups,26.5,55.1,30.0
Rajasthan,Kalaburagi,NH3,15.0,313.9,15.0,48,Good,22.6,52.0,22.4
Odisha,Gurugram,NO2,77.5,429.8,262.2,282,Very Unhealthy,18.5,49.6,7.7
Uttar Pradesh,Gwalior,NH3,81.6,224.1,150.1,375,Hazardous,18.5,59.1,28.7
Jharkhand,Bhilai,PM2.5,56.4,399.1,249.6,279,Very Unhealthy,35.6,89.6,1.7
Puducherry,Bundi,NO2,104.2,345.4,265.7,239,Very Unhealthy,16.8,40.0,15.0
Meghalaya,Gummidipoondi,PM10,8.2,221.0,166.7,155,Unhealthy,28.7,77.2,19.4
Madhya Pradesh,Prayagraj,CO,0.1,100.6,65.2,52,Moderate,21.1,51.4,12.7
Himachal Pradesh,Machilipatnam,CO,47.9,353.5,129.2,132,Unhealthy for Sensitive Groups,28.7,76.2,12.8
Tripura,Bhopal,SO2,6.2,418.2,50.8,419,Hazardous,16.0,71.9,16.9
Karnataka,Baghpat,PM2.5,14.1,312.9,196.1,154,Unhealthy,35.8,92.5,29.1
Maharashtra,Ulhasnagar,NH3,0.5,289.9,21.6,36,Good,18.5,60.1,19.7
Uttarakhand,Bharatpur,PM10,4.2,70.8,14.3,48,Good,18.5,66.2,1.3
Chandigarh,Jhalawar,NO2,162.9,455.2,167.6,195,Unhealthy,26.9,81.6,20.6
Bihar,Ankleshwar,PM10,28.8,222.7,101.4,150,Unhealthy for Sensitive Groups,18.0,64.7,15.1
Delhi,Byrnihat,OZONE,10.2,420.1,81.9,68,Moderate,16.8,53.1,6.3
Jammu and Kashmir,Sri Ganganagar,PM10,53.9,491.9,155.2,180,Unhealthy,21.6,50.4,13.6
Kerala,Gummidipoondi,PM10,35.7,164.6,137.3,137,Unhealthy for Sensitive Groups,25.8,87.4,29.6
Madhya Pradesh,Siwan,NO2,37.8,281.6,124.4,137,Unhealthy for Sensitive Groups,20.3,63.6,20.8
Odisha,Tirumala,NH3,13.0,348.3,174.5,196,Unhealthy,19.1,34.5,5.1
West Bengal,Karnal,PM10,137.5,424.5,213.4,251,Very Unhealthy,25.6,37.9,23.0
Jharkhand,Gaya,SO2,15.3,160.4,30.4,0,Good,30.1,42.6,17.4
Tripura,Gwalior,NO2,67.9,491.0,170.6,169,Unhealthy,30.8,66.6,9.0
Rajasthan,Rohtak,PM2.5,160.5,468.2,193.2,158,Unhealthy,36.6,69.0,17.7
Chandigarh,Beed,CO,18.9,224.1,82.6,66,Moderate,23.4,64.8,18.6
Chandigarh,Hyderabad,CO,235.4,253.5,245.9,232,Very Unhealthy,21.1,88.3,6.0
Rajasthan,Sagar,NH3,74.3,212.1,160.4,199,Unhealthy,24.2,71.8,17.2
Kerala,Chittoor,PM2.5,109.6,289.4,133.0,143,Unhealthy for Sensitive Groups,24.3,39.1,10.9
Delhi,Khurja,CO,3.3,327.9,22.3,17,Good,15.6,65.2,8.2
Punjab,Silchar,NO2,77.9,270.4,85.4,96,Moderate,35.0,80.2,1.6
Bihar,Madikeri,NH3,12.3,119.4,59.5,69,Moderate,29.9,46.0,26.8
Punjab,Satara,SO2,206.7,296.5,243.2,297,Very Unhealthy,25.0,31.5,15.2
Mizoram,Bhilai,NO2,76.4,168.5,140.5,108,Unhealthy for Sensitive Groups,24.7,46.6,24.8
Uttarakhand,Pimpri-Chinchwad,NO2,39.7,241.1,185.8,181,Unhealthy,29.2,87.2,4.9
Odisha,Baghpat,PM2.5,25.0,334.2,60.5,92,Moderate,20.4,31.4,26.8
West Bengal,Firozabad,CO,53.2,269.8,238.6,260,Very Unhealthy,23.9,48.6,21.5
Madhya Pradesh,Khanna,PM10,19.1,184.6,72.0,87,Moderate,38.8,73.7,20.8
Haryana,Amritsar,SO2,98.9,384.2,114.6,149,Unhealthy for Sensitive Groups,22.0,57.0,25.4
Assam,Howrah,NO2,41.9,149.9,115.0,133,Unhealthy for Sensitive Groups,27.8,88.5,10.4
Chhattisgarh,Nandesari,PM10,58.2,92.3,82.2,67,Moderate,36.4,56.4,17.3
Tripura,Vapi,CO,198.3,349.7,246.4,300,Very Unhealthy,28.6,59.2,11.7
Jammu and Kashmir,Motihari,PM10,98.7,149.6,126.2,105,Unhealthy for Sensitive Groups,32.2,37.0,0.0
Uttarakhand,Patna,OZONE,34.6,394.6,49.0,46,Good,24.5,42.5,14.5
West Bengal,Bengaluru,PM10,89.8,362.9,150.0,127,Unhealthy for Sensitive Groups,21.0,88.3,7.6
Delhi,Chamarajanagar,SO2,0.7,98.3,15.8,18,Good,31.2,86.0,3.8
West Bengal,Kadapa,PM10,4.6,446.5,39.9,6,Good,32.3,52.4,2.8
Odisha,Jalna,NH3,32.3,290.1,169.4,165,Unhealthy,37.9,69.8,21.1
Kerala,Delhi,SO2,20.2,396.6,183.5,195,Unhealthy,18.2,33.9,25.3
Rajasthan,Sagar,SO2,25.0,351.6,195.4,157,Unhealthy,17.5,68.1,7.3
Haryana,Karauli,NO2,13.2,352.7,42.1,30,Good,24.4,49.6,10.7
Sikkim,Bettiah,NH3,78.9,232.0,82.3,89,Moderate,37.1,72.1,11.0
Delhi,Hyderabad,PM10,38.4,147.2,94.8,66,Moderate,39.8,90.4,17.5
Sikkim,Chittoor,CO,147.4,491.4,151.6,158,Unhealthy,32.1,44.2,26.4
Meghalaya,Karwar,OZONE,84.5,497.4,202.1,220,Very Unhealthy,35.2,57.1,0.1
Telangana,Jodhpur,PM2.5,128.3,480.6,207.7,251,Very Unhealthy,24.5,32.0,8.7
Puducherry,Ahmedabad,PM10,3.0,323.7,58.5,95,Moderate,37.1,39.4,15.3
Bihar,Ballabgarh,NO2,51.1,119.4,97.0,82,Moderate,26.2,44.7,19.7
Tamil Nadu,Guwahati,OZONE,4.8,357.6,16.5,19,Good,17.7,89.6,26.6
Uttarakhand,Begusarai,PM2.5,57.0,260.8,88.5,55,Moderate,25.3,62.2,6.1
Jammu and Kashmir,Solapur,SO2,6.6,398.9,78.6,67,Moderate,28.7,31.5,12.7
Uttar Pradesh,Chandigarh,CO,27.2,486.0,56.6,68,Moderate,34.9,89.0,7.1
Assam,Kashipur,CO,67.5,333.2,224.9,246,Very Unhealthy,35.0,91.9,21.2
Odisha,Dombivli,CO,49.0,276.2,115.0,150,Unhealthy for Sensitive Groups,37.1,46.9,7.6
Uttar Pradesh,Buxar,PM2.5,103.2,399.4,191.2,180,Unhealthy,38.5,81.9,3.4
Sikkim,Singrauli,CO,115.8,364.5,191.6,182,Unhealthy,23.2,61.6,3.3
Rajasthan,Motihari,SO2,6.0,269.5,113.8,127,Unhealthy for Sensitive Groups,39.8,60.7,3.8
Bihar,Silchar,SO2,126.8,420.7,211.7,207,Very Unhealthy,20.6,47.4,12.0
Jharkhand,Asansol,OZONE,77.8,163.2,112.5,108,Unhealthy for Sensitive Groups,37.4,87.7,21.4
West Bengal,Narnaul,NO2,130.8,283.2,233.3,251,Very Unhealthy,18.6,63.5,18.2
Tripura,Rajamahendravaram,PM2.5,10.0,364.1,130.5,132,Unhealthy for Sensitive Groups,35.9,34.3,25.9
Sikkim,Nellore,CO,189.8,372.0,217.6,262,Very Unhealthy,20.3,30.9,21.8
Nagaland,Narnaul,CO,3.7,360.6,25.9,11,Good,16.9,57.9,13.0
Tripura,Visakhapatnam,NH3,139.4,257.9,255.4,226,Very Unhealthy,22.3,48.2,19.8
Chandigarh,Madikeri,CO,171.3,491.0,244.2,261,Very Unhealthy,30.5,88.5,26.8
Jharkhand,Bharatpur,PM2.5,15.4,452.5,59.3,89,Moderate,35.1,71.2,4.7
Jammu and Kashmir,Modinagar,PM2.5,31.3,295.1,176.4,197,Unhealthy,19.5,75.6,16.2
Andhra Pradesh,Sri Ganganagar,SO2,80.9,445.0,147.9,104,Unhealthy for Sensitive Groups,30.7,38.6,23.5
Nagaland,Gorakhpur,NH3,15.3,184.5,69.7,53,Moderate,30.7,65.3,5.5
Jharkhand,Kota,SO2,169.9,320.0,229.3,213,Very Unhealthy,25.7,91.4,15.8
West Bengal,Agartala,NH3,137.8,232.3,159.2,193,Unhealthy,23.7,30.5,5.6
Odisha,Kadapa,OZONE,94.8,308.5,130.0,112,Unhealthy for Sensitive Groups,15.9,42.2,11.0
Maharashtra,Navi Mumbai,OZONE,1.6,378.7,4.2,20,Good,17.4,68.6,9.7
Maharashtra,Munger,NH3,64.3,241.2,185.8,179,Unhealthy,34.8,79.5,19.8
Assam,Gurugram,NO2,52.2,206.2,66.9,78,Moderate,38.3,89.2,20.9
Assam,Charkhi Dadri,CO,81.7,387.6,84.2,69,Moderate,22.4,44.8,26.5
Tripura,Belapur,NH3,35.8,109.0,80.6,63,Moderate,21.4,92.2,1.7
Chhattisgarh,Byasanagar,SO2,125.9,236.8,224.0,276,Very Unhealthy,35.7,64.0,29.3
Tamil Nadu,Mangalore,PM2.5,6.1,415.6,8.3,28,Good,15.5,92.4,8.7
Bihar,Kishanganj,PM2.5,25.5,256.5,161.8,183,Unhealthy,15.2,33.1,10.9
Uttarakhand,Sasaram,NO2,17.6,103.7,23.4,6,Good,18.6,49.1,26.0
Tripura,Gadag,NO2,109.5,312.3,229.1,285,Very Unhealthy,18.9,47.9,11.1
Chandigarh,Kishanganj,CO,68.4,458.2,85.9,55,Moderate,24.1,53.5,14.1
Jharkhand,Sirsa,NO2,74.0,146.0,90.0,78,Moderate,15.2,34.3,10.2
Bihar,Charkhi Dadri,CO,1.1,211.6,21.9,38,Good,33.4,47.0,3.2
Maharashtra,Cuddalore,PM10,10.0,404.1,31.8,8,Good,17.7,48.0,28.0
Jammu and Kashmir,Yadgir,PM10,73.7,253.1,86.1,99,Moderate,38.9,54.4,27.0
West Bengal,Hisar,NO2,27.4,199.2,87.7,69,Moderate,30.1,35.5,15.2
Maharashtra,Charkhi Dadri,SO2,72.3,370.2,150.1,403,Hazardous,32.5,66.7,6.2
Chandigarh,Bhavnagar,CO,49.8,421.1,231.7,287,Very Unhealthy,38.6,72.9,25.9
Maharashtra,Angul,NH3,0.6,297.7,37.7,36,Good,33.6,40.7,25.0
Assam,Kalaburagi,NH3,5.0,379.4,44.5,0,Good,26.6,62.2,29.7
Jammu and Kashmir,Jhalawar,SO2,51.6,322.0,251.2,249,Very Unhealthy,23.3,75.1,24.5
Chhattisgarh,Bahadurgarh,NO2,58.7,194.9,125.9,140,Unhealthy for Sensitive Groups,24.7,38.7,7.3
Arunachal Pradesh,Mumbai,CO,40.4,411.4,70.8,83,Moderate,36.2,39.0,21.5
Sikkim,Cuddalore,NO2,21.1,449.6,99.8,90,Moderate,30.7,63.9,12.4
Rajasthan,Pithampur,NO2,7.9,323.2,18.2,26,Good,22.2,39.6,24.1
Maharashtra,Singrauli,NO2,109.7,392.6,111.7,141,Unhealthy for Sensitive Groups,36.9,64.1,11.5
Himachal Pradesh,Kollam,NO2,71.4,262.6,93.5,94,Moderate,21.7,92.9,4.6
Rajasthan,Parbhani,NO2,1.1,231.6,1.7,29,Good,23.4,85.2,18.4
Madhya Pradesh,Khurja,OZONE,5.9,280.3,30.5,41,Good,37.3,81.0,21.1
Chhattisgarh,Baghpat,PM2.5,18.1,268.8,25.1,28,Good,19.1,88.1,12.8
Puducherry,Bhavnagar,NO2,23.3,128.3,113.6,107,Unhealthy for Sensitive Groups,16.7,42.0,10.8
Madhya Pradesh,Fatehabad,SO2,232.0,470.5,235.1,300,Very Unhealthy,27.9,91.6,3.2
Odisha,Nellore,SO2,138.2,431.0,248.3,230,Very Unhealthy,30.0,77.1,28.1
Jammu and Kashmir,Asansol,CO,12.5,457.8,249.9,215,Very Unhealthy,38.0,41.6,1.8
Chhattisgarh,Vapi,PM10,173.1,467.7,195.8,162,Unhealthy,31.2,88.9,16.4
Jammu and Kashmir,Kashipur,NO2,26.8,269.1,143.9,107,Unhealthy for Sensitive Groups,26.7,58.8,4.7
Delhi,Yadgir,NH3,51.9,325.0,92.6,100,Moderate,15.6,37.2,14.3
Tripura,Bhavnagar,OZONE,11.5,412.1,19.0,22,Good,35.0,86.0,14.7
Gujarat,Palwal,NH3,23.6,223.7,29.4,21,Good,16.8,87.6,26.8
Mizoram,Indore,SO2,4.3,391.1,5.7,8,Good,15.4,42.7,22.8
Delhi,Gaya,SO2,12.6,179.4,152.4,170,Unhealthy,19.4,71.7,18.7
Arunachal Pradesh,Ballabgarh,CO,100.0,260.2,149.2,145,Unhealthy for Sensitive Groups,18.0,94.7,20.2
Bihar,Cuddalore,SO2,50.0,232.0,154.2,174,Unhealthy,22.3,44.9,8.3
Puducherry,Agartala,NO2,104.3,434.1,206.4,249,Very Unhealthy,28.0,71.1,28.1
Telangana,Bhavnagar,SO2,71.0,497.0,149.0,121,Unhealthy for Sensitive Groups,29.6,51.8,14.7
Andhra Pradesh,Amravati,PM2.5,132.8,306.7,134.9,147,Unhealthy for Sensitive Groups,30.3,83.8,25.8
Uttarakhand,Jaipur,CO,146.5,356.3,236.9,271,Very Unhealthy,15.2,69.0,0.2
Bihar,Chennai,SO2,6.8,216.1,95.2,61,Moderate,15.5,49.2,0.9
Sikkim,Baddi,PM10,95.3,264.1,218.2,204,Very Unhealthy,35.4,66.9,22.5
Chhattisgarh,Siliguri,NO2,48.1,250.9,103.2,130,Unhealthy for Sensitive Groups,19.6,67.9,27.5
Puducherry,Bhiwandi,NH3,44.4,275.5,128.3,114,Unhealthy for Sensitive Groups,28.5,40.2,4.4
Tripura,Gaya,NH3,5.6,292.8,75.5,57,Moderate,24.8,64.7,0.1
Chhattisgarh,Agra,CO,134.8,457.3,217.7,289,Very Unhealthy,34.0,71.7,9.2
Haryana,Solapur,OZONE,31.1,272.2,77.9,59,Moderate,21.8,79.5,11.5
Punjab,Charkhi Dadri,NO2,140.6,226.9,176.9,159,Unhealthy,30.7,32.0,23.3
Himachal Pradesh,Kannur,PM10,132.1,333.4,158.6,165,Unhealthy,27.9,41.9,7.8
Haryana,Bathinda,PM10,233.5,322.2,258.8,208,Very Unhealthy,24.3,74.4,17.5
Andhra Pradesh,Chittoor,PM2.5,217.5,448.2,220.9,254,Very Unhealthy,29.7,54.0,27.1
Jharkhand,Raipur,NH3,13.3,424.3,16.7,22,Good,39.7,61.0,25.8
Rajasthan,Madurai,SO2,0.9,229.9,8.1,30,Good,38.1,66.8,6.3
West Bengal,Pampore,PM10,92.3,426.7,227.3,236,Very Unhealthy,28.1,55.9,29.9
Chandigarh,Rajgir,PM2.5,133.7,314.5,186.8,157,Unhealthy,35.4,70.9,12.7
Andhra Pradesh,Bhilai,SO2,0.5,486.2,10.3,18,Good,16.6,57.7,18.9
Nagaland,Mangalore,PM2.5,54.9,208.4,82.2,97,Moderate,19.0,69.6,23.7
Madhya Pradesh,Mathura,NH3,50.3,360.6,82.9,56,Moderate,33.4,40.9,28.2
Maharashtra,Noida,SO2,86.2,378.7,255.1,279,Very Unhealthy,25.5,32.4,8.6
Assam,Raipur,CO,95.5,322.1,178.7,162,Unhealthy,23.8,48.1,24.7
Kerala,Pampore,NH3,14.6,117.0,80.3,87,Moderate,38.9,84.8,10.6
Arunachal Pradesh,Bagalkot,PM2.5,17.1,375.7,203.4,255,Very Unhealthy,22.9,49.5,28.2
Meghalaya,Shivamogga,NH3,68.5,224.5,189.3,168,Unhealthy,18.5,79.1,21.6
Nagaland,Agartala,NH3,78.8,298.4,168.3,168,Unhealthy,16.1,36.9,18.1
Telangana,Begusarai,NH3,95.6,339.1,251.1,251,Very Unhealthy,24.9,79.2,19.2
Meghalaya,Patna,PM10,4.1,245.9,17.3,6,Good,29.3,93.5,25.3
Chandigarh,Ambernath,NH3,163.1,350.2,192.6,195,Unhealthy,16.3,80.7,24.0
Tripura,Chhapra,NO2,59.3,167.7,96.9,91,Moderate,37.0,61.7,14.3
Tamil Nadu,Rohtak,OZONE,20.3,438.9,33.2,25,Good,22.9,51.0,18.7
Tripura,Lucknow,OZONE,160.0,245.1,197.8,156,Unhealthy,35.2,86.8,6.8
Sikkim,Kashipur,NH3,117.3,326.7,165.1,160,Unhealthy,33.3,52.3,11.5
Uttarakhand,Mandi Gobindgarh,NH3,12.8,338.6,88.4,81,Moderate,23.5,44.3,26.3
Chhattisgarh,Akola,NO2,94.6,289.6,120.9,136,Unhealthy for Sensitive Groups,15.1,63.9,7.9
Madhya Pradesh,Milupara,PM10,88.0,293.9,189.2,199,Unhealthy,20.1,63.5,22.6
Arunachal Pradesh,Varanasi,CO,80.6,295.7,87.3,97,Moderate,32.5,44.5,15.5
Odisha,Chamarajanagar,SO2,64.0,285.6,115.7,106,Unhealthy for Sensitive Groups,19.1,50.3,4.7
Sikkim,Gangtok,CO,6.9,243.0,134.4,102,Unhealthy for Sensitive Groups,28.1,32.3,25.1
Karnataka,Navi Mumbai,NO2,5.8,263.6,232.1,300,Very Unhealthy,33.3,33.1,27.4
Bihar,Varanasi,SO2,20.6,399.1,74.3,93,Moderate,23.3,45.6,27.9
Uttar Pradesh,Gorakhpur,NO2,4.1,195.6,20.8,33,Good,26.6,42.7,2.9
Odisha,Aizawl,CO,3.8,56.5,32.0,42,Good,18.0,92.4,13.6
Tamil Nadu,Rishikesh,PM10,10.2,289.8,14.0,46,Good,26.2,45.8,11.5
Jammu and Kashmir,Katihar,NO2,157.2,319.8,207.5,293,Very Unhealthy,38.3,52.4,11.1
Tamil Nadu,Baddi,NO2,37.9,260.8,71.4,99,Moderate,26.3,80.9,27.7
Jammu and Kashmir,Satna,NH3,158.5,290.3,187.5,176,Unhealthy,37.7,89.1,7.0
Chandigarh,Vrindavan,OZONE,21.1,373.3,21.5,38,Good,26.6,86.8,3.0
West Bengal,Korba,OZONE,9.6,107.3,19.3,29,Good,33.7,32.2,15.5
Tripura,Srinagar,PM10,33.7,324.9,54.1,67,Moderate,25.5,79.6,5.9
West Bengal,Jhunjhunu,NO2,0.4,370.2,6.2,33,Good,32.1,47.2,15.8
Madhya Pradesh,Jodhpur,OZONE,29.5,206.0,47.2,1,Good,33.2,55.3,27.0
Delhi,Shillong,NO2,20.1,223.8,97.7,89,Moderate,15.9,70.9,10.9
Telangana,Milupara,NH3,2.2,286.9,18.0,17,Good,37.0,63.5,15.4
Uttar Pradesh,Sagar,NO2,103.1,349.1,212.4,271,Very Unhealthy,16.1,51.5,9.2
Karnataka,Jalandhar,PM10,58.6,351.5,60.2,79,Moderate,22.0,44.9,13.8
Madhya Pradesh,Dharuhera,PM10,11.7,81.4,48.2,48,Good,23.4,83.6,8.5
Maharashtra,Chikkamagaluru,PM10,65.1,397.5,119.6,150,Unhealthy for Sensitive Groups,22.7,42.6,25.4
Telangana,Rajamahendravaram,PM2.5,85.0,370.4,213.6,211,Very Unhealthy,38.2,41.7,12.3
Arunachal Pradesh,Udaipur,CO,35.2,469.0,53.3,96,Moderate,16.4,35.7,25.3
Odisha,Tirupati,NO2,179.1,430.3,225.5,271,Very Unhealthy,25.2,36.3,29.7
Chhattisgarh,Bengaluru,SO2,1.3,61.7,1.5,33,Good,23.2,57.8,4.0
Gujarat,Ludhiana,CO,42.1,340.3,239.4,228,Very Unhealthy,16.8,55.9,28.8
West Bengal,Nandesari,NO2,14.0,428.6,182.5,183,Unhealthy,36.9,46.0,19.6
West Bengal,Dhanbad,CO,101.7,198.1,191.9,151,Unhealthy,26.2,56.9,11.3
Delhi,Bettiah,CO,25.0,333.2,92.3,56,Moderate,27.9,83.7,2.7
Jharkhand,Eluru,SO2,193.9,252.2,232.6,209,Very Unhealthy,34.6,43.9,16.7
Kerala,Sirsa,NO2,50.0,489.3,72.6,99,Moderate,30.9,61.9,1.0
Madhya Pradesh,Panipat,CO,122.7,246.2,197.6,164,Unhealthy,15.4,44.6,11.0
Meghalaya,Eluru,SO2,94.5,338.6,152.8,192,Unhealthy,31.8,38.5,25.9
Tamil Nadu,Pampore,PM10,8.3,294.8,208.3,212,Very Unhealthy,35.2,43.1,26.3
Meghalaya,Jalore,PM10,157.6,217.3,158.1,182,Unhealthy,20.2,81.7,1.7
Chhattisgarh,Malegaon,SO2,4.1,43.4,13.1,8,Good,26.9,93.8,27.7
Mizoram,Meerut,SO2,230.8,420.4,257.8,259,Very Unhealthy,37.5,86.2,28.7
Himachal Pradesh,Pali,PM2.5,117.8,198.9,131.6,117,Unhealthy for Sensitive Groups,35.1,33.2,6.9
Delhi,Charkhi Dadri,CO,67.8,242.1,225.1,268,Very Unhealthy,39.3,92.9,24.2
Meghalaya,Dombivli,PM10,18.0,152.8,19.1,40,Good,26.4,56.1,4.8
Rajasthan,Kurukshetra,CO,21.8,338.2,255.3,245,Very Unhealthy,26.9,39.1,0.9
Tamil Nadu,Ballabgarh,PM10,43.4,372.1,79.9,61,Moderate,15.4,53.2,10.9
Arunachal Pradesh,Vrindavan,SO2,146.0,354.1,151.0,191,Unhealthy,25.0,78.6,22.6
Puducherry,Kashipur,NH3,92.9,420.8,158.7,188,Unhealthy,29.8,53.2,6.7
Mizoram,Jhalawar,CO,213.5,360.2,255.5,265,Very Unhealthy,38.2,30.1,16.9
Tamil Nadu,Sagar,NH3,2.8,349.8,17.5,22,Good,25.5,64.8,4.9
Mizoram,Aurangabad,NO2,61.0,427.9,82.4,51,Moderate,20.1,33.8,8.3
Uttarakhand,Jind,NO2,83.6,272.2,84.9,75,Moderate,31.3,72.3,15.5
Tamil Nadu,Kunjemura,SO2,31.6,156.4,39.9,36,Good,25.1,45.8,18.1
Uttarakhand,Bhubaneswar,SO2,204.7,477.4,210.6,266,Very Unhealthy,33.2,43.3,23.2
West Bengal,Tirumala,PM10,67.1,367.6,219.1,214,Very Unhealthy,37.2,74.3,0.2
Gujarat,Guntur,NO2,52.6,292.4,137.1,141,Unhealthy for Sensitive Groups,21.3,40.4,14.8
Maharashtra,Maihar,OZONE,65.3,227.5,225.9,295,Very Unhealthy,33.4,33.0,5.7
Andhra Pradesh,Ambernath,NH3,130.8,498.2,236.9,276,Very Unhealthy,22.5,82.8,12.7
Puducherry,Durgapur,PM2.5,22.9,339.5,88.1,90,Moderate,36.5,85.5,7.7
Bihar,Virar,NO2,1.4,248.7,8.1,40,Good,30.4,73.7,9.8
Uttarakhand,Sirsa,NH3,93.6,489.0,165.7,172,Unhealthy,19.4,70.6,7.5
Odisha,Mandideep,SO2,34.9,98.6,64.1,66,Moderate,16.9,40.2,23.5
Arunachal Pradesh,Gwalior,NH3,89.0,300.4,180.5,170,Unhealthy,30.5,46.4,13.4
Himachal Pradesh,Charkhi Dadri,NO2,76.9,281.1,147.2,112,Unhealthy for Sensitive Groups,36.8,47.7,26.0
Andhra Pradesh,Hyderabad,SO2,5.0,182.6,50.8,442,Hazardous,15.6,38.1,8.0
Jharkhand,Dungarpur,NH3,12.3,295.7,41.6,48,Good,36.1,32.8,23.9
Mizoram,Sagar,NH3,0.3,121.1,1.4,33,Good,27.5,64.1,8.3
Punjab,Amritsar,PM10,92.4,318.4,212.1,277,Very Unhealthy,30.4,44.6,15.5
Punjab,Bathinda,CO,0.2,150.0,103.8,123,Unhealthy for Sensitive Groups,37.6,81.9,13.3
Puducherry,Rohtak,OZONE,180.4,317.5,248.2,252,Very Unhealthy,21.3,77.9,28.4
Madhya Pradesh,Bhavnagar,SO2,29.7,462.8,44.2,45,Good,17.4,53.7,23.6
Jammu and Kashmir,Amritsar,OZONE,39.7,154.6,71.4,60,Moderate,20.5,75.5,16.7
Sikkim,Banswara,NH3,58.6,113.2,69.4,93,Moderate,29.0,81.8,27.3
Madhya Pradesh,Kanpur,OZONE,33.1,266.1,185.0,185,Unhealthy,30.2,53.0,18.8
Odisha,Palwal,CO,23.3,267.0,57.3,73,Moderate,28.3,76.6,3.4
Maharashtra,Ballabgarh,NO2,49.1,78.9,77.8,86,Moderate,20.7,66.9,13.4
Jharkhand,Bharatpur,CO,101.6,239.3,175.5,184,Unhealthy,39.5,36.7,29.7
Punjab,Latur,NH3,122.9,412.3,151.9,173,Unhealthy,24.4,80.0,24.8
West Bengal,Boisar,OZONE,0.1,114.9,0.2,23,Good,27.7,94.1,0.0
Mizoram,Maihar,NO2,12.4,166.8,75.7,76,Moderate,16.2,73.7,16.8
Jammu and Kashmir,Ahmednagar,OZONE,19.5,454.6,155.6,153,Unhealthy,30.3,56.6,7.6
Maharashtra,Satara,OZONE,10.8,40.9,16.6,27,Good,22.8,65.2,11.8
Jammu and Kashmir,Thoothukudi,NH3,151.6,476.5,167.7,190,Unhealthy,38.8,87.5,22.2
Punjab,Koppal,NH3,12.4,459.4,15.8,15,Good,20.9,94.1,26.2
Mizoram,Dungarpur,NH3,51.9,360.5,163.4,193,Unhealthy,30.7,89.6,27.4
Tamil Nadu,Hisar,NH3,3.7,308.3,114.8,147,Unhealthy for Sensitive Groups,36.6,92.3,17.2
Delhi,Chikkaballapur,OZONE,10.5,481.6,53.5,83,Moderate,29.3,61.9,19.6
Rajasthan,Vadodara,CO,38.4,497.1,224.8,287,Very Unhealthy,29.8,53.1,4.8
Meghalaya,Amritsar,SO2,37.3,411.6,101.3,137,Unhealthy for Sensitive Groups,30.7,66.6,17.9
Gujarat,Churu,OZONE,3.3,463.5,263.2,257,Very Unhealthy,28.2,47.7,26.5
Puducherry,Hisar,CO,72.5,439.6,136.0,101,Unhealthy for Sensitive Groups,33.2,77.6,25.4
Andhra Pradesh,Noida,OZONE,66.1,343.4,156.1,161,Unhealthy,22.3,47.2,15.5
Jharkhand,Meerut,PM2.5,52.5,478.5,123.1,127,Unhealthy for Sensitive Groups,37.2,79.2,25.3
Nagaland,Patna,NH3,0.3,488.7,1.2,8,Good,24.5,36.2,11.0
Bihar,Kashipur,PM2.5,148.6,344.9,174.1,158,Unhealthy,25.0,62.8,18.7
Punjab,Bhagalpur,OZONE,61.6,248.1,91.4,67,Moderate,17.6,50.7,23.2
Sikkim,Ratlam,OZONE,39.6,423.2,157.0,200,Unhealthy,32.2,58.9,14.1
Chhattisgarh,Guwahati,PM10,85.8,205.4,123.3,112,Unhealthy for Sensitive Groups,20.5,41.5,7.4
Bihar,Kohima,CO,165.8,498.6,180.6,188,Unhealthy,24.3,61.3,22.9
Gujarat,Jaisalmer,PM10,65.6,494.5,122.2,116,Unhealthy for Sensitive Groups,38.8,87.1,5.3
Haryana,Amaravati,NH3,60.3,446.7,256.7,247,Very Unhealthy,27.1,58.8,20.9
Telangana,Durgapur,OZONE,50.0,324.9,76.7,63,Moderate,37.7,56.8,25.6
Puducherry,Madikeri,NH3,2.7,275.3,26.8,38,Good,31.4,64.7,7.2
Delhi,Ahmednagar,PM10,10.2,91.4,28.4,24,Good,21.0,76.5,0.6
Himachal Pradesh,Virar,SO2,11.0,383.6,18.2,26,Good,17.5,48.9,8.6
Uttar Pradesh,Lucknow,OZONE,3.3,225.4,217.3,230,Very Unhealthy,20.0,70.9,19.2
Haryana,Vrindavan,PM2.5,0.8,225.3,4.3,6,Good,38.5,78.2,27.8
Nagaland,Nellore,SO2,48.1,422.8,88.8,59,Moderate,38.8,43.4,13.7
Chandigarh,Ankleshwar,PM10,23.4,146.5,32.7,40,Good,23.3,67.2,22.2
Arunachal Pradesh,Pali,PM10,44.4,427.2,52.9,84,Moderate,30.1,76.0,13.0
Madhya Pradesh,Kohima,NH3,4.1,240.6,68.0,89,Moderate,16.5,47.4,22.1
Puducherry,Modinagar,NO2,79.5,361.7,183.8,177,Unhealthy,22.5,79.1,16.7
Madhya Pradesh,Tirupati,NO2,24.6,305.2,100.3,445,Hazardous,29.4,34.2,6.3
Himachal Pradesh,Palwal,SO2,23.1,115.4,68.3,57,Moderate,25.8,64.5,20.1
Himachal Pradesh,Bhiwani,SO2,27.5,433.8,79.7,78,Moderate,33.2,76.4,24.6
Tamil Nadu,Rairangpur,NO2,15.4,399.8,151.0,183,Unhealthy,30.6,55.5,25.9
Tamil Nadu,Puducherry,CO,0.3,62.0,13.4,39,Good,28.2,93.9,13.8
Meghalaya,Agra,OZONE,5.4,433.1,32.1,8,Good,39.2,55.0,13.5
Sikkim,Sirohi,NH3,202.4,258.9,226.6,241,Very Unhealthy,19.3,51.0,6.1
Punjab,Byrnihat,PM2.5,32.4,151.1,106.9,124,Unhealthy for Sensitive Groups,30.5,41.0,27.0
Assam,Mangalore,CO,52.4,370.5,223.4,213,Very Unhealthy,24.6,60.9,24.6
Haryana,Baddi,SO2,30.0,148.4,98.9,99,Moderate,35.3,83.9,2.0
Punjab,Maihar,NO2,0.3,493.0,106.0,105,Unhealthy for Sensitive Groups,20.6,34.4,25.7
Arunachal Pradesh,Meerut,PM2.5,21.0,232.0,80.4,74,Moderate,34.3,86.5,6.6
Rajasthan,Barrackpore,PM10,214.8,365.4,216.2,257,Very Unhealthy,25.9,74.9,21.2
Andhra Pradesh,Tonk,NO2,19.5,460.1,206.1,299,Very Unhealthy,31.3,59.3,18.3
Nagaland,Panchgaon,OZONE,119.8,352.0,124.4,135,Unhealthy for Sensitive Groups,23.2,67.0,26.1
Karnataka,Ahmedabad,CO,44.6,139.6,61.9,98,Moderate,18.7,65.0,26.7
West Bengal,Byrnihat,PM10,20.9,104.6,52.5,69,Moderate,22.7,81.0,15.9
Gujarat,Bagalkot,PM2.5,2.0,416.8,81.2,77,Moderate,32.3,55.3,26.2
Sikkim,Faridabad,PM2.5,1.5,184.7,7.1,13,Good,29.5,67.3,17.6
Jharkhand,Dehradun,NO2,24.2,187.3,47.9,36,Good,34.6,42.5,4.0
Nagaland,Latur,CO,4.1,60.8,4.8,16,Good,21.4,52.6,25.4
Nagaland,Bhilai,NH3,58.0,139.6,138.1,142,Unhealthy for Sensitive Groups,18.9,62.5,21.1
Delhi,Guwahati,OZONE,100.8,287.8,167.6,160,Unhealthy,32.8,50.7,4.3
Telangana,Gaya,PM10,43.5,472.2,54.9,63,Moderate,31.2,52.4,4.5
Puducherry,Sirsa,NH3,38.6,414.0,250.8,295,Very Unhealthy,22.4,79.9,11.8
Madhya Pradesh,Saharsa,OZONE,6.6,403.8,119.4,147,Unhealthy for Sensitive Groups,16.9,40.0,11.5
Uttarakhand,Kunjemura,PM10,73.7,307.6,232.8,284,Very Unhealthy,20.4,93.4,9.4
Puducherry,Bilaspur,PM2.5,40.6,299.3,85.0,55,Moderate,30.5,39.5,2.5
Jammu and Kashmir,Vijayapura,SO2,82.9,247.7,94.4,66,Moderate,36.8,88.1,22.9
Assam,Puducherry,OZONE,177.7,448.0,242.2,288,Very Unhealthy,20.8,40.4,10.2
Maharashtra,Damoh,PM10,11.2,466.0,93.6,99,Moderate,34.6,36.9,20.9
Punjab,Jind,SO2,108.4,252.1,230.6,252,Very Unhealthy,17.1,53.5,6.9
Gujarat,Lucknow,PM10,11.4,493.3,21.4,50,Good,38.3,63.2,4.9
Meghalaya,Jalandhar,NH3,14.8,169.0,25.0,46,Good,26.6,48.5,27.7
Madhya Pradesh,Panchkula,NO2,189.8,347.7,244.5,280,Very Unhealthy,33.6,93.5,1.0
Haryana,Kishanganj,PM10,142.1,476.5,185.5,200,Unhealthy,26.2,94.0,7.3
Madhya Pradesh,Coimbatore,NH3,153.0,373.8,153.7,182,Unhealthy,35.4,62.5,23.5
Jammu and Kashmir,Nellore,NO2,41.0,242.8,45.1,37,Good,23.0,73.4,9.3
Mizoram,Dombivli,SO2,176.9,335.5,219.4,231,Very Unhealthy,31.3,92.5,22.8
Haryana,Noida,NH3,43.7,401.0,108.3,135,Unhealthy for Sensitive Groups,15.2,73.1,25.1
Tamil Nadu,Asansol,SO2,5.4,216.2,64.6,68,Moderate,34.8,86.8,21.0
Rajasthan,Talcher,CO,55.6,148.0,92.8,52,Moderate,34.5,31.7,13.0
Jammu and Kashmir,Angul,SO2,5.7,323.8,42.8,39,Good,36.8,87.7,2.8
Himachal Pradesh,Jhansi,SO2,42.4,468.9,54.7,64,Moderate,29.1,87.8,1.3
West Bengal,Jind,CO,1.0,174.4,4.7,8,Good,25.8,73.0,9.3
Uttarakhand,Kannur,PM10,33.5,412.8,51.7,72,Moderate,22.6,94.5,3.2
Nagaland,Patna,NH3,73.5,247.6,234.6,244,Very Unhealthy,27.8,58.2,10.2
Puducherry,Narnaul,PM2.5,54.1,281.5,105.1,105,Unhealthy for Sensitive Groups,31.1,82.7,9.3
Jammu and Kashmir,Keonjhar,SO2,67.0,195.2,77.1,97,Moderate,28.5,30.7,26.4
Telangana,Angul,SO2,137.7,203.6,155.4,163,Unhealthy,32.9,54.1,5.0
Chandigarh,Rishikesh,PM2.5,32.1,180.3,43.8,35,Good,17.3,87.4,3.2
Assam,Kanpur,OZONE,5.7,388.1,22.1,7,Good,23.0,62.3,24.5
Rajasthan,Mathura,NH3,8.3,206.1,24.5,17,Good,30.9,35.9,24.7
Kerala,Kolkata,CO,57.3,361.3,233.8,275,Very Unhealthy,26.4,94.3,7.5
Uttarakhand,Parbhani,SO2,70.9,341.8,180.1,181,Unhealthy,26.6,75.9,15.5
Uttar Pradesh,Akola,CO,178.6,249.8,228.1,292,Very Unhealthy,15.3,83.1,12.1
Assam,Delhi,NH3,14.4,304.9,153.8,168,Unhealthy,39.3,89.2,20.7
Assam,Suakati,PM10,156.8,431.0,162.9,172,Unhealthy,38.5,46.7,15.3
Meghalaya,Dharuhera,NH3,83.1,333.2,197.4,173,Unhealthy,38.3,86.5,12.8
Kerala,Mehsana,NO2,13.1,97.4,43.1,31,Good,30.9,90.7,19.1
Tripura,Araria,PM2.5,87.7,423.7,137.5,127,Unhealthy for Sensitive Groups,39.3,33.6,15.0
Kerala,Jorapokhar,PM2.5,66.1,412.5,135.7,126,Unhealthy for Sensitive Groups,34.9,68.2,16.4
Odisha,Rajsamand,PM10,56.5,284.4,171.5,152,Unhealthy,18.2,55.6,18.8
Assam,Jodhpur,NH3,52.3,400.8,139.3,129,Unhealthy for Sensitive Groups,35.5,80.9,26.2
Andhra Pradesh,Araria,NO2,80.7,405.7,143.0,135,Unhealthy for Sensitive Groups,26.3,53.2,24.3
Andhra Pradesh,Rishikesh,OZONE,36.2,182.6,181.5,160,Unhealthy,31.0,47.3,0.4
Nagaland,Jhansi,NH3,170.5,397.4,247.2,249,Very Unhealthy,19.0,55.4,15.6
West Bengal,Ambernath,SO2,184.5,255.1,231.1,256,Very Unhealthy,31.9,74.0,20.2
Chandigarh,Siliguri,NH3,157.3,341.6,161.8,178,Unhealthy,28.4,66.1,5.3
Tripura,Hyderabad,PM10,120.5,258.2,123.9,107,Unhealthy for Sensitive Groups,27.9,81.0,18.7
West Bengal,Jalore,PM2.5,91.6,324.2,121.5,135,Unhealthy for Sensitive Groups,25.1,68.3,20.1
Gujarat,Kunjemura,CO,196.9,365.1,200.3,417,Hazardous,23.2,72.7,22.1
Madhya Pradesh,Bareilly,PM2.5,97.6,281.8,225.8,245,Very Unhealthy,15.2,51.9,16.6
Chhattisgarh,Sonipat,PM10,51.8,70.0,66.5,81,Moderate,32.6,33.0,7.5
Jharkhand,Rajkot,PM2.5,66.6,274.2,218.0,293,Very Unhealthy,22.9,71.6,17.6
Rajasthan,Indore,SO2,21.4,445.1,256.7,296,Very Unhealthy,20.3,31.9,22.6
Arunachal Pradesh,Shillong,NH3,90.7,440.9,105.0,143,Unhealthy for Sensitive Groups,38.3,46.4,3.6
Uttar Pradesh,Amravati,PM2.5,74.7,321.6,238.1,211,Very Unhealthy,21.0,80.3,3.7
Odisha,Khora,PM10,144.2,361.8,181.3,163,Unhealthy,35.5,90.3,11.7
Assam,Gurugram,NO2,14.8,197.7,172.7,194,Unhealthy,23.3,47.1,29.5
Haryana,Raipur,SO2,3.3,299.9,246.8,296,Very Unhealthy,26.1,78.1,16.1
Chandigarh,Rohtak,CO,28.3,405.4,123.2,148,Unhealthy for Sensitive Groups,27.5,46.3,27.7
Delhi,Singrauli,NO2,112.0,476.4,203.6,273,Very Unhealthy,38.5,31.8,28.6
Madhya Pradesh,Bhiwandi,PM2.5,19.2,450.1,163.6,169,Unhealthy,33.0,40.3,6.4
Andhra Pradesh,Samastipur,CO,168.5,265.3,223.0,299,Very Unhealthy,18.4,43.5,17.0
Karnataka,Shivamogga,OZONE,4.9,365.3,118.3,111,Unhealthy for Sensitive Groups,19.6,36.9,18.4
Karnataka,Ballabgarh,NH3,108.2,194.7,148.7,108,Unhealthy for Sensitive Groups,35.7,74.6,8.9
Mizoram,Rajamahendravaram,OZONE,53.1,125.4,63.4,82,Moderate,33.2,69.8,18.8
Madhya Pradesh,Tirumala,PM10,109.3,388.8,207.2,238,Very Unhealthy,27.2,94.3,3.4
Kerala,Ujjain,NH3,32.2,104.1,32.9,36,Good,17.7,73.0,25.7
Tamil Nadu,Ajmer,PM2.5,69.1,455.8,260.1,244,Very Unhealthy,26.2,49.7,24.6
Maharashtra,Maihar,PM2.5,51.2,356.6,65.2,71,Moderate,33.1,46.0,0.8
Mizoram,Delhi,PM10,128.2,234.4,194.4,200,Unhealthy,22.4,84.5,4.4
Maharashtra,Alwar,SO2,176.0,485.3,255.5,288,Very Unhealthy,35.7,49.7,6.2
Punjab,Rajgir,SO2,28.0,482.9,47.1,29,Good,15.1,30.8,3.2
Puducherry,Cuddalore,CO,210.0,316.0,263.6,237,Very Unhealthy,24.9,92.9,17.0
Mizoram,Varanasi,NO2,56.6,475.0,155.4,169,Unhealthy,27.4,35.7,15.0
Meghalaya,Chittoor,PM10,33.6,189.6,118.8,147,Unhealthy for Sensitive Groups,22.7,84.0,27.7
West Bengal,Patiala,NO2,162.4,190.5,167.1,193,Unhealthy,21.9,70.8,1.0
Maharashtra,Jaisalmer,NO2,8.6,422.1,139.7,126,Unhealthy for Sensitive Groups,16.7,64.7,23.8
Jharkhand,Bhiwani,SO2,22.3,191.0,96.3,82,Moderate,28.7,71.8,22.7
Rajasthan,Satna,PM10,26.7,424.7,58.7,62,Moderate,16.0,65.5,2.4
Uttarakhand,Karwar,NH3,174.9,218.3,203.4,258,Very Unhealthy,20.2,55.1,2.2
Andhra Pradesh,Kadapa,OZONE,15.4,184.9,99.0,95,Moderate,18.2,69.7,15.3
Maharashtra,Belapur,NO2,7.2,103.5,97.2,60,Moderate,26.1,51.9,0.7
Assam,Mandideep,NH3,83.3,279.9,210.7,208,Very Unhealthy,26.3,34.8,12.0
West Bengal,Virar,NH3,74.7,108.7,105.7,147,Unhealthy for Sensitive Groups,22.1,61.1,20.9
Arunachal Pradesh,Katni,CO,140.0,257.7,232.6,235,Very Unhealthy,29.7,59.0,4.8
Rajasthan,Jaipur,SO2,11.6,131.1,37.5,44,Good,16.5,82.0,25.1
Chhattisgarh,Gandhinagar,SO2,126.4,410.2,212.2,252,Very Unhealthy,39.3,41.9,6.7
Jammu and Kashmir,Kolhapur,SO2,78.9,227.7,150.6,303,Hazardous,21.9,83.7,27.3
Bihar,Buxar,PM2.5,13.5,253.5,51.1,58,Moderate,29.4,38.1,10.1
Mizoram,Balasore,NH3,33.7,283.3,83.4,67,Moderate,25.2,41.0,15.9
Meghalaya,Ahmednagar,NH3,37.8,375.1,71.2,86,Moderate,17.5,61.2,21.0
Sikkim,Maihar,CO,102.1,438.1,129.7,135,Unhealthy for Sensitive Groups,20.8,38.9,27.4
Haryana,Jhansi,PM10,39.4,135.4,48.8,46,Good,27.8,57.6,29.7
Kerala,Kanpur,SO2,13.9,303.6,165.1,195,Unhealthy,25.9,64.3,6.4
Karnataka,Bileipada,CO,53.1,454.7,192.0,176,Unhealthy,25.0,69.8,0.7
Chhattisgarh,Cuddalore,CO,0.6,462.6,1.2,19,Good,31.7,85.9,18.9
Chhattisgarh,Solapur,PM2.5,17.7,175.9,100.1,404,Hazardous,36.3,71.1,23.9
Meghalaya,Jhansi,PM10,56.7,487.4,114.1,139,Unhealthy for Sensitive Groups,30.7,56.8,6.7
Odisha,Maihar,SO2,25.9,328.2,60.6,90,Moderate,31.6,36.8,0.9
Uttarakhand,Sirohi,CO,153.4,168.1,154.4,164,Unhealthy,21.8,63.4,5.2
Sikkim,Kadapa,SO2,31.2,219.8,214.7,270,Very Unhealthy,23.6,51.6,22.7
Uttar Pradesh,Rupnagar,NO2,55.1,238.1,209.4,287,Very Unhealthy,35.8,58.2,20.9
Uttar Pradesh,Bagalkot,CO,174.4,197.1,181.4,183,Unhealthy,20.0,68.1,11.1
Andhra Pradesh,Chennai,NH3,53.0,159.6,83.4,83,Moderate,20.2,76.6,12.8
Kerala,Baripada,PM2.5,79.9,410.3,96.7,88,Moderate,24.5,66.4,4.1
Delhi,Madurai,PM2.5,28.8,411.5,52.0,95,Moderate,37.9,64.8,10.5
Arunachal Pradesh,Panchgaon,OZONE,74.1,411.6,124.9,124,Unhealthy for Sensitive Groups,17.8,89.3,29.3
Karnataka,Muzaffarnagar,NH3,16.2,248.7,111.8,147,Unhealthy for Sensitive Groups,30.0,94.8,20.4
Chhattisgarh,Singrauli,PM10,131.8,485.0,205.3,255,Very Unhealthy,33.0,85.8,18.6
Haryana,Panchkula,NH3,62.2,247.9,214.2,277,Very Unhealthy,31.7,65.2,8.0
Uttarakhand,Kannur,NH3,62.5,458.5,71.8,78,Moderate,17.2,92.5,3.0
Tamil Nadu,Jind,NH3,151.4,244.1,219.6,226,Very Unhealthy,19.2,35.4,19.0
Gujarat,Puducherry,NO2,45.6,252.7,210.4,224,Very Unhealthy,35.8,31.9,23.0
Himachal Pradesh,Amaravati,NH3,32.3,385.2,153.8,153,Unhealthy,21.1,69.0,20.6
Bihar,Aurangabad,PM2.5,193.1,405.5,240.4,287,Very Unhealthy,36.0,45.3,28.5
Mizoram,Akola,CO,142.4,204.6,186.2,189,Unhealthy,18.3,41.2,5.0
Rajasthan,Ujjain,SO2,38.9,204.1,97.0,65,Moderate,34.7,73.5,5.2
Sikkim,Korba,NO2,48.5,279.9,79.4,69,Moderate,16.4,65.8,23.3
Karnataka,Chhapra,PM10,9.6,437.0,21.1,6,Good,21.5,35.0,2.7
Jammu and Kashmir,Thrissur,PM2.5,1.2,88.8,12.1,41,Good,30.5,85.7,20.2
Madhya Pradesh,Mehsana,PM10,173.7,277.7,260.8,282,Very Unhealthy,20.8,41.8,22.0
Tripura,Jodhpur,PM10,82.2,352.4,145.5,118,Unhealthy for Sensitive Groups,19.5,90.1,16.8
Nagaland,Bulandshahr,PM2.5,221.2,263.1,244.9,208,Very Unhealthy,27.4,80.2,6.8
Maharashtra,Jalore,NH3,38.9,448.5,149.4,129,Unhealthy for Sensitive Groups,19.1,41.9,19.2
Maharashtra,Coimbatore,NH3,15.6,360.6,85.1,79,Moderate,25.5,89.1,7.1
Jammu and Kashmir,Koppal,CO,37.7,460.9,87.8,52,Moderate,33.1,82.7,0.3
Gujarat,Vapi,SO2,66.5,203.9,143.8,126,Unhealthy for Sensitive Groups,39.6,77.2,10.3
Meghalaya,Gandhinagar,SO2,76.3,450.4,101.4,105,Unhealthy for Sensitive Groups,25.8,31.3,27.3
Punjab,Hanumangarh,SO2,87.1,288.1,133.2,126,Unhealthy for Sensitive Groups,28.0,42.4,26.7
Delhi,Jalna,SO2,33.7,320.2,253.1,259,Very Unhealthy,18.9,51.0,15.2
Andhra Pradesh,Barbil,SO2,85.6,259.0,139.1,143,Unhealthy for Sensitive Groups,30.8,77.9,7.7
Uttarakhand,Beed,PM2.5,46.1,319.8,119.2,150,Unhealthy for Sensitive Groups,32.5,30.0,23.0
Jharkhand,Palwal,NO2,23.1,243.9,99.7,78,Moderate,16.2,54.1,7.6
Andhra Pradesh,Bathinda,OZONE,17.6,465.8,180.8,161,Unhealthy,35.8,82.5,22.9
Chandigarh,Panchgaon,OZONE,37.2,293.4,68.8,78,Moderate,29.2,39.5,7.6
Gujarat,Ajmer,SO2,48.2,215.8,210.0,214,Very Unhealthy,19.9,45.0,18.8
West Bengal,Sivasagar,NO2,29.8,414.7,37.5,26,Good,39.7,93.9,15.9
Odisha,Ratlam,NH3,147.3,315.0,223.9,256,Very Unhealthy,32.7,39.4,16.2
Nagaland,Kolhapur,PM10,76.6,468.2,178.3,173,Unhealthy,20.8,83.8,2.1
Nagaland,Khurja,SO2,17.8,269.0,21.2,0,Good,31.2,49.7,26.9
Madhya Pradesh,Jind,CO,9.2,133.6,56.2,95,Moderate,21.2,89.7,11.3
Uttarakhand,Jind,SO2,14.4,424.5,135.9,117,Unhealthy for Sensitive Groups,25.9,81.2,18.1
Telangana,Mandideep,PM2.5,88.8,478.3,169.6,152,Unhealthy,33.9,43.7,11.7
Chandigarh,Kashipur,PM2.5,115.6,317.5,255.9,297,Very Unhealthy,24.0,59.5,13.4
Delhi,Jalore,NH3,8.8,167.3,13.8,26,Good,25.1,72.1,4.3
Tripura,Pratapgarh,CO,199.4,492.8,225.3,262,Very Unhealthy,38.6,61.1,20.9
Nagaland,Patiala,NO2,3.9,202.8,104.4,134,Unhealthy for Sensitive Groups,24.9,88.8,21.6
Andhra Pradesh,Jalandhar,OZONE,23.0,119.9,25.5,13,Good,24.1,62.4,19.6
Jammu and Kashmir,Aizawl,CO,165.8,356.0,258.2,280,Very Unhealthy,21.9,83.8,13.2
Meghalaya,Chhapra,SO2,162.9,312.2,233.9,218,Very Unhealthy,20.0,85.9,6.1
Kerala,Mehsana,PM10,56.9,380.8,88.7,61,Moderate,36.0,45.1,16.8
Uttarakhand,Machilipatnam,PM10,75.1,291.4,191.1,153,Unhealthy,22.0,67.4,5.1
Odisha,Dhanbad,SO2,39.5,296.1,125.0,108,Unhealthy for Sensitive Groups,38.5,52.4,2.4
Himachal Pradesh,Charkhi Dadri,NO2,3.3,460.1,52.0,97,Moderate,28.8,57.9,12.9
Chhattisgarh,Araria,OZONE,45.7,165.1,71.3,61,Moderate,20.5,53.2,1.8
Andhra Pradesh,Prayagraj,PM10,81.4,374.2,243.6,285,Very Unhealthy,29.7,51.8,14.6
Jammu and Kashmir,Saharsa,OZONE,8.7,361.3,146.2,111,Unhealthy for Sensitive Groups,28.5,46.5,21.1
Himachal Pradesh,Kolkata,NH3,3.2,140.1,25.6,27,Good,24.1,32.3,29.7
Assam,Kishanganj,SO2,14.4,336.7,114.4,106,Unhealthy for Sensitive Groups,24.6,65.2,4.7
Puducherry,Malegaon,PM10,1.2,90.5,85.9,100,Moderate,39.7,71.5,13.9
Arunachal Pradesh,Sri Ganganagar,CO,80.6,173.4,153.8,183,Unhealthy,22.9,64.7,27.3
Delhi,Howrah,PM2.5,51.7,232.1,83.2,100,Moderate,34.3,91.6,8.8
Telangana,Ramanagara,PM10,79.7,240.7,168.0,153,Unhealthy,37.7,62.0,9.1
Nagaland,Jhansi,PM10,157.4,428.9,231.4,273,Very Unhealthy,38.4,87.1,27.0
Uttarakhand,Boisar,NH3,23.0,425.3,25.2,42,Good,18.4,34.3,21.9
Assam,Kohima,PM10,49.1,342.2,167.9,157,Unhealthy,19.7,61.6,4.4
Andhra Pradesh,Pampore,PM2.5,1.1,230.5,27.5,21,Good,30.1,42.6,6.4
Meghalaya,Rajsamand,CO,99.2,421.9,186.5,186,Unhealthy,19.6,94.9,17.8
Telangana,Panchkula,CO,41.2,125.1,107.7,110,Unhealthy for Sensitive Groups,30.6,73.0,11.3
Nagaland,Buxar,NO2,34.2,156.0,118.3,143,Unhealthy for Sensitive Groups,19.0,43.7,10.6
Gujarat,Kota,NH3,6.8,150.4,16.3,24,Good,32.1,63.2,23.3
Sikkim,Navi Mumbai,CO,96.6,290.1,168.1,186,Unhealthy,27.3,40.5,1.0
Puducherry,Jhunjhunu,NO2,43.9,165.2,55.8,82,Moderate,17.7,82.0,21.0
Uttar Pradesh,Guwahati,CO,186.2,198.5,191.5,155,Unhealthy,20.2,92.6,12.2
Himachal Pradesh,Amaravati,NO2,162.0,393.7,237.9,299,Very Unhealthy,29.3,68.7,1.6
Delhi,Vijayawada,OZONE,202.1,348.9,259.7,300,Very Unhealthy,29.7,46.4,3.6
Kerala,Baddi,NH3,35.6,237.8,172.1,178,Unhealthy,28.0,79.5,28.8
Karnataka,Dholpur,OZONE,26.7,191.3,54.1,83,Moderate,32.1,89.7,23.5
Odisha,Charkhi Dadri,PM2.5,138.7,254.8,245.4,222,Very Unhealthy,20.5,79.8,28.9
Rajasthan,Ahmednagar,PM10,61.2,327.7,131.6,149,Unhealthy for Sensitive Groups,18.6,32.6,9.6
Sikkim,Machilipatnam,PM2.5,71.5,213.0,196.5,183,Unhealthy,26.9,63.5,24.9
Puducherry,Chennai,NO2,72.7,137.0,75.7,57,Moderate,32.6,93.6,7.2
Punjab,Ahmednagar,PM2.5,94.8,383.6,99.3,57,Moderate,26.3,50.3,6.4
Chhattisgarh,Sirohi,NO2,45.3,243.0,156.6,166,Unhealthy,23.3,43.1,11.9
Haryana,Latur,SO2,50.5,268.5,240.1,227,Very Unhealthy,29.7,83.6,12.8
Rajasthan,Katihar,OZONE,36.2,363.0,140.3,102,Unhealthy for Sensitive Groups,32.0,45.7,28.7
Rajasthan,Kolkata,SO2,75.1,483.0,107.1,146,Unhealthy for Sensitive Groups,24.3,86.1,26.4
Chandigarh,Chikkaballapur,CO,25.2,470.0,113.9,133,Unhealthy for Sensitive Groups,27.1,87.0,11.2
Punjab,Mira-Bhayandar,OZONE,8.0,99.1,65.0,68,Moderate,34.4,54.9,5.0
Uttar Pradesh,Delhi,NO2,243.5,497.0,254.4,292,Very Unhealthy,35.7,53.9,16.9
Punjab,Mumbai,PM10,42.1,118.6,68.6,97,Moderate,16.0,74.5,26.5
Delhi,Bhagalpur,SO2,148.2,233.6,180.4,172,Unhealthy,35.2,40.8,27.2
Assam,Gorakhpur,OZONE,3.8,499.5,8.2,35,Good,22.5,60.2,24.9
Uttarakhand,Bhilwara,SO2,33.7,140.4,54.0,97,Moderate,31.6,34.2,1.2
Meghalaya,Bhubaneswar,CO,90.0,262.5,261.5,267,Very Unhealthy,37.0,75.3,8.9
Rajasthan,Panchgaon,NH3,124.9,308.4,213.0,287,Very Unhealthy,28.5,93.8,26.4
Meghalaya,Gorakhpur,PM10,121.4,325.9,146.7,127,Unhealthy for Sensitive Groups,20.7,77.3,17.7
Chandigarh,Byrnihat,PM2.5,103.8,115.4,105.3,121,Unhealthy for Sensitive Groups,35.1,70.1,27.4
Sikkim,Khora,NH3,88.4,242.5,229.1,219,Very Unhealthy,17.6,72.9,9.4
Jharkhand,Manesar,NO2,64.2,193.0,100.4,424,Hazardous,38.9,45.6,22.5
Rajasthan,Coimbatore,SO2,27.8,359.5,230.3,250,Very Unhealthy,36.7,39.3,2.0
Himachal Pradesh,Baripada,NO2,107.0,299.5,130.3,137,Unhealthy for Sensitive Groups,26.2,69.5,3.3
West Bengal,Thane,SO2,2.3,448.2,17.0,46,Good,29.5,40.1,24.7
Odisha,Khanna,OZONE,7.8,462.8,140.7,122,Unhealthy for Sensitive Groups,27.5,91.8,13.3
West Bengal,Dehradun,PM10,35.7,301.0,43.4,8,Good,16.7,83.4,18.8
Sikkim,Bhilai,OZONE,7.6,299.4,133.0,142,Unhealthy for Sensitive Groups,29.0,40.3,27.2
Arunachal Pradesh,Rohtak,CO,23.7,443.5,147.5,104,Unhealthy for Sensitive Groups,37.8,92.3,23.0
Himachal Pradesh,Ankleshwar,NO2,1.9,282.4,114.1,121,Unhealthy for Sensitive Groups,21.1,52.6,13.7
Chhattisgarh,Panchgaon,NH3,50.3,328.0,101.5,149,Unhealthy for Sensitive Groups,18.2,78.8,14.1
Tamil Nadu,Bahadurgarh,NO2,48.8,212.8,192.9,160,Unhealthy,28.8,69.4,20.8
Kerala,Rourkela,SO2,5.8,426.2,219.2,285,Very Unhealthy,30.8,77.9,27.7
Maharashtra,Bengaluru,PM10,5.9,262.8,53.2,82,Moderate,18.0,42.3,2.1
Chhattisgarh,Khanna,PM2.5,56.3,354.1,86.6,74,Moderate,34.6,65.7,21.2
Telangana,Machilipatnam,NO2,39.4,169.6,58.7,90,Moderate,24.1,73.6,20.2
Nagaland,Nagpur,OZONE,79.1,195.1,143.6,133,Unhealthy for Sensitive Groups,37.4,36.8,29.8
Telangana,Bhilwara,OZONE,56.1,412.2,193.4,155,Unhealthy,16.8,78.0,28.2
Mizoram,Chandigarh,CO,164.5,308.5,238.8,246,Very Unhealthy,33.2,73.7,8.9
Odisha,Amritsar,PM10,206.1,293.3,223.5,277,Very Unhealthy,28.9,50.1,16.0
Uttarakhand,Samastipur,OZONE,51.1,342.2,132.6,125,Unhealthy for Sensitive Groups,37.3,35.4,15.4
Puducherry,Bikaner,NO2,29.7,158.1,70.2,63,Moderate,21.7,83.2,15.1
Arunachal Pradesh,Gummidipoondi,NO2,48.8,242.5,103.1,142,Unhealthy for Sensitive Groups,20.7,74.4,6.9
Chandigarh,Bulandshahr,NO2,37.8,362.0,191.2,186,Unhealthy,33.5,74.6,20.3
Maharashtra,Rajamahendravaram,SO2,114.1,421.8,216.3,256,Very Unhealthy,33.3,93.5,24.8
Himachal Pradesh,Virar,NO2,138.2,408.4,201.3,297,Very Unhealthy,25.5,52.7,29.8
Sikkim,Asansol,OZONE,9.2,144.8,14.3,17,Good,35.9,59.4,0.9
Uttar Pradesh,Tensa,OZONE,164.7,366.5,262.1,210,Very Unhealthy,27.3,63.4,21.0
Uttar Pradesh,Jind,NH3,122.3,251.0,169.0,173,Unhealthy,33.2,72.5,15.8
Punjab,Karauli,SO2,190.4,205.9,205.7,265,Very Unhealthy,29.8,56.7,13.4
Rajasthan,Thiruvananthapuram,NH3,4.8,340.6,7.8,33,Good,19.1,78.8,12.0
Gujarat,Nandesari,CO,81.2,165.0,99.5,86,Moderate,16.8,56.3,19.7
Haryana,Mangalore,SO2,12.5,150.6,27.9,33,Good,30.1,49.4,9.5
Himachal Pradesh,Bhiwadi,OZONE,1.3,306.3,28.0,10,Good,33.0,47.9,27.9
Bihar,Rohtak,PM10,0.5,480.7,82.1,100,Moderate,34.7,79.7,13.0
Haryana,Agra,CO,7.6,382.7,31.4,23,Good,16.7,85.8,10.3
Uttarakhand,Beed,PM10,22.8,197.1,66.2,64,Moderate,35.2,77.9,19.1
Meghalaya,Hyderabad,PM2.5,246.4,270.8,256.2,233,Very Unhealthy,30.6,94.0,29.0
Odisha,Bileipada,SO2,109.2,319.8,185.0,161,Unhealthy,38.7,83.8,5.0
Uttarakhand,Ahmednagar,CO,37.3,132.3,116.9,116,Unhealthy for Sensitive Groups,20.0,79.5,2.7
Telangana,Noida,PM2.5,26.3,316.4,65.2,53,Moderate,18.6,70.8,8.1
Assam,Gandhinagar,SO2,48.3,187.6,50.6,383,Hazardous,21.2,59.3,23.4
Tripura,Dausa,OZONE,21.8,66.3,25.6,48,Good,24.1,60.2,11.2
Punjab,Bareilly,CO,9.2,232.3,30.5,18,Good,38.3,53.2,25.7
Kerala,Banswara,SO2,49.5,424.2,132.2,115,Unhealthy for Sensitive Groups,37.7,51.3,11.8
Meghalaya,Bundi,NO2,119.5,428.5,135.4,125,Unhealthy for Sensitive Groups,15.3,62.6,5.4
Arunachal Pradesh,Amaravati,NH3,53.0,341.9,71.7,58,Moderate,22.7,40.6,2.8
Kerala,Siliguri,SO2,61.9,290.9,154.2,171,Unhealthy,24.2,76.5,16.0
Assam,Thane,NO2,14.1,179.8,75.1,69,Moderate,31.7,56.7,8.4
Mizoram,Coimbatore,OZONE,87.8,406.1,245.7,201,Very Unhealthy,23.9,67.7,28.8
Assam,Madikeri,CO,72.8,181.4,98.4,88,Moderate,15.2,73.3,20.2
Himachal Pradesh,Coimbatore,NO2,10.2,171.8,49.2,29,Good,29.6,85.0,8.5
Madhya Pradesh,Ambala,CO,105.3,215.1,117.3,134,Unhealthy for Sensitive Groups,34.8,41.7,28.5
Andhra Pradesh,Hisar,NH3,1.1,296.0,7.9,21,Good,34.7,57.4,6.8
Tamil Nadu,Raebareli,CO,99.0,435.4,110.3,115,Unhealthy for Sensitive Groups,21.7,56.3,11.3
Tamil Nadu,Chikkamagaluru,NH3,66.2,442.2,88.7,74,Moderate,32.3,81.1,14.0
Madhya Pradesh,Sikar,OZONE,212.4,393.4,235.9,263,Very Unhealthy,25.7,84.6,12.0
Chhattisgarh,Buxar,SO2,14.1,477.7,51.7,53,Moderate,30.6,66.9,2.5
Kerala,Thoothukudi,PM10,59.9,274.5,109.3,121,Unhealthy for Sensitive Groups,37.2,52.2,13.4
Puducherry,Barbil,SO2,171.7,342.0,236.2,226,Very Unhealthy,27.4,86.8,8.9
Kerala,Hajipur,NO2,44.4,349.5,130.4,114,Unhealthy for Sensitive Groups,26.6,93.4,5.3
Karnataka,Jhansi,NH3,82.2,417.3,234.0,239,Very Unhealthy,28.3,64.5,1.9
Kerala,Motihari,OZONE,30.7,132.0,85.3,79,Moderate,18.0,61.3,25.8
Jharkhand,Thrissur,CO,53.5,408.5,260.1,238,Very Unhealthy,30.8,40.8,20.4
Chandigarh,Hubballi,OZONE,217.2,387.3,218.7,285,Very Unhealthy,35.5,45.5,20.4
West Bengal,Chamarajanagar,OZONE,5.0,433.6,18.1,46,Good,30.5,50.5,2.9
Haryana,Sri Ganganagar,NO2,0.2,188.6,186.3,183,Unhealthy,20.8,52.7,5.6
Gujarat,Bikaner,CO,114.1,140.2,118.7,115,Unhealthy for Sensitive Groups,17.0,47.3,17.2
Uttarakhand,Pithampur,SO2,170.8,222.0,198.9,155,Unhealthy,26.8,82.3,19.7
Jharkhand,Chhapra,SO2,103.0,294.9,255.9,267,Very Unhealthy,33.5,58.0,4.1
Uttarakhand,Jhunjhunu,SO2,24.7,376.1,259.4,289,Very Unhealthy,19.0,33.5,15.1
Uttar Pradesh,Faridabad,PM2.5,1.2,297.1,2.5,4,Good,34.5,48.6,14.0
Tamil Nadu,Chittorgarh,NH3,69.7,213.3,142.4,101,Unhealthy for Sensitive Groups,27.7,93.0,12.5
Maharashtra,Rourkela,NH3,136.1,403.4,139.4,145,Unhealthy for Sensitive Groups,28.2,69.1,19.7
Haryana,Sikar,NO2,239.5,433.1,239.9,299,Very Unhealthy,22.6,31.8,17.9
Jharkhand,Gorakhpur,SO2,34.7,275.7,216.7,220,Very Unhealthy,18.6,87.9,24.8
Assam,Bhilwara,NH3,100.5,305.3,164.3,166,Unhealthy,35.5,68.5,9.8
Punjab,Chandrapur,OZONE,0.9,429.0,58.4,70,Moderate,35.6,90.0,7.0
Andhra Pradesh,Jaisalmer,NO2,71.0,381.3,177.3,187,Unhealthy,25.2,84.6,29.7
Sikkim,Koppal,SO2,46.3,242.2,94.3,56,Moderate,33.4,65.1,8.0
Nagaland,Aizawl,CO,14.3,73.0,59.2,88,Moderate,26.0,58.3,21.2
Delhi,Manesar,OZONE,20.3,286.2,119.5,108,Unhealthy for Sensitive Groups,25.9,30.8,20.8
Kerala,Madikeri,NH3,8.7,364.4,121.7,108,Unhealthy for Sensitive Groups,22.9,70.2,12.0
West Bengal,Vapi,NH3,25.7,387.9,216.1,259,Very Unhealthy,27.0,78.7,20.5
Delhi,Bagalkot,NH3,129.8,351.8,170.0,164,Unhealthy,17.3,86.9,26.5
Madhya Pradesh,Panchkula,SO2,94.0,152.1,98.3,60,Moderate,26.7,47.8,25.4
Chhattisgarh,Manguraha,PM10,124.6,328.5,214.5,221,Very Unhealthy,24.1,82.1,25.4
Meghalaya,Solapur,PM10,101.6,208.7,200.1,372,Hazardous,39.7,50.4,27.0
Kerala,Bhilai,PM10,98.1,349.2,248.3,219,Very Unhealthy,36.5,78.1,17.8
Delhi,Firozabad,PM10,2.0,100.6,61.7,88,Moderate,22.7,66.9,22.2
Haryana,Panchgaon,OZONE,44.9,442.4,200.0,159,Unhealthy,29.2,41.5,4.7
Gujarat,Ambernath,PM2.5,69.7,474.7,142.4,114,Unhealthy for Sensitive Groups,17.3,48.7,17.2
Delhi,Munger,NO2,136.4,277.1,232.0,257,Very Unhealthy,32.4,82.3,29.9
Odisha,Suakati,NH3,62.5,146.3,65.4,81,Moderate,37.8,34.4,2.4
Sikkim,Karauli,PM2.5,186.2,205.9,200.6,336,Hazardous,30.5,47.6,10.1
Chhattisgarh,Gwalior,PM10,41.9,471.3,90.5,99,Moderate,24.2,77.0,8.7
Tamil Nadu,Jalna,CO,148.8,385.3,251.6,247,Very Unhealthy,22.2,91.1,15.2
Telangana,Ulhasnagar,PM2.5,36.0,280.1,147.6,130,Unhealthy for Sensitive Groups,27.2,62.8,8.9
Haryana,Singrauli,OZONE,162.6,339.6,265.5,225,Very Unhealthy,22.8,83.3,15.0
Himachal Pradesh,Gangtok,SO2,42.7,416.6,51.4,66,Moderate,16.4,69.5,2.6
West Bengal,Malegaon,NO2,120.3,183.0,178.6,190,Unhealthy,15.4,70.4,11.6
Chandigarh,Ulhasnagar,PM10,18.4,407.2,47.5,12,Good,37.4,55.4,8.8
Mizoram,Latur,SO2,18.7,410.1,29.1,22,Good,17.8,85.7,22.7
Uttarakhand,Patna,PM10,29.9,200.8,106.3,117,Unhealthy for Sensitive Groups,22.9,73.0,8.8
Punjab,Barbil,NH3,36.1,423.0,194.4,168,Unhealthy,37.4,35.2,14.5
Odisha,Dungarpur,PM10,95.0,269.4,201.8,297,Very Unhealthy,33.8,74.7,3.1
Tamil Nadu,Chittorgarh,PM10,15.1,330.6,79.6,63,Moderate,29.7,54.4,24.0
Haryana,Ludhiana,SO2,140.3,240.9,141.3,141,Unhealthy for Sensitive Groups,29.9,84.0,17.8
Uttarakhand,Bhilai,NH3,35.4,330.3,89.1,90,Moderate,33.5,92.3,13.4
Rajasthan,Ambala,SO2,75.6,219.9,82.8,51,Moderate,35.4,88.2,28.0
Chhattisgarh,Lucknow,PM10,0.1,176.0,0.8,48,Good,36.9,64.7,3.3
Himachal Pradesh,Hubballi,NH3,17.9,430.8,24.0,18,Good,36.6,89.0,7.3
Assam,Begusarai,SO2,21.7,286.9,146.0,113,Unhealthy for Sensitive Groups,17.6,32.3,18.2
Jharkhand,Beed,PM2.5,57.7,338.6,181.8,170,Unhealthy,18.5,32.0,15.8
Himachal Pradesh,Chamarajanagar,NO2,39.3,333.4,121.6,149,Unhealthy for Sensitive Groups,32.4,89.3,15.6
Telangana,Amravati,CO,19.7,222.6,21.7,49,Good,32.5,40.6,12.8
Uttar Pradesh,Khairthal,PM10,38.5,397.1,169.1,193,Unhealthy,38.8,35.5,29.7
Jharkhand,Kurukshetra,SO2,17.0,233.9,96.1,96,Moderate,26.9,65.8,7.2
Maharashtra,Jind,PM10,166.1,398.9,194.0,199,Unhealthy,22.6,57.5,17.5
Andhra Pradesh,Srinagar,SO2,6.7,248.7,246.2,225,Very Unhealthy,15.2,34.9,14.7
Madhya Pradesh,Kurukshetra,PM10,135.4,343.0,235.6,217,Very Unhealthy,28.1,75.7,6.1
Andhra Pradesh,Nagaon,NH3,157.1,204.3,203.2,282,Very Unhealthy,30.7,94.4,17.9
Chhattisgarh,Puducherry,OZONE,102.9,235.6,180.0,184,Unhealthy,25.0,83.1,26.8
Karnataka,Malegaon,PM2.5,95.5,487.7,147.3,122,Unhealthy for Sensitive Groups,18.8,57.7,6.7
Sikkim,Chittoor,PM2.5,24.7,258.5,252.5,203,Very Unhealthy,32.4,77.1,24.8
Puducherry,Tirupati,NO2,136.2,221.5,151.0,151,Unhealthy,33.3,66.4,1.4
Karnataka,Keonjhar,CO,37.0,316.6,112.9,113,Unhealthy for Sensitive Groups,29.5,79.5,20.1
Jammu and Kashmir,Ambala,OZONE,7.1,217.5,75.1,95,Moderate,25.1,54.2,16.4
Tamil Nadu,Singrauli,NO2,114.0,145.3,127.6,145,Unhealthy for Sensitive Groups,17.4,54.6,25.3
Karnataka,Srinagar,PM2.5,0.0,224.1,134.0,138,Unhealthy for Sensitive Groups,21.6,63.6,0.7
Tamil Nadu,Suakati,NH3,6.4,142.9,23.3,7,Good,26.2,40.7,27.7
Tripura,Katihar,NH3,20.6,170.1,39.0,23,Good,15.9,91.4,5.5
Bihar,Jhalawar,NH3,180.7,390.3,261.9,244,Very Unhealthy,23.8,37.4,8.1
Mizoram,Bhopal,PM2.5,74.7,371.8,167.5,179,Unhealthy,18.4,39.0,26.3
Kerala,Rajsamand,NH3,65.1,408.8,248.5,272,Very Unhealthy,20.6,65.0,0.2
Mizoram,Ambernath,CO,117.8,472.8,247.7,270,Very Unhealthy,16.2,39.4,15.1
Assam,Baripada,OZONE,81.2,474.1,82.8,80,Moderate,19.6,82.0,6.3
Andhra Pradesh,Pratapgarh,PM2.5,57.7,428.0,262.4,277,Very Unhealthy,35.8,92.9,6.4
Telangana,Kishanganj,NO2,6.6,80.3,54.3,74,Moderate,24.1,42.4,18.3
Chandigarh,Mira-Bhayandar,OZONE,174.1,372.8,195.7,167,Unhealthy,26.3,58.1,25.4
Andhra Pradesh,Baran,OZONE,31.0,378.5,235.4,228,Very Unhealthy,28.0,75.1,9.4
Himachal Pradesh,Rishikesh,OZONE,239.0,334.3,241.7,220,Very Unhealthy,38.2,71.4,15.4
Uttar Pradesh,Rupnagar,PM2.5,27.5,275.5,29.4,17,Good,34.0,79.6,24.6
Maharashtra,Vijayawada,SO2,2.9,28.7,5.5,3,Good,28.3,61.7,13.4
Jammu and Kashmir,Vatva,NO2,48.5,471.0,259.0,289,Very Unhealthy,24.1,65.9,3.8
Meghalaya,Arrah,CO,70.3,394.6,110.0,103,Unhealthy for Sensitive Groups,33.6,47.5,2.8
Nagaland,Nagpur,PM10,143.5,283.0,226.2,238,Very Unhealthy,28.0,82.0,6.0
Punjab,Mangalore,OZONE,11.3,389.5,162.6,185,Unhealthy,31.7,81.2,6.4
Tripura,Baripada,OZONE,2.1,95.0,88.7,60,Moderate,31.4,94.9,25.0
Madhya Pradesh,Bathinda,NO2,88.9,462.4,111.2,141,Unhealthy for Sensitive Groups,15.1,34.2,11.9
Jammu and Kashmir,Bhagalpur,CO,47.7,163.4,103.0,138,Unhealthy for Sensitive Groups,18.3,93.1,5.0
Meghalaya,Rourkela,NH3,68.5,342.8,91.3,97,Moderate,37.0,69.1,6.6
Mizoram,Boisar,OZONE,5.3,436.2,36.6,26,Good,19.0,34.5,18.9
Chhattisgarh,Vijayawada,CO,22.6,72.5,58.5,57,Moderate,27.3,59.5,8.6
Sikkim,Sagar,PM10,41.2,368.5,70.2,69,Moderate,24.9,44.8,19.6
Arunachal Pradesh,Bharatpur,NO2,7.5,103.1,16.8,23,Good,35.4,33.8,12.1
Karnataka,Hapur,PM10,5.7,450.9,29.7,12,Good,31.8,44.9,29.6
Chandigarh,Rajgir,SO2,42.4,385.3,49.1,21,Good,35.6,63.5,2.9
Meghalaya,Agartala,OZONE,69.5,479.7,175.2,185,Unhealthy,26.2,80.3,22.5
Meghalaya,Raipur,SO2,91.0,443.8,148.0,139,Unhealthy for Sensitive Groups,27.8,51.9,26.9
Odisha,Araria,OZONE,55.6,228.7,122.3,116,Unhealthy for Sensitive Groups,17.8,75.7,28.0
Telangana,Tumidih,PM10,12.7,169.8,14.3,8,Good,20.2,83.2,12.7
Rajasthan,Ujjain,CO,21.0,66.9,34.4,21,Good,39.3,92.4,20.4
Rajasthan,Sawai Madhopur,NO2,13.5,480.6,28.2,21,Good,33.6,50.1,15.1
Jharkhand,Manesar,OZONE,237.9,428.1,265.0,296,Very Unhealthy,24.9,54.2,0.6
Tamil Nadu,Jhunjhunu,PM10,65.5,265.7,102.2,117,Unhealthy for Sensitive Groups,20.0,53.4,14.1
West Bengal,Hyderabad,NH3,23.4,245.8,141.1,149,Unhealthy for Sensitive Groups,30.8,40.9,0.3
Tripura,Satara,PM2.5,69.2,464.4,89.6,54,Moderate,25.1,77.8,18.0
Tamil Nadu,Mehsana,SO2,17.8,445.6,151.0,157,Unhealthy,37.8,51.5,14.6
Tamil Nadu,Badlapur,SO2,97.3,402.7,265.9,214,Very Unhealthy,36.4,71.3,0.5
Karnataka,Visakhapatnam,CO,26.8,139.4,58.8,55,Moderate,30.9,67.6,24.8
Arunachal Pradesh,Madikeri,CO,109.5,381.0,258.8,227,Very Unhealthy,29.6,60.8,19.6
Maharashtra,Thane,NH3,10.4,365.1,134.6,143,Unhealthy for Sensitive Groups,31.7,84.4,6.3
Jharkhand,Agartala,CO,19.0,138.6,76.7,89,Moderate,24.3,76.4,28.1
Jammu and Kashmir,Keonjhar,PM2.5,37.7,362.4,69.6,55,Moderate,20.2,44.3,27.8
Meghalaya,Tensa,NH3,15.4,328.6,48.2,26,Good,27.4,85.6,0.8
Kerala,Sonipat,PM10,105.7,230.4,154.3,191,Unhealthy,39.4,78.5,0.2
Meghalaya,Ludhiana,PM10,3.4,422.9,230.1,236,Very Unhealthy,25.9,31.1,20.6
Uttar Pradesh,Gorakhpur,PM2.5,34.9,367.5,82.5,85,Moderate,38.1,55.6,22.9
Assam,Hingoli,CO,2.6,262.3,118.6,141,Unhealthy for Sensitive Groups,22.7,70.0,28.7
Meghalaya,Hapur,NO2,74.4,246.9,226.7,202,Very Unhealthy,30.2,59.7,26.3
Bihar,Muzaffarnagar,PM10,55.0,275.5,204.7,268,Very Unhealthy,15.5,35.9,8.7
Tripura,Malegaon,NO2,57.8,132.8,119.8,141,Unhealthy for Sensitive Groups,18.6,45.2,16.6
Uttarakhand,Araria,SO2,103.2,145.8,111.0,103,Unhealthy for Sensitive Groups,32.6,58.9,14.5
Jharkhand,Sawai Madhopur,PM10,3.8,370.7,28.8,40,Good,30.7,53.6,9.7
Andhra Pradesh,Aizawl,SO2,134.1,245.3,220.6,227,Very Unhealthy,27.2,42.5,18.0
Himachal Pradesh,Rajkot,PM10,77.2,176.1,79.5,72,Moderate,36.0,81.4,4.2
Assam,Mathura,SO2,25.1,479.3,128.4,112,Unhealthy for Sensitive Groups,26.1,75.4,13.8
Jharkhand,Bharatpur,NH3,12.1,246.3,46.9,19,Good,31.3,57.1,26.3
Rajasthan,Hingoli,OZONE,44.6,141.0,131.3,135,Unhealthy for Sensitive Groups,28.9,66.8,15.7
Tamil Nadu,Mira-Bhayandar,CO,49.9,247.9,181.4,163,Unhealthy,36.6,78.8,2.4
Punjab,Bhagalpur,PM2.5,83.7,235.7,94.7,88,Moderate,28.7,39.9,25.7
Jharkhand,Kohima,CO,73.5,470.3,124.9,134,Unhealthy for Sensitive Groups,25.7,39.7,24.8
Chhattisgarh,Tonk,NO2,55.2,240.7,143.5,146,Unhealthy for Sensitive Groups,32.8,91.3,17.6
Tripura,Shivamogga,PM2.5,36.7,283.8,170.4,174,Unhealthy,15.7,31.4,6.5
Himachal Pradesh,Lucknow,SO2,16.0,142.0,36.9,9,Good,22.7,60.7,14.3
Karnataka,Mumbai,NH3,30.9,313.1,44.8,14,Good,35.8,59.2,0.5
Telangana,Gummidipoondi,SO2,2.5,381.1,180.2,196,Unhealthy,29.5,46.6,23.9
Chhattisgarh,Byasanagar,SO2,58.6,281.8,242.3,223,Very Unhealthy,17.3,36.5,10.0
Chandigarh,Greater Noida,PM2.5,142.4,368.4,153.8,180,Unhealthy,38.5,37.3,13.5
Andhra Pradesh,Ahmedabad,NO2,27.2,486.0,160.0,165,Unhealthy,26.1,85.5,4.8
Jammu and Kashmir,Gaya,PM10,138.5,285.2,188.0,191,Unhealthy,38.8,34.7,15.8
Haryana,Jodhpur,OZONE,5.8,239.4,203.9,250,Very Unhealthy,35.8,33.5,10.4
Andhra Pradesh,Gummidipoondi,NO2,222.3,341.1,252.5,224,Very Unhealthy,27.9,76.1,3.3
Chandigarh,Guwahati,PM10,15.5,291.2,210.9,244,Very Unhealthy,38.6,60.9,29.2
Arunachal Pradesh,Munger,OZONE,14.9,216.5,22.1,22,Good,30.6,89.1,22.8
Nagaland,Chennai,PM2.5,12.9,411.9,28.1,16,Good,31.8,83.5,24.1
Delhi,Srinagar,PM2.5,48.6,472.3,151.7,174,Unhealthy,30.8,42.5,6.5
Puducherry,Samastipur,NH3,38.6,359.0,118.6,149,Unhealthy for Sensitive Groups,16.6,53.0,0.2
Meghalaya,Narnaul,CO,110.1,280.0,234.8,248,Very Unhealthy,20.3,70.0,10.9
Haryana,Belapur,OZONE,162.8,385.8,177.4,169,Unhealthy,27.4,87.3,9.9
Punjab,Parbhani,NH3,33.7,483.5,56.1,51,Moderate,35.1,54.3,4.5
Meghalaya,Puducherry,PM2.5,180.0,233.9,227.2,224,Very Unhealthy,22.5,77.2,5.8
Odisha,Alwar,PM2.5,73.1,387.5,103.8,111,Unhealthy for Sensitive Groups,15.3,85.2,26.6
Puducherry,Karnal,NO2,35.5,226.9,85.4,84,Moderate,31.3,90.6,0.1
Assam,Bhiwandi,SO2,55.5,454.6,71.2,82,Moderate,23.0,72.2,13.6
Himachal Pradesh,Bengaluru,NO2,167.2,388.2,232.7,203,Very Unhealthy,26.3,45.5,7.4
Jammu and Kashmir,Shillong,SO2,13.4,317.5,35.5,28,Good,32.2,94.9,27.5
Assam,Greater Noida,OZONE,10.3,132.2,56.3,91,Moderate,28.4,83.5,2.0
Telangana,Mangalore,CO,46.9,294.0,56.5,84,Moderate,21.5,42.3,5.6
Assam,Bhiwandi,NH3,96.7,235.5,100.6,388,Hazardous,27.6,55.1,12.6
Bihar,Vatva,OZONE,57.1,345.7,256.2,256,Very Unhealthy,16.4,52.2,23.9
Kerala,Thiruvananthapuram,NH3,17.9,462.6,224.1,266,Very Unhealthy,20.1,37.3,27.4
Bihar,Aurangabad,NO2,213.8,277.4,238.4,276,Very Unhealthy,20.4,33.0,19.6
Nagaland,Faridabad,NH3,48.7,272.1,147.8,143,Unhealthy for Sensitive Groups,37.4,66.3,8.9
Bihar,Srinagar,PM2.5,7.6,110.1,93.1,64,Moderate,24.3,33.9,4.4
Telangana,Bharatpur,CO,46.6,382.5,212.5,229,Very Unhealthy,31.5,35.2,13.6
Odisha,Maihar,PM2.5,118.5,299.4,179.1,178,Unhealthy,38.0,90.4,13.6
Karnataka,Bhiwani,SO2,7.4,173.3,125.0,150,Unhealthy for Sensitive Groups,37.7,67.8,23.7
Jammu and Kashmir,Prayagraj,PM2.5,15.7,344.0,221.4,253,Very Unhealthy,17.3,66.5,8.8
Chhattisgarh,Kashipur,PM2.5,7.3,210.1,42.2,28,Good,15.4,86.7,7.1
Uttarakhand,Begusarai,NH3,34.2,196.0,144.9,144,Unhealthy for Sensitive Groups,15.7,48.9,20.2
Jammu and Kashmir,Bahadurgarh,CO,30.4,275.5,157.4,192,Unhealthy,39.3,91.1,8.3
Delhi,Gurugram,SO2,27.5,290.3,114.5,123,Unhealthy for Sensitive Groups,20.5,81.6,22.0
Haryana,Ahmedabad,NH3,0.8,494.3,237.6,243,Very Unhealthy,29.8,72.0,21.1
Puducherry,Byrnihat,PM2.5,49.5,200.9,181.7,160,Unhealthy,37.7,37.3,22.4
Madhya Pradesh,Sikar,OZONE,3.5,335.5,6.2,19,Good,18.9,66.2,12.8
Himachal Pradesh,Parbhani,CO,31.5,477.6,134.8,148,Unhealthy for Sensitive Groups,36.2,90.1,15.5
Delhi,Jaisalmer,CO,230.6,298.9,249.0,221,Very Unhealthy,29.2,47.3,10.9
Chandigarh,Gummidipoondi,NO2,8.4,266.9,18.3,44,Good,20.3,93.2,18.4
Punjab,Nandesari,PM2.5,87.6,247.5,101.6,112,Unhealthy for Sensitive Groups,36.2,61.6,17.8
Kerala,Udaipur,NH3,184.9,486.9,264.2,240,Very Unhealthy,22.4,39.6,4.0
Jammu and Kashmir,Vadodara,PM2.5,3.6,450.9,10.0,16,Good,36.9,57.6,1.6
Haryana,Vrindavan,PM2.5,136.2,442.4,256.3,251,Very Unhealthy,38.4,75.9,21.2
Andhra Pradesh,Kolkata,SO2,2.6,389.8,10.5,5,Good,27.2,69.5,4.6
Maharashtra,Baran,PM10,129.2,488.0,176.6,169,Unhealthy,36.6,50.8,4.1
Telangana,Amaravati,CO,22.3,210.3,40.7,44,Good,38.0,37.4,22.9
Jammu and Kashmir,Khurja,SO2,203.8,419.9,217.0,208,Very Unhealthy,26.0,35.3,29.8
Jharkhand,Pali,PM10,90.8,401.0,97.9,69,Moderate,24.1,62.2,26.4
Madhya Pradesh,Bettiah,PM10,8.0,173.2,170.2,158,Unhealthy,32.3,42.5,26.5
Bihar,Tonk,SO2,1.1,291.4,107.8,148,Unhealthy for Sensitive Groups,27.0,36.0,27.2
Odisha,Kolkata,PM2.5,41.6,455.0,41.8,20,Good,21.5,47.0,5.3
Mizoram,Mandikhera,CO,74.5,209.2,85.8,61,Moderate,36.6,57.0,29.1
Telangana,Angul,NO2,89.5,327.8,175.3,173,Unhealthy,36.9,66.2,22.9
Chhattisgarh,Purnia,NO2,64.9,391.0,67.9,98,Moderate,32.8,80.6,4.9
Haryana,Kota,NH3,0.9,254.0,24.5,39,Good,23.9,30.7,16.5
Maharashtra,Sirsa,NH3,93.8,437.6,112.5,102,Unhealthy for Sensitive Groups,32.3,33.0,19.2
Maharashtra,Hingoli,PM10,13.9,460.1,32.0,1,Good,17.5,88.9,22.0
Maharashtra,Balasore,NH3,74.9,380.1,97.5,67,Moderate,31.5,92.9,4.3
Puducherry,Rishikesh,PM2.5,6.7,327.8,18.1,8,Good,32.3,55.9,1.2
Haryana,Noida,PM2.5,74.5,486.7,126.4,145,Unhealthy for Sensitive Groups,25.8,71.3,0.6
Assam,Sivasagar,NO2,127.3,379.1,195.2,162,Unhealthy,22.3,30.4,5.5
Madhya Pradesh,Yamuna Nagar,NO2,42.6,474.9,137.0,143,Unhealthy for Sensitive Groups,33.9,69.6,2.9
Andhra Pradesh,Shillong,NH3,169.5,202.7,175.1,195,Unhealthy,30.7,80.3,16.0
Jammu and Kashmir,Nagaon,SO2,85.3,303.5,133.7,135,Unhealthy for Sensitive Groups,15.1,70.3,7.6
Puducherry,Sirsa,OZONE,9.4,278.1,42.4,10,Good,36.4,40.2,29.8
Uttarakhand,Kurukshetra,CO,35.1,143.8,60.5,58,Moderate,28.5,59.8,3.7
Chandigarh,Panchkula,PM2.5,31.2,361.8,95.7,87,Moderate,24.5,50.8,20.6
Jharkhand,Jalgaon,PM2.5,117.3,466.6,239.6,276,Very Unhealthy,17.1,54.5,18.5
Delhi,Hanumangarh,SO2,50.0,437.1,98.1,79,Moderate,25.2,69.4,7.6
Andhra Pradesh,Hajipur,NO2,224.2,292.1,254.5,296,Very Unhealthy,32.0,61.5,30.0
Chandigarh,Patiala,SO2,59.0,452.6,61.3,64,Moderate,29.9,78.4,13.8
West Bengal,Thiruvananthapuram,SO2,202.3,223.1,216.3,258,Very Unhealthy,17.8,93.5,25.7
Rajasthan,Hanumangarh,CO,101.5,299.7,108.2,110,Unhealthy for Sensitive Groups,25.0,73.8,18.8
Telangana,Noida,OZONE,41.6,198.0,117.8,145,Unhealthy for Sensitive Groups,25.3,75.7,18.0
Puducherry,Hisar,SO2,29.9,479.4,33.7,31,Good,36.7,83.3,4.2
Odisha,Saharsa,PM10,65.4,140.0,87.9,80,Moderate,32.9,78.4,7.7
Uttar Pradesh,Agra,NO2,52.1,97.2,75.1,76,Moderate,27.4,88.7,13.7
Odisha,Bileipada,NO2,8.6,319.9,55.1,100,Moderate,26.4,62.8,6.6
Tripura,Panchgaon,SO2,93.3,305.4,103.5,106,Unhealthy for Sensitive Groups,26.7,78.3,20.9
Puducherry,Ratlam,SO2,23.7,484.0,50.3,328,Hazardous,20.0,81.5,28.9
Chandigarh,Jind,NO2,36.6,182.1,118.7,105,Unhealthy for Sensitive Groups,37.0,71.5,5.0
Bihar,Hapur,PM10,85.6,494.2,187.7,164,Unhealthy,24.0,51.1,29.5
Chhattisgarh,Balasore,CO,54.8,273.8,213.2,265,Very Unhealthy,20.6,58.7,3.8
Karnataka,Nagaon,OZONE,34.3,487.7,239.7,227,Very Unhealthy,24.9,62.0,8.0
Maharashtra,Boisar,SO2,26.8,414.8,32.9,11,Good,30.4,31.0,7.2
Rajasthan,Suakati,SO2,1.7,329.6,6.1,15,Good,16.9,45.7,14.3
Assam,Hanumangarh,SO2,1.2,81.4,2.2,16,Good,37.0,54.3,5.3
Uttarakhand,Kohima,NH3,1.1,271.1,30.4,7,Good,34.2,56.0,8.8
Arunachal Pradesh,Tirumala,OZONE,152.0,381.7,223.6,290,Very Unhealthy,26.4,71.5,14.0
Himachal Pradesh,Lucknow,NH3,24.6,293.2,34.1,48,Good,26.6,91.5,19.5
Jammu and Kashmir,Ahmedabad,OZONE,52.2,385.3,195.4,164,Unhealthy,28.0,89.7,28.8
Rajasthan,Tumidih,NO2,88.1,198.1,89.7,75,Moderate,30.0,46.0,7.1
Assam,Byasanagar,NO2,144.1,476.5,171.4,176,Unhealthy,36.7,79.6,18.4
Arunachal Pradesh,Gorakhpur,CO,1.0,461.0,25.7,18,Good,21.5,86.2,29.2
Arunachal Pradesh,Talcher,PM10,139.1,490.9,166.8,163,Unhealthy,32.3,72.3,18.0
Chandigarh,Ludhiana,SO2,113.2,203.7,185.1,151,Unhealthy,19.1,49.6,7.8
Arunachal Pradesh,Satna,PM2.5,5.8,365.4,11.3,45,Good,18.5,46.7,14.9
Himachal Pradesh,Ludhiana,PM10,95.3,219.7,101.6,115,Unhealthy for Sensitive Groups,31.1,62.4,24.3
Uttarakhand,Dharuhera,NO2,21.6,388.5,104.8,133,Unhealthy for Sensitive Groups,17.2,60.6,0.6
Telangana,Narnaul,SO2,28.1,158.2,129.6,132,Unhealthy for Sensitive Groups,35.1,91.5,14.3
Nagaland,Rajgir,PM10,77.4,238.2,226.6,220,Very Unhealthy,33.3,94.8,11.7
Rajasthan,Kanpur,CO,150.7,256.3,161.9,155,Unhealthy,15.5,69.6,16.3
Himachal Pradesh,Narnaul,PM10,101.2,248.8,114.4,122,Unhealthy for Sensitive Groups,20.2,72.4,6.3
Assam,Ulhasnagar,NO2,18.3,353.6,203.7,278,Very Unhealthy,23.5,39.3,17.5
Karnataka,Chhal,PM10,108.2,422.5,259.6,295,Very Unhealthy,31.0,50.2,21.1
Chhattisgarh,Agra,NH3,169.3,321.7,214.8,220,Very Unhealthy,21.2,85.2,16.8
Nagaland,Srinagar,SO2,83.7,300.1,180.5,198,Unhealthy,38.9,51.5,21.4
Nagaland,Chandrapur,CO,3.4,147.3,94.6,96,Moderate,21.2,36.9,19.0
Tamil Nadu,Udaipur,OZONE,106.5,357.1,165.0,162,Unhealthy,23.8,46.3,5.9
Odisha,Siliguri,CO,4.9,314.0,126.5,127,Unhealthy for Sensitive Groups,23.0,53.3,12.1
Jharkhand,Motihari,SO2,86.5,396.8,238.9,243,Very Unhealthy,18.6,42.8,6.1
Telangana,Samastipur,CO,171.1,495.0,265.9,250,Very Unhealthy,37.8,57.4,25.2
Karnataka,Ujjain,PM10,101.6,361.6,242.9,257,Very Unhealthy,36.7,54.6,28.5
Uttarakhand,Mandikhera,CO,11.8,324.3,249.6,224,Very Unhealthy,22.3,75.4,27.7
Sikkim,Hubballi,PM2.5,38.0,461.6,168.9,177,Unhealthy,17.4,61.4,25.2
Tamil Nadu,Sangli,OZONE,121.4,356.6,225.8,201,Very Unhealthy,33.1,74.0,16.2
Haryana,Varanasi,PM10,55.7,474.6,209.2,285,Very Unhealthy,31.7,83.8,25.0
Jammu and Kashmir,Agra,NO2,85.8,202.8,189.7,171,Unhealthy,29.9,71.0,21.9
Delhi,Khanna,NH3,83.5,482.0,154.3,187,Unhealthy,35.7,62.8,5.6
West Bengal,Amravati,OZONE,25.1,231.4,200.3,449,Hazardous,30.8,49.7,27.9
Himachal Pradesh,Sirohi,PM2.5,23.0,359.3,140.6,126,Unhealthy for Sensitive Groups,27.3,61.3,19.7
Meghalaya,Kashipur,NO2,130.4,426.3,237.4,221,Very Unhealthy,20.4,84.6,1.7
Assam,Dharuhera,OZONE,102.4,399.2,221.4,215,Very Unhealthy,39.3,42.9,26.7
West Bengal,Beed,PM10,66.4,484.0,158.1,179,Unhealthy,31.9,52.2,7.7
Rajasthan,Anantapur,NH3,30.2,344.9,67.2,52,Moderate,18.3,74.0,3.6
Punjab,Bhilai,CO,187.2,391.7,219.5,294,Very Unhealthy,28.2,42.8,14.0
Telangana,Ramanagara,NH3,74.8,468.8,162.2,159,Unhealthy,29.7,95.0,17.3
Telangana,Saharsa,CO,216.9,452.6,252.3,219,Very Unhealthy,38.4,72.3,17.3
Chhattisgarh,Munger,NH3,93.9,286.0,262.8,232,Very Unhealthy,39.2,91.6,28.1
Mizoram,Kohima,NO2,31.0,391.9,124.5,104,Unhealthy for Sensitive Groups,24.7,33.1,22.5
Assam,Kanpur,CO,6.9,146.2,53.6,53,Moderate,26.4,82.8,10.7
Bihar,Vadodara,SO2,68.6,446.2,165.0,178,Unhealthy,33.2,33.0,8.0
Maharashtra,Baddi,NO2,11.6,227.6,21.7,33,Good,19.7,54.6,22.7
Tamil Nadu,Chandigarh,PM10,149.7,290.7,172.9,187,Unhealthy,18.8,77.7,28.3
Karnataka,Kanpur,PM2.5,38.2,457.2,44.1,12,Good,31.0,90.4,0.3
Arunachal Pradesh,Nagpur,NH3,6.3,385.8,87.1,83,Moderate,36.4,39.0,11.6
Chandigarh,Pali,CO,71.6,111.5,110.3,141,Unhealthy for Sensitive Groups,32.4,35.3,24.3
Karnataka,Gurugram,OZONE,33.1,149.1,115.1,146,Unhealthy for Sensitive Groups,29.2,85.9,14.3
Haryana,Pimpri-Chinchwad,SO2,10.4,103.1,55.0,97,Moderate,18.5,64.4,12.8
Sikkim,Jodhpur,CO,33.9,430.4,157.6,161,Unhealthy,16.9,66.9,19.5
Chhattisgarh,Hubballi,CO,73.1,447.1,210.0,273,Very Unhealthy,31.9,42.9,26.2
Arunachal Pradesh,Jhunjhunu,CO,4.2,214.2,209.7,202,Very Unhealthy,31.5,52.1,0.7
Gujarat,Sangli,OZONE,13.6,240.4,81.4,64,Moderate,20.2,48.6,1.6
Haryana,Jind,PM10,0.7,479.9,34.5,49,Good,33.3,78.8,7.8
Haryana,Alwar,NO2,217.2,377.1,223.3,276,Very Unhealthy,26.1,40.6,19.4
Tripura,Ahmedabad,NO2,81.3,280.2,203.7,263,Very Unhealthy,15.1,33.2,5.4
Kerala,Latur,PM2.5,35.2,153.7,69.6,96,Moderate,22.4,31.5,13.1
Jammu and Kashmir,Jhalawar,CO,82.4,461.8,161.2,173,Unhealthy,34.4,59.5,28.5
Punjab,Bhilwara,NO2,35.5,440.7,50.4,318,Hazardous,17.7,32.9,18.4
Jammu and Kashmir,Machilipatnam,CO,42.5,243.8,102.6,133,Unhealthy for Sensitive Groups,16.0,42.7,21.1
Bihar,Charkhi Dadri,CO,34.0,338.5,251.1,291,Very Unhealthy,18.4,51.2,21.1
Nagaland,Sonipat,PM2.5,62.5,459.9,145.4,120,Unhealthy for Sensitive Groups,36.4,73.6,18.6
Jammu and Kashmir,Hapur,NH3,5.0,284.6,68.6,86,Moderate,21.7,69.9,20.5
Andhra Pradesh,Manguraha,PM10,45.6,293.2,230.2,213,Very Unhealthy,34.7,37.6,1.6
Maharashtra,Patiala,NO2,24.5,336.3,37.1,1,Good,16.0,94.7,20.1
Mizoram,Chamarajanagar,OZONE,123.1,288.7,188.6,197,Unhealthy,19.2,65.7,25.9
Arunachal Pradesh,Singrauli,OZONE,185.5,309.3,243.2,211,Very Unhealthy,25.5,60.2,18.6
Assam,Ahmedabad,PM2.5,188.5,497.6,260.7,257,Very Unhealthy,36.2,69.1,21.7
Bihar,Bhavnagar,SO2,90.6,221.5,104.9,103,Unhealthy for Sensitive Groups,30.8,42.5,13.7
Nagaland,Nagaon,PM2.5,32.1,395.1,140.1,121,Unhealthy for Sensitive Groups,15.8,34.2,27.0
Arunachal Pradesh,Milupara,SO2,52.6,187.7,63.5,82,Moderate,20.3,53.4,4.3
Uttarakhand,Coimbatore,OZONE,42.6,365.1,189.1,172,Unhealthy,38.2,56.2,0.8
Punjab,Vijayapura,OZONE,7.6,293.5,44.2,9,Good,15.1,34.8,17.2
Uttar Pradesh,Gummidipoondi,OZONE,5.3,297.7,22.4,34,Good,26.5,80.5,21.5
Meghalaya,Rishikesh,NH3,64.1,334.9,102.4,147,Unhealthy for Sensitive Groups,19.5,77.8,17.4
Mizoram,Bhiwadi,CO,49.6,443.3,220.0,253,Very Unhealthy,37.2,78.1,29.9
Sikkim,Rajkot,NH3,187.0,411.1,220.5,289,Very Unhealthy,17.5,55.1,0.6
Bihar,Manesar,OZONE,18.2,428.0,224.8,264,Very Unhealthy,29.9,79.6,5.0
Punjab,Saharsa,NH3,7.5,492.2,35.4,15,Good,35.1,82.2,29.8
Uttar Pradesh,Satna,OZONE,3.3,291.1,67.3,93,Moderate,35.6,59.7,13.2
Chhattisgarh,Asansol,OZONE,14.8,383.7,17.3,30,Good,27.3,49.0,2.3
Jharkhand,Shivamogga,PM10,39.6,467.8,116.4,139,Unhealthy for Sensitive Groups,32.8,59.4,0.2
Odisha,Mandikhera,PM2.5,29.8,218.7,76.6,63,Moderate,16.4,83.4,15.9
Mizoram,Bharatpur,NO2,38.3,236.6,113.2,135,Unhealthy for Sensitive Groups,36.1,65.0,6.7
Jharkhand,Panchgaon,PM2.5,40.7,348.9,211.9,240,Very Unhealthy,34.2,75.1,10.7
Haryana,Milupara,OZONE,32.7,437.1,61.6,78,Moderate,34.7,33.5,19.4
Tripura,Barbil,NO2,121.0,153.2,132.3,115,Unhealthy for Sensitive Groups,19.8,30.2,29.1
Rajasthan,Chikkamagaluru,SO2,44.9,316.7,258.4,237,Very Unhealthy,33.1,33.0,15.3
Sikkim,Bhiwadi,OZONE,22.9,384.2,239.2,221,Very Unhealthy,33.9,64.0,11.9
Jharkhand,Thane,NO2,47.2,248.1,226.9,275,Very Unhealthy,18.8,38.7,5.7
Haryana,Manesar,CO,37.8,201.7,128.1,126,Unhealthy for Sensitive Groups,35.5,33.9,17.7
Puducherry,Yadgir,NH3,57.3,235.3,169.7,192,Unhealthy,38.9,89.3,26.0
Meghalaya,Lucknow,CO,17.5,247.5,72.5,67,Moderate,33.2,40.3,8.1
Assam,Palwal,CO,5.0,69.4,39.5,10,Good,18.6,78.2,11.5
Himachal Pradesh,Dharuhera,NH3,30.9,457.1,38.4,8,Good,15.1,73.9,7.7
Rajasthan,Satna,PM10,64.2,366.7,185.5,185,Unhealthy,36.8,73.9,10.6
Himachal Pradesh,Varanasi,SO2,12.0,300.4,25.7,0,Good,16.7,57.4,2.3
Telangana,Madurai,PM10,168.9,292.8,193.6,169,Unhealthy,28.1,84.4,0.2
Sikkim,Coimbatore,PM2.5,75.7,407.2,105.7,111,Unhealthy for Sensitive Groups,36.7,54.6,15.2
Himachal Pradesh,Raebareli,NO2,140.5,386.7,202.1,284,Very Unhealthy,18.0,93.7,27.1
Himachal Pradesh,Katihar,CO,140.4,457.5,244.5,289,Very Unhealthy,37.4,47.3,25.5
Maharashtra,Ghaziabad,PM2.5,160.6,397.6,253.8,253,Very Unhealthy,34.7,86.3,6.4
Odisha,Sonipat,NH3,4.7,100.1,7.5,18,Good,17.2,48.9,24.4
Andhra Pradesh,Kollam,CO,67.4,337.9,246.5,204,Very Unhealthy,38.2,63.5,25.2
Odisha,Bhiwani,SO2,138.4,422.6,257.0,201,Very Unhealthy,39.2,84.5,20.0
Jharkhand,Bilaspur,OZONE,93.1,444.9,99.0,57,Moderate,27.8,68.7,24.4
Karnataka,Chittoor,NO2,29.3,469.0,262.2,244,Very Unhealthy,26.5,63.3,5.1
Chhattisgarh,Balasore,OZONE,96.9,273.7,167.8,182,Unhealthy,34.5,56.2,4.2
Punjab,Chikkamagaluru,SO2,106.5,387.7,189.5,178,Unhealthy,30.7,87.8,19.1
Delhi,Sirsa,NO2,176.5,420.8,207.6,265,Very Unhealthy,33.0,58.3,28.9
Assam,Dharwad,PM2.5,3.5,260.5,102.3,117,Unhealthy for Sensitive Groups,21.5,41.0,20.9
Tamil Nadu,Milupara,NH3,43.7,187.9,146.1,124,Unhealthy for Sensitive Groups,21.4,80.0,4.1
Maharashtra,Bharatpur,PM10,4.1,149.6,13.9,46,Good,24.5,95.0,29.9
Assam,Chandigarh,NO2,17.3,301.5,73.5,57,Moderate,22.0,49.4,26.0
Meghalaya,Bhopal,PM2.5,115.2,222.4,117.0,117,Unhealthy for Sensitive Groups,35.3,47.2,4.2
Puducherry,Mandideep,NO2,21.3,426.8,82.3,79,Moderate,19.4,74.9,3.0
Meghalaya,Kunjemura,CO,37.3,367.7,248.4,289,Very Unhealthy,34.3,62.0,22.7
Punjab,Ambernath,SO2,131.5,202.2,175.1,191,Unhealthy,35.3,63.3,4.8
Uttar Pradesh,Panchkula,SO2,112.9,474.6,259.1,259,Very Unhealthy,38.4,89.5,10.6
Uttarakhand,Varanasi,SO2,115.3,275.8,192.1,193,Unhealthy,34.4,60.1,29.9
Arunachal Pradesh,Mandikhera,SO2,216.9,299.7,219.3,216,Very Unhealthy,26.0,89.1,1.7
Nagaland,Ulhasnagar,NH3,2.5,191.4,10.0,11,Good,20.3,34.5,22.3
Uttarakhand,Chandrapur,CO,2.0,248.1,3.8,17,Good,31.9,39.2,29.9
Uttar Pradesh,Suakati,NO2,108.2,385.6,151.7,199,Unhealthy,34.3,94.3,3.3
Mizoram,Bhiwadi,NH3,51.5,162.1,88.9,51,Moderate,37.9,49.8,6.9
Punjab,Faridabad,NO2,30.7,481.7,41.9,1,Good,27.1,71.7,14.8
Telangana,Bhiwadi,NO2,12.1,215.4,109.4,110,Unhealthy for Sensitive Groups,32.1,32.9,21.6
Nagaland,Gorakhpur,SO2,53.5,216.1,156.9,176,Unhealthy,21.6,68.9,23.2
Telangana,Madikeri,OZONE,39.1,101.3,81.0,68,Moderate,29.6,82.1,29.2
Tripura,Ahmednagar,NO2,2.8,496.6,119.5,130,Unhealthy for Sensitive Groups,29.0,66.9,25.5
Odisha,Chikkaballapur,PM2.5,18.8,422.7,19.8,33,Good,37.5,61.3,13.9
Bihar,Thrissur,NH3,71.0,124.4,82.7,75,Moderate,17.1,75.1,26.4
Uttar Pradesh,Silchar,CO,78.6,317.0,217.3,298,Very Unhealthy,16.3,45.3,29.8
Himachal Pradesh,Bareilly,PM10,118.1,340.1,149.2,131,Unhealthy for Sensitive Groups,34.1,83.1,13.5
Chandigarh,Prayagraj,NO2,42.3,365.8,115.6,137,Unhealthy for Sensitive Groups,16.4,51.7,13.2
Bihar,Buxar,NO2,15.6,162.6,34.7,34,Good,15.8,45.5,17.5
Kerala,Milupara,SO2,140.1,288.6,189.8,159,Unhealthy,32.4,82.9,0.6
Madhya Pradesh,Sri Ganganagar,NH3,76.2,203.0,86.2,71,Moderate,36.6,73.1,15.7
Tamil Nadu,Srinagar,OZONE,14.5,92.6,21.7,42,Good,20.6,82.1,14.7
Punjab,Virar,SO2,5.0,394.0,10.8,5,Good,15.9,32.0,27.2
Maharashtra,Kanpur,PM2.5,30.4,136.1,97.3,58,Moderate,27.7,45.8,7.6
Jharkhand,Ahmednagar,CO,73.5,121.9,81.3,83,Moderate,32.0,63.3,26.2
Punjab,Dholpur,SO2,129.4,460.0,247.5,276,Very Unhealthy,18.5,51.6,10.6
Karnataka,Ballabgarh,PM10,30.9,321.9,136.4,112,Unhealthy for Sensitive Groups,27.1,42.6,24.6
Jharkhand,Mahad,PM10,11.8,274.0,264.7,220,Very Unhealthy,17.6,45.7,13.8
Rajasthan,Nagpur,NH3,141.6,303.9,244.6,281,Very Unhealthy,39.6,88.3,7.5
Tamil Nadu,Satna,SO2,37.0,130.8,72.0,65,Moderate,16.5,77.3,21.7
Odisha,Charkhi Dadri,PM2.5,152.5,250.3,208.2,236,Very Unhealthy,37.2,54.4,19.9
Delhi,Siwan,NH3,26.1,163.1,26.6,35,Good,15.8,50.5,12.1
Odisha,Churu,CO,0.9,211.1,98.8,56,Moderate,23.0,42.2,14.6
Arunachal Pradesh,Belapur,NH3,5.5,121.9,6.2,15,Good,37.8,92.4,20.7
Tamil Nadu,Dholpur,OZONE,0.3,449.6,265.1,268,Very Unhealthy,32.8,38.6,1.9
Mizoram,Mumbai,PM2.5,186.2,265.7,261.5,237,Very Unhealthy,19.4,63.0,7.1
West Bengal,Bhilwara,NO2,14.5,442.3,218.9,285,Very Unhealthy,38.6,41.0,28.2
Arunachal Pradesh,Virar,NO2,69.5,291.7,90.9,92,Moderate,39.0,93.9,3.1
Telangana,Palwal,CO,94.2,325.5,176.4,176,Unhealthy,23.5,72.4,9.2
Delhi,Patiala,CO,115.9,229.7,124.0,141,Unhealthy for Sensitive Groups,25.9,48.0,29.9
Tamil Nadu,Vadodara,NH3,6.1,180.5,8.8,5,Good,16.2,72.3,1.9
Haryana,Khurja,CO,81.5,201.7,95.4,92,Moderate,20.2,32.7,12.7
Delhi,Akola,CO,51.4,116.3,57.9,82,Moderate,38.0,52.1,21.2
Chandigarh,Jind,NH3,2.4,205.9,54.6,76,Moderate,28.5,68.2,18.3
Rajasthan,Motihari,NH3,164.4,184.4,178.0,200,Unhealthy,15.5,94.9,14.1
Maharashtra,Mandikhera,CO,84.2,410.0,235.1,202,Very Unhealthy,29.4,70.4,11.3
Chhattisgarh,Mandideep,PM10,2.9,302.6,83.7,75,Moderate,23.4,40.7,15.3
Kerala,Kurukshetra,PM2.5,103.5,245.5,218.4,261,Very Unhealthy,29.3,91.6,23.4
Uttarakhand,Sawai Madhopur,PM2.5,72.8,321.3,222.1,221,Very Unhealthy,30.0,75.0,23.9
Himachal Pradesh,Pali,NO2,108.6,177.5,132.7,141,Unhealthy for Sensitive Groups,33.7,85.9,0.5
Punjab,Damoh,NO2,10.3,364.9,40.7,4,Good,29.3,76.7,28.1
Bihar,Vrindavan,SO2,33.7,452.8,79.2,100,Moderate,37.4,83.5,0.4
Punjab,Naharlagun,PM10,23.3,104.9,64.9,77,Moderate,38.5,74.7,4.0
Odisha,Thane,NO2,38.8,439.0,233.2,240,Very Unhealthy,35.9,62.0,25.2
Sikkim,Chandrapur,PM2.5,203.0,262.8,245.0,259,Very Unhealthy,32.7,41.1,15.2
Gujarat,Sirohi,OZONE,114.2,409.0,254.1,270,Very Unhealthy,34.1,49.1,0.8
Andhra Pradesh,Bhubaneswar,PM10,81.4,350.6,176.3,174,Unhealthy,29.7,64.7,17.4
Bihar,Kollam,CO,13.9,182.5,130.6,101,Unhealthy for Sensitive Groups,20.5,78.0,28.3
Karnataka,Yamuna Nagar,NO2,90.9,394.3,228.6,236,Very Unhealthy,32.2,46.6,24.1
Andhra Pradesh,Bhopal,NH3,6.6,322.4,17.0,40,Good,30.5,92.4,27.2
Mizoram,Arrah,PM2.5,19.9,487.4,206.4,287,Very Unhealthy,22.7,41.8,14.9
Delhi,Ulhasnagar,PM10,2.5,189.9,129.2,107,Unhealthy for Sensitive Groups,24.4,64.7,24.4
Meghalaya,Mira-Bhayandar,NO2,140.4,368.9,185.0,172,Unhealthy,25.6,32.8,13.8
Assam,Kalaburagi,OZONE,81.8,204.9,118.8,140,Unhealthy for Sensitive Groups,17.8,57.4,16.1
Uttar Pradesh,Tirupati,CO,213.1,352.1,230.5,269,Very Unhealthy,39.3,59.2,17.1
Maharashtra,Hajipur,OZONE,67.5,409.5,121.3,146,Unhealthy for Sensitive Groups,34.5,94.5,20.5
Arunachal Pradesh,Cuddalore,PM2.5,42.0,388.9,249.0,275,Very Unhealthy,24.1,80.1,10.2
Sikkim,Delhi,CO,202.5,364.8,233.6,214,Very Unhealthy,17.5,78.0,29.2
Kerala,Machilipatnam,NO2,128.3,416.1,259.2,207,Very Unhealthy,28.0,46.3,10.3
Andhra Pradesh,Mandikhera,PM10,2.5,134.7,9.8,41,Good,22.3,33.8,19.5
Rajasthan,Nanded,PM10,3.6,97.5,5.8,25,Good,24.1,88.3,3.5
Tripura,Visakhapatnam,CO,1.9,354.2,89.8,68,Moderate,34.6,65.2,12.9
Delhi,Hyderabad,PM2.5,54.5,370.5,140.5,145,Unhealthy for Sensitive Groups,25.3,55.3,23.8
Gujarat,Sirohi,CO,7.9,446.9,169.3,172,Unhealthy,20.4,42.6,24.7
Karnataka,Byrnihat,SO2,78.1,418.2,120.2,108,Unhealthy for Sensitive Groups,26.0,60.5,16.0
Maharashtra,Chittoor,NH3,22.8,127.5,52.3,65,Moderate,24.7,93.2,24.4
Madhya Pradesh,Mumbai,NH3,128.7,278.9,229.4,210,Very Unhealthy,27.7,38.8,28.0
Andhra Pradesh,Gurugram,NH3,133.4,457.6,190.5,184,Unhealthy,21.0,73.7,19.9
Odisha,Thiruvananthapuram,PM10,30.8,481.1,60.8,78,Moderate,22.2,77.0,12.1
Himachal Pradesh,Solapur,CO,9.8,356.8,184.4,172,Unhealthy,20.9,45.9,9.2
Tamil Nadu,Jabalpur,NO2,62.7,297.2,244.9,233,Very Unhealthy,25.0,93.6,12.2
Uttarakhand,Pali,NO2,84.9,302.8,133.6,106,Unhealthy for Sensitive Groups,24.0,34.1,20.2
Punjab,Begusarai,PM2.5,56.1,118.2,88.1,69,Moderate,19.0,85.2,17.2
Bihar,Ramanagara,PM10,24.6,341.7,148.7,117,Unhealthy for Sensitive Groups,28.6,41.5,19.1
Arunachal Pradesh,Pune,PM10,110.9,397.5,129.0,106,Unhealthy for Sensitive Groups,24.3,35.0,19.3
Sikkim,Navi Mumbai,NH3,98.3,488.8,219.5,289,Very Unhealthy,38.6,42.3,4.4
Andhra Pradesh,Puducherry,CO,115.5,234.2,197.9,174,Unhealthy,37.6,36.3,3.5
Odisha,Rajamahendravaram,SO2,12.1,336.9,68.5,54,Moderate,39.9,53.1,11.0
Andhra Pradesh,Ujjain,CO,65.8,426.4,175.8,188,Unhealthy,36.6,62.0,11.4
Jammu and Kashmir,Kishanganj,NO2,22.0,156.0,81.7,79,Moderate,38.5,91.5,25.7
Puducherry,Madikeri,SO2,26.7,95.5,59.3,90,Moderate,20.3,85.9,12.6
Karnataka,Panchgaon,SO2,32.4,336.4,171.8,158,Unhealthy,26.0,89.8,24.9
Tripura,Latur,NH3,10.2,271.5,53.1,76,Moderate,31.4,70.3,15.5
Himachal Pradesh,Narnaul,NO2,66.6,244.3,201.9,257,Very Unhealthy,38.0,56.0,16.6
Uttarakhand,Hingoli,CO,29.3,318.8,75.5,89,Moderate,17.8,52.8,27.3
Jharkhand,Bhavnagar,SO2,98.9,329.5,224.9,278,Very Unhealthy,24.2,55.0,29.1
Meghalaya,Chikkaballapur,OZONE,126.3,371.4,169.7,172,Unhealthy,33.6,68.8,23.6
Chhattisgarh,Rajgir,NH3,118.3,362.0,143.1,142,Unhealthy for Sensitive Groups,19.2,43.0,24.9
Tripura,Barmer,OZONE,41.7,467.6,72.9,98,Moderate,17.7,47.2,1.0
Punjab,Gadag,NH3,75.5,427.8,252.5,290,Very Unhealthy,39.0,39.8,0.6
Mizoram,Mahad,NO2,164.8,453.5,227.2,231,Very Unhealthy,19.9,80.3,9.5
Sikkim,Aizawl,PM10,224.5,446.1,230.5,268,Very Unhealthy,33.3,74.9,3.3
Punjab,Mahad,NO2,53.5,408.7,115.3,116,Unhealthy for Sensitive Groups,27.8,88.1,25.0
Jammu and Kashmir,Bhiwandi,SO2,77.6,412.0,234.6,282,Very Unhealthy,25.9,76.0,18.2
Arunachal Pradesh,Nellore,SO2,17.9,246.1,136.3,109,Unhealthy for Sensitive Groups,29.4,88.0,25.3
Telangana,Virar,CO,8.0,323.4,153.3,157,Unhealthy,15.6,85.3,9.6
Puducherry,Indore,SO2,29.4,350.3,92.0,74,Moderate,39.2,37.3,7.5
Bihar,Nagaur,PM10,104.8,361.5,199.5,167,Unhealthy,26.7,92.8,25.2
West Bengal,Vrindavan,NO2,64.4,145.1,95.6,59,Moderate,38.4,82.0,17.8
Maharashtra,Ambernath,SO2,21.6,238.6,80.5,63,Moderate,29.5,39.1,25.4
Uttarakhand,Ulhasnagar,NH3,141.5,382.1,161.0,172,Unhealthy,15.8,43.6,15.5
Delhi,Rohtak,PM10,29.1,347.9,36.9,19,Good,27.0,38.3,20.9
Arunachal Pradesh,Madikeri,SO2,66.7,466.6,92.0,73,Moderate,34.1,76.4,29.7
Rajasthan,Bhopal,SO2,23.0,400.9,200.3,438,Hazardous,30.1,87.8,25.8
Karnataka,Motihari,PM10,76.6,164.7,146.0,121,Unhealthy for Sensitive Groups,33.5,94.2,19.5
Jammu and Kashmir,Thoothukudi,CO,116.1,460.4,212.8,215,Very Unhealthy,24.7,81.5,12.7
Gujarat,Durgapur,PM10,109.5,415.0,210.0,245,Very Unhealthy,17.5,38.9,14.2
Punjab,Singrauli,OZONE,5.6,289.7,36.1,31,Good,19.5,86.2,4.7
Tamil Nadu,Tirumala,CO,18.8,265.0,70.1,52,Moderate,28.6,68.9,24.1
Maharashtra,Beed,OZONE,140.7,206.8,189.2,179,Unhealthy,24.9,43.2,11.5
Karnataka,Hyderabad,NH3,108.4,176.4,118.7,142,Unhealthy for Sensitive Groups,16.2,39.3,13.2
Sikkim,Chittorgarh,PM10,29.6,61.2,61.0,95,Moderate,22.8,71.1,23.2
Maharashtra,Akola,OZONE,128.4,432.7,137.6,148,Unhealthy for Sensitive Groups,34.9,42.3,29.1
Chandigarh,Amaravati,NO2,19.2,170.4,20.1,31,Good,32.9,72.8,8.9
Odisha,Bharatpur,OZONE,103.8,334.5,154.8,190,Unhealthy,29.6,42.1,11.2
Rajasthan,Byasanagar,PM2.5,120.1,455.2,175.7,159,Unhealthy,31.4,32.6,8.0
Mizoram,Noida,CO,25.9,333.8,103.3,131,Unhealthy for Sensitive Groups,27.5,79.3,24.1
Tamil Nadu,Baghpat,OZONE,139.1,421.0,147.1,119,Unhealthy for Sensitive Groups,19.8,37.0,1.9
Kerala,Kolhapur,CO,141.8,377.8,210.9,274,Very Unhealthy,23.5,90.4,1.6
Maharashtra,Dholpur,CO,45.9,479.5,121.5,144,Unhealthy for Sensitive Groups,19.4,46.2,13.0
Haryana,Agartala,PM2.5,151.0,285.4,162.0,196,Unhealthy,22.4,38.9,13.8
Telangana,Bhagalpur,OZONE,8.3,328.4,35.5,23,Good,30.1,71.1,2.8
Chhattisgarh,Banswara,PM10,60.8,481.8,155.1,175,Unhealthy,36.7,58.8,18.7
West Bengal,Rajkot,PM10,6.1,262.6,71.2,81,Moderate,31.0,42.5,9.1
Tamil Nadu,Mangalore,CO,24.5,329.7,45.4,3,Good,30.7,73.2,29.8
Delhi,Hyderabad,PM10,10.7,209.9,25.7,27,Good,37.2,54.3,14.9
Haryana,Barrackpore,PM2.5,16.8,138.7,83.8,60,Moderate,35.2,77.0,17.2
Jharkhand,Sirsa,PM2.5,90.0,274.6,113.8,134,Unhealthy for Sensitive Groups,39.3,90.9,11.4
Meghalaya,Varanasi,NO2,46.4,476.0,207.0,297,Very Unhealthy,22.6,49.3,21.0
Tripura,Barrackpore,SO2,210.7,492.7,212.6,265,Very Unhealthy,38.2,31.9,0.4
Bihar,Araria,NO2,16.8,205.0,55.8,51,Moderate,15.6,89.3,3.9
West Bengal,Satna,SO2,241.8,268.1,261.3,265,Very Unhealthy,39.9,49.0,20.3
Maharashtra,Bundi,PM10,0.5,187.8,0.6,33,Good,36.0,77.4,5.6
Chhattisgarh,Virar,PM2.5,41.6,284.7,213.7,271,Very Unhealthy,16.2,94.6,15.0
West Bengal,Satna,OZONE,158.9,191.7,173.6,175,Unhealthy,37.0,63.2,27.7
Mizoram,Panipat,OZONE,128.8,491.5,166.0,184,Unhealthy,19.4,72.2,7.7
Punjab,Vijayapura,PM10,93.4,373.2,223.9,265,Very Unhealthy,22.4,82.2,17.0
Tamil Nadu,Agra,NH3,86.7,463.5,265.0,237,Very Unhealthy,19.4,46.9,0.2
Karnataka,Udaipur,NO2,67.1,334.7,86.6,59,Moderate,30.1,83.7,12.1
Madhya Pradesh,Parbhani,SO2,88.8,227.0,122.9,150,Unhealthy for Sensitive Groups,31.3,55.4,15.4
Himachal Pradesh,Chikkaballapur,NO2,30.2,448.2,124.5,126,Unhealthy for Sensitive Groups,26.2,70.2,5.8
Assam,Chandrapur,NH3,195.2,469.2,247.7,212,Very Unhealthy,18.1,87.5,3.8
Assam,Greater Noida,SO2,105.5,241.3,225.7,223,Very Unhealthy,36.3,62.7,23.8
Arunachal Pradesh,Karnal,NO2,49.0,376.3,187.0,171,Unhealthy,37.1,30.9,26.7
Delhi,Brajrajnagar,NH3,18.9,480.0,224.6,225,Very Unhealthy,21.2,32.1,29.5
Uttarakhand,Charkhi Dadri,CO,4.4,399.2,128.7,126,Unhealthy for Sensitive Groups,20.6,42.9,16.9
Rajasthan,Madikeri,PM10,156.9,401.0,209.8,208,Very Unhealthy,39.8,31.2,26.3
Delhi,Gurugram,NH3,11.0,255.9,46.1,39,Good,32.3,81.2,21.6
Punjab,Katni,SO2,18.7,282.9,150.5,479,Hazardous,22.6,58.4,22.3
Himachal Pradesh,Chikkamagaluru,PM10,32.6,208.0,121.2,139,Unhealthy for Sensitive Groups,32.8,81.7,3.6
Tamil Nadu,Ramanagara,SO2,115.6,325.8,160.9,177,Unhealthy,32.5,38.9,26.0
Haryana,Jaipur,OZONE,70.8,395.8,85.3,77,Moderate,34.3,74.1,12.7
Gujarat,Pune,SO2,9.9,292.8,21.0,38,Good,23.9,86.7,26.8
Bihar,Sangli,CO,187.5,288.3,202.0,271,Very Unhealthy,16.6,56.3,26.5
Uttarakhand,Milupara,NO2,3.8,444.0,29.2,47,Good,33.6,90.1,14.2
Odisha,Tensa,NO2,36.6,221.9,62.7,54,Moderate,27.5,82.6,26.3
Odisha,Mangalore,NH3,8.0,137.6,20.0,23,Good,31.7,40.2,28.2
Jammu and Kashmir,Khanna,CO,253.1,441.8,264.6,274,Very Unhealthy,33.1,36.1,19.0
Maharashtra,Indore,NH3,101.8,156.5,153.3,176,Unhealthy,15.6,78.1,4.1
Chhattisgarh,Nanded,NO2,22.8,456.0,80.2,99,Moderate,32.9,60.5,20.6
Tripura,Bahadurgarh,NO2,81.1,290.9,122.9,101,Unhealthy for Sensitive Groups,36.3,46.1,1.5
Odisha,Thane,SO2,170.0,443.3,239.1,249,Very Unhealthy,23.5,65.4,24.0
Chhattisgarh,Karauli,SO2,19.1,183.2,38.2,34,Good,21.8,35.0,10.7
Arunachal Pradesh,Kishanganj,NO2,3.6,404.7,115.6,119,Unhealthy for Sensitive Groups,24.1,79.9,16.3
Meghalaya,Kalyan,NH3,110.0,216.6,145.2,147,Unhealthy for Sensitive Groups,31.5,30.3,7.7
Himachal Pradesh,Navi Mumbai,PM2.5,225.9,411.9,244.3,229,Very Unhealthy,38.2,64.0,21.1
Jammu and Kashmir,Manesar,PM10,220.1,357.6,246.8,258,Very Unhealthy,31.4,44.9,0.7
Delhi,Bihar Sharif,PM2.5,48.5,192.8,61.7,52,Moderate,19.6,54.2,1.3
Maharashtra,Kolkata,CO,35.5,461.4,172.3,162,Unhealthy,31.4,74.8,1.9
Maharashtra,Belapur,OZONE,111.3,137.3,119.0,125,Unhealthy for Sensitive Groups,30.0,58.9,17.2
West Bengal,Dehradun,CO,12.4,279.0,52.4,66,Moderate,18.0,80.6,6.7
Uttarakhand,Vadodara,PM2.5,90.3,323.8,191.0,165,Unhealthy,38.4,46.4,23.0
Tamil Nadu,Kollam,CO,30.6,217.3,213.4,252,Very Unhealthy,19.1,70.4,12.0
Sikkim,Rupnagar,PM2.5,89.2,288.6,239.8,288,Very Unhealthy,33.2,72.2,9.4
Chandigarh,Coimbatore,PM10,3.8,115.1,9.5,24,Good,30.9,62.0,9.4
Puducherry,Kota,PM2.5,162.6,483.3,260.6,283,Very Unhealthy,31.8,42.4,11.9
Bihar,Singrauli,SO2,87.6,323.5,122.7,122,Unhealthy for Sensitive Groups,18.4,58.4,29.1
Uttar Pradesh,Dewas,SO2,78.2,230.8,174.9,181,Unhealthy,33.6,70.8,13.5
Haryana,Rourkela,NO2,98.0,389.1,101.4,108,Unhealthy for Sensitive Groups,39.5,59.1,27.0
Nagaland,Tirupati,CO,192.4,402.3,247.8,243,Very Unhealthy,24.3,94.1,7.0
Puducherry,Ramanagara,PM2.5,217.4,396.1,225.6,235,Very Unhealthy,23.1,58.5,10.5
Tamil Nadu,Panchkula,SO2,40.4,330.2,55.8,59,Moderate,28.0,50.9,21.5
Karnataka,Nagaon,SO2,151.9,432.4,227.3,265,Very Unhealthy,29.9,46.1,9.6
Karnataka,Kishanganj,OZONE,12.0,320.3,26.5,11,Good,34.1,41.1,16.7
Punjab,Gwalior,SO2,87.2,349.7,255.6,244,Very Unhealthy,32.2,48.5,10.6
Uttarakhand,Rohtak,NH3,0.2,373.3,240.3,204,Very Unhealthy,29.9,60.4,0.7
Karnataka,Aizawl,PM10,39.6,397.6,91.6,96,Moderate,33.2,57.9,28.0
Uttarakhand,Khairthal,NO2,22.7,271.7,24.9,16,Good,33.8,43.2,26.7
Kerala,Beed,NO2,15.9,358.7,164.9,199,Unhealthy,31.7,41.6,7.4
Puducherry,Agra,NH3,12.0,25.5,12.2,9,Good,17.8,85.8,29.8
Himachal Pradesh,Kannur,SO2,220.3,297.3,235.8,229,Very Unhealthy,21.7,43.7,21.2
Karnataka,Gurugram,CO,53.7,294.6,179.6,189,Unhealthy,28.5,51.4,25.1
Puducherry,Khora,OZONE,160.2,467.8,248.7,271,Very Unhealthy,39.5,35.5,23.8
Meghalaya,Chhapra,PM10,40.1,468.5,49.0,4,Good,19.5,55.0,14.9
Odisha,Faridabad,PM2.5,30.0,300.1,40.9,39,Good,20.9,51.1,6.5
Meghalaya,Madurai,CO,28.0,106.9,46.9,22,Good,18.7,43.4,20.7
Madhya Pradesh,Faridabad,CO,24.3,229.0,69.6,72,Moderate,31.4,31.7,27.7
Sikkim,Meerut,PM10,55.4,480.2,89.4,81,Moderate,33.6,37.7,28.5
Mizoram,Dharwad,PM10,34.6,439.3,255.8,285,Very Unhealthy,36.1,44.1,10.3
Delhi,Rourkela,CO,10.4,365.7,62.7,92,Moderate,32.0,68.0,17.2
Nagaland,Narnaul,NO2,148.8,392.0,207.6,234,Very Unhealthy,26.8,78.6,1.7
Madhya Pradesh,Chennai,PM2.5,42.4,125.3,58.6,78,Moderate,24.5,64.5,12.5
Assam,Karwar,PM2.5,141.7,312.6,222.2,284,Very Unhealthy,22.4,49.8,17.1
Nagaland,Jalna,NH3,57.8,140.2,115.0,105,Unhealthy for Sensitive Groups,29.3,54.2,23.6
Sikkim,Madurai,SO2,130.4,401.0,158.4,191,Unhealthy,31.8,80.1,2.5
Meghalaya,Vadodara,NO2,76.5,378.3,204.9,238,Very Unhealthy,35.2,76.2,24.1
Delhi,Coimbatore,PM10,29.6,475.5,46.8,36,Good,39.9,32.5,29.6
Mizoram,Baran,CO,85.9,476.7,211.1,242,Very Unhealthy,25.2,93.5,5.8
Meghalaya,Varanasi,NH3,59.5,173.3,164.1,153,Unhealthy,30.6,49.3,21.9
Uttarakhand,Sivasagar,NO2,0.6,298.2,33.2,13,Good,35.1,33.7,0.9
Madhya Pradesh,Barbil,SO2,38.3,277.0,163.8,167,Unhealthy,16.6,91.2,8.8
Himachal Pradesh,Latur,PM2.5,14.6,425.5,42.0,40,Good,39.4,60.8,14.4
Tripura,Rairangpur,NH3,65.8,446.1,129.8,148,Unhealthy for Sensitive Groups,37.4,85.5,1.3
Punjab,Rajamahendravaram,CO,35.8,259.1,232.8,280,Very Unhealthy,38.3,37.1,25.0
Jharkhand,Dausa,CO,184.2,245.8,185.1,183,Unhealthy,24.2,68.1,10.1
Rajasthan,Navi Mumbai,SO2,14.3,323.5,161.7,172,Unhealthy,23.5,71.1,16.7
Kerala,Sangli,PM10,17.0,227.0,28.2,5,Good,25.0,91.6,6.8
Himachal Pradesh,Araria,PM10,45.7,253.7,149.6,149,Unhealthy for Sensitive Groups,15.8,39.1,25.5
Punjab,Vadodara,CO,3.2,215.6,39.2,18,Good,33.4,63.5,17.7
Mizoram,Bagalkot,SO2,152.5,198.2,162.8,169,Unhealthy,24.1,35.4,4.3
Tripura,Thane,NO2,167.8,273.0,254.4,252,Very Unhealthy,26.4,89.6,4.6
Maharashtra,Arrah,PM2.5,82.7,285.6,205.3,268,Very Unhealthy,15.6,89.6,13.3
Karnataka,Howrah,NH3,102.4,270.0,209.8,236,Very Unhealthy,30.6,53.7,24.5
Kerala,Shivamogga,PM2.5,131.4,409.7,136.1,118,Unhealthy for Sensitive Groups,37.5,70.3,22.3
Arunachal Pradesh,Siwan,PM10,141.8,219.6,206.4,208,Very Unhealthy,32.5,87.0,22.7
Haryana,Mehsana,PM10,222.4,316.5,230.7,242,Very Unhealthy,32.4,33.4,6.2
Himachal Pradesh,Mangalore,PM10,215.7,481.7,241.3,259,Very Unhealthy,16.9,48.9,11.0
Assam,Byrnihat,SO2,12.5,369.6,117.2,118,Unhealthy for Sensitive Groups,23.2,64.0,22.1
Assam,Asansol,CO,18.3,121.9,25.5,43,Good,35.1,37.2,21.1
Puducherry,Bahadurgarh,PM2.5,104.5,444.0,161.9,166,Unhealthy,19.0,33.8,4.7
Chandigarh,Jabalpur,SO2,128.8,392.8,153.5,182,Unhealthy,29.8,90.0,20.9
Haryana,Ahmednagar,NH3,153.9,408.6,237.6,293,Very Unhealthy,28.4,83.1,12.6
Rajasthan,Araria,PM10,17.3,84.8,84.7,77,Moderate,22.0,92.7,19.2
Andhra Pradesh,Ahmednagar,PM10,10.8,333.6,202.0,247,Very Unhealthy,25.2,89.4,17.4
Mizoram,Varanasi,OZONE,88.7,456.9,227.0,296,Very Unhealthy,16.8,93.4,2.1
Mizoram,Bhopal,PM10,16.3,61.8,37.2,25,Good,34.0,44.2,27.6
Tripura,Greater Noida,CO,121.8,260.4,129.3,136,Unhealthy for Sensitive Groups,24.2,56.3,18.5
Arunachal Pradesh,Amaravati,OZONE,101.7,399.3,204.4,274,Very Unhealthy,15.5,64.8,28.6
Jharkhand,Vadodara,OZONE,57.6,346.8,178.0,180,Unhealthy,32.4,87.5,14.7
Maharashtra,Barmer,NO2,7.6,68.6,8.7,14,Good,36.4,35.7,26.1
Chhattisgarh,Sangli,NO2,30.8,499.4,33.9,7,Good,20.2,76.1,10.5
Madhya Pradesh,Nagaur,NH3,106.0,172.7,139.6,109,Unhealthy for Sensitive Groups,30.3,63.5,27.2
Meghalaya,Agra,NH3,14.6,386.7,168.8,161,Unhealthy,38.8,32.0,25.9
Rajasthan,Boisar,NO2,159.5,408.9,204.8,287,Very Unhealthy,23.5,45.9,11.6
Puducherry,Narnaul,SO2,19.1,414.4,48.8,27,Good,26.4,85.1,16.7
Sikkim,Haldia,NO2,145.5,470.2,147.6,140,Unhealthy for Sensitive Groups,38.0,84.6,9.0
West Bengal,Kota,CO,100.3,205.3,140.9,125,Unhealthy for Sensitive Groups,16.4,93.7,15.1
Rajasthan,Patna,NH3,24.0,444.7,73.5,97,Moderate,27.4,36.6,21.4
Nagaland,Solapur,NO2,78.3,155.3,138.6,110,Unhealthy for Sensitive Groups,34.1,70.0,20.0
Madhya Pradesh,Puducherry,PM2.5,5.5,240.5,8.9,13,Good,36.5,90.4,5.1
Bihar,Tensa,OZONE,18.8,264.7,91.7,60,Moderate,35.1,41.2,6.3
Uttar Pradesh,Ankleshwar,PM10,1.8,448.0,31.7,36,Good,39.5,36.4,25.1
Chhattisgarh,Kota,NH3,49.2,458.1,132.9,120,Unhealthy for Sensitive Groups,34.6,32.4,1.4
Chandigarh,Solapur,NO2,70.0,373.5,188.0,200,Unhealthy,26.7,32.2,12.7
Madhya Pradesh,Delhi,PM10,56.7,324.0,64.6,83,Moderate,32.8,92.5,4.5
Karnataka,Dhanbad,SO2,152.8,315.2,200.7,311,Hazardous,18.7,72.2,20.7
Meghalaya,Kanpur,NH3,5.3,270.0,45.8,39,Good,24.2,94.0,25.3
Rajasthan,Dhanbad,OZONE,163.3,258.3,193.5,180,Unhealthy,28.8,81.6,20.2
Odisha,Srinagar,SO2,53.4,364.2,262.5,229,Very Unhealthy,16.6,87.7,13.9
Odisha,Mathura,NH3,192.2,380.1,263.1,232,Very Unhealthy,22.1,72.2,4.6
Mizoram,Begusarai,OZONE,21.8,302.4,221.8,267,Very Unhealthy,33.4,81.5,26.8
Mizoram,Dausa,PM2.5,5.7,480.9,89.1,81,Moderate,33.4,64.1,8.9
Mizoram,Arrah,PM2.5,37.6,431.8,188.1,173,Unhealthy,17.8,65.5,7.7
Andhra Pradesh,Bengaluru,PM10,69.8,224.0,86.5,60,Moderate,33.9,93.1,18.1
Uttar Pradesh,Jalna,PM10,54.0,281.7,64.6,77,Moderate,21.0,35.6,28.2
Mizoram,Madikeri,OZONE,106.4,294.1,246.8,226,Very Unhealthy,21.4,85.1,4.8
Telangana,Ghaziabad,NO2,187.3,257.0,216.0,295,Very Unhealthy,19.4,60.6,18.3
Karnataka,Sasaram,OZONE,6.4,294.4,131.8,138,Unhealthy for Sensitive Groups,38.5,78.0,17.0
Nagaland,Gaya,OZONE,109.4,278.9,238.4,274,Very Unhealthy,17.1,57.1,16.3
Jammu and Kashmir,Kalyan,PM10,56.8,357.2,250.9,267,Very Unhealthy,32.8,35.3,24.7
Bihar,Ballabgarh,NH3,55.9,318.7,90.5,92,Moderate,19.2,90.1,18.8
Puducherry,Mumbai,NO2,45.0,179.8,63.5,82,Moderate,34.4,35.2,2.1
West Bengal,Sasaram,NH3,8.1,66.7,14.7,39,Good,16.8,56.8,19.2
Tripura,Sasaram,OZONE,57.9,454.4,123.2,134,Unhealthy for Sensitive Groups,35.8,72.8,23.7
Arunachal Pradesh,Kanpur,PM2.5,236.4,332.0,243.0,231,Very Unhealthy,26.1,52.7,12.0
Andhra Pradesh,Chikkaballapur,CO,4.4,476.5,6.7,29,Good,18.5,50.5,1.5
Tripura,Panchgaon,SO2,3.7,349.3,171.1,180,Unhealthy,37.8,64.6,24.2
Karnataka,Boisar,NH3,146.3,457.6,239.3,227,Very Unhealthy,30.5,84.1,14.4
Maharashtra,Nashik,NH3,80.8,193.6,179.3,180,Unhealthy,15.4,33.5,5.8
Haryana,Fatehabad,NH3,151.8,434.6,166.1,198,Unhealthy,17.2,59.0,18.4
Karnataka,Pimpri-Chinchwad,OZONE,21.1,100.1,38.2,16,Good,16.9,78.2,25.1
Punjab,Koppal,PM10,48.0,386.2,66.7,93,Moderate,33.4,80.4,9.0
Madhya Pradesh,Sirohi,NO2,169.2,299.3,264.1,299,Very Unhealthy,28.8,62.9,14.1
Rajasthan,Khora,CO,16.3,257.6,119.7,118,Unhealthy for Sensitive Groups,24.1,88.4,11.3
Rajasthan,Dausa,CO,110.8,283.6,226.4,257,Very Unhealthy,26.2,65.9,23.1
Punjab,Virar,NH3,261.5,357.1,262.6,300,Very Unhealthy,16.1,59.3,19.2
Chandigarh,Jhansi,PM10,29.8,361.7,33.9,13,Good,30.9,52.9,15.3
Sikkim,Keonjhar,SO2,212.2,372.1,260.9,298,Very Unhealthy,33.5,38.8,12.3
Telangana,Bhiwandi,PM2.5,121.9,351.0,181.4,155,Unhealthy,30.6,61.1,3.7
Tamil Nadu,Chandrapur,PM2.5,15.3,57.6,21.0,35,Good,35.6,57.6,26.9
Maharashtra,Vrindavan,OZONE,229.5,492.1,262.9,295,Very Unhealthy,22.7,54.9,2.9
Maharashtra,Milupara,NH3,30.9,446.1,62.2,71,Moderate,18.1,32.4,27.2
Puducherry,Byrnihat,CO,28.3,398.3,80.3,66,Moderate,26.3,89.9,26.2
Meghalaya,Hisar,NH3,114.1,201.9,123.7,147,Unhealthy for Sensitive Groups,27.1,94.9,25.9
Arunachal Pradesh,Ankleshwar,NO2,0.5,382.4,0.7,33,Good,24.1,83.1,3.9
Gujarat,Asansol,PM2.5,95.0,281.9,200.3,302,Hazardous,39.2,60.4,18.3
Rajasthan,Pampore,SO2,1.8,387.9,4.1,25,Good,17.8,88.6,25.5
Tamil Nadu,Chamarajanagar,NH3,16.2,354.6,72.7,61,Moderate,23.4,65.6,28.6
Tripura,Chhal,SO2,14.8,443.1,21.7,46,Good,23.9,69.8,17.7
Meghalaya,Akola,NO2,31.5,391.5,122.8,144,Unhealthy for Sensitive Groups,31.1,87.0,5.9
Bihar,Tonk,NH3,42.8,311.3,58.3,84,Moderate,39.4,89.6,8.1
Himachal Pradesh,Yamuna Nagar,NH3,13.0,432.5,76.6,74,Moderate,19.1,48.5,7.1
Kerala,Dholpur,SO2,4.3,215.9,121.1,137,Unhealthy for Sensitive Groups,18.5,93.6,19.8
Haryana,Gorakhpur,OZONE,23.2,231.8,35.3,50,Good,23.6,56.0,10.2
Himachal Pradesh,Eluru,NO2,57.2,141.7,77.4,98,Moderate,34.6,59.1,19.3
Assam,Nanded,NH3,59.4,367.1,178.6,162,Unhealthy,33.2,45.6,16.3
Karnataka,Pimpri-Chinchwad,CO,0.8,192.9,2.6,45,Good,15.3,31.5,18.8
Arunachal Pradesh,Surat,PM2.5,11.2,444.2,31.4,35,Good,38.5,77.1,3.3
Chandigarh,Ajmer,NH3,52.7,367.8,186.3,152,Unhealthy,21.4,71.5,0.8
Mizoram,Moradabad,PM2.5,83.0,400.0,144.3,108,Unhealthy for Sensitive Groups,32.0,52.8,16.8
Tamil Nadu,Motihari,CO,58.2,155.9,71.0,85,Moderate,16.8,35.7,5.6
Gujarat,Kalyan,SO2,30.3,234.7,83.6,99,Moderate,36.6,78.1,2.8
Tripura,Faridabad,PM2.5,7.9,307.0,25.7,10,Good,31.1,66.3,7.4
Himachal Pradesh,Latur,SO2,49.0,310.4,248.5,251,Very Unhealthy,38.7,48.4,26.7
Puducherry,Bhilai,NH3,2.6,376.2,27.6,32,Good,23.4,55.6,10.8
Tamil Nadu,Nagpur,OZONE,6.8,478.2,163.0,161,Unhealthy,23.4,84.7,9.7
Odisha,Alwar,PM10,11.8,473.1,45.6,13,Good,24.9,41.1,11.8
Karnataka,Satara,NO2,27.8,315.8,242.8,257,Very Unhealthy,24.0,65.6,8.2
Maharashtra,Pratapgarh,PM2.5,35.2,381.0,238.2,237,Very Unhealthy,18.8,75.4,12.9
Meghalaya,Vijayapura,OZONE,25.3,436.8,235.1,237,Very Unhealthy,30.6,30.1,1.1
Sikkim,Hingoli,PM2.5,90.7,307.2,93.6,80,Moderate,25.2,57.0,20.5
Arunachal Pradesh,Gummidipoondi,CO,199.3,325.5,217.6,266,Very Unhealthy,20.6,89.8,17.8
Sikkim,Chandigarh,PM10,5.5,143.1,14.6,35,Good,30.6,43.8,18.8
Mizoram,Jind,NO2,1.1,142.2,2.5,24,Good,24.6,67.9,1.1
Rajasthan,Thrissur,NH3,60.6,209.0,207.8,253,Very Unhealthy,20.5,69.0,7.5
Himachal Pradesh,Bagalkot,NH3,17.9,338.9,207.2,260,Very Unhealthy,16.9,94.8,4.0
Mizoram,Haldia,OZONE,172.3,250.7,227.3,204,Very Unhealthy,32.5,53.9,14.7
Chhattisgarh,Nellore,NO2,19.7,452.5,136.9,144,Unhealthy for Sensitive Groups,18.0,37.1,11.5
Delhi,Sagar,NH3,86.3,434.6,104.0,134,Unhealthy for Sensitive Groups,35.8,93.1,22.1
Karnataka,Gorakhpur,CO,61.2,360.7,66.5,87,Moderate,25.7,70.7,5.0
Uttar Pradesh,Jhansi,PM10,33.9,304.0,232.6,246,Very Unhealthy,23.2,41.9,19.6
Uttar Pradesh,Puducherry,NO2,57.0,378.3,220.3,211,Very Unhealthy,33.2,77.7,23.1
Haryana,Banswara,NH3,14.7,226.6,40.6,6,Good,27.5,80.0,21.4
Bihar,Ludhiana,PM10,27.4,100.0,83.9,60,Moderate,24.7,90.7,24.3
Maharashtra,Dehradun,PM10,55.0,454.7,215.1,256,Very Unhealthy,39.2,45.8,2.2
Sikkim,Bahadurgarh,PM10,1.0,26.7,6.0,50,Good,16.9,65.3,10.9
Bihar,Nashik,NO2,66.5,432.2,181.9,163,Unhealthy,31.2,31.1,15.7
Kerala,Byrnihat,NO2,100.1,424.7,125.4,101,Unhealthy for Sensitive Groups,26.9,89.5,4.8
Telangana,Chhal,SO2,235.0,378.7,246.8,222,Very Unhealthy,31.3,51.7,0.8
Kerala,Mathura,NO2,91.2,185.5,98.1,62,Moderate,25.6,76.7,30.0
Mizoram,Manesar,CO,192.4,243.1,232.2,239,Very Unhealthy,39.5,37.3,11.8
Rajasthan,Damoh,NH3,37.5,386.3,122.1,141,Unhealthy for Sensitive Groups,33.9,65.6,6.9
West Bengal,Bettiah,OZONE,87.0,136.3,88.7,57,Moderate,38.6,38.8,5.0
Odisha,Parbhani,OZONE,37.3,225.5,92.2,65,Moderate,22.0,62.9,21.5
Arunachal Pradesh,Ballabgarh,CO,7.6,486.8,17.4,42,Good,30.9,91.6,15.4
Haryana,Angul,NH3,42.7,256.8,113.4,135,Unhealthy for Sensitive Groups,22.8,89.9,14.7
Chandigarh,Bulandshahr,SO2,22.3,309.0,26.7,28,Good,24.2,88.8,26.3
Haryana,Puducherry,NO2,11.3,407.8,244.0,245,Very Unhealthy,26.2,93.1,16.6
Haryana,Kadapa,OZONE,14.0,231.4,195.8,178,Unhealthy,26.5,89.1,25.4
Maharashtra,Baripada,OZONE,21.0,383.1,24.9,50,Good,29.6,61.6,1.3
Bihar,Noida,PM10,213.8,372.6,260.8,229,Very Unhealthy,30.1,56.3,12.3
Meghalaya,Jorapokhar,SO2,97.2,489.0,176.1,195,Unhealthy,28.8,51.8,19.5
Telangana,Kolkata,SO2,54.7,414.6,127.4,142,Unhealthy for Sensitive Groups,23.8,72.3,19.9
Jammu and Kashmir,Sri Ganganagar,PM10,186.2,303.4,206.9,218,Very Unhealthy,19.6,71.1,26.0
Himachal Pradesh,Cuddalore,NH3,33.4,193.7,35.4,28,Good,22.4,89.6,6.9
Madhya Pradesh,Saharsa,PM2.5,81.4,388.7,217.6,240,Very Unhealthy,29.2,74.3,25.2
Uttarakhand,Mangalore,CO,195.8,387.5,217.0,222,Very Unhealthy,21.2,47.3,14.3
Puducherry,Amritsar,CO,4.4,415.7,4.5,41,Good,19.0,51.8,8.9
Jharkhand,Malegaon,CO,7.3,356.1,36.1,10,Good,32.7,83.0,22.0
Bihar,Satna,PM10,11.8,441.6,121.8,139,Unhealthy for Sensitive Groups,29.3,88.5,8.7
Chandigarh,Jaisalmer,PM10,49.2,285.9,189.9,184,Unhealthy,16.0,85.9,10.5
Kerala,Manguraha,SO2,201.1,298.1,230.1,265,Very Unhealthy,24.9,75.1,4.8
Telangana,Ulhasnagar,CO,33.7,287.7,52.9,89,Moderate,22.9,88.0,24.0
Jharkhand,Madurai,NO2,21.2,400.8,63.5,67,Moderate,18.5,34.2,25.5
Jharkhand,Hanumangarh,PM2.5,27.5,371.1,118.1,132,Unhealthy for Sensitive Groups,17.5,45.2,25.7
Arunachal Pradesh,Alwar,PM10,52.4,374.3,75.6,100,Moderate,15.8,59.1,13.4
Gujarat,Dharwad,SO2,102.2,411.5,217.8,228,Very Unhealthy,21.8,82.2,8.8
Assam,Yadgir,SO2,24.6,303.7,70.5,78,Moderate,37.0,89.1,18.9
Nagaland,Manguraha,CO,24.0,367.8,112.1,115,Unhealthy for Sensitive Groups,18.1,37.8,26.8
Mizoram,Jhunjhunu,NO2,12.8,68.7,52.1,52,Moderate,21.7,37.9,4.8
Odisha,Silchar,NH3,158.0,381.8,255.9,252,Very Unhealthy,16.7,42.7,22.8
Kerala,Khurja,PM10,15.8,355.5,19.7,13,Good,33.9,42.5,10.4
Sikkim,Dholpur,NH3,0.8,155.5,40.7,45,Good,34.5,57.6,27.1
Rajasthan,Tonk,OZONE,9.8,187.0,38.7,21,Good,28.3,39.4,26.8
West Bengal,Sagar,OZONE,51.0,110.1,56.1,98,Moderate,29.5,69.1,10.5
Meghalaya,Siwan,SO2,184.6,340.6,265.2,278,Very Unhealthy,27.7,69.0,0.2
Assam,Katni,NO2,9.9,167.7,42.1,27,Good,21.4,46.4,25.2
Odisha,Dausa,CO,90.5,391.2,127.0,148,Unhealthy for Sensitive Groups,31.3,66.4,10.0
Karnataka,Sirohi,PM10,26.7,248.6,190.5,154,Unhealthy,20.1,41.6,11.9
Uttar Pradesh,Dombivli,NO2,149.5,261.9,206.8,271,Very Unhealthy,31.7,85.3,24.0
Bihar,Boisar,NH3,15.0,385.2,228.7,272,Very Unhealthy,17.6,59.6,16.0
Haryana,Bengaluru,PM2.5,180.5,408.1,191.3,190,Unhealthy,26.4,81.8,27.5
Himachal Pradesh,Rishikesh,CO,96.5,421.6,163.9,151,Unhealthy,15.6,61.5,4.7
Uttar Pradesh,Bettiah,CO,13.0,456.2,217.3,232,Very Unhealthy,15.4,44.1,15.0
Assam,Thoothukudi,PM2.5,7.3,315.4,99.6,97,Moderate,20.2,44.4,4.9
Maharashtra,Barrackpore,PM10,127.4,200.0,133.6,129,Unhealthy for Sensitive Groups,24.4,34.0,26.0
Mizoram,Tirupati,NO2,83.9,156.4,152.9,156,Unhealthy,33.1,60.8,0.8
Jammu and Kashmir,Ludhiana,PM10,87.2,374.2,179.8,187,Unhealthy,38.1,59.2,27.7
Odisha,Faridabad,NH3,59.1,224.0,133.6,142,Unhealthy for Sensitive Groups,33.2,70.2,16.7
Kerala,Rajsamand,OZONE,133.4,401.7,201.9,253,Very Unhealthy,15.7,36.4,24.8
Gujarat,Karwar,PM2.5,9.9,196.3,23.5,18,Good,18.4,88.1,17.6
Mizoram,Sawai Madhopur,PM10,109.2,207.6,178.9,185,Unhealthy,24.9,47.6,1.3
Nagaland,Mahad,PM2.5,44.7,415.3,52.8,80,Moderate,22.8,48.9,15.5
Chandigarh,Ballabgarh,OZONE,182.1,213.6,200.3,383,Hazardous,16.7,72.1,16.8
Delhi,Haldia,SO2,0.2,179.7,5.1,10,Good,30.9,34.8,28.4
Meghalaya,Karauli,CO,2.2,415.1,12.5,46,Good,22.5,74.7,29.2
Chandigarh,Moradabad,SO2,1.4,376.5,46.7,37,Good,33.9,77.3,8.0
Meghalaya,Baran,PM2.5,5.7,312.8,22.3,39,Good,26.9,38.5,10.0
Puducherry,Ballabgarh,SO2,2.2,431.4,8.0,33,Good,19.3,49.5,23.8
Mizoram,Asansol,NO2,85.8,372.7,252.7,233,Very Unhealthy,31.4,72.4,10.5
Madhya Pradesh,Bhilai,OZONE,63.1,466.4,97.4,88,Moderate,23.3,47.4,13.5
Assam,Buxar,CO,132.8,254.9,251.5,273,Very Unhealthy,32.6,30.5,27.7
Gujarat,Kollam,PM10,31.5,385.9,34.8,7,Good,18.7,33.0,29.5
Gujarat,Naharlagun,NO2,216.4,458.2,246.6,287,Very Unhealthy,34.3,56.0,9.0
Chhattisgarh,Khairthal,CO,118.2,284.8,154.2,154,Unhealthy,17.0,88.1,26.0
Karnataka,Vijayapura,SO2,186.6,479.5,214.5,207,Very Unhealthy,28.9,50.9,28.3
Puducherry,Virar,NH3,110.6,319.3,171.8,159,Unhealthy,34.5,93.6,15.8
Puducherry,Khanna,OZONE,14.8,268.7,24.1,19,Good,30.4,42.6,23.4
Kerala,Prayagraj,NH3,126.4,338.8,145.6,145,Unhealthy for Sensitive Groups,27.5,34.4,18.4
Uttarakhand,Jorapokhar,NH3,189.9,407.2,232.9,222,Very Unhealthy,39.7,56.7,13.2
Bihar,Baddi,NO2,44.3,355.6,51.7,95,Moderate,20.5,55.7,13.3
Uttarakhand,Rajgir,PM2.5,61.2,379.9,246.8,265,Very Unhealthy,31.8,90.0,11.5
Arunachal Pradesh,Nagpur,PM10,194.4,491.6,256.8,211,Very Unhealthy,21.7,55.6,8.2
Himachal Pradesh,Brajrajnagar,NO2,34.6,379.8,246.8,220,Very Unhealthy,22.6,42.7,6.4
Rajasthan,Karnal,PM2.5,35.4,266.7,225.9,249,Very Unhealthy,37.9,82.1,11.1
Telangana,Agartala,NH3,52.8,190.8,124.5,117,Unhealthy for Sensitive Groups,37.7,32.9,4.7
Chhattisgarh,Hyderabad,PM2.5,73.7,335.0,181.3,156,Unhealthy,15.6,46.4,16.9
Chandigarh,Madikeri,CO,37.8,257.2,136.2,143,Unhealthy for Sensitive Groups,17.7,56.1,24.2
Meghalaya,Karnal,PM2.5,33.5,117.7,90.4,95,Moderate,15.6,73.5,6.9
Haryana,Dharuhera,NO2,24.7,318.6,144.1,120,Unhealthy for Sensitive Groups,32.3,88.4,19.9
Andhra Pradesh,Ankleshwar,PM10,181.2,472.4,234.8,266,Very Unhealthy,20.1,52.1,10.0
Bihar,Nanded,OZONE,19.7,302.0,189.6,160,Unhealthy,39.0,88.9,26.3
Punjab,Thane,OZONE,17.0,129.9,46.7,36,Good,19.3,90.5,21.0
Kerala,Kashipur,NH3,42.9,94.8,47.5,30,Good,38.0,44.6,13.7
Karnataka,Bhilwara,NO2,74.8,433.0,225.5,249,Very Unhealthy,32.6,87.3,25.9
Nagaland,Bundi,SO2,99.4,487.6,116.6,143,Unhealthy for Sensitive Groups,20.0,64.2,2.2
Sikkim,Baddi,CO,127.9,294.9,179.1,173,Unhealthy,21.7,83.1,30.0
Telangana,Kunjemura,CO,60.2,390.8,216.1,251,Very Unhealthy,38.1,87.2,16.8
Tripura,Thane,NO2,19.6,242.0,219.1,234,Very Unhealthy,35.3,94.4,1.1
Chhattisgarh,Prayagraj,NH3,3.1,192.5,35.8,23,Good,36.7,64.5,13.5
Uttarakhand,Jhansi,OZONE,7.3,75.8,8.4,43,Good,18.7,68.0,20.3
Karnataka,Nellore,CO,7.7,266.8,12.6,47,Good,21.1,56.0,1.1
Assam,Pratapgarh,PM10,145.5,300.1,164.5,188,Unhealthy,34.9,61.4,13.7
Jharkhand,Bathinda,NH3,70.7,365.1,74.7,60,Moderate,24.3,37.6,18.2
Odisha,Shivamogga,PM2.5,43.6,307.0,236.9,296,Very Unhealthy,31.6,90.9,27.1
Kerala,Srinagar,PM10,113.8,401.1,165.7,179,Unhealthy,15.3,85.1,15.1
Tamil Nadu,Narnaul,PM2.5,89.7,217.4,121.4,111,Unhealthy for Sensitive Groups,27.3,70.5,5.4
Telangana,Hapur,OZONE,10.3,52.5,40.1,9,Good,16.5,35.2,12.0
Gujarat,Kanpur,NO2,23.1,277.3,206.0,241,Very Unhealthy,31.3,59.3,27.3
Arunachal Pradesh,Firozabad,PM2.5,0.3,174.1,6.7,50,Good,38.3,45.6,12.4
Karnataka,Baghpat,SO2,30.0,494.9,194.4,164,Unhealthy,21.8,37.7,10.5
Uttar Pradesh,Maihar,CO,107.2,437.6,257.7,291,Very Unhealthy,21.7,94.2,11.4
Kerala,Naharlagun,PM10,36.6,181.5,170.0,183,Unhealthy,40.0,65.1,8.1
Chandigarh,Barrackpore,OZONE,173.7,275.8,218.5,296,Very Unhealthy,36.1,35.7,4.3
Rajasthan,Pithampur,CO,173.8,404.0,233.7,227,Very Unhealthy,28.4,40.8,21.4
Punjab,Mira-Bhayandar,SO2,37.1,143.7,99.3,82,Moderate,30.4,68.1,18.5
Chhattisgarh,Agartala,PM10,125.3,486.5,258.1,260,Very Unhealthy,36.0,90.8,6.2
Sikkim,Kishanganj,NO2,134.8,281.3,239.2,244,Very Unhealthy,33.0,84.7,8.7
Puducherry,Dungarpur,CO,42.2,403.3,236.2,260,Very Unhealthy,27.6,67.7,18.3
Bihar,Dombivli,PM2.5,47.1,449.3,166.3,189,Unhealthy,22.0,36.4,1.5
Chhattisgarh,Patiala,CO,124.2,429.5,230.0,256,Very Unhealthy,33.3,66.9,20.2
Jammu and Kashmir,Narnaul,OZONE,60.4,191.2,172.7,190,Unhealthy,32.3,64.5,26.9
Puducherry,Kadapa,SO2,22.6,491.0,130.9,126,Unhealthy for Sensitive Groups,27.0,32.2,10.2
Meghalaya,Ramanagara,SO2,35.0,307.4,160.1,156,Unhealthy,35.4,67.9,15.3
Odisha,Sirohi,PM10,44.7,396.9,106.1,124,Unhealthy for Sensitive Groups,32.0,79.0,3.1
Meghalaya,Bilaspur,OZONE,30.6,217.6,57.9,71,Moderate,29.5,40.2,28.2
Mizoram,Nagaur,CO,4.0,344.6,232.3,227,Very Unhealthy,31.9,71.8,25.4
Jharkhand,Bathinda,CO,94.6,462.3,95.5,81,Moderate,25.3,45.3,11.4
Arunachal Pradesh,Bhilwara,PM2.5,45.7,491.9,122.7,105,Unhealthy for Sensitive Groups,23.2,81.7,13.2
Bihar,Nagaur,NH3,2.4,313.8,91.7,51,Moderate,15.1,70.7,6.8
Karnataka,Bhilwara,SO2,49.6,214.4,69.0,57,Moderate,34.4,53.3,17.4
Puducherry,Noida,OZONE,40.5,494.5,90.5,90,Moderate,29.4,80.0,4.3
Odisha,Rohtak,SO2,63.0,423.5,232.8,271,Very Unhealthy,17.6,52.0,3.7
Tamil Nadu,Talcher,CO,61.1,280.6,78.6,76,Moderate,26.2,58.1,12.8
Gujarat,Vijayapura,PM10,63.1,401.0,233.5,275,Very Unhealthy,33.8,35.3,27.0
Delhi,Udaipur,NH3,53.4,390.2,232.5,253,Very Unhealthy,20.1,75.2,27.8
Meghalaya,Mangalore,NO2,84.9,226.6,135.8,134,Unhealthy for Sensitive Groups,34.2,87.0,6.1
Chhattisgarh,Mira-Bhayandar,NO2,22.4,254.8,181.1,197,Unhealthy,29.7,54.9,22.2
Meghalaya,Rajsamand,PM2.5,6.9,457.2,145.9,125,Unhealthy for Sensitive Groups,35.0,81.4,2.9
Mizoram,Gwalior,OZONE,28.0,379.4,145.4,121,Unhealthy for Sensitive Groups,18.5,75.7,26.5
Sikkim,Madikeri,NH3,85.4,252.4,88.0,84,Moderate,34.0,73.7,3.5
Arunachal Pradesh,Alwar,OZONE,6.7,227.9,33.0,4,Good,22.7,85.3,22.6
Karnataka,Dewas,NH3,36.5,270.8,40.7,7,Good,21.0,77.3,30.0
Andhra Pradesh,Cuddalore,PM2.5,38.2,235.3,226.3,232,Very Unhealthy,36.3,34.0,14.6
Andhra Pradesh,Patna,CO,87.3,357.5,123.6,114,Unhealthy for Sensitive Groups,28.1,83.5,23.4
Jammu and Kashmir,Baghpat,SO2,4.5,220.3,7.9,12,Good,24.1,30.8,27.3
Sikkim,Panchkula,NH3,17.7,451.6,201.6,255,Very Unhealthy,37.3,73.0,24.9
Haryana,Noida,NO2,106.9,339.5,143.7,104,Unhealthy for Sensitive Groups,21.1,74.2,25.5
Jharkhand,Baran,NO2,42.9,414.6,244.8,287,Very Unhealthy,30.2,46.6,12.5
Madhya Pradesh,Kalaburagi,PM2.5,73.1,335.8,181.6,188,Unhealthy,29.6,34.4,16.5
Andhra Pradesh,Kalyan,SO2,233.2,324.3,252.8,251,Very Unhealthy,30.7,72.9,7.1
Delhi,Vrindavan,PM10,83.8,366.8,252.7,288,Very Unhealthy,25.7,87.8,19.5
Chhattisgarh,Kashipur,NH3,95.4,386.5,111.3,126,Unhealthy for Sensitive Groups,25.5,49.5,8.7
West Bengal,Rajgir,SO2,148.6,204.8,172.8,153,Unhealthy,18.3,35.3,16.0
Nagaland,Rajsamand,NH3,41.2,129.4,62.4,60,Moderate,17.4,52.9,28.4
Sikkim,Kanpur,SO2,57.7,74.1,59.5,98,Moderate,26.4,35.1,14.3
Gujarat,Satara,NH3,108.6,330.2,171.9,151,Unhealthy,19.8,68.0,16.1
Nagaland,Belapur,PM10,32.4,274.8,62.8,55,Moderate,18.6,89.7,14.4
Puducherry,Ghaziabad,PM2.5,6.9,429.4,15.2,23,Good,25.9,64.1,25.5
Maharashtra,Korba,SO2,1.8,285.4,26.3,7,Good,33.2,38.6,22.8
Mizoram,Silchar,NH3,36.1,229.3,107.3,122,Unhealthy for Sensitive Groups,40.0,93.8,2.0
Haryana,Eluru,PM10,8.1,40.1,34.4,32,Good,29.9,85.7,14.6
Rajasthan,Jalandhar,PM10,46.6,460.9,70.3,60,Moderate,30.9,66.0,4.9
Bihar,Katihar,PM10,14.8,331.0,32.4,5,Good,39.0,41.9,22.9
Nagaland,Vatva,NO2,39.8,102.6,57.8,60,Moderate,39.9,62.7,17.2
Bihar,Rajgir,PM2.5,106.8,168.2,146.7,104,Unhealthy for Sensitive Groups,24.8,61.7,15.8
Puducherry,Banswara,PM10,6.8,157.4,9.5,21,Good,15.9,43.2,13.0
Uttar Pradesh,Chhal,NH3,58.4,338.4,121.9,106,Unhealthy for Sensitive Groups,38.1,68.6,7.8
Haryana,Delhi,OZONE,44.4,271.1,154.4,176,Unhealthy,27.6,72.4,29.0
Telangana,Khanna,PM2.5,40.4,155.8,95.0,96,Moderate,29.7,82.5,8.8
Punjab,Udaipur,PM2.5,104.9,451.8,136.7,125,Unhealthy for Sensitive Groups,24.8,83.8,7.8
Tripura,Kalyan,PM2.5,62.6,350.0,248.5,289,Very Unhealthy,15.8,35.6,26.2
Arunachal Pradesh,Manguraha,OZONE,105.8,344.9,131.0,129,Unhealthy for Sensitive Groups,29.9,35.0,27.0
Odisha,Mysuru,CO,107.1,308.7,263.2,232,Very Unhealthy,17.1,77.2,24.7
Karnataka,Satna,SO2,5.9,451.5,170.4,168,Unhealthy,23.2,75.6,15.6
Meghalaya,Barrackpore,CO,46.4,465.3,70.3,89,Moderate,30.5,84.8,14.8
Jharkhand,Munger,PM10,11.5,287.4,51.6,74,Moderate,30.9,49.8,18.1
Rajasthan,Gurugram,NO2,12.6,278.2,13.8,28,Good,29.8,53.5,1.6
Haryana,Guntur,NO2,57.0,229.2,125.1,117,Unhealthy for Sensitive Groups,16.5,91.5,6.7
Chhattisgarh,Ludhiana,PM10,26.4,428.4,32.9,44,Good,15.6,70.4,20.5
Chandigarh,Kota,NO2,10.3,346.2,215.7,262,Very Unhealthy,22.6,85.4,13.5
Assam,Ratlam,PM10,91.2,480.8,211.6,222,Very Unhealthy,22.4,42.0,1.0
Tripura,Ramanagara,PM2.5,6.2,155.2,21.8,24,Good,21.1,37.4,29.6
Karnataka,Ambala,NH3,58.1,263.4,121.3,121,Unhealthy for Sensitive Groups,16.0,52.9,5.8
Karnataka,Ahmednagar,CO,41.1,494.2,173.3,173,Unhealthy,24.4,31.8,27.0
Mizoram,Dehradun,NH3,216.3,497.5,258.4,285,Very Unhealthy,17.2,56.1,3.6
Rajasthan,Dhanbad,NH3,46.4,413.2,211.6,233,Very Unhealthy,15.2,60.2,21.1
Tripura,Badlapur,CO,58.2,219.0,191.2,186,Unhealthy,40.0,80.7,12.4
Karnataka,Solapur,NO2,43.4,268.1,232.8,283,Very Unhealthy,22.9,93.8,6.2
Madhya Pradesh,Baghpat,PM10,83.0,352.3,93.1,56,Moderate,36.3,77.7,20.6
Uttarakhand,Chikkamagaluru,CO,70.8,291.2,99.8,90,Moderate,33.7,56.6,9.1
Andhra Pradesh,Guwahati,PM10,94.8,317.3,256.4,239,Very Unhealthy,26.9,60.9,13.7
Uttar Pradesh,Machilipatnam,PM10,13.1,259.1,25.7,14,Good,24.0,50.8,24.1
Maharashtra,Ahmednagar,NO2,7.0,199.7,26.3,7,Good,24.1,41.9,3.3
Jharkhand,Nagaur,SO2,16.5,498.2,28.0,47,Good,23.5,78.1,1.5
Andhra Pradesh,Lucknow,NH3,13.0,497.9,109.6,112,Unhealthy for Sensitive Groups,39.8,36.6,27.7
Jammu and Kashmir,Jalna,NH3,127.5,276.9,128.1,148,Unhealthy for Sensitive Groups,16.7,36.5,21.0
Telangana,Manesar,NO2,88.4,256.7,167.9,196,Unhealthy,23.7,57.8,9.7
Meghalaya,Jalore,NO2,8.6,477.3,23.7,19,Good,36.1,43.6,29.2
Jharkhand,Dewas,CO,88.1,443.8,160.9,193,Unhealthy,22.2,86.9,29.5
Chandigarh,Sirohi,CO,102.9,140.6,115.8,119,Unhealthy for Sensitive Groups,33.9,85.7,26.0
West Bengal,Hanumangarh,CO,164.9,287.7,262.5,238,Very Unhealthy,29.1,71.5,22.0
Madhya Pradesh,Cuddalore,SO2,37.4,445.7,217.2,212,Very Unhealthy,39.4,87.9,28.1
Meghalaya,Solapur,CO,79.3,241.7,114.0,107,Unhealthy for Sensitive Groups,27.7,56.4,4.4
Bihar,Bundi,PM2.5,160.1,244.4,204.0,244,Very Unhealthy,23.0,80.4,4.8
Uttar Pradesh,Navi Mumbai,SO2,84.4,278.9,196.8,171,Unhealthy,21.0,50.5,12.4
West Bengal,Mangalore,NO2,32.2,131.9,65.2,97,Moderate,35.0,78.3,5.1
Bihar,Mangalore,CO,57.1,264.1,255.8,286,Very Unhealthy,29.9,44.0,5.4
Andhra Pradesh,Jhalawar,SO2,36.8,135.8,118.6,102,Unhealthy for Sensitive Groups,27.6,43.1,6.0
Madhya Pradesh,Bareilly,NO2,18.6,345.6,22.4,43,Good,15.4,33.5,26.8
Arunachal Pradesh,Keonjhar,OZONE,61.7,275.1,182.0,167,Unhealthy,28.4,48.6,19.4
Kerala,Rourkela,NH3,106.6,224.5,202.2,249,Very Unhealthy,31.5,54.5,22.4
Andhra Pradesh,Panipat,CO,80.4,274.1,116.7,128,Unhealthy for Sensitive Groups,36.4,67.9,24.6
Delhi,Noida,PM10,67.4,237.8,153.2,192,Unhealthy,27.4,35.3,2.3
Uttarakhand,Purnia,NH3,182.1,268.2,262.0,230,Very Unhealthy,16.3,68.0,29.5
Jharkhand,Chamarajanagar,NO2,120.3,481.3,184.4,170,Unhealthy,16.9,79.3,26.5
Odisha,Chamarajanagar,PM2.5,213.3,422.8,240.7,276,Very Unhealthy,36.9,59.3,21.5
Delhi,Srinagar,NH3,7.0,382.4,7.7,36,Good,26.0,61.4,25.5
Tamil Nadu,Chittorgarh,SO2,33.9,439.5,265.6,272,Very Unhealthy,33.1,68.7,5.9
Jharkhand,Satna,CO,12.4,418.0,103.7,147,Unhealthy for Sensitive Groups,30.1,88.8,11.3
Bihar,Bengaluru,PM10,117.4,440.8,214.8,237,Very Unhealthy,15.9,87.0,7.9
Punjab,Machilipatnam,NO2,13.0,433.8,45.9,0,Good,33.9,88.7,1.6
Uttarakhand,Munger,NO2,180.6,275.0,248.8,276,Very Unhealthy,29.9,75.5,14.7
Jammu and Kashmir,Jalandhar,CO,45.2,323.4,257.0,300,Very Unhealthy,20.0,32.3,6.3
Himachal Pradesh,Thane,CO,51.6,249.7,75.1,55,Moderate,32.0,35.4,21.3
Arunachal Pradesh,Belapur,NH3,5.2,408.9,29.9,13,Good,25.8,37.2,22.5
Bihar,Thiruvananthapuram,CO,3.4,152.9,54.8,85,Moderate,28.9,49.9,2.4
Telangana,Mandideep,PM2.5,164.4,302.0,242.5,257,Very Unhealthy,34.2,47.1,7.7
Andhra Pradesh,Bhubaneswar,PM10,12.0,270.1,265.9,271,Very Unhealthy,25.8,76.2,2.8
Bihar,Kohima,PM2.5,63.3,300.1,103.9,107,Unhealthy for Sensitive Groups,18.8,35.2,4.4
Gujarat,Nanded,NO2,43.6,475.4,80.5,93,Moderate,18.6,92.7,4.9
Sikkim,Bathinda,NH3,63.7,259.1,131.7,138,Unhealthy for Sensitive Groups,28.0,81.5,12.0
Madhya Pradesh,Bettiah,PM10,62.4,299.2,97.1,80,Moderate,21.6,30.0,15.8
Nagaland,Kota,PM10,5.4,436.9,17.8,44,Good,25.6,70.2,24.2
Tamil Nadu,Faridabad,CO,135.2,182.2,153.9,171,Unhealthy,15.6,44.2,26.4
Chhattisgarh,Jalore,NH3,105.9,379.4,168.8,175,Unhealthy,37.1,69.1,4.9
Karnataka,Guwahati,NH3,7.0,433.9,16.4,29,Good,33.1,89.2,14.5
Maharashtra,Navi Mumbai,OZONE,57.0,464.5,74.1,85,Moderate,19.2,54.3,19.9
Andhra Pradesh,Maihar,SO2,160.2,201.4,167.2,152,Unhealthy,17.2,44.4,10.5
Mizoram,Kishanganj,PM10,145.4,250.9,160.8,197,Unhealthy,26.6,58.6,9.9
Rajasthan,Bhilwara,PM2.5,199.6,459.6,203.6,227,Very Unhealthy,23.3,68.8,2.7
Maharashtra,Aizawl,SO2,16.0,129.6,78.5,92,Moderate,38.9,40.3,27.2
Bihar,Bileipada,PM10,91.3,299.3,193.2,196,Unhealthy,23.8,87.0,26.0
Maharashtra,Kunjemura,OZONE,56.1,338.7,204.8,282,Very Unhealthy,24.2,90.3,13.6
Tripura,Bettiah,CO,28.1,88.6,33.6,15,Good,19.6,62.6,18.8
Haryana,Ballabgarh,NO2,59.2,453.6,74.1,73,Moderate,28.2,66.4,13.7
Karnataka,Bagalkot,SO2,2.2,250.8,6.7,3,Good,35.3,72.6,14.2
Assam,Begusarai,NH3,71.0,489.9,163.3,170,Unhealthy,25.9,82.8,20.6
Madhya Pradesh,Bengaluru,CO,218.3,350.1,265.5,207,Very Unhealthy,18.4,40.9,17.6
Arunachal Pradesh,Mathura,PM2.5,168.7,438.6,242.2,220,Very Unhealthy,34.8,92.9,22.3
Gujarat,Rupnagar,PM2.5,18.6,149.1,140.4,109,Unhealthy for Sensitive Groups,30.6,89.1,12.5
Himachal Pradesh,Sagar,NH3,53.5,395.4,77.4,83,Moderate,19.1,76.5,16.9
Andhra Pradesh,Thane,PM10,124.3,258.8,172.0,178,Unhealthy,26.5,83.2,26.3
Maharashtra,Baripada,PM10,198.9,493.1,222.6,215,Very Unhealthy,17.5,45.0,11.8
Gujarat,Boisar,PM10,1.8,254.5,10.1,6,Good,32.3,94.4,19.0
Delhi,Latur,OZONE,78.8,188.6,85.3,70,Moderate,17.6,59.3,26.2
Kerala,Shillong,SO2,57.6,230.0,200.3,487,Hazardous,36.8,54.1,8.7
Jharkhand,Kunjemura,PM10,105.9,365.7,180.5,165,Unhealthy,23.8,73.7,14.4
Maharashtra,Visakhapatnam,SO2,94.7,473.8,144.5,121,Unhealthy for Sensitive Groups,23.3,62.2,22.8
Meghalaya,Ludhiana,OZONE,71.7,478.0,200.4,346,Hazardous,36.7,73.0,27.5
Rajasthan,Kishanganj,PM10,128.9,236.9,186.4,200,Unhealthy,38.3,35.0,25.3
Punjab,Latur,PM10,84.9,349.9,93.9,78,Moderate,29.0,76.9,15.4
Sikkim,Belapur,CO,50.7,478.7,201.8,299,Very Unhealthy,15.3,43.8,14.9
Rajasthan,Bagalkot,CO,161.8,347.5,238.7,247,Very Unhealthy,37.8,84.1,5.8
Uttar Pradesh,Delhi,NO2,135.1,434.4,150.3,311,Hazardous,30.3,74.2,1.5
Telangana,Bengaluru,OZONE,0.3,260.2,148.1,119,Unhealthy for Sensitive Groups,32.0,50.4,11.7
Meghalaya,Vijayawada,PM10,4.8,268.4,23.3,44,Good,39.7,66.7,12.4
Punjab,Anantapur,NH3,39.9,483.2,99.5,98,Moderate,21.5,77.3,6.6
Nagaland,Angul,OZONE,181.7,307.3,215.8,287,Very Unhealthy,38.4,89.2,9.4
Kerala,Parbhani,CO,21.7,93.5,81.0,84,Moderate,17.7,52.3,15.7
Kerala,Kollam,PM2.5,4.6,432.1,110.7,117,Unhealthy for Sensitive Groups,18.8,30.7,9.8
Maharashtra,Purnia,NO2,41.7,365.0,43.8,30,Good,25.3,39.8,26.0
Arunachal Pradesh,Hanumangarh,CO,134.6,291.7,167.5,154,Unhealthy,22.1,34.5,11.3
Jharkhand,Jalore,OZONE,77.1,291.4,256.8,248,Very Unhealthy,32.9,50.8,18.5
Mizoram,Baghpat,OZONE,93.7,213.4,130.5,124,Unhealthy for Sensitive Groups,19.6,31.9,24.1
Tripura,Kadapa,PM10,16.7,218.8,26.4,33,Good,31.9,88.9,9.9
Karnataka,Baran,NO2,9.2,485.0,27.9,43,Good,39.2,55.1,10.8
Nagaland,Araria,PM2.5,22.9,488.5,101.3,138,Unhealthy for Sensitive Groups,31.8,72.8,8.9
Tamil Nadu,Dewas,PM10,68.2,106.5,102.1,141,Unhealthy for Sensitive Groups,29.0,31.6,28.8
Maharashtra,Agartala,OZONE,51.1,314.7,156.0,180,Unhealthy,24.4,50.6,20.0
Nagaland,Tumidih,OZONE,101.4,415.9,102.2,108,Unhealthy for Sensitive Groups,27.4,57.1,4.4
Puducherry,Singrauli,PM10,53.2,354.4,229.9,282,Very Unhealthy,17.5,39.6,22.1
Rajasthan,Malegaon,PM10,12.3,481.8,39.4,43,Good,25.2,73.5,10.6
Jammu and Kashmir,Rajgir,PM2.5,82.3,287.7,190.8,193,Unhealthy,29.0,44.6,15.1
Assam,Shillong,PM2.5,13.0,462.7,13.2,49,Good,20.8,60.7,12.7
Karnataka,Madikeri,PM2.5,17.6,316.5,51.7,92,Moderate,30.0,85.0,0.5
Meghalaya,Gorakhpur,NO2,7.7,402.0,30.6,49,Good,21.2,56.1,12.0
Andhra Pradesh,Rajamahendravaram,SO2,2.4,255.7,26.0,46,Good,32.8,61.6,25.5
Karnataka,Latur,SO2,124.4,331.5,157.5,180,Unhealthy,35.5,52.0,26.4
Andhra Pradesh,Gummidipoondi,PM10,145.2,270.6,263.1,296,Very Unhealthy,35.8,68.3,12.6
Haryana,Kishanganj,SO2,54.9,471.4,226.7,291,Very Unhealthy,21.2,90.3,11.8
Mizoram,Tirumala,PM10,40.1,413.2,51.5,76,Moderate,22.7,53.8,10.0
Gujarat,Baripada,CO,56.1,169.0,95.1,89,Moderate,30.6,30.2,27.3
Gujarat,Delhi,OZONE,8.5,489.9,29.8,14,Good,31.2,66.2,8.4
Kerala,Kolkata,PM2.5,60.7,211.0,132.0,120,Unhealthy for Sensitive Groups,34.0,35.4,9.4
Chhattisgarh,Thrissur,SO2,2.7,147.5,137.2,141,Unhealthy for Sensitive Groups,29.0,47.2,2.0
Jharkhand,Singrauli,NO2,1.9,131.2,3.2,8,Good,26.7,91.9,3.1
Telangana,Charkhi Dadri,NO2,121.8,240.9,131.7,131,Unhealthy for Sensitive Groups,20.3,69.3,9.5
Jammu and Kashmir,Chamarajanagar,NH3,69.2,477.1,89.3,69,Moderate,28.4,37.4,13.1
Meghalaya,Muzaffarpur,OZONE,113.0,348.9,117.7,105,Unhealthy for Sensitive Groups,27.2,35.4,18.7
Rajasthan,Dausa,PM2.5,4.1,465.2,23.1,21,Good,33.0,94.7,13.9
Tripura,Dhanbad,CO,44.8,201.6,197.9,198,Unhealthy,22.6,67.3,23.0
West Bengal,Fatehabad,PM2.5,117.2,464.0,151.8,172,Unhealthy,16.9,69.3,27.3
Delhi,Sawai Madhopur,SO2,13.6,257.3,236.2,220,Very Unhealthy,33.6,52.0,13.9
Punjab,Yadgir,SO2,29.5,361.5,72.2,51,Moderate,15.5,94.2,18.5
Jharkhand,Bhubaneswar,NH3,177.4,220.8,191.1,170,Unhealthy,27.0,70.8,28.2
Andhra Pradesh,Singrauli,PM10,182.9,495.2,222.3,291,Very Unhealthy,27.1,44.0,25.9
Tamil Nadu,Guntur,CO,19.7,388.9,45.4,41,Good,36.1,36.0,27.4
Meghalaya,Gummidipoondi,NH3,71.6,490.9,104.0,131,Unhealthy for Sensitive Groups,23.3,55.3,25.8
Odisha,Bileipada,NH3,102.0,168.4,147.2,133,Unhealthy for Sensitive Groups,38.3,30.5,20.5
Uttar Pradesh,Palwal,CO,26.7,309.1,136.6,126,Unhealthy for Sensitive Groups,17.9,58.6,26.4
Odisha,Badlapur,OZONE,11.0,405.4,86.3,95,Moderate,18.3,77.2,5.1
Assam,Narnaul,PM2.5,212.3,391.3,265.7,244,Very Unhealthy,21.4,84.1,21.7
Uttar Pradesh,Mandikhera,NO2,1.9,245.4,152.0,193,Unhealthy,35.9,63.8,5.8
Uttar Pradesh,Bhiwadi,SO2,59.9,331.6,120.2,132,Unhealthy for Sensitive Groups,35.9,61.0,9.9
Tripura,Dehradun,PM10,63.6,354.9,85.2,52,Moderate,35.1,57.7,9.6
Rajasthan,Bundi,CO,80.6,199.2,136.7,111,Unhealthy for Sensitive Groups,20.5,42.2,20.7
Karnataka,Dhanbad,NH3,18.9,152.8,51.6,97,Moderate,27.5,41.1,8.3
Andhra Pradesh,Ulhasnagar,CO,13.9,352.9,145.8,123,Unhealthy for Sensitive Groups,32.8,77.5,2.7
Kerala,Beed,PM10,9.5,467.2,112.1,139,Unhealthy for Sensitive Groups,26.6,37.1,26.5
Delhi,Ujjain,SO2,55.9,251.8,82.9,91,Moderate,34.6,59.3,2.5
Kerala,Mangalore,SO2,111.5,398.2,184.1,195,Unhealthy,16.0,90.1,17.6
Odisha,Rairangpur,OZONE,153.5,466.9,250.4,267,Very Unhealthy,38.4,92.9,2.1
Jammu and Kashmir,Kishanganj,OZONE,0.9,479.1,79.4,56,Moderate,36.5,72.8,0.3
Tripura,Bhiwandi,CO,94.2,468.3,165.3,162,Unhealthy,31.4,69.2,12.1
Tamil Nadu,Dausa,SO2,7.0,164.3,33.7,14,Good,37.8,46.3,24.8
Arunachal Pradesh,Bileipada,OZONE,72.9,456.5,242.3,275,Very Unhealthy,16.3,47.1,12.3
Gujarat,Guwahati,OZONE,53.4,247.8,103.2,117,Unhealthy for Sensitive Groups,17.6,92.4,12.8
Nagaland,Cuddalore,CO,83.0,355.9,198.3,185,Unhealthy,26.7,58.3,23.9
Rajasthan,Srinagar,NO2,25.7,68.4,33.5,49,Good,31.7,94.8,29.6
Tripura,Thane,NH3,21.8,161.1,79.5,93,Moderate,30.1,54.7,17.3
Karnataka,Amravati,CO,5.8,406.8,139.0,105,Unhealthy for Sensitive Groups,32.2,86.2,25.1
Rajasthan,Bilaspur,PM2.5,12.5,190.6,14.5,7,Good,22.3,94.9,22.9
Andhra Pradesh,Bundi,SO2,57.6,244.0,161.0,195,Unhealthy,25.9,93.6,28.6
Bihar,Khairthal,OZONE,130.7,231.4,142.5,111,Unhealthy for Sensitive Groups,34.9,67.3,25.5
Delhi,Virar,NH3,17.5,480.1,179.8,200,Unhealthy,25.4,55.3,19.8
Rajasthan,Hanumangarh,PM10,49.3,140.2,130.8,107,Unhealthy for Sensitive Groups,15.1,85.4,21.2
Kerala,Karnal,PM2.5,77.1,334.8,194.9,167,Unhealthy,27.2,30.8,26.5
Himachal Pradesh,Bhiwani,PM10,156.4,483.4,233.3,295,Very Unhealthy,28.5,38.2,16.1
Bihar,Pratapgarh,CO,62.8,343.4,251.7,218,Very Unhealthy,22.9,55.4,13.6
Himachal Pradesh,Kolhapur,NO2,232.2,496.2,257.1,265,Very Unhealthy,16.2,73.7,1.9
Bihar,Rajkot,NO2,22.8,140.2,64.4,100,Moderate,27.4,33.8,14.3
Rajasthan,Sawai Madhopur,PM10,47.1,156.7,78.4,65,Moderate,27.0,83.5,5.2
Kerala,Bulandshahr,PM10,74.2,468.2,187.6,181,Unhealthy,34.6,46.7,16.5
West Bengal,Jaipur,CO,117.3,271.7,253.2,243,Very Unhealthy,31.6,56.6,0.3
Madhya Pradesh,Indore,SO2,6.8,405.6,9.4,44,Good,21.3,50.0,4.3
Punjab,Thiruvananthapuram,OZONE,11.6,491.2,12.9,32,Good,25.7,89.4,6.8
Kerala,Dholpur,CO,41.4,375.3,127.5,135,Unhealthy for Sensitive Groups,38.4,89.4,27.7
Tripura,Naharlagun,OZONE,48.6,289.8,133.7,104,Unhealthy for Sensitive Groups,31.0,56.6,18.7
Puducherry,Bhopal,CO,47.9,342.2,50.7,426,Hazardous,29.7,32.3,5.6
Jammu and Kashmir,Dharwad,PM2.5,38.4,497.6,38.5,43,Good,18.5,74.4,22.6
Delhi,Shillong,PM2.5,1.7,326.5,21.1,27,Good,19.3,61.3,14.5
Puducherry,Satara,NO2,90.9,491.7,219.0,246,Very Unhealthy,37.9,45.4,5.9
Arunachal Pradesh,Shivamogga,NH3,59.5,123.9,69.5,100,Moderate,24.7,80.6,21.6
Punjab,Kollam,OZONE,65.4,337.7,145.1,125,Unhealthy for Sensitive Groups,32.9,31.8,2.7
Rajasthan,Virar,CO,65.7,442.4,98.2,90,Moderate,36.0,46.0,20.8
Punjab,Amritsar,OZONE,104.4,472.6,243.5,235,Very Unhealthy,27.2,31.2,6.0
Mizoram,Sonipat,PM2.5,39.7,186.9,186.0,184,Unhealthy,31.9,37.0,25.7
Nagaland,Bikaner,PM2.5,117.2,148.8,144.1,144,Unhealthy for Sensitive Groups,32.1,76.2,22.7
Rajasthan,Bhavnagar,CO,20.4,444.3,30.4,28,Good,34.2,91.5,7.7
Jharkhand,Vadodara,PM10,80.8,228.9,111.0,135,Unhealthy for Sensitive Groups,35.0,57.4,2.4
Punjab,Jalgaon,PM10,56.7,434.6,224.5,204,Very Unhealthy,16.5,61.0,28.5
Chhattisgarh,Siwan,SO2,15.3,261.7,152.5,187,Unhealthy,15.2,66.6,11.5
Maharashtra,Sikar,NO2,155.1,358.7,233.0,296,Very Unhealthy,33.8,35.7,14.7
Sikkim,Bengaluru,OZONE,22.4,414.1,76.9,87,Moderate,16.6,94.5,2.5
Chhattisgarh,Manguraha,PM10,76.9,369.0,201.0,295,Very Unhealthy,23.6,73.4,13.9
Meghalaya,Dombivli,NH3,14.4,171.5,117.7,141,Unhealthy for Sensitive Groups,27.2,43.8,27.7
Arunachal Pradesh,Mathura,CO,114.7,473.7,115.1,142,Unhealthy for Sensitive Groups,29.4,56.3,28.0
Kerala,Nashik,PM2.5,9.8,330.2,15.2,30,Good,38.8,58.2,20.9
Puducherry,Badlapur,CO,0.4,54.7,1.0,37,Good,32.6,72.6,17.3
Karnataka,Hajipur,PM10,29.7,147.3,52.0,86,Moderate,15.1,79.4,22.2
Bihar,Firozabad,NH3,68.0,499.0,167.3,189,Unhealthy,21.5,79.7,25.8
Arunachal Pradesh,Thrissur,SO2,33.1,156.3,46.4,48,Good,24.2,88.0,24.7
Nagaland,Bagalkot,PM10,92.0,364.3,242.7,246,Very Unhealthy,18.0,38.5,17.5
Sikkim,Bikaner,SO2,4.3,230.5,47.4,18,Good,28.1,41.7,8.6
Jammu and Kashmir,Jhalawar,PM10,75.3,382.2,85.4,79,Moderate,25.7,89.7,2.8
Nagaland,Alwar,NO2,41.9,193.9,128.4,133,Unhealthy for Sensitive Groups,26.2,93.0,17.5
Odisha,Beed,PM2.5,90.1,463.0,207.4,296,Very Unhealthy,29.1,42.4,16.4
Andhra Pradesh,Katni,PM2.5,142.9,213.3,206.5,263,Very Unhealthy,34.0,83.8,19.3
Punjab,Kota,PM2.5,136.4,499.3,228.4,214,Very Unhealthy,29.4,67.3,3.7
Delhi,Bhiwani,CO,28.8,194.9,126.0,127,Unhealthy for Sensitive Groups,21.1,50.1,20.4
Telangana,Boisar,CO,23.6,436.9,94.5,82,Moderate,35.9,83.7,1.9
Bihar,Rajamahendravaram,NO2,7.2,409.1,51.2,74,Moderate,23.1,67.1,9.9
Uttar Pradesh,Bundi,PM2.5,17.2,421.7,164.4,199,Unhealthy,36.0,43.8,26.8
Uttar Pradesh,Jaisalmer,OZONE,101.8,256.9,199.8,153,Unhealthy,37.8,76.8,4.7
Kerala,Banswara,CO,8.1,282.4,35.4,30,Good,29.5,89.1,10.1
Punjab,Baddi,NH3,37.5,150.6,66.5,72,Moderate,25.1,46.4,11.3
Jharkhand,Gaya,CO,27.0,373.9,254.3,215,Very Unhealthy,28.1,79.8,2.3
Arunachal Pradesh,Rohtak,PM2.5,3.1,329.6,102.3,125,Unhealthy for Sensitive Groups,31.6,47.2,29.5
Mizoram,Pune,NH3,30.5,349.1,99.2,52,Moderate,16.7,76.2,17.4
Telangana,Jalgaon,PM2.5,11.7,315.5,100.5,445,Hazardous,22.6,64.7,27.7
Madhya Pradesh,Jabalpur,CO,104.4,427.2,134.6,102,Unhealthy for Sensitive Groups,20.6,43.3,0.8
Sikkim,Hubballi,PM2.5,81.9,407.8,110.0,113,Unhealthy for Sensitive Groups,24.4,31.3,21.0
Kerala,Jabalpur,NH3,41.2,200.0,169.7,186,Unhealthy,19.0,49.4,14.2
Tripura,Jalgaon,NH3,218.3,352.8,229.3,299,Very Unhealthy,33.2,45.4,27.0
Assam,Nashik,NH3,13.2,279.5,256.7,292,Very Unhealthy,37.1,42.7,17.6
Telangana,Ambernath,OZONE,15.9,453.0,32.1,17,Good,26.9,54.9,2.8
Karnataka,Hapur,PM2.5,57.4,466.9,172.6,173,Unhealthy,33.6,48.6,2.3
Telangana,Raebareli,PM10,205.0,455.5,250.7,288,Very Unhealthy,26.8,30.8,4.7
Nagaland,Bagalkot,CO,34.5,431.3,43.7,46,Good,29.6,73.7,19.0
Chandigarh,Bhilwara,SO2,74.7,233.4,86.7,100,Moderate,25.7,93.6,9.7
Odisha,Gadag,NO2,110.8,252.5,191.4,174,Unhealthy,29.6,33.8,9.3
Gujarat,Bilaspur,SO2,13.9,412.6,34.1,43,Good,29.0,41.1,3.3
Bihar,Singrauli,PM10,20.0,201.5,24.5,50,Good,37.2,59.5,17.6
Maharashtra,Byrnihat,PM10,34.0,487.7,237.4,209,Very Unhealthy,32.8,44.7,0.0
Kerala,Raebareli,OZONE,45.3,373.7,98.3,62,Moderate,22.9,84.0,2.6
Sikkim,Sirsa,SO2,46.0,310.7,80.3,61,Moderate,39.3,30.0,8.0
Haryana,Ajmer,CO,81.3,286.8,84.9,91,Moderate,27.2,41.1,18.8
Jammu and Kashmir,Mandi Gobindgarh,OZONE,18.9,50.1,43.9,23,Good,30.7,54.1,16.5
Jharkhand,Malegaon,NO2,1.0,486.5,17.7,30,Good,35.8,48.6,20.0
Karnataka,Barbil,SO2,49.4,495.3,97.7,81,Moderate,19.6,87.5,21.5
Sikkim,Indore,PM2.5,55.4,280.2,123.6,135,Unhealthy for Sensitive Groups,18.3,32.4,23.7
Sikkim,Byasanagar,NH3,188.1,493.1,238.9,297,Very Unhealthy,20.0,89.1,17.5
Mizoram,Chandigarh,PM2.5,207.0,488.4,260.0,224,Very Unhealthy,16.1,68.6,12.3
Punjab,Rajgir,PM10,160.8,366.8,198.1,172,Unhealthy,29.5,78.0,23.5
Arunachal Pradesh,Rishikesh,NH3,10.6,41.0,12.6,24,Good,30.8,70.5,23.1
Delhi,Bhilwara,NO2,126.4,319.7,213.8,242,Very Unhealthy,18.9,77.2,5.2
Tripura,Faridabad,CO,252.7,368.5,261.3,240,Very Unhealthy,21.8,30.9,2.9
Gujarat,Baddi,OZONE,10.1,342.0,29.6,37,Good,26.7,81.5,9.6
Bihar,Khairthal,NH3,48.2,100.3,57.3,86,Moderate,37.4,39.2,5.9
Himachal Pradesh,Muzaffarnagar,CO,8.7,110.3,25.4,43,Good,29.0,47.3,16.6
Gujarat,Agra,CO,92.0,487.6,258.1,253,Very Unhealthy,20.9,92.0,14.1
Delhi,Mathura,OZONE,63.8,441.3,234.3,226,Very Unhealthy,28.3,34.4,22.6
Chhattisgarh,Khairthal,SO2,97.9,474.6,127.3,130,Unhealthy for Sensitive Groups,22.8,31.5,27.7
Meghalaya,Vapi,NH3,9.3,454.9,49.7,25,Good,17.5,77.1,23.4
Meghalaya,Bilaspur,PM2.5,217.3,412.0,264.9,276,Very Unhealthy,39.3,82.4,13.9
Bihar,Angul,CO,113.9,486.8,265.9,268,Very Unhealthy,23.8,76.5,0.6
Puducherry,Nagaon,SO2,6.3,312.2,49.0,50,Good,31.2,36.8,11.1
Kerala,Gandhinagar,SO2,12.3,281.4,20.1,15,Good,17.5,72.1,17.4
Chandigarh,Baran,PM10,40.9,226.5,116.6,134,Unhealthy for Sensitive Groups,19.4,31.3,3.1
Rajasthan,Nandesari,PM2.5,100.5,178.7,114.4,101,Unhealthy for Sensitive Groups,38.9,57.9,29.5
Punjab,Aizawl,SO2,52.4,230.7,102.2,135,Unhealthy for Sensitive Groups,20.4,58.3,11.1
Nagaland,Kota,PM2.5,121.4,408.1,140.3,142,Unhealthy for Sensitive Groups,15.8,45.6,9.3
Tripura,Rajgir,OZONE,42.7,425.5,206.3,242,Very Unhealthy,39.3,77.3,2.4
Himachal Pradesh,Jabalpur,NH3,13.1,454.9,190.5,154,Unhealthy,25.6,76.0,4.8
Andhra Pradesh,Siliguri,CO,134.8,356.5,240.9,267,Very Unhealthy,27.9,41.1,13.9
Tamil Nadu,Fatehabad,OZONE,179.5,447.1,245.8,214,Very Unhealthy,16.4,57.8,22.7
Madhya Pradesh,Guwahati,CO,118.9,436.4,135.2,129,Unhealthy for Sensitive Groups,27.8,37.9,7.4
Chandigarh,Hingoli,PM2.5,41.3,350.5,153.7,193,Unhealthy,19.0,35.3,21.5
Tripura,Ahmednagar,NH3,93.8,260.6,130.9,144,Unhealthy for Sensitive Groups,23.1,83.9,14.6
Bihar,Bileipada,PM2.5,31.7,341.7,229.7,280,Very Unhealthy,23.5,74.3,29.3
Jharkhand,Katni,PM10,26.7,398.3,48.2,47,Good,15.9,87.2,0.9
Kerala,Vrindavan,SO2,8.6,288.4,94.6,83,Moderate,33.5,93.0,28.3
Sikkim,Nagaon,PM2.5,9.6,104.7,16.3,31,Good,15.9,55.5,9.0
Uttar Pradesh,Jabalpur,NO2,11.7,319.1,145.4,144,Unhealthy for Sensitive Groups,28.4,42.2,27.1
Uttar Pradesh,Byasanagar,NO2,4.0,246.1,101.5,115,Unhealthy for Sensitive Groups,33.2,86.5,17.8
Telangana,Udaipur,PM2.5,80.4,161.7,105.0,135,Unhealthy for Sensitive Groups,22.8,67.2,27.8
Haryana,Bileipada,CO,65.3,457.2,91.0,90,Moderate,34.1,38.2,28.7
Chhattisgarh,Ambernath,CO,1.7,265.4,4.7,48,Good,36.3,55.6,19.0
Assam,Talcher,NO2,26.0,159.8,48.4,49,Good,32.2,56.7,27.4
Puducherry,Parbhani,OZONE,32.9,159.3,102.3,146,Unhealthy for Sensitive Groups,22.0,69.0,12.1
Jharkhand,Bhilwara,CO,108.8,289.7,183.9,187,Unhealthy,38.1,45.0,29.7
Chandigarh,Kohima,OZONE,31.7,243.0,60.3,94,Moderate,24.6,83.9,15.7
Andhra Pradesh,Vijayapura,PM10,86.4,130.8,111.3,119,Unhealthy for Sensitive Groups,24.3,49.7,1.3
Telangana,Srinagar,NO2,2.1,243.6,2.4,16,Good,15.5,49.8,20.5
West Bengal,Chittoor,CO,83.1,222.6,95.7,69,Moderate,20.6,40.5,22.9
Arunachal Pradesh,Dhanbad,SO2,1.9,189.8,1.9,14,Good,33.6,85.5,23.5
Odisha,Yadgir,NO2,73.5,226.7,195.6,183,Unhealthy,27.4,56.8,27.4
Madhya Pradesh,Bilaspur,NO2,174.3,308.3,226.3,202,Very Unhealthy,37.9,84.6,20.3
Madhya Pradesh,Moradabad,PM2.5,39.3,174.0,40.2,16,Good,16.6,47.7,28.7
Kerala,Bhiwadi,OZONE,54.4,392.1,241.3,205,Very Unhealthy,30.9,35.3,28.7
Karnataka,Khairthal,PM2.5,209.6,451.7,249.0,236,Very Unhealthy,20.5,77.9,24.8
Chhattisgarh,Varanasi,NH3,23.3,115.6,30.0,29,Good,17.8,73.2,1.8
Meghalaya,Patiala,OZONE,29.6,431.6,232.3,202,Very Unhealthy,39.9,31.5,26.1
Odisha,Mathura,PM2.5,48.7,291.1,149.8,119,Unhealthy for Sensitive Groups,29.2,38.4,20.2
Meghalaya,Koppal,NO2,10.5,256.9,77.9,98,Moderate,34.3,67.5,6.1
Himachal Pradesh,Bhiwani,PM2.5,18.4,237.5,218.5,255,Very Unhealthy,27.4,53.5,29.5
Sikkim,Mandi Gobindgarh,CO,57.3,177.9,177.2,165,Unhealthy,17.0,32.2,22.4
Himachal Pradesh,Baddi,PM2.5,72.4,430.0,203.1,253,Very Unhealthy,29.8,63.3,3.0
Haryana,Ahmednagar,PM2.5,67.4,369.7,238.8,215,Very Unhealthy,28.8,43.3,15.6
Tripura,Bareilly,PM10,28.2,195.8,65.2,68,Moderate,20.8,33.5,28.0
Punjab,Tonk,OZONE,94.4,307.7,215.1,263,Very Unhealthy,18.2,71.3,5.1
Assam,Pampore,SO2,48.4,214.6,174.2,166,Unhealthy,20.0,45.3,1.7
Arunachal Pradesh,Sangli,CO,99.4,282.1,165.6,176,Unhealthy,20.4,34.2,12.8
Assam,Nellore,CO,43.6,382.0,219.0,236,Very Unhealthy,26.1,89.8,14.5
Rajasthan,Siwan,NO2,11.8,387.2,86.0,93,Moderate,24.6,40.3,8.1
Puducherry,Ludhiana,PM10,166.9,369.3,192.0,175,Unhealthy,26.9,54.2,22.4
Haryana,Thane,SO2,157.9,189.7,189.2,197,Unhealthy,19.2,47.6,0.8
Andhra Pradesh,Ahmednagar,OZONE,16.5,212.1,202.4,231,Very Unhealthy,30.8,57.8,6.1
Haryana,Sri Ganganagar,PM2.5,77.5,374.0,202.1,202,Very Unhealthy,30.2,94.8,14.0
Assam,Samastipur,PM10,21.4,294.5,200.7,485,Hazardous,17.3,41.9,27.7
West Bengal,Sirsa,CO,163.7,275.3,239.6,292,Very Unhealthy,18.9,51.6,15.2
West Bengal,Thane,SO2,108.7,414.7,151.0,151,Unhealthy,37.6,46.2,20.2
Rajasthan,Sirohi,NH3,26.8,408.2,255.0,202,Very Unhealthy,18.2,68.9,29.2
Odisha,Yamuna Nagar,NO2,21.0,389.6,95.5,90,Moderate,34.9,61.3,5.4
Uttar Pradesh,Ludhiana,NH3,4.7,112.5,112.4,134,Unhealthy for Sensitive Groups,25.6,89.4,11.5
Sikkim,Jodhpur,PM10,75.2,456.8,217.9,204,Very Unhealthy,38.9,90.1,17.4
Haryana,Angul,NH3,61.6,237.1,211.6,275,Very Unhealthy,18.6,47.6,10.7
Meghalaya,Jhunjhunu,NO2,72.3,275.4,260.9,268,Very Unhealthy,37.9,91.2,18.6
Karnataka,Bagalkot,PM2.5,91.1,486.5,152.5,182,Unhealthy,32.4,66.8,27.9
Uttarakhand,Pimpri-Chinchwad,PM10,205.7,338.4,221.8,272,Very Unhealthy,35.9,34.7,7.4
Punjab,Vapi,OZONE,12.6,226.0,102.7,106,Unhealthy for Sensitive Groups,29.1,56.5,16.8
Telangana,Ahmedabad,PM10,81.1,338.8,160.1,191,Unhealthy,19.2,87.7,23.7
Puducherry,Koppal,NH3,38.8,241.2,99.1,99,Moderate,33.6,50.3,6.2
Delhi,Firozabad,NH3,15.5,158.7,127.8,110,Unhealthy for Sensitive Groups,20.4,43.7,15.2
Maharashtra,Thiruvananthapuram,PM10,92.1,376.5,111.6,133,Unhealthy for Sensitive Groups,21.0,45.0,27.4
Himachal Pradesh,Sasaram,NO2,43.5,458.0,197.8,175,Unhealthy,23.1,47.3,7.2
Mizoram,Chittoor,SO2,166.0,301.4,214.8,287,Very Unhealthy,18.0,67.2,26.2
Punjab,Varanasi,NH3,29.6,348.1,32.6,44,Good,23.8,62.6,9.9
Bihar,Bathinda,OZONE,17.1,297.2,22.5,29,Good,19.0,62.7,12.0
Tripura,Ujjain,CO,4.6,384.6,110.0,108,Unhealthy for Sensitive Groups,16.2,46.8,17.1
Tamil Nadu,Bengaluru,SO2,65.7,83.4,72.1,74,Moderate,26.7,44.8,6.5
Jammu and Kashmir,Chhapra,CO,8.4,352.0,12.4,37,Good,18.7,34.8,25.5
Assam,Pune,SO2,17.1,335.1,86.7,91,Moderate,17.0,94.6,25.5
Nagaland,Byasanagar,NH3,102.0,433.1,186.0,185,Unhealthy,15.6,86.2,15.0
Chandigarh,Hyderabad,NH3,31.8,233.0,185.1,162,Unhealthy,34.4,37.5,23.4
Kerala,Gurugram,CO,38.3,295.0,86.5,96,Moderate,23.3,76.3,1.3
Chhattisgarh,Byasanagar,OZONE,8.6,439.2,13.3,1,Good,34.0,73.7,6.9
Himachal Pradesh,Dharwad,SO2,135.5,305.2,160.2,170,Unhealthy,28.5,79.5,20.8
Sikkim,Haldia,PM2.5,1.3,213.5,10.5,1,Good,30.8,52.9,18.6
Chhattisgarh,Nagpur,SO2,39.2,225.7,85.3,55,Moderate,30.7,33.7,2.9
Chhattisgarh,Virar,NO2,58.1,160.1,76.0,93,Moderate,16.0,55.6,3.1
Himachal Pradesh,Gwalior,PM10,4.6,318.6,8.8,23,Good,34.7,45.8,12.6
Kerala,Sivasagar,SO2,62.4,374.4,79.4,89,Moderate,37.1,82.7,11.5
Gujarat,Gadag,PM2.5,88.5,285.7,134.9,119,Unhealthy for Sensitive Groups,19.2,92.4,13.8
Bihar,Baripada,PM10,18.3,482.1,18.5,35,Good,22.8,89.5,26.3
Chandigarh,Sirohi,PM2.5,12.2,258.3,127.3,128,Unhealthy for Sensitive Groups,32.2,84.1,9.5
Karnataka,Dharwad,PM2.5,69.2,364.4,91.6,71,Moderate,24.8,33.2,27.2
Delhi,Bulandshahr,SO2,77.6,448.8,134.9,134,Unhealthy for Sensitive Groups,38.7,64.6,23.9
Telangana,Dehradun,OZONE,16.8,299.9,110.7,103,Unhealthy for Sensitive Groups,26.0,91.2,23.4
Uttarakhand,Yadgir,PM2.5,43.9,439.1,201.0,290,Very Unhealthy,31.5,83.8,12.8
Andhra Pradesh,Hyderabad,SO2,25.3,485.3,79.4,75,Moderate,35.3,44.9,21.7
Odisha,Satna,PM2.5,104.9,359.7,233.7,271,Very Unhealthy,39.4,47.0,28.5
Chandigarh,Greater Noida,NO2,59.8,346.3,173.5,169,Unhealthy,15.5,32.1,3.6
Uttarakhand,Muzaffarnagar,CO,98.4,380.9,151.2,163,Unhealthy,29.4,53.0,22.1
Tripura,Prayagraj,OZONE,7.3,456.6,101.8,142,Unhealthy for Sensitive Groups,36.2,40.4,5.9
Punjab,Bhagalpur,PM2.5,143.7,289.8,211.9,281,Very Unhealthy,29.6,75.0,2.5
Arunachal Pradesh,Eluru,PM10,84.4,459.8,209.0,220,Very Unhealthy,31.6,51.7,17.8
Jammu and Kashmir,Jaisalmer,NO2,69.2,499.1,98.2,70,Moderate,27.3,59.0,3.7
Telangana,Hajipur,PM2.5,69.0,269.2,137.0,126,Unhealthy for Sensitive Groups,17.6,73.6,5.1
Andhra Pradesh,Pratapgarh,SO2,59.4,397.5,92.5,100,Moderate,15.8,43.2,21.2
Meghalaya,Chamarajanagar,OZONE,6.1,162.6,93.6,87,Moderate,35.1,52.1,5.0
Uttarakhand,Nashik,OZONE,11.7,289.2,48.7,38,Good,32.4,44.5,4.3
Odisha,Bileipada,SO2,76.6,428.6,89.4,59,Moderate,38.5,58.1,8.8
Mizoram,Korba,NO2,48.4,395.7,138.9,145,Unhealthy for Sensitive Groups,38.4,65.3,21.0
Telangana,Visakhapatnam,SO2,83.0,490.4,255.1,204,Very Unhealthy,38.2,86.1,26.5
Telangana,Dungarpur,NH3,37.4,179.1,139.2,149,Unhealthy for Sensitive Groups,24.9,52.2,23.6
Uttarakhand,Muzaffarpur,SO2,0.1,216.3,0.2,20,Good,19.0,89.3,27.8
Chandigarh,Dombivli,OZONE,98.4,265.4,213.0,246,Very Unhealthy,33.4,82.3,8.3
Sikkim,Jaisalmer,PM2.5,71.7,250.5,86.0,96,Moderate,23.6,40.3,20.0
Rajasthan,Karwar,NH3,6.0,355.2,67.6,85,Moderate,37.6,80.6,11.0
Uttar Pradesh,Nellore,CO,63.7,344.3,188.6,178,Unhealthy,17.1,45.7,23.8
Chandigarh,Brajrajnagar,NH3,8.9,242.6,9.9,26,Good,30.4,64.8,0.7
Chhattisgarh,Dehradun,PM2.5,110.5,477.8,131.9,134,Unhealthy for Sensitive Groups,26.3,34.4,23.5
Haryana,Nashik,PM10,127.8,234.8,189.0,197,Unhealthy,21.3,76.1,5.4
Delhi,Korba,NO2,8.0,402.4,63.8,100,Moderate,17.4,90.7,9.3
Punjab,Dholpur,PM10,58.5,320.2,75.2,63,Moderate,36.7,64.8,12.3
Chandigarh,Thiruvananthapuram,SO2,36.9,319.2,63.7,61,Moderate,16.5,55.9,12.0
Chandigarh,Beed,NO2,6.4,146.0,105.6,119,Unhealthy for Sensitive Groups,26.0,80.0,2.1
Odisha,Chikkaballapur,NH3,187.2,472.7,209.5,219,Very Unhealthy,19.3,91.9,9.3
Telangana,Siliguri,SO2,79.8,248.5,156.2,152,Unhealthy,38.9,69.5,26.3
Jharkhand,Munger,SO2,48.6,418.6,163.9,197,Unhealthy,38.2,57.9,16.6
Karnataka,Sirsa,NH3,65.1,240.0,167.5,189,Unhealthy,26.1,71.5,9.4
Odisha,Bhubaneswar,SO2,120.6,285.7,215.3,268,Very Unhealthy,21.3,82.5,21.0
Chhattisgarh,Bettiah,NH3,52.1,304.9,185.4,176,Unhealthy,16.7,40.3,15.8
West Bengal,Rohtak,SO2,200.7,275.2,208.4,279,Very Unhealthy,23.8,43.5,27.2
Meghalaya,Rourkela,PM10,76.4,492.5,262.3,232,Very Unhealthy,36.6,44.6,19.5
Chandigarh,Jorapokhar,PM10,17.5,254.9,43.0,23,Good,29.0,57.4,20.9
West Bengal,Ambala,PM10,159.0,488.4,241.5,205,Very Unhealthy,24.7,82.1,22.1
Telangana,Vapi,OZONE,111.0,304.8,170.2,196,Unhealthy,16.3,39.6,6.5
Assam,Pune,PM2.5,161.2,318.5,250.0,206,Very Unhealthy,30.8,84.6,0.8
Nagaland,Nagaon,NH3,192.1,288.4,259.7,211,Very Unhealthy,31.4,39.4,19.0
Assam,Haldia,NO2,179.8,395.6,200.2,382,Hazardous,34.3,39.2,8.1
Bihar,Baripada,OZONE,125.2,310.1,218.8,251,Very Unhealthy,26.8,55.2,0.9
Andhra Pradesh,Beed,SO2,108.3,166.9,155.0,198,Unhealthy,26.2,47.5,4.1
Odisha,Ujjain,NH3,54.4,242.7,69.9,53,Moderate,27.7,92.5,15.4
Tamil Nadu,Ulhasnagar,PM2.5,3.8,391.2,32.6,20,Good,30.0,74.8,25.0
Tripura,Greater Noida,PM2.5,75.9,338.1,187.3,191,Unhealthy,38.9,74.6,13.5
Assam,Jalore,SO2,13.8,87.2,60.0,98,Moderate,33.0,65.6,17.1
Himachal Pradesh,Bileipada,OZONE,74.5,217.2,192.4,186,Unhealthy,29.8,78.7,14.2
Arunachal Pradesh,Mangalore,PM10,72.6,307.9,248.9,212,Very Unhealthy,37.7,62.7,9.7
Telangana,Agra,PM2.5,23.1,260.4,30.0,41,Good,39.8,45.1,6.1
Puducherry,Tonk,PM10,6.6,70.9,22.5,44,Good,38.6,82.5,0.0
Assam,Parbhani,SO2,6.4,144.2,110.1,101,Unhealthy for Sensitive Groups,16.1,62.1,20.2
Chandigarh,Noida,PM10,30.2,313.2,57.3,93,Moderate,24.7,45.6,15.1
Puducherry,Mira-Bhayandar,CO,171.1,231.7,188.5,180,Unhealthy,19.4,32.4,7.5
Jammu and Kashmir,Ghaziabad,NH3,198.6,452.0,258.2,218,Very Unhealthy,29.8,45.9,17.6
Chandigarh,Jaisalmer,NO2,60.2,248.4,224.1,201,Very Unhealthy,38.8,50.1,22.4
Telangana,Rishikesh,CO,96.7,268.9,175.7,164,Unhealthy,33.7,74.9,14.0
Haryana,Dharwad,PM2.5,103.4,306.7,176.8,166,Unhealthy,38.3,38.1,7.8
Jharkhand,Puducherry,SO2,12.1,296.6,34.0,29,Good,31.0,90.6,24.6
Nagaland,Katihar,PM10,94.6,358.4,208.8,239,Very Unhealthy,18.7,35.5,2.7
Karnataka,Faridabad,NO2,42.7,301.4,230.2,285,Very Unhealthy,36.1,45.0,14.1
Puducherry,Dharwad,OZONE,32.9,190.3,44.4,0,Good,32.9,82.5,24.6
Delhi,Dharuhera,CO,97.4,426.2,224.9,230,Very Unhealthy,25.2,91.0,12.9
Odisha,Guntur,NH3,35.7,187.5,112.3,115,Unhealthy for Sensitive Groups,33.9,75.9,4.1
Meghalaya,Chikkaballapur,SO2,0.2,355.8,0.5,46,Good,17.6,41.0,7.0
Rajasthan,Jaipur,NO2,245.1,405.1,265.3,258,Very Unhealthy,36.2,31.1,0.7
Sikkim,Chandigarh,NO2,40.7,369.9,165.2,194,Unhealthy,27.9,70.4,22.6
Uttar Pradesh,Pimpri-Chinchwad,SO2,4.1,247.1,229.0,272,Very Unhealthy,29.5,52.1,23.2
Kerala,Dehradun,CO,29.3,398.8,84.6,62,Moderate,37.3,57.6,5.0
Andhra Pradesh,Hyderabad,CO,1.5,400.9,158.0,166,Unhealthy,21.5,89.8,1.8
Karnataka,Jabalpur,CO,116.3,442.3,230.5,211,Very Unhealthy,35.5,50.0,28.3
Chandigarh,Shillong,OZONE,6.6,390.7,7.6,47,Good,23.2,93.5,23.0
Jharkhand,Ankleshwar,PM2.5,210.2,310.2,262.0,257,Very Unhealthy,25.8,46.6,27.7
Rajasthan,Angul,CO,106.0,244.3,111.4,117,Unhealthy for Sensitive Groups,25.6,67.1,12.6
Sikkim,Gorakhpur,NH3,110.8,268.3,237.0,296,Very Unhealthy,19.6,48.8,25.7
Odisha,Baddi,NO2,14.9,171.2,61.5,85,Moderate,29.0,68.1,12.8
Maharashtra,Brajrajnagar,NH3,96.4,224.9,97.7,57,Moderate,28.5,73.9,10.3
Bihar,Sirohi,NH3,0.1,380.3,1.5,14,Good,37.0,80.0,23.4
Tripura,Yadgir,PM2.5,84.6,238.3,174.1,152,Unhealthy,31.2,46.9,6.3
Arunachal Pradesh,Patna,NH3,12.8,437.6,33.6,37,Good,16.8,64.6,26.5
Meghalaya,Tonk,CO,77.2,397.0,183.9,181,Unhealthy,28.9,94.6,15.3
Jharkhand,Indore,OZONE,112.7,371.1,132.9,115,Unhealthy for Sensitive Groups,23.9,90.5,17.4
Puducherry,Thrissur,NO2,80.6,262.1,234.3,273,Very Unhealthy,27.6,62.9,2.2
Himachal Pradesh,Hisar,NH3,54.8,179.5,98.2,87,Moderate,22.0,62.6,18.8
Rajasthan,Mandi Gobindgarh,SO2,5.1,458.0,20.5,40,Good,30.5,83.2,17.7
Uttar Pradesh,Munger,OZONE,120.0,423.7,161.8,199,Unhealthy,22.0,47.4,12.2
Sikkim,Rajgir,NO2,9.2,206.8,63.8,93,Moderate,23.3,37.2,11.9
Jammu and Kashmir,Hubballi,PM2.5,57.3,318.7,171.6,181,Unhealthy,34.8,50.3,26.7
Arunachal Pradesh,Visakhapatnam,OZONE,10.6,371.9,92.7,71,Moderate,26.8,80.9,24.6
Andhra Pradesh,Silchar,PM10,67.3,428.6,241.7,220,Very Unhealthy,20.4,75.9,3.3
West Bengal,Gandhinagar,SO2,45.3,153.1,137.6,133,Unhealthy for Sensitive Groups,35.9,54.7,5.2
Madhya Pradesh,Sivasagar,NH3,26.0,326.0,106.0,129,Unhealthy for Sensitive Groups,32.5,53.8,26.3
Telangana,Pampore,CO,37.4,379.7,98.1,82,Moderate,35.8,39.3,19.1
Himachal Pradesh,Sagar,SO2,24.3,309.0,66.7,70,Moderate,20.4,36.7,2.6
Tripura,Rohtak,SO2,67.0,336.5,253.7,222,Very Unhealthy,35.7,61.6,9.1
Gujarat,Jabalpur,NO2,75.2,153.1,143.8,127,Unhealthy for Sensitive Groups,15.7,86.7,1.2
Tripura,Kolkata,PM10,44.2,390.6,236.2,229,Very Unhealthy,28.5,61.8,21.9
Sikkim,Yamuna Nagar,PM10,46.5,363.7,102.3,118,Unhealthy for Sensitive Groups,33.5,43.0,13.2
Chandigarh,Greater Noida,NH3,20.3,190.9,166.7,179,Unhealthy,38.4,41.7,12.7
Karnataka,Gaya,SO2,45.7,274.4,195.2,196,Unhealthy,35.2,54.7,24.7
Chhattisgarh,Shivamogga,NH3,25.6,180.6,62.3,88,Moderate,22.3,76.8,29.1
Nagaland,Howrah,PM2.5,3.1,149.6,15.0,14,Good,16.0,54.6,11.7
Kerala,Thoothukudi,SO2,16.5,492.9,115.4,111,Unhealthy for Sensitive Groups,34.9,80.0,0.5
Chandigarh,Nagaur,NO2,17.8,135.3,19.3,26,Good,25.3,80.3,5.9
Mizoram,Thane,CO,109.0,259.4,122.8,139,Unhealthy for Sensitive Groups,38.5,85.1,9.8
Telangana,Karnal,CO,59.1,131.1,62.1,68,Moderate,35.0,48.1,12.6
Haryana,Bareilly,PM10,60.2,415.6,245.3,291,Very Unhealthy,20.6,57.0,22.8
Karnataka,Jaisalmer,PM2.5,137.5,323.5,221.1,287,Very Unhealthy,25.8,86.5,19.2
Chandigarh,Agra,OZONE,39.6,288.0,70.8,99,Moderate,37.1,32.3,6.9
Telangana,Thiruvananthapuram,SO2,49.6,243.2,107.8,104,Unhealthy for Sensitive Groups,24.6,54.7,24.9
Madhya Pradesh,Karauli,PM10,205.5,327.8,231.1,212,Very Unhealthy,27.8,33.1,25.7
Jammu and Kashmir,Guntur,PM10,168.7,269.8,264.2,281,Very Unhealthy,16.9,84.6,17.5
Odisha,Milupara,OZONE,73.4,463.2,95.3,82,Moderate,39.9,69.3,14.5
West Bengal,Sangli,OZONE,30.3,494.7,52.3,54,Moderate,39.2,86.2,24.5
West Bengal,Jodhpur,SO2,102.6,467.3,241.0,212,Very Unhealthy,20.5,94.4,14.6
Bihar,Nellore,PM2.5,10.9,143.8,55.1,72,Moderate,28.6,36.6,26.5
Uttarakhand,Chikkaballapur,NO2,55.5,459.1,234.5,206,Very Unhealthy,28.7,71.6,8.9
Mizoram,Sagar,NH3,2.8,458.2,12.2,41,Good,29.7,87.2,20.7
Arunachal Pradesh,Navi Mumbai,PM2.5,35.8,496.3,45.2,0,Good,35.3,46.5,8.8
Gujarat,Mahad,SO2,152.5,350.3,181.5,185,Unhealthy,29.6,57.5,27.5
Puducherry,Hisar,NH3,3.0,374.9,262.1,257,Very Unhealthy,32.3,38.6,22.0
Sikkim,Byasanagar,SO2,54.6,274.9,146.2,122,Unhealthy for Sensitive Groups,38.4,34.2,4.7
Himachal Pradesh,Keonjhar,OZONE,6.3,314.3,95.9,62,Moderate,22.6,75.0,22.4
Chhattisgarh,Bilaspur,SO2,18.4,262.1,203.3,277,Very Unhealthy,30.7,89.4,12.7
Chhattisgarh,Singrauli,SO2,90.9,265.8,97.1,58,Moderate,23.5,68.1,19.7
Gujarat,Rajgir,NO2,135.1,472.8,197.7,188,Unhealthy,24.1,47.8,18.0
Odisha,Jabalpur,PM10,58.4,172.5,62.6,63,Moderate,33.1,60.7,22.4
Haryana,Rourkela,NO2,46.4,429.3,164.6,158,Unhealthy,35.9,34.5,14.5
Meghalaya,Kolkata,NO2,36.4,329.8,48.2,12,Good,26.7,59.6,27.0
Tripura,Firozabad,CO,8.6,226.0,25.0,2,Good,33.7,60.5,28.0
Chhattisgarh,Nandesari,PM2.5,88.6,242.0,166.3,153,Unhealthy,26.0,38.9,0.2
Maharashtra,Banswara,PM2.5,145.5,364.8,148.8,120,Unhealthy for Sensitive Groups,29.9,71.6,4.9
Punjab,Nanded,NO2,1.8,345.3,240.2,210,Very Unhealthy,22.8,78.9,27.5
Punjab,Guntur,PM2.5,55.4,184.0,160.7,188,Unhealthy,34.6,82.8,4.1
Punjab,Bengaluru,PM10,218.4,436.6,219.7,216,Very Unhealthy,30.4,45.3,5.4
Delhi,Yadgir,NO2,164.5,307.7,192.8,154,Unhealthy,15.8,56.8,23.7
Sikkim,Surat,PM10,14.7,410.2,108.1,135,Unhealthy for Sensitive Groups,23.4,50.3,7.0
Chhattisgarh,Sri Ganganagar,NH3,3.7,420.4,33.7,43,Good,16.0,38.9,18.3
Maharashtra,Brajrajnagar,CO,18.3,324.6,165.8,167,Unhealthy,18.1,84.6,27.3
Chhattisgarh,Gandhinagar,PM10,157.7,338.4,190.1,196,Unhealthy,30.7,74.2,16.9
Telangana,Bileipada,NH3,19.9,53.8,42.9,1,Good,36.9,90.8,29.2
Telangana,Kalyan,OZONE,23.9,417.1,40.6,32,Good,37.0,56.8,9.6
Kerala,Alwar,SO2,16.1,163.2,44.4,7,Good,21.8,83.9,20.5
Telangana,Thoothukudi,NO2,217.9,231.3,219.9,204,Very Unhealthy,39.7,49.8,5.3
Sikkim,Jhunjhunu,NO2,8.3,336.2,196.5,161,Unhealthy,39.0,49.0,15.9
Sikkim,Katni,NO2,20.3,283.9,253.5,284,Very Unhealthy,28.4,37.7,19.0
Himachal Pradesh,Sirsa,PM2.5,40.1,338.5,86.9,53,Moderate,19.8,86.7,8.3
Telangana,Bahadurgarh,NH3,76.3,380.0,182.5,161,Unhealthy,35.9,70.7,4.0
Maharashtra,Bikaner,PM10,221.1,309.5,259.3,226,Very Unhealthy,33.7,88.4,7.3
Chandigarh,Ramanagara,CO,58.2,486.0,65.7,64,Moderate,21.0,75.9,11.7
Madhya Pradesh,Rohtak,PM10,29.7,276.8,237.0,212,Very Unhealthy,35.8,59.8,8.4
Telangana,Bhilai,OZONE,5.6,395.8,6.5,33,Good,22.1,59.1,24.0
Rajasthan,Kalyan,NO2,48.0,242.6,97.7,52,Moderate,25.6,51.6,0.0
Meghalaya,Coimbatore,NO2,42.5,435.2,169.0,166,Unhealthy,22.2,76.1,23.8
Himachal Pradesh,Sasaram,PM2.5,47.7,496.8,106.5,119,Unhealthy for Sensitive Groups,38.1,49.1,23.3
Meghalaya,Singrauli,NH3,82.0,389.7,124.5,131,Unhealthy for Sensitive Groups,38.7,70.7,18.0
Delhi,Mandikhera,CO,24.8,161.6,92.0,58,Moderate,27.1,89.2,18.8
Uttarakhand,Dehradun,CO,5.4,453.1,233.3,249,Very Unhealthy,34.9,74.5,22.8
Chhattisgarh,Jaipur,PM2.5,23.9,444.2,132.8,132,Unhealthy for Sensitive Groups,36.0,90.9,9.3
Mizoram,Banswara,OZONE,17.8,400.0,149.4,106,Unhealthy for Sensitive Groups,22.7,86.4,29.1
Meghalaya,Bhilwara,PM2.5,9.7,62.9,60.3,51,Moderate,34.5,91.5,1.0
Punjab,Ankleshwar,NH3,69.9,418.5,96.7,96,Moderate,16.7,69.4,5.9
Madhya Pradesh,Balasore,CO,1.4,429.6,66.3,92,Moderate,29.7,69.5,16.1
Uttarakhand,Fatehabad,SO2,65.5,357.2,227.9,242,Very Unhealthy,21.1,83.3,19.8
Gujarat,Kalyan,PM10,2.7,206.2,5.3,25,Good,37.2,80.9,12.4
Nagaland,Malegaon,NH3,1.1,440.8,2.3,8,Good,22.8,53.1,16.9
Sikkim,Jodhpur,OZONE,235.8,250.0,237.0,225,Very Unhealthy,39.2,56.3,28.7
Telangana,Bhagalpur,OZONE,57.2,196.9,63.9,53,Moderate,16.9,79.8,4.3
Nagaland,Ratlam,PM2.5,8.4,248.2,38.2,31,Good,18.4,52.0,4.4
Andhra Pradesh,Delhi,PM2.5,224.3,338.4,236.4,298,Very Unhealthy,31.4,65.5,24.9
Punjab,Jalandhar,PM10,143.9,424.6,198.5,190,Unhealthy,27.6,58.4,6.6
Telangana,Khora,SO2,10.5,102.8,54.3,68,Moderate,28.6,60.3,21.1
Bihar,Raebareli,CO,47.6,268.0,131.8,120,Unhealthy for Sensitive Groups,23.8,55.9,18.5
Chhattisgarh,Keonjhar,NO2,82.1,352.1,122.4,116,Unhealthy for Sensitive Groups,17.2,57.0,18.0
Himachal Pradesh,Gandhinagar,NO2,13.5,441.6,173.4,175,Unhealthy,39.9,31.3,10.3
Nagaland,Kanpur,CO,17.5,333.5,170.8,172,Unhealthy,24.8,86.8,25.3
Jharkhand,Chandrapur,SO2,27.3,108.2,32.1,37,Good,28.2,87.7,6.4
Telangana,Akola,CO,70.2,442.9,129.5,136,Unhealthy for Sensitive Groups,15.2,56.3,24.3
Uttar Pradesh,Bathinda,OZONE,5.8,415.3,64.6,54,Moderate,27.1,90.2,19.4
Gujarat,Sirsa,PM10,144.1,265.6,255.8,250,Very Unhealthy,27.4,82.6,16.4
Assam,Amaravati,PM2.5,2.9,427.1,24.0,10,Good,35.0,78.6,29.0
Uttar Pradesh,Hapur,NH3,20.2,449.8,67.2,61,Moderate,18.3,73.0,23.0
Tripura,Solapur,CO,123.9,486.1,163.4,200,Unhealthy,33.4,35.8,6.8
Telangana,Virar,PM2.5,43.6,200.0,185.2,166,Unhealthy,17.9,76.0,11.7
Rajasthan,Jaisalmer,NH3,53.4,454.2,137.5,139,Unhealthy for Sensitive Groups,33.4,36.7,8.5
Odisha,Pampore,NH3,46.1,426.7,238.7,277,Very Unhealthy,26.3,88.1,13.7
Bihar,Bhiwani,OZONE,25.4,456.3,30.4,26,Good,34.7,45.9,22.1
Chandigarh,Howrah,CO,11.2,38.7,29.5,3,Good,24.0,61.5,26.2
Meghalaya,Navi Mumbai,SO2,56.8,172.5,159.0,184,Unhealthy,34.7,64.4,16.2
West Bengal,Dharuhera,NH3,11.0,361.8,184.1,186,Unhealthy,24.9,31.6,20.1
Uttar Pradesh,Gaya,NH3,3.3,403.6,76.6,82,Moderate,32.6,91.8,27.5
Telangana,Manguraha,PM10,67.4,186.3,93.1,96,Moderate,20.8,31.6,1.0
Delhi,Prayagraj,NH3,117.2,479.9,220.7,292,Very Unhealthy,18.1,70.7,4.8
Karnataka,Moradabad,SO2,42.4,203.4,173.2,188,Unhealthy,32.0,59.4,29.4
Mizoram,Fatehabad,OZONE,42.4,57.2,50.7,474,Hazardous,31.9,62.3,19.7
Uttarakhand,Vijayawada,OZONE,53.0,337.3,108.0,120,Unhealthy for Sensitive Groups,30.7,61.5,23.5
Karnataka,Vrindavan,NH3,110.2,247.5,232.3,297,Very Unhealthy,29.5,86.0,9.0
Chandigarh,Siwan,OZONE,56.9,208.0,120.5,122,Unhealthy for Sensitive Groups,39.7,73.7,4.9
Haryana,Sri Ganganagar,CO,43.2,210.4,64.8,91,Moderate,29.9,31.8,23.3
Assam,Bhilwara,SO2,240.3,315.5,246.7,239,Very Unhealthy,17.2,62.4,17.0
Rajasthan,Dewas,CO,141.9,303.3,258.6,293,Very Unhealthy,34.3,59.8,11.2
Uttarakhand,Guntur,CO,7.3,208.0,8.3,5,Good,32.7,67.2,10.6
Jharkhand,Madikeri,PM2.5,115.2,129.3,122.6,108,Unhealthy for Sensitive Groups,36.6,37.6,24.1
Himachal Pradesh,Jaipur,PM2.5,72.6,354.9,233.5,247,Very Unhealthy,28.7,51.6,4.5
Jammu and Kashmir,Lucknow,SO2,78.1,345.6,194.4,169,Unhealthy,30.3,71.8,6.4
Mizoram,Chhal,NO2,21.1,103.8,90.7,86,Moderate,24.7,33.9,26.7
West Bengal,Haldia,NO2,87.6,161.8,143.5,150,Unhealthy for Sensitive Groups,38.9,51.8,15.6
Sikkim,Bhopal,NO2,53.5,265.6,207.2,256,Very Unhealthy,38.0,70.6,3.6
Jammu and Kashmir,Byasanagar,NO2,28.2,332.3,61.0,60,Moderate,31.9,33.6,22.4
Madhya Pradesh,Alwar,CO,5.3,232.3,37.9,17,Good,23.1,62.5,21.7
Assam,Kishanganj,PM2.5,94.6,318.1,199.2,155,Unhealthy,28.3,53.1,28.4
Kerala,Thrissur,PM10,154.0,304.2,245.8,277,Very Unhealthy,16.9,44.8,17.8
Karnataka,Delhi,NH3,12.9,242.2,20.0,4,Good,16.1,38.0,11.5
Assam,Thane,OZONE,70.5,435.5,84.7,81,Moderate,22.2,79.8,4.2
Himachal Pradesh,Ulhasnagar,NO2,8.4,389.7,199.9,186,Unhealthy,37.7,62.6,17.0
Maharashtra,Khairthal,NO2,22.8,455.4,106.8,133,Unhealthy for Sensitive Groups,32.7,49.5,21.2
Assam,Noida,OZONE,11.6,72.4,35.4,30,Good,28.0,33.0,26.4
Assam,Kishanganj,NH3,104.6,469.9,253.0,288,Very Unhealthy,34.7,71.5,27.7
Odisha,Panchkula,PM2.5,22.4,342.4,24.9,8,Good,30.6,71.7,16.8
Nagaland,Ludhiana,PM2.5,148.1,395.8,239.3,252,Very Unhealthy,26.8,52.1,28.9
Odisha,Jhunjhunu,SO2,38.4,321.6,190.0,162,Unhealthy,24.5,66.5,14.5
Chhattisgarh,Patiala,OZONE,93.7,448.1,99.1,90,Moderate,28.7,58.3,10.3
Odisha,Khurja,PM10,109.6,254.7,169.8,177,Unhealthy,27.8,70.2,5.3
Karnataka,Vadodara,NO2,162.8,444.7,245.6,291,Very Unhealthy,32.6,35.5,27.7
Gujarat,Manesar,CO,24.4,382.7,64.0,60,Moderate,37.5,71.4,15.5
Mizoram,Fatehabad,OZONE,13.0,287.5,36.1,10,Good,24.4,76.8,23.9
Tamil Nadu,Araria,CO,31.7,461.5,65.7,58,Moderate,31.4,93.2,28.2
Meghalaya,Jhunjhunu,OZONE,129.2,368.6,186.5,192,Unhealthy,28.1,39.3,26.6
Chhattisgarh,Bileipada,PM10,8.1,336.1,28.2,18,Good,26.6,79.9,28.3
Madhya Pradesh,Araria,NO2,11.8,204.4,53.2,53,Moderate,34.3,69.4,10.1
Tripura,Delhi,OZONE,4.3,138.6,43.2,27,Good,19.9,56.3,1.5
Sikkim,Modinagar,PM10,3.1,449.1,26.3,22,Good,36.5,52.7,6.5
Telangana,Narnaul,CO,122.6,334.6,218.8,230,Very Unhealthy,17.5,31.5,22.1
Chandigarh,Jaipur,OZONE,35.3,246.9,153.5,158,Unhealthy,25.9,45.0,28.6
Arunachal Pradesh,Pithampur,CO,211.4,432.8,232.0,251,Very Unhealthy,17.9,36.0,17.8
Gujarat,Jalandhar,NO2,54.4,360.4,72.7,98,Moderate,34.1,85.5,26.5
Telangana,Satara,PM10,136.0,405.9,155.2,162,Unhealthy,33.9,87.7,2.6
Meghalaya,Guntur,PM2.5,9.2,317.7,28.0,40,Good,32.4,46.6,6.9
Assam,Bhiwani,PM2.5,27.8,199.7,43.3,0,Good,27.0,65.4,24.3
Punjab,Mandi Gobindgarh,NO2,62.7,445.2,112.0,141,Unhealthy for Sensitive Groups,27.1,91.9,9.5
Haryana,Dausa,OZONE,1.3,305.2,170.2,161,Unhealthy,38.1,44.3,26.9
Sikkim,Guntur,PM2.5,36.3,433.1,219.9,216,Very Unhealthy,17.6,82.2,8.8
Madhya Pradesh,Raipur,OZONE,57.3,113.9,97.9,83,Moderate,30.5,72.2,11.2
Jammu and Kashmir,Katihar,PM2.5,5.8,294.4,10.2,4,Good,16.6,80.7,1.6
Telangana,Chandigarh,NO2,33.3,132.2,45.3,37,Good,19.5,79.7,16.2
Sikkim,Ulhasnagar,CO,197.2,468.6,264.5,233,Very Unhealthy,15.3,69.9,2.2
Kerala,Modinagar,SO2,114.4,189.3,148.0,127,Unhealthy for Sensitive Groups,25.7,58.2,28.0
Tripura,Talcher,NO2,0.4,5.2,1.6,19,Good,26.9,42.4,10.9
Kerala,Thrissur,CO,87.0,337.8,187.2,165,Unhealthy,39.4,44.3,20.0
Chhattisgarh,Brajrajnagar,PM10,13.2,89.0,36.2,24,Good,26.6,65.6,5.8
Nagaland,Chittoor,PM10,137.0,359.8,226.0,241,Very Unhealthy,38.6,68.2,29.9
Kerala,Siwan,OZONE,82.3,132.1,92.5,80,Moderate,27.5,72.1,16.6
Uttarakhand,Moradabad,OZONE,206.2,237.4,218.5,255,Very Unhealthy,32.5,60.8,8.1
Delhi,Rajamahendravaram,SO2,197.6,308.2,242.7,216,Very Unhealthy,26.9,39.1,26.1
Puducherry,Jalandhar,NO2,76.4,198.4,87.0,74,Moderate,16.2,70.7,18.4
Andhra Pradesh,Ratlam,NO2,47.6,427.3,52.1,75,Moderate,25.6,48.6,25.6
Puducherry,Kollam,CO,11.9,136.5,93.9,85,Moderate,39.5,83.3,11.6
Chhattisgarh,Thrissur,NH3,147.4,346.3,238.0,244,Very Unhealthy,39.7,63.3,1.2
Telangana,Ratlam,PM2.5,8.3,392.3,260.9,225,Very Unhealthy,20.8,74.1,21.1
Rajasthan,Panchkula,PM10,1.4,340.3,3.1,35,Good,35.9,46.3,27.9
Haryana,Nellore,NO2,43.8,264.1,100.7,372,Hazardous,34.6,34.1,10.6
Tripura,Rourkela,NO2,75.9,366.3,199.3,186,Unhealthy,38.5,55.3,11.9
Puducherry,Rupnagar,NH3,4.8,240.1,33.4,23,Good,30.3,33.9,20.8
Haryana,Kurukshetra,CO,31.3,251.1,42.4,13,Good,24.4,77.0,18.4
Haryana,Jalgaon,PM10,0.9,196.0,13.5,15,Good,38.7,32.7,24.3
Himachal Pradesh,Badlapur,SO2,5.3,141.8,79.3,100,Moderate,23.0,44.7,3.2
Uttarakhand,Bhiwani,PM10,21.5,418.6,46.5,48,Good,16.7,66.7,28.6
Bihar,Bhiwadi,CO,44.7,144.9,123.4,148,Unhealthy for Sensitive Groups,25.6,38.5,22.5
West Bengal,Gandhinagar,NO2,23.6,320.0,54.2,77,Moderate,37.7,36.5,11.7
Andhra Pradesh,Hyderabad,PM10,3.2,302.4,191.4,193,Unhealthy,36.8,71.2,14.1
Uttar Pradesh,Amritsar,NO2,132.0,453.3,139.9,106,Unhealthy for Sensitive Groups,15.8,71.7,12.6
Madhya Pradesh,Bhubaneswar,NO2,10.6,358.7,70.7,73,Moderate,21.0,44.7,27.2
Chandigarh,Jabalpur,OZONE,13.4,175.4,26.2,48,Good,27.6,73.2,0.3
West Bengal,Suakati,CO,29.1,438.5,247.1,236,Very Unhealthy,39.3,55.0,2.0
Punjab,Thrissur,PM10,31.0,418.1,141.5,130,Unhealthy for Sensitive Groups,25.4,35.7,18.3
Maharashtra,Sivasagar,PM2.5,18.7,498.0,134.2,113,Unhealthy for Sensitive Groups,17.4,54.7,9.2
Telangana,Jalandhar,NO2,44.2,489.2,47.4,23,Good,30.8,93.2,26.1
Meghalaya,Maihar,SO2,4.5,150.9,27.3,31,Good,32.0,57.8,19.1
Punjab,Delhi,NH3,2.4,458.4,144.2,136,Unhealthy for Sensitive Groups,20.2,87.9,13.3
Arunachal Pradesh,Manguraha,OZONE,208.2,267.3,262.7,216,Very Unhealthy,36.8,75.0,21.9
Jammu and Kashmir,Dewas,SO2,2.1,178.0,129.2,135,Unhealthy for Sensitive Groups,23.5,38.1,13.9
Jammu and Kashmir,Latur,OZONE,137.2,489.6,140.8,137,Unhealthy for Sensitive Groups,25.5,72.1,17.2
Mizoram,Karauli,PM2.5,157.6,392.6,196.0,160,Unhealthy,17.0,70.8,17.8
Jammu and Kashmir,Chikkaballapur,OZONE,16.6,405.5,19.2,18,Good,33.3,43.9,8.6
Tripura,Srinagar,CO,15.7,483.9,31.7,0,Good,35.0,56.5,19.0
Rajasthan,Boisar,NO2,22.2,222.2,91.0,65,Moderate,16.8,54.4,22.4
Punjab,Firozabad,OZONE,54.6,345.0,185.5,158,Unhealthy,22.9,89.8,23.9
Sikkim,Dewas,PM2.5,18.2,291.5,84.9,94,Moderate,28.4,88.4,8.5
Andhra Pradesh,Kohima,PM10,130.8,445.8,243.2,207,Very Unhealthy,25.6,41.2,24.4
Assam,Gadag,PM10,47.7,446.3,102.2,123,Unhealthy for Sensitive Groups,32.6,31.2,0.1
Assam,Delhi,NO2,131.5,376.2,223.7,215,Very Unhealthy,27.5,43.5,12.7
Kerala,Vadodara,NO2,19.0,459.6,74.9,75,Moderate,35.4,35.6,28.9
West Bengal,Churu,SO2,3.3,345.1,196.6,162,Unhealthy,32.0,71.4,4.6
Haryana,Bileipada,PM2.5,90.1,331.9,115.7,134,Unhealthy for Sensitive Groups,31.8,89.9,1.8
Maharashtra,Mandi Gobindgarh,CO,26.2,414.3,194.9,168,Unhealthy,26.0,85.4,28.6
Kerala,Bhiwani,SO2,141.5,479.1,163.8,199,Unhealthy,29.0,59.3,22.4
Bihar,Dholpur,PM10,86.5,365.6,200.5,414,Hazardous,28.1,92.3,9.0
Nagaland,Bagalkot,PM10,19.7,72.5,19.8,27,Good,30.1,34.3,5.0
Haryana,Thrissur,OZONE,174.7,463.1,180.7,185,Unhealthy,26.1,67.0,10.8
Karnataka,Bileipada,SO2,34.7,106.5,58.3,75,Moderate,38.5,47.6,7.8
Puducherry,Sangli,SO2,150.2,341.7,214.9,218,Very Unhealthy,17.3,37.9,21.3
Himachal Pradesh,Bileipada,PM10,129.3,372.7,226.7,257,Very Unhealthy,30.6,70.2,27.6
Bihar,Siwan,OZONE,253.6,398.3,263.7,213,Very Unhealthy,37.0,70.5,16.4
West Bengal,Khurja,NH3,177.2,401.5,259.0,248,Very Unhealthy,35.6,77.2,8.0
Meghalaya,Begusarai,PM10,74.9,456.4,92.6,80,Moderate,20.7,92.8,10.9
Odisha,Satna,PM10,46.1,261.1,63.0,86,Moderate,22.8,76.4,23.2
Meghalaya,Kohima,SO2,10.5,66.0,12.8,49,Good,34.0,37.5,10.4
Kerala,Dharwad,NO2,62.4,425.6,252.7,273,Very Unhealthy,31.0,36.6,15.0
Assam,Modinagar,CO,17.2,467.4,148.5,106,Unhealthy for Sensitive Groups,28.9,89.7,27.3
Tamil Nadu,Lucknow,PM2.5,130.0,353.8,233.7,216,Very Unhealthy,23.7,61.2,29.4
Odisha,Chittorgarh,CO,31.4,109.0,77.9,75,Moderate,17.3,42.6,3.0
Maharashtra,Pampore,OZONE,179.5,491.1,199.7,164,Unhealthy,22.0,89.5,28.8
Haryana,Delhi,NH3,8.1,426.1,20.0,49,Good,34.3,38.1,6.2
Odisha,Dombivli,OZONE,10.6,447.2,57.3,90,Moderate,35.5,45.5,9.7
Mizoram,Kannur,PM10,20.2,187.7,26.7,32,Good,36.0,52.4,28.8
West Bengal,Korba,SO2,101.5,445.1,131.7,133,Unhealthy for Sensitive Groups,32.1,74.3,4.4
Himachal Pradesh,Jhalawar,PM10,220.8,474.6,224.2,210,Very Unhealthy,26.1,72.6,17.5
Mizoram,Singrauli,PM10,218.9,352.1,262.1,237,Very Unhealthy,34.6,90.5,19.1
Himachal Pradesh,Kollam,PM10,22.4,185.2,45.2,34,Good,19.4,55.1,5.5
Odisha,Vapi,OZONE,109.2,258.9,138.6,106,Unhealthy for Sensitive Groups,34.3,50.2,16.7
Jammu and Kashmir,Bhiwandi,SO2,17.0,432.1,159.1,175,Unhealthy,39.8,86.0,11.6
Chhattisgarh,Mandikhera,OZONE,90.6,231.4,170.8,180,Unhealthy,24.3,68.5,9.7
Jharkhand,Gummidipoondi,NH3,123.6,261.7,177.3,160,Unhealthy,38.7,36.5,7.4
Madhya Pradesh,Chamarajanagar,PM2.5,25.1,271.0,93.7,83,Moderate,16.4,35.9,8.9
Uttar Pradesh,Vrindavan,PM10,130.4,392.4,141.9,119,Unhealthy for Sensitive Groups,27.6,81.2,21.1
Chhattisgarh,Bareilly,PM2.5,49.5,466.5,61.3,65,Moderate,30.2,64.0,0.5
Jammu and Kashmir,Bulandshahr,OZONE,87.1,244.8,175.9,165,Unhealthy,39.5,40.4,11.2
Haryana,Bhiwani,PM2.5,21.8,234.6,72.1,66,Moderate,28.2,49.5,7.3
Maharashtra,Mehsana,CO,83.0,316.0,164.5,154,Unhealthy,15.0,70.5,21.6
Bihar,Pimpri-Chinchwad,NH3,20.3,251.3,98.1,96,Moderate,28.8,58.4,25.5
Nagaland,Charkhi Dadri,OZONE,6.6,57.1,46.9,23,Good,20.4,35.7,3.2
Arunachal Pradesh,Munger,NH3,38.3,310.0,75.5,53,Moderate,28.6,30.2,22.1
Madhya Pradesh,Rohtak,NO2,28.5,225.0,142.0,149,Unhealthy for Sensitive Groups,19.2,89.7,26.7
Rajasthan,Bhubaneswar,NO2,10.6,106.0,20.7,21,Good,35.3,88.5,3.5
Madhya Pradesh,Ajmer,NH3,7.3,258.4,23.9,16,Good,18.7,82.1,26.0
Punjab,Sangli,NH3,6.9,315.8,137.2,106,Unhealthy for Sensitive Groups,19.4,82.3,17.1
Madhya Pradesh,Amaravati,PM10,184.4,426.2,208.8,263,Very Unhealthy,24.4,56.2,15.5
Karnataka,Dhanbad,NH3,183.6,324.4,238.2,259,Very Unhealthy,39.5,90.4,27.8
Mizoram,Bathinda,SO2,4.9,477.4,11.3,46,Good,15.4,65.3,18.5
Nagaland,Hubballi,NO2,234.2,455.6,236.8,296,Very Unhealthy,24.9,70.3,29.2
Tamil Nadu,Tumidih,PM2.5,31.0,229.7,46.4,32,Good,23.7,62.1,8.0
Karnataka,Naharlagun,PM2.5,30.7,495.3,136.5,124,Unhealthy for Sensitive Groups,36.6,50.4,26.6
Jammu and Kashmir,Bhopal,PM10,0.7,380.1,75.8,74,Moderate,34.7,56.8,6.9
Puducherry,Balasore,SO2,7.1,304.4,139.1,131,Unhealthy for Sensitive Groups,22.6,56.9,8.3
Nagaland,Vijayawada,PM10,115.9,272.2,206.7,276,Very Unhealthy,31.6,92.1,22.7
Delhi,Visakhapatnam,CO,9.2,482.7,140.4,141,Unhealthy for Sensitive Groups,38.2,44.5,3.8
Madhya Pradesh,Keonjhar,CO,77.0,474.1,136.2,112,Unhealthy for Sensitive Groups,18.8,33.0,6.0
Chandigarh,Virar,PM10,178.1,333.9,250.1,242,Very Unhealthy,26.5,81.7,1.5
Delhi,Nanded,PM2.5,131.2,496.4,150.2,414,Hazardous,16.7,51.7,16.1
Bihar,Kunjemura,CO,0.1,253.4,0.2,43,Good,27.3,63.5,3.4
Uttar Pradesh,Dhanbad,OZONE,67.4,258.1,134.8,115,Unhealthy for Sensitive Groups,17.9,34.0,5.7
Uttar Pradesh,Hubballi,SO2,9.3,124.9,17.7,41,Good,32.1,41.2,17.7
Andhra Pradesh,Hubballi,SO2,19.2,364.8,66.4,54,Moderate,21.8,45.1,6.4
Uttar Pradesh,Gandhinagar,NH3,108.7,463.8,223.3,259,Very Unhealthy,37.6,75.8,7.5
Nagaland,Baghpat,OZONE,51.9,430.6,163.5,185,Unhealthy,28.5,54.7,16.8
Jammu and Kashmir,Kalaburagi,CO,31.6,184.0,107.2,129,Unhealthy for Sensitive Groups,33.5,53.1,22.1
Kerala,Panipat,NH3,83.0,321.1,217.8,271,Very Unhealthy,16.9,44.8,2.4
Sikkim,Shillong,PM2.5,144.8,303.3,237.5,203,Very Unhealthy,34.5,78.7,12.9
Tamil Nadu,Jalna,OZONE,147.7,256.4,223.1,273,Very Unhealthy,27.9,68.7,21.9
Jammu and Kashmir,Korba,PM2.5,83.5,367.6,232.3,225,Very Unhealthy,21.6,65.2,17.9
Maharashtra,Bareilly,OZONE,117.4,290.8,153.4,163,Unhealthy,24.5,77.6,28.3
Chhattisgarh,Guwahati,NO2,44.2,183.2,92.5,61,Moderate,17.4,73.9,8.0
Odisha,Haldia,NH3,9.4,428.4,156.9,172,Unhealthy,36.6,46.8,7.7
Haryana,Khairthal,CO,45.5,335.4,127.9,138,Unhealthy for Sensitive Groups,19.8,79.9,23.0
Rajasthan,Delhi,NH3,30.4,442.3,96.7,92,Moderate,34.6,76.2,2.1
West Bengal,Madikeri,CO,12.2,143.3,26.9,22,Good,26.4,88.1,0.6
Jammu and Kashmir,Damoh,OZONE,145.5,471.3,148.8,125,Unhealthy for Sensitive Groups,20.9,52.3,17.3
Gujarat,Hapur,OZONE,173.8,269.7,235.6,230,Very Unhealthy,37.2,39.1,18.9
Chandigarh,Khora,CO,131.2,397.2,252.8,288,Very Unhealthy,20.1,39.7,15.9
Delhi,Sri Ganganagar,NO2,2.5,97.8,9.1,13,Good,28.4,41.3,13.4
Uttarakhand,Nagpur,PM10,92.8,404.8,222.9,247,Very Unhealthy,38.4,33.3,29.2
West Bengal,Kadapa,NO2,100.2,214.8,122.8,117,Unhealthy for Sensitive Groups,27.2,84.9,13.7
Gujarat,Rourkela,SO2,9.8,383.7,238.2,296,Very Unhealthy,19.6,70.7,2.6
Arunachal Pradesh,Machilipatnam,PM10,152.0,205.3,156.8,176,Unhealthy,40.0,46.6,14.3
West Bengal,Rajkot,NH3,61.3,291.8,206.6,209,Very Unhealthy,27.2,93.0,22.0
Punjab,Jaisalmer,OZONE,7.6,487.4,61.2,80,Moderate,38.1,77.7,6.4
Assam,Virar,NH3,22.7,258.2,74.3,96,Moderate,38.6,58.0,28.5
Himachal Pradesh,Narnaul,CO,7.1,347.0,182.9,168,Unhealthy,16.3,54.1,4.3
Tamil Nadu,Bareilly,SO2,16.4,415.4,74.5,68,Moderate,38.2,69.1,26.8
Mizoram,Thiruvananthapuram,NH3,43.1,385.8,133.3,137,Unhealthy for Sensitive Groups,35.2,47.0,28.5
Nagaland,Hingoli,PM2.5,31.0,376.7,86.8,63,Moderate,35.5,59.5,17.9
Tripura,Ulhasnagar,PM10,171.6,490.7,190.9,178,Unhealthy,16.3,77.6,17.8
Arunachal Pradesh,Shivamogga,NO2,51.3,210.4,177.8,165,Unhealthy,28.8,91.4,23.3
Himachal Pradesh,Jalore,NO2,172.7,321.8,172.9,162,Unhealthy,39.9,76.4,2.6
Odisha,Khurja,NO2,15.7,137.0,98.4,90,Moderate,36.7,52.8,29.4
Telangana,Gummidipoondi,SO2,78.4,130.5,93.4,74,Moderate,39.7,71.3,17.0
Tamil Nadu,Chittoor,PM10,185.8,479.0,213.7,228,Very Unhealthy,20.2,55.6,18.1
Odisha,Pune,PM2.5,118.3,322.6,239.4,240,Very Unhealthy,31.8,47.2,3.2
Andhra Pradesh,Siwan,SO2,26.1,353.6,35.3,30,Good,24.9,43.0,11.9
Sikkim,Jalandhar,NH3,50.2,146.8,98.3,61,Moderate,18.1,37.2,22.6
Karnataka,Boisar,PM10,3.1,275.8,169.0,164,Unhealthy,22.3,73.8,1.2
Arunachal Pradesh,Beed,OZONE,30.9,150.2,111.5,120,Unhealthy for Sensitive Groups,18.7,31.6,16.9
Punjab,Pune,CO,211.7,395.9,236.4,240,Very Unhealthy,15.5,79.7,22.2
Bihar,Varanasi,CO,24.4,238.8,67.9,86,Moderate,37.4,35.1,1.1
Uttar Pradesh,Hapur,SO2,55.9,322.5,95.8,87,Moderate,35.1,59.7,29.0
Uttarakhand,Baghpat,NO2,14.4,390.0,34.6,39,Good,32.6,32.5,23.2
Jharkhand,Pali,PM10,6.4,261.7,28.5,48,Good,17.4,69.2,12.3
Tripura,Tirumala,PM10,7.0,279.4,120.2,149,Unhealthy for Sensitive Groups,30.6,76.5,12.8
Jharkhand,Boisar,CO,238.2,343.8,258.9,299,Very Unhealthy,36.1,46.0,13.5
Maharashtra,Virar,PM10,8.1,212.6,40.6,37,Good,27.9,33.6,14.4
Nagaland,Chandrapur,SO2,38.1,117.4,108.6,145,Unhealthy for Sensitive Groups,36.9,78.7,2.2
Karnataka,Chikkaballapur,CO,213.1,426.9,231.4,242,Very Unhealthy,38.7,75.2,24.6
Nagaland,Bhilwara,PM2.5,69.9,496.5,152.9,155,Unhealthy,29.9,77.9,24.7
Telangana,Cuddalore,NH3,0.0,62.1,18.6,22,Good,32.0,56.0,0.5
Kerala,Ratlam,CO,47.2,421.6,262.0,201,Very Unhealthy,30.6,51.4,23.7
Odisha,Moradabad,CO,61.0,283.9,194.3,153,Unhealthy,16.4,32.1,7.7
Arunachal Pradesh,Badlapur,PM10,85.0,443.1,229.8,221,Very Unhealthy,15.1,70.3,18.2
Tamil Nadu,Amravati,NH3,11.6,219.8,36.7,10,Good,27.3,83.6,2.7
Chhattisgarh,Nagaon,NO2,138.1,483.8,189.0,174,Unhealthy,35.6,75.7,19.8
Bihar,Jaisalmer,NO2,117.0,322.4,178.8,182,Unhealthy,24.9,39.1,28.7
Telangana,Parbhani,PM2.5,5.4,85.2,12.2,20,Good,26.3,47.8,18.0
Gujarat,Bilaspur,CO,241.9,493.9,256.9,244,Very Unhealthy,28.0,43.6,9.9
Punjab,Yamuna Nagar,NH3,12.6,77.4,56.4,97,Moderate,25.5,41.8,14.2
Jammu and Kashmir,Bathinda,CO,74.2,81.9,79.2,65,Moderate,37.3,35.9,18.7
Telangana,Latur,SO2,101.8,166.5,128.3,137,Unhealthy for Sensitive Groups,20.2,64.4,14.2
Haryana,Ratlam,PM10,10.9,305.9,11.7,1,Good,36.8,68.5,17.6
Sikkim,Hubballi,PM10,221.7,384.6,242.8,257,Very Unhealthy,20.5,78.8,16.4
Andhra Pradesh,Gadag,CO,81.1,473.6,150.3,359,Hazardous,38.3,68.8,18.0
Madhya Pradesh,Ratlam,PM2.5,29.0,95.8,88.8,57,Moderate,21.1,47.2,29.1
Bihar,Panchgaon,NO2,135.6,436.1,170.8,162,Unhealthy,39.5,57.6,29.2
Karnataka,Udaipur,PM10,48.0,191.2,76.6,77,Moderate,28.5,51.6,22.9
Arunachal Pradesh,Silchar,NO2,110.3,456.1,155.8,161,Unhealthy,39.2,48.0,12.8
Nagaland,Baripada,NO2,23.4,323.0,25.1,45,Good,39.2,88.5,27.7
Madhya Pradesh,Kashipur,CO,16.3,333.2,121.1,112,Unhealthy for Sensitive Groups,25.5,36.0,1.3
Jammu and Kashmir,Anantapur,NO2,17.4,320.2,150.5,301,Hazardous,39.8,49.9,24.9
Odisha,Asansol,SO2,14.3,454.6,133.1,134,Unhealthy for Sensitive Groups,18.9,34.8,25.2
Gujarat,Bettiah,PM2.5,130.6,365.1,211.3,276,Very Unhealthy,19.4,38.9,3.4
Meghalaya,Nagpur,CO,23.6,419.5,205.3,257,Very Unhealthy,16.6,38.6,20.2
Bihar,Maihar,NH3,100.5,277.7,130.9,147,Unhealthy for Sensitive Groups,29.4,86.8,2.3
Chandigarh,Machilipatnam,SO2,23.2,190.2,46.3,31,Good,18.9,89.4,26.1
Uttarakhand,Dharuhera,PM10,22.8,273.8,190.3,187,Unhealthy,33.0,50.3,10.0
Jharkhand,Kishanganj,PM2.5,107.9,248.6,147.2,145,Unhealthy for Sensitive Groups,36.2,66.4,14.7
Himachal Pradesh,Malegaon,NO2,25.8,94.6,39.7,48,Good,31.1,33.3,15.6
Mizoram,Firozabad,CO,9.0,466.4,57.8,86,Moderate,32.4,93.8,11.3
Sikkim,Chandigarh,SO2,36.1,329.7,37.2,43,Good,15.5,33.0,28.8
Jharkhand,Gwalior,CO,15.3,295.4,132.6,135,Unhealthy for Sensitive Groups,19.1,81.0,14.7
Chandigarh,Tirupati,NO2,112.6,291.1,257.4,281,Very Unhealthy,23.4,67.0,23.1
Assam,Khurja,CO,39.2,406.7,211.4,206,Very Unhealthy,27.5,71.6,2.0
Madhya Pradesh,Khurja,CO,3.7,464.7,118.7,146,Unhealthy for Sensitive Groups,34.5,58.6,0.2
Uttar Pradesh,Hajipur,OZONE,118.0,447.4,208.6,300,Very Unhealthy,16.3,88.3,2.4
Nagaland,Sangli,PM2.5,151.1,417.1,265.8,259,Very Unhealthy,31.1,50.2,4.7
Uttarakhand,Mathura,CO,27.2,422.3,131.2,107,Unhealthy for Sensitive Groups,15.1,61.6,22.7
Maharashtra,Nandesari,SO2,173.0,462.6,247.6,269,Very Unhealthy,37.5,41.7,22.4
Jammu and Kashmir,Modinagar,SO2,15.5,443.5,16.4,31,Good,29.7,33.1,17.0
Tamil Nadu,Ahmednagar,PM10,217.3,421.4,223.7,232,Very Unhealthy,36.2,54.3,27.7
Meghalaya,Yamuna Nagar,NO2,67.0,396.3,69.2,95,Moderate,33.6,68.1,1.6
Puducherry,Tumidih,SO2,30.4,499.9,52.2,58,Moderate,23.4,38.8,7.4
Telangana,Chhapra,CO,11.6,445.7,66.1,95,Moderate,27.1,34.9,12.0
Delhi,Banswara,NH3,43.8,442.9,168.1,161,Unhealthy,18.8,31.1,14.2
Kerala,Khanna,PM2.5,37.0,308.4,239.7,241,Very Unhealthy,23.8,62.0,19.2
Meghalaya,Ghaziabad,NO2,7.5,330.7,181.6,186,Unhealthy,35.7,76.2,24.4
Karnataka,Khairthal,SO2,36.2,186.0,49.5,11,Good,16.6,50.2,29.8
Nagaland,Banswara,NO2,10.8,233.4,184.8,192,Unhealthy,19.0,72.4,24.0
Uttarakhand,Raebareli,PM2.5,11.5,136.7,110.0,149,Unhealthy for Sensitive Groups,37.6,59.3,19.6
Delhi,Begusarai,PM10,5.6,309.1,54.5,65,Moderate,17.0,64.8,25.6
Bihar,Khanna,NH3,43.8,361.4,243.8,282,Very Unhealthy,34.8,34.9,18.6
Punjab,Kishanganj,NH3,127.2,228.7,219.5,278,Very Unhealthy,33.2,58.8,5.7
Chhattisgarh,Agartala,PM2.5,14.4,446.9,24.9,0,Good,38.1,68.4,29.6
Delhi,Kolhapur,NO2,43.9,243.7,70.6,84,Moderate,28.1,33.6,19.7
Karnataka,Mandi Gobindgarh,PM2.5,11.4,489.4,34.0,45,Good,39.2,64.7,16.2
Gujarat,Pithampur,SO2,5.1,390.2,135.5,139,Unhealthy for Sensitive Groups,18.4,78.1,24.6
Karnataka,Sivasagar,NH3,27.2,242.5,31.8,18,Good,36.9,61.0,24.6
Odisha,Patna,CO,7.2,205.1,104.9,146,Unhealthy for Sensitive Groups,27.4,35.4,18.3
Nagaland,Kollam,PM10,31.6,344.0,31.9,40,Good,34.7,83.8,6.8
Arunachal Pradesh,Haldia,SO2,108.3,266.6,139.8,130,Unhealthy for Sensitive Groups,16.4,47.2,6.5
Punjab,Jind,PM10,86.1,444.5,116.2,121,Unhealthy for Sensitive Groups,30.6,70.9,3.1
Telangana,Araria,NH3,108.5,284.7,230.4,247,Very Unhealthy,22.4,79.5,25.8
Odisha,Malegaon,PM10,29.1,469.7,232.2,201,Very Unhealthy,25.2,38.9,7.6
Jharkhand,Chandrapur,PM2.5,137.3,438.1,221.0,275,Very Unhealthy,39.6,55.8,10.3
Telangana,Anantapur,NH3,25.2,344.2,27.1,34,Good,36.1,49.1,28.1
Uttar Pradesh,Barmer,SO2,64.6,339.1,91.4,81,Moderate,34.2,50.5,1.9
Tamil Nadu,Tumidih,NH3,1.5,294.5,9.4,50,Good,22.8,43.5,13.9
Karnataka,Jhunjhunu,NH3,25.7,390.5,40.4,35,Good,29.4,47.3,14.9
Uttar Pradesh,Ludhiana,OZONE,18.8,457.8,96.6,62,Moderate,34.5,41.5,3.7
Jammu and Kashmir,Kalyan,OZONE,205.9,351.7,235.0,245,Very Unhealthy,37.1,93.5,14.2
Karnataka,Karauli,SO2,84.8,308.6,252.3,249,Very Unhealthy,39.8,44.4,14.4
Odisha,Srinagar,NH3,36.8,458.0,222.3,232,Very Unhealthy,20.4,87.4,12.3
Bihar,Aizawl,PM10,124.6,377.3,181.0,171,Unhealthy,16.1,75.7,17.9
Puducherry,Panipat,PM10,7.8,458.4,201.1,287,Very Unhealthy,34.7,31.9,7.2
Assam,Amravati,PM10,213.5,352.8,263.9,262,Very Unhealthy,26.6,69.8,28.0
Arunachal Pradesh,Modinagar,OZONE,159.4,250.1,177.3,164,Unhealthy,23.1,39.5,24.8
Chhattisgarh,Latur,NH3,96.2,399.0,250.8,260,Very Unhealthy,38.3,63.4,20.2
Delhi,Saharsa,PM10,240.0,388.5,244.5,235,Very Unhealthy,38.5,43.0,22.8
Punjab,Milupara,CO,76.4,224.9,166.1,166,Unhealthy,18.5,63.1,7.0
Meghalaya,Beed,SO2,53.7,337.5,56.0,87,Moderate,32.8,38.3,18.5
Nagaland,Vadodara,NO2,17.3,429.4,245.0,273,Very Unhealthy,29.8,92.2,25.3
Tripura,Sawai Madhopur,OZONE,41.8,377.6,151.7,200,Unhealthy,32.7,86.0,13.2
Chhattisgarh,Virar,PM10,1.1,391.3,1.2,14,Good,26.3,56.9,14.9
Andhra Pradesh,Thrissur,OZONE,12.9,308.7,53.9,70,Moderate,33.5,49.9,3.1
Tamil Nadu,Modinagar,SO2,19.5,418.3,90.5,78,Moderate,34.0,58.6,12.0
Telangana,Akola,SO2,205.1,261.0,235.0,237,Very Unhealthy,26.5,59.1,8.2
Karnataka,Baripada,PM2.5,132.6,382.5,198.0,198,Unhealthy,39.4,93.8,19.0
Tamil Nadu,Mumbai,PM2.5,17.6,473.7,50.1,407,Hazardous,23.9,46.2,14.5
Chandigarh,Nashik,SO2,37.4,479.2,187.4,154,Unhealthy,32.7,36.4,18.0
Nagaland,Kunjemura,CO,77.3,143.9,126.2,126,Unhealthy for Sensitive Groups,25.0,42.7,21.1
Punjab,Kota,OZONE,81.5,288.1,251.7,204,Very Unhealthy,29.9,61.9,25.9
Karnataka,Bhiwani,OZONE,96.9,438.7,120.6,124,Unhealthy for Sensitive Groups,23.6,80.1,5.6
Nagaland,Khanna,PM10,3.3,347.5,11.3,31,Good,20.6,86.5,15.4
Meghalaya,Thane,NO2,21.7,486.8,158.7,167,Unhealthy,16.0,64.3,23.2
Uttarakhand,Greater Noida,NO2,9.4,185.5,55.5,86,Moderate,38.7,52.8,26.7
Telangana,Thrissur,SO2,18.2,132.5,53.7,91,Moderate,38.7,43.5,24.9
Chhattisgarh,Ankleshwar,NO2,69.6,249.6,168.7,182,Unhealthy,26.1,87.5,24.9
Rajasthan,Chamarajanagar,SO2,4.1,289.0,55.3,73,Moderate,17.9,61.7,29.3
Chhattisgarh,Mumbai,CO,17.9,303.6,193.1,177,Unhealthy,18.1,35.1,8.4
Gujarat,Hyderabad,PM2.5,210.0,497.3,261.8,299,Very Unhealthy,38.4,90.6,22.5
Assam,Chittorgarh,PM10,40.4,423.4,116.8,137,Unhealthy for Sensitive Groups,33.9,43.7,8.8
Chhattisgarh,Mathura,OZONE,72.1,295.7,233.6,272,Very Unhealthy,29.2,64.4,5.4
Arunachal Pradesh,Koppal,NO2,115.3,258.2,199.0,160,Unhealthy,27.0,53.5,25.0
Sikkim,Pampore,SO2,44.2,198.3,113.2,101,Unhealthy for Sensitive Groups,18.1,91.5,0.1
Gujarat,Araria,NH3,102.5,254.9,188.6,188,Unhealthy,38.8,90.7,23.8
Jammu and Kashmir,Madurai,CO,166.4,386.9,255.2,211,Very Unhealthy,28.7,39.7,4.5
Arunachal Pradesh,Siwan,PM10,10.9,80.2,42.1,21,Good,18.6,57.6,12.2
Jammu and Kashmir,Dholpur,CO,1.1,464.6,15.0,39,Good,29.9,65.5,15.1
West Bengal,Rourkela,NO2,181.3,318.9,206.7,268,Very Unhealthy,34.3,38.2,26.5
Assam,Bulandshahr,SO2,58.2,282.5,169.4,197,Unhealthy,30.1,69.2,11.3
West Bengal,Baran,CO,101.2,427.1,118.5,150,Unhealthy for Sensitive Groups,33.3,72.8,12.7
Karnataka,Keonjhar,PM2.5,13.0,94.1,32.3,5,Good,21.8,32.1,1.7
Uttar Pradesh,Sasaram,PM10,179.0,326.1,235.4,256,Very Unhealthy,18.6,65.3,8.2
Andhra Pradesh,Coimbatore,NO2,55.8,443.7,122.6,117,Unhealthy for Sensitive Groups,33.4,84.7,17.7
Haryana,Amaravati,NH3,84.1,419.1,209.4,259,Very Unhealthy,25.9,91.4,24.8
Mizoram,Jabalpur,PM2.5,146.1,371.5,152.7,159,Unhealthy,18.0,49.1,1.0
Himachal Pradesh,Angul,PM2.5,35.2,295.8,37.1,17,Good,23.7,43.4,8.1
Maharashtra,Gangtok,NO2,11.0,389.2,136.1,124,Unhealthy for Sensitive Groups,19.4,65.1,16.5
Tamil Nadu,Byrnihat,PM10,198.7,483.4,241.3,265,Very Unhealthy,38.4,93.8,28.7
Nagaland,Jind,SO2,52.4,337.8,257.7,226,Very Unhealthy,33.3,89.8,26.8
Odisha,Bharatpur,PM10,24.4,328.7,262.4,278,Very Unhealthy,20.5,35.0,13.7
Rajasthan,Charkhi Dadri,OZONE,198.2,319.0,249.4,252,Very Unhealthy,30.5,79.7,7.7
Nagaland,Koppal,NH3,2.0,472.4,59.8,91,Moderate,23.6,36.3,12.4
Chhattisgarh,Dharuhera,OZONE,71.9,365.2,110.0,114,Unhealthy for Sensitive Groups,38.3,62.8,14.5
Karnataka,Pratapgarh,SO2,100.7,489.6,211.6,212,Very Unhealthy,37.3,75.6,9.4
Mizoram,Panchgaon,PM2.5,6.8,194.4,73.5,89,Moderate,25.1,74.0,25.2
West Bengal,Balasore,SO2,14.6,91.9,38.4,36,Good,24.6,38.0,0.6
Arunachal Pradesh,Sri Ganganagar,PM10,7.1,347.9,61.9,59,Moderate,31.0,41.2,7.6
West Bengal,Surat,OZONE,62.2,115.2,70.7,66,Moderate,32.4,76.2,6.2
Tamil Nadu,Kalyan,NH3,13.8,203.6,14.3,5,Good,17.8,92.3,13.6
Arunachal Pradesh,Raipur,PM2.5,170.7,404.2,260.5,223,Very Unhealthy,29.6,89.9,16.1
Arunachal Pradesh,Agra,PM10,86.2,466.6,97.2,94,Moderate,22.3,34.7,16.8
Mizoram,Guntur,SO2,1.2,334.7,4.2,31,Good,28.3,75.1,1.9
Madhya Pradesh,Jhunjhunu,CO,153.9,311.7,241.2,211,Very Unhealthy,28.2,61.7,11.0
Tamil Nadu,Araria,NH3,43.2,431.6,249.1,274,Very Unhealthy,31.7,92.1,12.3
Mizoram,Machilipatnam,PM2.5,56.3,478.4,181.7,159,Unhealthy,22.0,35.4,3.7
Jammu and Kashmir,Jalore,NH3,183.1,445.3,253.5,262,Very Unhealthy,21.1,75.9,14.7
Maharashtra,Hingoli,PM2.5,33.3,188.9,37.2,16,Good,30.8,45.1,8.8
Puducherry,Patiala,PM2.5,95.1,335.5,104.4,149,Unhealthy for Sensitive Groups,33.5,65.0,23.4
Jharkhand,Bhiwandi,NO2,83.6,474.3,236.1,214,Very Unhealthy,25.1,60.4,22.2
Mizoram,Manesar,NH3,117.8,249.3,126.0,139,Unhealthy for Sensitive Groups,16.4,30.3,17.0
Haryana,Varanasi,NH3,20.2,116.0,112.1,147,Unhealthy for Sensitive Groups,18.1,46.3,19.8
Chhattisgarh,Srinagar,CO,21.3,319.5,140.9,143,Unhealthy for Sensitive Groups,23.6,68.8,7.9
Chandigarh,Sonipat,CO,44.3,225.9,194.1,165,Unhealthy,17.3,39.5,24.4
Maharashtra,Ahmedabad,CO,30.0,238.3,154.4,164,Unhealthy,19.6,60.7,17.1
Kerala,Ahmednagar,CO,79.7,333.3,126.2,120,Unhealthy for Sensitive Groups,29.7,61.9,17.6
Uttar Pradesh,Charkhi Dadri,SO2,45.7,275.3,115.3,112,Unhealthy for Sensitive Groups,30.6,55.6,5.5
Meghalaya,Moradabad,PM10,75.3,223.8,188.7,163,Unhealthy,34.1,47.4,9.8
Punjab,Bhilai,CO,84.9,416.1,243.0,290,Very Unhealthy,27.9,68.6,4.4
Delhi,Dombivli,NH3,10.5,360.0,10.7,25,Good,25.2,40.5,26.5
Maharashtra,Sangli,SO2,153.3,254.3,191.1,179,Unhealthy,21.1,52.9,2.9
Jammu and Kashmir,Anantapur,SO2,60.6,287.5,110.1,107,Unhealthy for Sensitive Groups,34.3,90.7,1.3
Arunachal Pradesh,Madurai,PM10,5.6,210.0,187.2,166,Unhealthy,29.3,80.0,25.6
Tamil Nadu,Balasore,SO2,15.0,337.1,20.5,35,Good,31.6,36.4,2.1
Tamil Nadu,Tumidih,PM10,70.2,436.4,71.7,74,Moderate,33.2,65.3,8.7
Gujarat,Kishanganj,SO2,62.5,112.9,104.1,133,Unhealthy for Sensitive Groups,21.0,39.7,21.9
Bihar,Yadgir,NH3,115.8,475.1,226.8,281,Very Unhealthy,36.8,75.0,1.6
Uttarakhand,Silchar,SO2,20.2,319.9,74.3,97,Moderate,36.9,38.9,3.3
Chhattisgarh,Lucknow,NH3,74.8,269.2,117.3,147,Unhealthy for Sensitive Groups,36.9,66.0,17.1
West Bengal,Jodhpur,NO2,112.9,464.2,266.0,292,Very Unhealthy,18.2,77.3,19.3
Sikkim,Ghaziabad,CO,69.8,314.8,103.6,101,Unhealthy for Sensitive Groups,21.2,39.9,4.1
Jharkhand,Dhanbad,NO2,206.4,378.6,250.2,294,Very Unhealthy,23.0,87.5,19.3
Madhya Pradesh,Anantapur,OZONE,35.1,378.0,129.5,113,Unhealthy for Sensitive Groups,32.0,69.9,23.0
Telangana,Ambala,OZONE,21.7,277.9,124.2,122,Unhealthy for Sensitive Groups,24.9,73.9,12.2
West Bengal,Purnia,PM2.5,5.4,123.0,97.6,65,Moderate,39.2,92.2,28.3
Gujarat,Sikar,NO2,15.6,196.3,138.4,119,Unhealthy for Sensitive Groups,30.0,66.9,10.5
Sikkim,Khurja,NO2,61.3,261.3,79.6,87,Moderate,23.6,38.8,7.9
Karnataka,Khora,CO,17.6,405.2,99.0,87,Moderate,15.9,39.7,8.3
Uttar Pradesh,Sonipat,PM2.5,9.7,214.4,90.7,93,Moderate,21.1,36.6,3.2
Haryana,Ludhiana,CO,208.5,411.6,255.4,297,Very Unhealthy,27.3,72.1,23.1
Tripura,Jalore,PM2.5,0.3,307.3,20.1,22,Good,17.6,60.4,29.8
Odisha,Barrackpore,OZONE,43.9,301.9,67.7,93,Moderate,36.1,57.4,3.9
Tamil Nadu,Banswara,SO2,76.2,110.1,101.4,115,Unhealthy for Sensitive Groups,20.1,69.0,20.8
Madhya Pradesh,Ahmednagar,PM2.5,218.3,421.4,239.7,257,Very Unhealthy,18.4,75.4,12.4
Meghalaya,Tumidih,PM10,141.4,483.6,255.9,226,Very Unhealthy,33.3,45.0,6.4
Chandigarh,Raebareli,PM10,51.2,404.7,98.8,99,Moderate,23.7,75.1,18.1
Jharkhand,Chennai,NO2,78.6,356.0,133.4,122,Unhealthy for Sensitive Groups,16.7,77.1,14.0
Haryana,Jodhpur,NH3,93.5,481.7,104.5,146,Unhealthy for Sensitive Groups,20.3,93.0,17.9
Uttar Pradesh,Kalaburagi,OZONE,5.3,117.1,5.7,35,Good,16.9,48.4,12.7
Kerala,Khairthal,OZONE,35.1,471.3,39.3,9,Good,26.1,82.2,2.5
Chhattisgarh,Bileipada,OZONE,148.3,473.8,216.5,259,Very Unhealthy,25.1,47.2,5.5
Puducherry,Guntur,PM2.5,26.3,293.8,56.4,76,Moderate,21.2,77.3,27.6
Sikkim,Amritsar,PM2.5,17.6,106.4,98.7,64,Moderate,38.4,37.8,29.3
Odisha,Madikeri,OZONE,20.1,186.3,147.8,125,Unhealthy for Sensitive Groups,38.9,45.9,3.8
Himachal Pradesh,Bhubaneswar,PM10,126.8,394.2,193.7,189,Unhealthy,38.3,57.7,25.5
Haryana,Banswara,OZONE,209.8,493.8,256.3,265,Very Unhealthy,38.7,43.8,2.9
Meghalaya,Baddi,OZONE,0.8,389.4,110.5,130,Unhealthy for Sensitive Groups,38.1,58.3,2.8
Tripura,Bhiwadi,PM10,155.3,426.5,215.1,204,Very Unhealthy,18.6,94.1,22.6
Bihar,Sirsa,SO2,116.7,205.7,174.7,176,Unhealthy,25.8,81.2,11.3
West Bengal,Khanna,NO2,52.7,190.0,78.9,98,Moderate,32.7,81.7,13.1
Karnataka,Damoh,SO2,133.6,277.9,245.1,208,Very Unhealthy,17.5,71.1,5.0
Tamil Nadu,Latur,SO2,7.5,164.4,134.5,134,Unhealthy for Sensitive Groups,26.8,41.5,27.1
Gujarat,Nanded,CO,13.5,385.4,23.2,44,Good,22.0,47.8,18.9
Tamil Nadu,Milupara,SO2,25.8,271.4,213.9,240,Very Unhealthy,37.8,82.0,23.9
Tamil Nadu,Ballabgarh,PM10,37.7,401.1,41.0,9,Good,39.1,78.9,3.1
Jammu and Kashmir,Agartala,CO,197.2,407.0,248.7,258,Very Unhealthy,29.3,69.1,2.4
Rajasthan,Akola,PM10,101.3,173.2,171.1,165,Unhealthy,19.7,87.9,25.4
Madhya Pradesh,Angul,NO2,32.2,155.7,152.5,181,Unhealthy,17.4,71.2,13.9
Karnataka,Agartala,NH3,81.9,247.0,121.5,116,Unhealthy for Sensitive Groups,28.1,44.7,21.8
Arunachal Pradesh,Guntur,OZONE,20.2,430.6,228.1,223,Very Unhealthy,28.1,68.3,13.5
Maharashtra,Amritsar,CO,15.2,393.4,17.9,21,Good,22.6,91.5,23.9
Nagaland,Mandi Gobindgarh,PM2.5,45.7,417.4,118.5,133,Unhealthy for Sensitive Groups,36.4,30.7,8.5
Meghalaya,Delhi,PM10,29.1,68.1,30.6,35,Good,33.2,85.7,4.2
Uttar Pradesh,Chittoor,OZONE,90.3,248.7,220.9,244,Very Unhealthy,36.2,61.9,2.7
Punjab,Alwar,SO2,98.3,435.6,215.6,264,Very Unhealthy,18.3,46.4,2.4
Punjab,Sri Ganganagar,OZONE,107.4,489.1,107.4,130,Unhealthy for Sensitive Groups,21.6,75.6,27.6
Jammu and Kashmir,Tirupati,PM2.5,71.7,317.0,162.8,169,Unhealthy,16.7,74.6,0.3
Mizoram,Jorapokhar,PM10,96.1,302.4,218.6,263,Very Unhealthy,18.7,80.7,15.2
Madhya Pradesh,Sonipat,CO,34.8,235.8,100.1,493,Hazardous,22.9,67.4,16.8
Odisha,Coimbatore,CO,7.7,374.0,188.6,190,Unhealthy,25.8,88.3,0.3
West Bengal,Ulhasnagar,PM10,190.1,458.1,215.7,251,Very Unhealthy,29.1,85.1,21.3
Tamil Nadu,Guwahati,PM2.5,76.3,466.8,264.4,292,Very Unhealthy,38.6,40.9,1.7
Chhattisgarh,Karwar,OZONE,161.4,314.2,222.3,265,Very Unhealthy,18.9,38.6,13.0
Maharashtra,Chikkaballapur,CO,6.5,401.4,72.3,88,Moderate,27.1,84.7,15.7
Himachal Pradesh,Badlapur,SO2,117.7,394.7,183.1,151,Unhealthy,38.3,87.5,15.2
Sikkim,Prayagraj,SO2,171.5,308.1,178.7,177,Unhealthy,30.3,82.7,13.6
Tamil Nadu,Sirsa,PM10,82.4,360.4,218.8,246,Very Unhealthy,37.3,71.9,3.2
Odisha,Byrnihat,PM2.5,185.9,401.7,230.3,271,Very Unhealthy,39.1,45.5,25.2
West Bengal,Dungarpur,OZONE,83.6,167.1,94.1,93,Moderate,29.5,85.0,19.0
Meghalaya,Nagaon,SO2,19.8,278.2,60.3,86,Moderate,15.4,57.8,6.7
Gujarat,Machilipatnam,NO2,15.9,209.0,20.5,14,Good,28.0,42.2,25.4
Meghalaya,Sawai Madhopur,SO2,23.7,209.5,47.2,40,Good,15.9,35.9,23.0
Delhi,Pimpri-Chinchwad,PM10,82.0,401.8,146.8,142,Unhealthy for Sensitive Groups,28.2,49.8,4.3
Kerala,Dholpur,PM10,13.3,286.6,204.0,247,Very Unhealthy,21.0,75.2,10.5
West Bengal,Rourkela,NO2,130.3,477.1,183.1,153,Unhealthy,28.2,50.0,21.0
Madhya Pradesh,Tumidih,PM10,91.0,470.8,164.6,163,Unhealthy,27.6,71.8,21.2
Meghalaya,Jodhpur,OZONE,216.1,458.9,254.3,237,Very Unhealthy,21.9,91.6,7.3
Kerala,Raipur,OZONE,35.8,352.9,40.4,45,Good,20.3,89.9,26.2
Haryana,Madikeri,PM2.5,96.7,398.8,154.5,191,Unhealthy,20.1,72.8,5.1
Karnataka,Rajkot,SO2,9.3,177.6,107.1,137,Unhealthy for Sensitive Groups,24.4,42.5,9.0
Punjab,Shivamogga,NO2,15.7,461.8,19.7,0,Good,32.8,45.3,12.7
Uttarakhand,Durgapur,PM2.5,34.4,54.7,43.5,43,Good,16.2,88.0,10.9
Tripura,Nellore,NH3,8.9,262.4,197.8,153,Unhealthy,16.1,77.8,27.4
Bihar,Madikeri,PM2.5,50.2,496.5,258.3,286,Very Unhealthy,18.0,36.8,13.2
Chhattisgarh,Meerut,NH3,182.4,264.4,242.5,283,Very Unhealthy,15.6,62.8,6.6
Jammu and Kashmir,Bulandshahr,PM10,209.3,351.2,252.6,273,Very Unhealthy,17.1,78.9,6.6
Telangana,Bahadurgarh,OZONE,37.8,204.6,90.2,100,Moderate,38.9,42.5,12.7
Telangana,Bulandshahr,PM2.5,1.9,216.1,130.4,128,Unhealthy for Sensitive Groups,27.1,92.3,11.5
Karnataka,Moradabad,CO,72.7,228.1,224.6,290,Very Unhealthy,27.4,70.2,7.6
Jharkhand,Chhapra,CO,58.4,293.1,234.8,292,Very Unhealthy,31.2,70.3,9.5
Maharashtra,Rourkela,CO,51.2,385.8,63.0,93,Moderate,34.1,83.1,2.8
Uttar Pradesh,Byrnihat,CO,223.4,451.0,256.3,222,Very Unhealthy,20.4,84.9,29.4
Jharkhand,Singrauli,CO,74.4,295.3,198.0,192,Unhealthy,39.9,82.4,28.4
Sikkim,Agartala,NO2,14.4,324.4,80.2,64,Moderate,15.4,32.7,16.8
Jharkhand,Bhilai,NO2,74.5,388.5,153.6,169,Unhealthy,25.7,73.1,2.2
Odisha,Bagalkot,OZONE,0.2,395.0,1.1,42,Good,24.8,68.8,14.0
Nagaland,Tumidih,CO,29.0,132.9,92.8,74,Moderate,38.6,79.2,16.1
Delhi,Boisar,SO2,2.4,275.5,5.6,33,Good,34.0,70.0,14.2
Haryana,Sangli,OZONE,126.4,420.7,139.5,119,Unhealthy for Sensitive Groups,30.7,62.8,29.7
Uttar Pradesh,Nashik,NH3,19.8,109.0,38.9,20,Good,20.3,35.8,5.3
Meghalaya,Dhanbad,NO2,22.4,261.6,22.9,23,Good,25.1,56.0,21.9
Madhya Pradesh,Nanded,PM10,60.7,239.1,131.2,140,Unhealthy for Sensitive Groups,17.2,39.2,2.6
Jammu and Kashmir,Gandhinagar,OZONE,184.6,386.5,227.3,251,Very Unhealthy,15.8,64.7,18.4
Punjab,Alwar,PM10,20.0,201.1,163.3,177,Unhealthy,30.3,90.2,26.9
Puducherry,Panipat,NH3,1.4,275.1,23.6,12,Good,33.8,58.2,29.4
Kerala,Vijayapura,SO2,18.3,281.9,58.1,84,Moderate,15.4,81.7,10.4
Karnataka,Tumidih,PM10,48.1,234.3,78.9,66,Moderate,22.2,84.9,22.1
Mizoram,Satna,NO2,6.1,435.6,14.7,50,Good,18.8,37.8,1.3
Odisha,Koppal,NH3,129.7,313.8,260.8,278,Very Unhealthy,28.9,91.5,12.4
Meghalaya,Purnia,OZONE,52.7,224.4,122.0,127,Unhealthy for Sensitive Groups,18.9,83.5,23.0
Madhya Pradesh,Madurai,PM2.5,26.9,315.6,123.9,124,Unhealthy for Sensitive Groups,21.4,91.6,1.1
Andhra Pradesh,Noida,OZONE,169.8,486.0,170.0,176,Unhealthy,16.9,58.4,7.9
Tripura,Solapur,NO2,46.1,406.1,86.2,79,Moderate,39.0,46.8,20.3
Gujarat,Kollam,SO2,5.9,206.2,6.7,18,Good,26.9,73.9,9.2
Uttarakhand,Ghaziabad,OZONE,39.7,372.0,47.0,45,Good,38.9,74.9,7.8
Bihar,Chennai,NO2,31.1,222.9,104.8,123,Unhealthy for Sensitive Groups,22.3,58.6,1.4
Meghalaya,Bhavnagar,PM2.5,18.1,241.0,61.7,86,Moderate,32.7,74.4,1.5
Meghalaya,Chandrapur,SO2,40.9,244.6,171.3,160,Unhealthy,16.4,61.2,12.8
Chandigarh,Charkhi Dadri,PM2.5,24.4,461.9,155.5,168,Unhealthy,31.0,44.7,12.3
West Bengal,Chennai,SO2,20.7,350.3,22.8,42,Good,24.4,80.8,25.3
Andhra Pradesh,Ratlam,SO2,18.8,159.5,43.0,50,Good,24.7,89.4,14.9
West Bengal,Agartala,SO2,75.7,443.1,163.5,170,Unhealthy,38.9,50.8,29.5
Nagaland,Hapur,PM10,33.5,282.2,251.7,236,Very Unhealthy,20.9,58.0,21.1
Tripura,Rishikesh,NO2,13.6,414.0,180.2,153,Unhealthy,17.7,91.7,12.1
Punjab,Modinagar,SO2,43.7,246.5,111.0,109,Unhealthy for Sensitive Groups,17.9,81.4,23.0
Himachal Pradesh,Hyderabad,OZONE,57.3,172.6,63.3,75,Moderate,21.4,92.4,9.8
Mizoram,Jalore,NH3,49.2,430.5,210.6,266,Very Unhealthy,23.3,37.6,20.2
Chandigarh,Baripada,PM2.5,22.3,458.9,29.5,39,Good,28.7,61.9,0.4
Assam,Dehradun,CO,53.4,497.1,260.0,220,Very Unhealthy,15.9,62.3,12.3
Delhi,Banswara,PM2.5,29.5,358.8,84.6,54,Moderate,23.5,66.1,17.8
Arunachal Pradesh,Chandigarh,NH3,16.8,357.2,213.0,229,Very Unhealthy,32.3,37.6,10.2
Chhattisgarh,Chandigarh,NO2,154.3,315.6,260.9,281,Very Unhealthy,16.9,66.5,7.4
Chhattisgarh,Sagar,NO2,1.5,483.0,7.6,13,Good,38.0,48.6,7.3
Gujarat,Hanumangarh,NO2,1.1,439.1,157.9,158,Unhealthy,24.7,88.4,12.2
Meghalaya,Purnia,SO2,142.1,346.4,208.4,218,Very Unhealthy,25.5,52.7,9.6
Nagaland,Tensa,NO2,35.1,330.7,260.6,240,Very Unhealthy,32.4,40.9,19.0
Andhra Pradesh,Hapur,PM2.5,182.7,391.3,202.6,275,Very Unhealthy,39.7,60.5,15.0
Haryana,Thrissur,SO2,104.6,382.1,238.4,222,Very Unhealthy,22.3,72.3,3.0
Uttar Pradesh,Milupara,PM2.5,21.5,317.2,45.3,10,Good,31.1,53.9,27.6
Jharkhand,Chamarajanagar,PM10,146.2,200.6,200.2,494,Hazardous,37.7,35.1,1.8
Tripura,Haldia,NH3,43.4,304.5,193.4,181,Unhealthy,34.3,78.8,27.1
Chandigarh,Kalyan,PM2.5,39.9,432.5,53.9,70,Moderate,23.1,37.5,15.1
Nagaland,Ambernath,SO2,46.0,188.4,99.7,98,Moderate,15.0,39.7,9.3
Jammu and Kashmir,Jaipur,SO2,90.5,325.6,203.4,237,Very Unhealthy,16.9,54.2,14.9
Assam,Bharatpur,OZONE,31.0,323.8,248.7,274,Very Unhealthy,32.6,53.0,29.2
Karnataka,Dungarpur,PM10,4.3,246.5,94.4,75,Moderate,34.8,78.6,24.8
Haryana,Jalore,SO2,26.8,320.8,164.6,152,Unhealthy,34.5,37.6,11.7
Bihar,Machilipatnam,CO,1.3,317.2,220.8,232,Very Unhealthy,21.5,56.2,21.2
Tripura,Khanna,NO2,8.1,29.8,18.3,33,Good,31.6,84.1,14.6
Jammu and Kashmir,Katni,PM10,5.3,222.1,24.6,2,Good,32.3,87.1,24.1
Tamil Nadu,Mumbai,NH3,1.9,213.7,35.6,19,Good,29.1,33.1,8.5
Chandigarh,Talcher,OZONE,0.1,92.8,6.7,29,Good,23.3,36.1,5.6
Rajasthan,Raipur,OZONE,128.2,493.2,252.6,243,Very Unhealthy,36.6,42.0,4.8
Arunachal Pradesh,Faridabad,PM10,171.8,373.9,240.9,207,Very Unhealthy,36.3,83.9,9.0
Arunachal Pradesh,Kannur,OZONE,3.5,252.2,5.5,33,Good,27.9,50.0,10.5
Jammu and Kashmir,Hanumangarh,CO,10.3,335.3,146.4,130,Unhealthy for Sensitive Groups,25.0,60.4,2.4
Chandigarh,Meerut,NH3,56.1,205.9,199.5,152,Unhealthy,35.5,53.3,8.5
Mizoram,Mahad,CO,13.8,313.4,17.9,30,Good,29.3,35.2,5.8
Tamil Nadu,Balasore,CO,74.4,309.7,136.2,139,Unhealthy for Sensitive Groups,39.8,30.6,22.6
Bihar,Raipur,NO2,80.2,446.4,107.4,148,Unhealthy for Sensitive Groups,15.1,37.7,17.0
Haryana,Tirumala,NO2,8.3,378.9,111.2,111,Unhealthy for Sensitive Groups,27.7,74.5,23.6
Tamil Nadu,Bathinda,SO2,5.6,235.5,68.5,84,Moderate,36.8,55.2,19.0
Bihar,Udaipur,NH3,33.1,497.7,217.1,206,Very Unhealthy,19.2,73.1,2.1
Delhi,Boisar,OZONE,94.7,355.2,207.5,259,Very Unhealthy,18.6,86.9,29.1
Punjab,Bhilai,SO2,66.8,430.5,212.3,235,Very Unhealthy,22.0,58.3,26.3
Telangana,Ankleshwar,NH3,127.6,491.7,146.1,141,Unhealthy for Sensitive Groups,18.4,35.1,11.8
Uttarakhand,Chikkamagaluru,PM10,12.8,486.1,257.3,276,Very Unhealthy,37.8,76.6,27.4
Puducherry,Sikar,NO2,86.4,294.2,87.0,71,Moderate,18.3,30.5,19.9
Madhya Pradesh,Agra,NH3,0.7,370.3,1.7,50,Good,16.4,63.1,27.3
Chhattisgarh,Prayagraj,CO,19.1,447.7,171.9,193,Unhealthy,25.0,56.3,19.1
Karnataka,Prayagraj,CO,6.8,341.4,9.6,2,Good,33.0,76.1,0.9
Delhi,Ballabgarh,NH3,92.3,494.8,151.8,180,Unhealthy,27.7,56.2,24.9
Kerala,Kota,OZONE,161.4,254.4,177.6,184,Unhealthy,38.5,77.0,22.0
Delhi,Greater Noida,NH3,81.6,352.5,237.6,275,Very Unhealthy,37.0,54.5,25.6
Karnataka,Panchkula,OZONE,0.6,334.8,265.8,241,Very Unhealthy,30.9,73.6,20.2
Rajasthan,Mumbai,PM10,21.1,378.3,26.8,31,Good,29.8,77.5,9.4
Rajasthan,Munger,PM10,126.9,271.7,199.5,177,Unhealthy,18.7,78.9,4.0
Andhra Pradesh,Ujjain,PM2.5,140.1,491.3,148.1,126,Unhealthy for Sensitive Groups,31.4,75.0,27.1
Delhi,Guwahati,PM2.5,40.7,490.4,161.7,195,Unhealthy,20.1,67.4,19.3
Himachal Pradesh,Purnia,NO2,70.5,487.7,86.2,74,Moderate,21.7,70.6,10.3
Gujarat,Anantapur,NO2,75.8,252.2,89.0,81,Moderate,36.8,41.3,16.6
Andhra Pradesh,Faridabad,NH3,58.4,318.1,140.4,117,Unhealthy for Sensitive Groups,26.8,50.2,7.7
Chhattisgarh,Jaipur,PM10,62.9,398.3,252.0,290,Very Unhealthy,20.8,82.5,25.0
Delhi,Jorapokhar,CO,44.8,130.3,76.0,90,Moderate,39.2,93.6,21.6
Puducherry,Ajmer,SO2,43.6,489.9,163.6,183,Unhealthy,36.4,83.8,0.3
Tamil Nadu,Tumidih,PM10,10.5,175.9,10.6,50,Good,27.1,77.5,4.7
West Bengal,Vatva,NH3,29.0,477.6,199.7,198,Unhealthy,24.0,33.1,2.9
Kerala,Kolhapur,CO,64.8,312.5,214.6,224,Very Unhealthy,30.3,54.4,7.6
Arunachal Pradesh,Mandideep,NH3,9.5,288.2,34.2,42,Good,19.2,94.0,11.7
Mizoram,Mangalore,CO,4.1,321.5,23.4,16,Good,30.4,62.3,9.8
Tamil Nadu,Bhiwadi,CO,94.2,358.3,249.5,281,Very Unhealthy,29.0,71.3,27.5
Nagaland,Ankleshwar,SO2,34.0,174.0,97.1,81,Moderate,24.0,50.0,3.7
Nagaland,Badlapur,NO2,100.1,449.9,126.1,122,Unhealthy for Sensitive Groups,27.9,56.4,9.7
Odisha,Tensa,PM10,5.5,325.3,7.8,49,Good,15.3,57.4,16.9
Tripura,Chittoor,PM10,16.3,342.9,18.0,0,Good,18.9,32.1,4.1
Uttar Pradesh,Jorapokhar,NO2,9.1,471.9,41.6,40,Good,36.5,48.8,17.4
Tripura,Bhiwandi,PM2.5,21.9,265.4,201.1,268,Very Unhealthy,26.0,73.5,20.6
Bihar,Bahadurgarh,NO2,13.8,245.6,90.0,55,Moderate,34.5,50.7,17.0
Chandigarh,Baghpat,OZONE,12.3,341.9,132.0,148,Unhealthy for Sensitive Groups,15.2,63.0,3.6
Meghalaya,Bahadurgarh,NO2,74.6,179.6,133.5,147,Unhealthy for Sensitive Groups,17.4,66.3,16.9
Himachal Pradesh,Moradabad,NH3,168.8,221.4,217.3,266,Very Unhealthy,19.8,90.3,4.0
Tamil Nadu,Manguraha,PM2.5,4.6,170.6,9.5,34,Good,35.0,39.8,24.3
Tripura,Boisar,OZONE,23.2,330.3,175.2,168,Unhealthy,28.7,86.5,18.3
Jammu and Kashmir,Puducherry,OZONE,223.5,282.8,257.5,294,Very Unhealthy,21.2,58.6,18.0
Jharkhand,Amaravati,SO2,121.9,329.4,152.6,195,Unhealthy,22.1,43.8,4.4
Bihar,Vijayawada,SO2,72.3,208.0,74.8,77,Moderate,25.2,43.9,27.5
Kerala,Asansol,CO,83.3,308.0,234.5,224,Very Unhealthy,19.4,60.9,28.1
Tripura,Ludhiana,OZONE,64.1,267.1,224.7,260,Very Unhealthy,36.9,76.3,7.5
Gujarat,Howrah,OZONE,21.6,251.7,72.8,91,Moderate,35.2,32.0,17.6
Chandigarh,Shivamogga,NH3,74.4,146.4,129.8,137,Unhealthy for Sensitive Groups,31.9,64.4,14.5
Gujarat,Sonipat,OZONE,78.3,480.2,153.8,168,Unhealthy,36.0,52.5,9.3
Punjab,Vrindavan,NO2,60.3,469.8,104.4,125,Unhealthy for Sensitive Groups,30.8,36.0,5.9
Jammu and Kashmir,Singrauli,OZONE,157.9,207.7,164.6,189,Unhealthy,25.7,69.5,0.2
Arunachal Pradesh,Indore,PM2.5,82.2,271.8,248.6,229,Very Unhealthy,24.6,77.0,7.5
Andhra Pradesh,Chhapra,NH3,121.8,495.4,233.0,254,Very Unhealthy,35.0,76.9,18.3
Maharashtra,Keonjhar,SO2,104.6,385.3,189.5,187,Unhealthy,26.8,53.5,12.2
Haryana,Chikkamagaluru,PM2.5,70.9,207.0,106.8,105,Unhealthy for Sensitive Groups,17.1,33.9,26.6
Arunachal Pradesh,Noida,PM2.5,77.2,169.7,150.5,455,Hazardous,33.1,89.2,10.6
Karnataka,Chittoor,NO2,159.0,306.7,260.5,256,Very Unhealthy,29.0,94.7,15.2
Maharashtra,Dholpur,SO2,10.0,210.1,16.5,16,Good,28.7,65.2,25.1
Rajasthan,Faridabad,SO2,42.3,75.5,46.7,7,Good,22.2,91.5,22.2
Tamil Nadu,Baghpat,OZONE,143.1,264.0,232.1,201,Very Unhealthy,23.4,32.6,2.6
Nagaland,Madikeri,PM2.5,77.4,363.1,126.9,134,Unhealthy for Sensitive Groups,30.4,69.4,16.9
Telangana,Anantapur,CO,102.1,209.5,103.7,134,Unhealthy for Sensitive Groups,29.5,49.2,22.8
Jammu and Kashmir,Shivamogga,NO2,72.1,336.9,254.5,294,Very Unhealthy,21.0,90.1,6.8
Meghalaya,Chikkaballapur,NO2,14.5,382.3,70.2,83,Moderate,31.5,38.7,2.6
Andhra Pradesh,Rajamahendravaram,PM10,25.9,144.2,105.2,122,Unhealthy for Sensitive Groups,27.6,53.7,7.5
West Bengal,Amritsar,PM10,8.8,217.0,9.9,33,Good,17.8,67.7,2.3
Chhattisgarh,Kollam,PM10,50.8,211.7,107.8,102,Unhealthy for Sensitive Groups,25.1,93.8,29.1
Jharkhand,Karwar,SO2,77.6,270.0,173.1,161,Unhealthy,23.0,40.7,2.2
Uttar Pradesh,Dewas,SO2,69.6,160.7,155.0,176,Unhealthy,23.0,87.8,2.7
Odisha,Amaravati,CO,45.6,395.9,121.2,115,Unhealthy for Sensitive Groups,27.0,83.7,25.9
Himachal Pradesh,Ankleshwar,NO2,38.8,423.9,237.9,293,Very Unhealthy,20.1,84.1,13.1
Odisha,Dholpur,OZONE,168.9,459.2,223.3,233,Very Unhealthy,19.3,48.1,26.5
Punjab,Dharwad,OZONE,28.0,420.5,193.8,169,Unhealthy,38.2,47.5,17.7
Uttarakhand,Chhapra,PM2.5,46.2,329.8,65.9,100,Moderate,25.2,63.6,16.2
Maharashtra,Milupara,CO,14.9,239.3,18.0,12,Good,33.5,33.7,22.7
Sikkim,Haldia,PM2.5,42.9,466.4,70.3,55,Moderate,26.0,79.1,13.5
Tripura,Chittoor,PM2.5,116.5,489.6,172.5,164,Unhealthy,22.6,46.2,27.9
Arunachal Pradesh,Madikeri,NH3,10.7,325.0,71.0,90,Moderate,39.7,94.1,4.7
Nagaland,Ghaziabad,NH3,44.6,367.1,75.5,84,Moderate,24.3,30.1,1.6
Mizoram,Amritsar,CO,69.2,258.7,189.8,173,Unhealthy,31.9,32.4,3.3
Chandigarh,Sagar,OZONE,1.6,255.6,109.6,101,Unhealthy for Sensitive Groups,29.7,67.3,8.3
Rajasthan,Suakati,PM10,33.4,480.6,72.7,69,Moderate,28.6,70.6,26.4
Tripura,Amravati,OZONE,72.9,465.3,203.4,283,Very Unhealthy,34.3,70.5,15.5
Himachal Pradesh,Vatva,NH3,98.8,446.3,201.3,227,Very Unhealthy,37.9,38.1,4.1
Nagaland,Udaipur,PM2.5,15.6,372.2,26.9,34,Good,36.5,74.6,1.9
Gujarat,Buxar,NH3,4.5,138.9,133.3,144,Unhealthy for Sensitive Groups,37.2,73.1,19.7
Delhi,Bhiwadi,NH3,96.7,209.5,100.0,63,Moderate,29.4,51.1,23.6
Jharkhand,Kanpur,PM10,41.2,482.4,171.9,190,Unhealthy,21.8,39.9,20.4
Maharashtra,Siliguri,PM10,42.3,130.9,49.6,28,Good,28.1,62.8,24.6
Kerala,Satna,NO2,85.0,384.3,90.4,96,Moderate,28.2,83.5,13.4
Nagaland,Sangli,NO2,1.5,85.7,4.5,3,Good,35.8,56.6,15.6
Andhra Pradesh,Mumbai,NH3,74.7,412.6,94.8,100,Moderate,35.9,71.1,3.9
Puducherry,Mysuru,SO2,57.4,453.8,177.1,157,Unhealthy,31.2,85.0,28.3
Nagaland,Naharlagun,SO2,127.6,324.0,242.8,230,Very Unhealthy,24.8,70.1,1.8
Uttarakhand,Haldia,NO2,8.5,405.0,205.9,256,Very Unhealthy,15.3,71.8,17.5
Arunachal Pradesh,Srinagar,SO2,43.3,200.8,156.2,173,Unhealthy,15.4,89.5,6.0
Madhya Pradesh,Meerut,SO2,65.8,247.9,74.5,76,Moderate,30.5,34.1,21.9
Puducherry,Gummidipoondi,NO2,128.3,466.5,136.9,120,Unhealthy for Sensitive Groups,35.2,42.5,14.5
Maharashtra,Bihar Sharif,NO2,7.5,266.1,13.8,41,Good,26.7,70.4,6.4
Tamil Nadu,Chikkaballapur,NO2,60.5,454.5,257.2,221,Very Unhealthy,34.9,53.7,3.8
Tripura,Palwal,SO2,205.2,339.5,209.7,286,Very Unhealthy,17.4,90.0,11.4
Madhya Pradesh,Chikkamagaluru,PM2.5,24.3,368.9,198.1,180,Unhealthy,39.5,32.8,26.8
Uttarakhand,Ahmednagar,PM10,24.8,378.9,54.0,78,Moderate,24.9,35.2,25.4
Chandigarh,Vijayawada,PM10,34.7,161.3,124.8,118,Unhealthy for Sensitive Groups,21.3,93.1,2.5
Haryana,Shivamogga,SO2,54.7,487.7,74.5,70,Moderate,19.0,92.9,26.1
West Bengal,Banswara,PM2.5,60.2,214.2,151.7,182,Unhealthy,34.8,45.7,3.7
Kerala,Khora,OZONE,95.2,259.1,114.3,138,Unhealthy for Sensitive Groups,20.1,91.5,1.8
Jharkhand,Hingoli,PM10,76.8,324.2,96.7,59,Moderate,34.1,62.9,2.7
Mizoram,Bhilai,PM2.5,26.3,153.3,26.4,40,Good,29.6,94.5,3.7
Sikkim,Narnaul,NH3,8.4,427.5,14.0,5,Good,38.8,93.3,13.0
Tripura,Purnia,PM2.5,21.2,438.7,192.3,197,Unhealthy,24.7,66.5,16.0
Assam,Howrah,NO2,191.3,284.1,202.0,216,Very Unhealthy,21.4,55.6,19.1
Odisha,Agartala,SO2,4.4,150.5,19.6,43,Good,35.9,44.0,5.2
Nagaland,Sirsa,PM2.5,3.8,282.7,222.4,239,Very Unhealthy,29.4,57.3,24.6
West Bengal,Cuddalore,NO2,36.4,382.3,109.5,115,Unhealthy for Sensitive Groups,21.0,93.1,9.7
Mizoram,Ankleshwar,NO2,44.3,299.5,248.2,251,Very Unhealthy,23.1,46.1,22.7
Sikkim,Ajmer,NO2,105.5,357.8,138.3,107,Unhealthy for Sensitive Groups,28.1,66.3,15.9
Rajasthan,Cuddalore,SO2,52.3,359.3,118.3,128,Unhealthy for Sensitive Groups,23.8,63.0,29.1
Tripura,Panchkula,NO2,27.5,364.6,132.1,134,Unhealthy for Sensitive Groups,25.0,35.3,26.1
Madhya Pradesh,Ajmer,PM2.5,35.0,132.8,59.8,53,Moderate,26.5,82.8,11.0
Odisha,Patna,NH3,149.2,283.4,184.0,157,Unhealthy,25.0,69.2,3.6
Andhra Pradesh,Bhiwadi,PM2.5,179.0,403.4,213.2,221,Very Unhealthy,22.1,84.5,17.9
Telangana,Churu,NO2,67.4,199.6,84.8,95,Moderate,39.6,49.7,21.1
Andhra Pradesh,Bhavnagar,OZONE,19.1,82.7,66.8,97,Moderate,38.9,59.2,23.5
Jharkhand,Hisar,PM10,34.3,387.2,46.6,17,Good,36.6,86.7,19.3
Odisha,Lucknow,SO2,219.2,234.1,231.9,256,Very Unhealthy,29.0,75.6,6.1
Uttarakhand,Shillong,SO2,14.0,374.3,24.0,42,Good,32.6,80.0,5.7
Mizoram,Ghaziabad,NO2,12.0,292.5,70.3,99,Moderate,33.5,34.1,4.7
Karnataka,Ahmednagar,SO2,77.1,372.6,131.7,128,Unhealthy for Sensitive Groups,39.7,34.7,27.7
Himachal Pradesh,Sirsa,PM10,61.1,224.3,88.6,84,Moderate,37.6,71.5,12.5
Meghalaya,Jalandhar,SO2,45.2,468.3,161.4,199,Unhealthy,35.6,49.6,28.3
Rajasthan,Khora,SO2,55.8,443.5,199.6,180,Unhealthy,29.7,67.3,26.4
Uttar Pradesh,Dholpur,PM10,15.9,432.1,98.2,94,Moderate,34.0,33.8,9.5
Punjab,Pali,OZONE,6.5,411.0,209.7,206,Very Unhealthy,28.4,72.9,8.9
Chhattisgarh,Ulhasnagar,PM2.5,123.4,360.7,252.2,222,Very Unhealthy,26.2,46.4,14.6
Chhattisgarh,Yamuna Nagar,PM10,74.7,413.0,101.2,137,Unhealthy for Sensitive Groups,25.6,36.7,5.2
Meghalaya,Hyderabad,NH3,8.9,303.8,39.6,33,Good,18.0,36.3,13.3
Rajasthan,Chhapra,NO2,59.1,262.0,132.1,124,Unhealthy for Sensitive Groups,31.1,34.9,3.5
Uttarakhand,Ambernath,CO,103.6,465.5,118.4,118,Unhealthy for Sensitive Groups,15.9,52.6,29.8
Karnataka,Purnia,SO2,2.5,286.5,58.2,51,Moderate,15.1,47.5,5.7
Gujarat,Tirupati,PM10,9.9,428.0,229.9,206,Very Unhealthy,30.1,64.7,6.9
Arunachal Pradesh,Ambernath,NO2,26.4,365.3,56.7,74,Moderate,39.7,91.0,18.5
Madhya Pradesh,Jhansi,CO,25.8,117.0,95.6,89,Moderate,25.7,73.2,6.7
Jammu and Kashmir,Kadapa,PM10,68.8,135.3,81.8,94,Moderate,24.4,34.6,9.0
Tripura,Mathura,NH3,45.0,387.9,69.6,65,Moderate,37.9,59.5,29.7
Tamil Nadu,Jabalpur,NO2,131.2,320.1,252.0,223,Very Unhealthy,17.0,38.0,23.3
Chandigarh,Tensa,PM2.5,6.7,371.9,11.1,16,Good,28.7,68.2,23.9
Haryana,Nagaur,SO2,13.1,275.6,20.4,26,Good,32.9,72.3,15.4
Karnataka,Vijayawada,PM10,50.0,374.6,176.5,163,Unhealthy,20.8,65.7,20.5
Arunachal Pradesh,Gaya,PM10,8.7,235.5,54.3,96,Moderate,37.3,41.8,22.6
Punjab,Karauli,CO,129.4,458.0,248.1,243,Very Unhealthy,21.6,90.6,5.6
Jammu and Kashmir,Navi Mumbai,OZONE,12.6,60.8,26.4,10,Good,25.4,78.1,26.1
Punjab,Hapur,PM10,130.7,467.0,218.2,212,Very Unhealthy,25.8,73.4,4.2
Puducherry,Pune,CO,26.9,323.3,90.6,69,Moderate,22.7,55.9,8.2
Meghalaya,Madurai,SO2,39.9,181.2,91.0,75,Moderate,21.8,73.4,10.1
Kerala,Vapi,NO2,24.2,284.2,261.4,262,Very Unhealthy,35.3,80.6,1.2
Puducherry,Chandrapur,NH3,4.0,438.0,101.4,110,Unhealthy for Sensitive Groups,34.5,76.2,5.5
Karnataka,Chennai,PM2.5,17.0,440.5,43.1,35,Good,15.7,38.1,15.7
Assam,Bettiah,PM10,28.7,43.0,37.1,21,Good,37.6,80.8,5.6
Andhra Pradesh,Koppal,NH3,10.3,129.8,18.8,25,Good,34.7,56.2,19.5
Jharkhand,Jhalawar,NH3,28.0,258.0,45.6,2,Good,15.5,57.3,0.2
Odisha,Siwan,NH3,151.7,282.4,153.5,187,Unhealthy,28.8,42.8,23.7
Himachal Pradesh,Haldia,PM10,161.0,477.6,258.4,211,Very Unhealthy,15.5,55.7,17.7
Delhi,Ludhiana,SO2,169.3,413.7,209.7,208,Very Unhealthy,27.3,47.1,5.2
Meghalaya,Sirsa,PM10,4.9,289.7,86.3,76,Moderate,16.0,63.6,24.7
Maharashtra,Jalna,PM2.5,0.9,463.0,3.2,39,Good,30.8,48.7,13.9
Andhra Pradesh,Dehradun,PM10,34.7,235.3,56.4,93,Moderate,30.4,87.8,29.9
Sikkim,Jaipur,CO,57.1,346.4,252.2,237,Very Unhealthy,17.5,72.1,19.5
Himachal Pradesh,Patiala,OZONE,2.5,218.8,11.5,40,Good,26.6,88.3,28.0
Chandigarh,Nashik,PM2.5,23.4,348.6,70.7,94,Moderate,29.7,39.2,4.0
Nagaland,Balasore,PM10,15.6,288.6,33.8,14,Good,27.8,91.6,7.3
Jammu and Kashmir,Panipat,PM2.5,155.8,228.2,193.6,199,Unhealthy,18.9,55.2,1.7
Tamil Nadu,Thane,CO,12.8,176.5,80.5,55,Moderate,31.7,33.1,21.3
Maharashtra,Bhopal,PM2.5,14.1,399.5,111.7,130,Unhealthy for Sensitive Groups,21.2,64.5,11.5
Karnataka,Khurja,CO,106.6,276.7,231.3,296,Very Unhealthy,38.8,42.3,21.6
Mizoram,Vatva,PM2.5,30.7,252.9,227.6,277,Very Unhealthy,21.2,34.4,26.3
Jammu and Kashmir,Lucknow,NO2,22.6,421.5,42.2,24,Good,19.8,53.5,11.7
Sikkim,Jhunjhunu,PM2.5,71.1,194.1,121.7,130,Unhealthy for Sensitive Groups,26.5,46.2,29.0
Nagaland,Panchkula,PM10,139.3,400.9,147.2,144,Unhealthy for Sensitive Groups,32.6,56.0,3.3
Meghalaya,Ankleshwar,PM10,86.2,399.4,131.1,133,Unhealthy for Sensitive Groups,25.0,31.1,16.3
Madhya Pradesh,Firozabad,NH3,63.8,337.5,165.3,186,Unhealthy,29.7,41.2,10.6
Nagaland,Chittoor,PM10,51.5,386.2,81.5,51,Moderate,24.6,54.9,10.0
Chandigarh,Baddi,OZONE,59.4,296.2,99.9,64,Moderate,35.0,66.9,14.9
Tripura,Korba,OZONE,67.3,491.6,179.4,176,Unhealthy,17.4,86.1,3.1
Gujarat,Haldia,NH3,1.4,264.5,240.6,295,Very Unhealthy,22.2,54.0,6.7
Jharkhand,Ankleshwar,CO,20.6,329.9,95.8,51,Moderate,21.1,39.6,26.8
Assam,Sivasagar,CO,112.2,437.5,250.2,247,Very Unhealthy,16.1,79.5,11.7
Mizoram,Nellore,NH3,6.8,484.9,150.1,487,Hazardous,15.4,41.1,3.9
West Bengal,Shillong,SO2,18.9,449.0,213.2,229,Very Unhealthy,29.0,59.5,2.5
Jammu and Kashmir,Panchgaon,PM10,0.2,426.1,14.6,19,Good,17.9,71.9,5.5
Madhya Pradesh,Beed,NH3,107.3,328.3,237.4,207,Very Unhealthy,33.9,80.2,23.8
Meghalaya,Pithampur,CO,43.0,260.0,194.1,156,Unhealthy,29.7,76.3,20.8
Chandigarh,Mira-Bhayandar,PM10,28.2,367.6,206.5,263,Very Unhealthy,18.4,30.3,15.8
Kerala,Fatehabad,PM2.5,20.7,161.3,26.3,19,Good,37.1,84.4,4.5
Meghalaya,Ahmedabad,OZONE,15.8,473.7,80.1,81,Moderate,26.9,69.1,24.5
Tamil Nadu,Bathinda,SO2,148.2,432.0,262.7,243,Very Unhealthy,23.5,30.6,12.2
Chhattisgarh,Panchgaon,PM2.5,11.6,175.8,151.3,165,Unhealthy,17.4,90.1,20.9
Karnataka,Raebareli,SO2,108.0,312.4,155.0,192,Unhealthy,18.6,40.4,16.4
Delhi,Mangalore,PM10,53.4,444.7,119.9,115,Unhealthy for Sensitive Groups,35.4,81.5,15.9
Nagaland,Hapur,PM2.5,61.5,120.5,119.6,147,Unhealthy for Sensitive Groups,32.3,84.4,23.5
Andhra Pradesh,Bhilwara,OZONE,61.8,487.2,205.9,273,Very Unhealthy,17.7,93.1,19.4
Mizoram,Nandesari,NO2,62.0,136.0,73.7,82,Moderate,34.7,58.9,8.7
Assam,Chamarajanagar,OZONE,3.1,304.6,64.6,71,Moderate,28.9,42.7,20.2
Kerala,Baghpat,NO2,28.2,322.8,40.8,42,Good,28.8,41.7,13.3
Himachal Pradesh,Mira-Bhayandar,PM2.5,12.9,141.1,16.4,2,Good,25.8,74.6,3.6
Madhya Pradesh,Kohima,NH3,99.5,494.8,139.2,150,Unhealthy for Sensitive Groups,25.1,78.3,18.2
Rajasthan,Gorakhpur,NO2,147.5,486.7,174.6,167,Unhealthy,34.5,66.6,14.1
Gujarat,Motihari,NO2,39.6,119.4,96.2,58,Moderate,22.9,62.2,18.8
Maharashtra,Sawai Madhopur,PM2.5,11.6,271.5,35.1,43,Good,25.2,39.0,13.4
Punjab,Bahadurgarh,OZONE,13.4,122.2,117.7,128,Unhealthy for Sensitive Groups,38.0,36.9,19.2
Gujarat,Narnaul,NH3,36.2,417.0,72.9,51,Moderate,36.3,30.2,22.2
Chhattisgarh,Kota,OZONE,82.9,291.1,251.8,257,Very Unhealthy,39.2,37.0,21.7
Tamil Nadu,Bagalkot,OZONE,134.4,227.8,162.5,182,Unhealthy,15.7,83.8,23.8
West Bengal,Dhanbad,NH3,32.5,84.0,40.2,21,Good,16.8,31.4,0.7
Rajasthan,Tumidih,NO2,42.8,286.4,195.5,163,Unhealthy,20.5,49.7,18.8
Sikkim,Durgapur,NH3,26.8,160.3,52.8,65,Moderate,32.3,56.6,15.6
Jharkhand,Nashik,OZONE,10.3,253.9,248.2,277,Very Unhealthy,27.5,68.5,29.8
Chandigarh,Bathinda,OZONE,95.2,272.0,119.1,104,Unhealthy for Sensitive Groups,28.0,85.2,17.3
Assam,Noida,SO2,19.5,396.8,37.0,0,Good,22.6,36.2,1.6
Assam,Bulandshahr,SO2,32.2,455.3,147.3,134,Unhealthy for Sensitive Groups,36.0,86.6,10.1
Assam,Singrauli,NH3,55.5,136.9,94.7,83,Moderate,20.5,89.3,0.6
Maharashtra,Kollam,NO2,16.3,194.2,107.3,136,Unhealthy for Sensitive Groups,15.4,58.1,12.5
Himachal Pradesh,Dombivli,SO2,6.0,318.4,44.5,31,Good,20.8,39.6,7.7
Madhya Pradesh,Ludhiana,CO,128.0,224.9,181.7,199,Unhealthy,17.9,46.8,13.3
Maharashtra,Arrah,PM10,93.4,324.0,134.3,123,Unhealthy for Sensitive Groups,15.2,90.8,19.4
Uttar Pradesh,Ballabgarh,OZONE,17.9,403.4,93.7,72,Moderate,21.4,80.2,10.9
Punjab,Moradabad,SO2,46.1,440.4,190.1,167,Unhealthy,32.0,67.3,22.4
Gujarat,Katihar,CO,40.1,154.7,127.3,129,Unhealthy for Sensitive Groups,24.6,92.2,6.7
Gujarat,Raipur,NH3,5.6,455.3,18.2,38,Good,16.2,32.7,28.4
Madhya Pradesh,Bhilwara,NO2,3.7,21.9,5.4,6,Good,36.1,51.8,6.8
Sikkim,Rajkot,PM10,29.2,148.8,72.9,83,Moderate,34.1,54.1,4.0
Tamil Nadu,Dehradun,CO,28.9,168.5,36.2,26,Good,30.9,90.3,20.4
Nagaland,Kishanganj,CO,25.9,195.1,149.0,139,Unhealthy for Sensitive Groups,28.2,53.1,0.2
Tripura,Firozabad,SO2,145.9,224.5,211.5,284,Very Unhealthy,36.0,36.2,1.9
Tamil Nadu,Jalna,PM2.5,34.9,273.8,39.8,39,Good,38.7,43.1,5.3
Telangana,Panipat,OZONE,60.5,412.4,68.4,85,Moderate,21.8,83.4,16.3
Haryana,Gangtok,SO2,26.6,364.2,127.1,143,Unhealthy for Sensitive Groups,16.7,55.8,23.8
Odisha,Khurja,NO2,43.1,94.6,47.9,20,Good,37.5,75.1,2.2
Assam,Satara,SO2,50.2,467.1,91.2,100,Moderate,19.7,31.7,27.1
Uttarakhand,Agartala,SO2,83.4,487.9,250.9,299,Very Unhealthy,16.6,77.7,6.0
Nagaland,Hapur,NH3,4.8,165.5,138.4,124,Unhealthy for Sensitive Groups,32.9,56.6,4.8
Tripura,Chhapra,NO2,10.2,184.8,110.9,111,Unhealthy for Sensitive Groups,24.1,41.3,23.7
Himachal Pradesh,Vapi,NH3,58.6,219.4,126.0,137,Unhealthy for Sensitive Groups,33.9,50.8,4.6
Arunachal Pradesh,Kalaburagi,PM10,50.3,281.5,96.3,66,Moderate,31.4,72.2,8.1
Nagaland,Kolkata,PM2.5,68.9,393.3,108.7,105,Unhealthy for Sensitive Groups,30.9,42.0,16.5
Chandigarh,Vatva,CO,80.6,468.6,193.1,157,Unhealthy,38.2,73.9,7.2
Assam,Gandhinagar,SO2,27.7,243.7,103.8,104,Unhealthy for Sensitive Groups,25.0,58.9,15.3
Mizoram,Talcher,NO2,25.3,431.1,42.5,24,Good,15.6,82.5,15.5
Sikkim,Jalna,OZONE,43.1,265.9,65.4,91,Moderate,19.2,85.5,26.9
Chhattisgarh,Baran,PM10,35.5,481.1,152.0,196,Unhealthy,36.3,37.3,23.7
Kerala,Amaravati,PM10,3.8,288.1,8.2,25,Good,21.5,39.5,11.7
Sikkim,Dehradun,OZONE,181.8,320.3,257.7,289,Very Unhealthy,33.9,63.9,13.5
Uttarakhand,Firozabad,OZONE,6.1,387.5,127.5,101,Unhealthy for Sensitive Groups,31.9,60.8,29.8
Himachal Pradesh,Surat,PM10,27.2,100.9,48.0,12,Good,36.7,90.6,17.7
Uttarakhand,Cuddalore,PM10,76.5,459.4,201.1,231,Very Unhealthy,21.3,32.7,20.2
Arunachal Pradesh,Bikaner,CO,29.6,344.0,141.1,109,Unhealthy for Sensitive Groups,24.2,69.0,13.3
Kerala,Koppal,NO2,55.4,189.2,170.3,173,Unhealthy,30.9,77.7,21.5
Tamil Nadu,Balasore,SO2,64.4,242.4,119.2,143,Unhealthy for Sensitive Groups,22.3,55.2,8.0
Assam,Vijayawada,CO,30.4,379.6,35.7,33,Good,38.7,44.2,2.2
Himachal Pradesh,Akola,NH3,54.9,291.9,157.6,153,Unhealthy,16.7,73.9,3.8
Delhi,Kunjemura,CO,59.0,486.6,223.6,232,Very Unhealthy,39.8,45.2,7.4
Meghalaya,Khairthal,NH3,114.0,319.7,215.9,248,Very Unhealthy,39.6,42.6,16.8
Himachal Pradesh,Noida,NH3,102.1,491.5,154.1,161,Unhealthy,20.8,66.9,13.1
Himachal Pradesh,Greater Noida,NH3,80.7,464.4,244.8,259,Very Unhealthy,36.0,37.2,11.2
Nagaland,Barmer,SO2,8.4,243.9,26.1,13,Good,30.8,87.4,4.3
Sikkim,Madikeri,CO,41.0,442.9,56.5,82,Moderate,34.4,50.9,7.1
Maharashtra,Kalyan,OZONE,118.0,277.9,221.3,257,Very Unhealthy,17.1,77.0,10.5
Puducherry,Jaipur,SO2,43.8,232.8,224.8,255,Very Unhealthy,19.1,76.8,18.7
Jharkhand,Bikaner,CO,75.6,209.8,138.5,104,Unhealthy for Sensitive Groups,39.1,84.1,6.6
Punjab,Pimpri-Chinchwad,PM10,9.2,45.1,32.6,49,Good,24.3,78.9,19.8
Delhi,Bulandshahr,NO2,136.0,358.3,160.2,198,Unhealthy,15.4,89.2,13.4
Bihar,Firozabad,PM2.5,137.3,345.1,238.4,212,Very Unhealthy,25.0,63.0,7.8
Tripura,Greater Noida,SO2,81.7,472.1,253.1,224,Very Unhealthy,24.5,51.4,0.0
Chhattisgarh,Delhi,SO2,239.9,467.5,259.1,225,Very Unhealthy,28.7,61.3,13.3
Mizoram,Bhilai,OZONE,14.7,55.0,52.2,53,Moderate,29.6,84.4,16.4
Tamil Nadu,Virar,CO,12.6,126.7,18.9,0,Good,30.4,46.8,26.2
Maharashtra,Indore,OZONE,17.9,133.3,127.0,115,Unhealthy for Sensitive Groups,15.2,40.7,0.6
Assam,Karnal,SO2,15.7,196.9,37.5,43,Good,28.7,92.3,26.9
Andhra Pradesh,Dharwad,SO2,207.5,412.2,242.7,225,Very Unhealthy,35.0,61.4,4.4
Tamil Nadu,Dewas,PM2.5,10.8,198.9,16.8,42,Good,35.9,39.9,2.6
Jammu and Kashmir,Nanded,PM10,51.1,159.7,139.0,111,Unhealthy for Sensitive Groups,32.8,77.0,23.2
Uttarakhand,Vijayapura,PM2.5,39.6,189.6,69.2,58,Moderate,24.0,33.9,5.3
Uttar Pradesh,Virar,OZONE,14.9,253.9,27.8,2,Good,37.8,91.8,18.3
Assam,Prayagraj,NH3,81.9,153.6,112.6,126,Unhealthy for Sensitive Groups,37.7,92.3,12.6
Madhya Pradesh,Ambernath,PM10,0.3,185.5,0.5,32,Good,36.3,56.7,21.5
Meghalaya,Bagalkot,NH3,77.2,92.4,87.4,55,Moderate,37.3,31.4,28.2
Delhi,Karauli,NH3,15.7,332.8,96.7,95,Moderate,35.8,83.6,22.1
Bihar,Visakhapatnam,OZONE,18.1,195.4,93.5,91,Moderate,18.2,53.3,14.1
Himachal Pradesh,Byasanagar,NO2,135.9,438.4,149.9,113,Unhealthy for Sensitive Groups,35.3,47.2,28.6
Assam,Bilaspur,CO,4.1,217.9,30.3,18,Good,21.2,38.5,23.6
Chhattisgarh,Rajamahendravaram,PM2.5,3.4,148.3,29.9,22,Good,31.3,46.0,16.7
Gujarat,Panchgaon,PM2.5,212.3,267.0,227.9,263,Very Unhealthy,32.9,85.4,0.5
Jharkhand,Satara,SO2,69.0,345.2,196.1,167,Unhealthy,31.6,43.4,23.9
Kerala,Chandrapur,OZONE,164.6,361.5,223.8,214,Very Unhealthy,18.2,76.0,11.8
Maharashtra,Angul,SO2,80.4,282.8,182.2,154,Unhealthy,35.9,75.3,3.9
Puducherry,Kishanganj,NH3,1.2,320.9,1.3,1,Good,18.9,56.3,15.6
Rajasthan,Madikeri,PM2.5,6.1,424.4,33.7,43,Good,24.0,71.8,14.7
Chandigarh,Bihar Sharif,OZONE,149.9,192.4,173.3,190,Unhealthy,24.1,59.2,5.1
Uttar Pradesh,Ajmer,SO2,78.1,370.5,90.7,51,Moderate,33.3,55.2,3.5
Uttar Pradesh,Byasanagar,NO2,219.5,389.9,258.3,252,Very Unhealthy,31.6,80.5,4.8
Delhi,Sirohi,NO2,123.2,250.1,157.4,190,Unhealthy,27.4,92.3,29.7
Puducherry,Solapur,OZONE,180.7,296.3,201.1,250,Very Unhealthy,30.3,33.7,14.7
Assam,Sikar,NH3,3.2,234.2,49.3,37,Good,31.2,35.9,2.8
Telangana,Guntur,PM2.5,97.5,497.0,265.9,223,Very Unhealthy,33.9,83.9,22.2
Maharashtra,Gaya,SO2,52.1,246.1,238.9,217,Very Unhealthy,33.0,72.8,17.3
Meghalaya,Firozabad,OZONE,42.5,118.6,83.8,68,Moderate,32.6,66.2,8.1
Odisha,Nellore,CO,23.1,261.6,66.3,52,Moderate,18.6,94.5,25.4
Madhya Pradesh,Navi Mumbai,OZONE,90.0,363.4,234.8,222,Very Unhealthy,38.1,93.1,25.4
Gujarat,Satna,CO,94.5,178.4,172.4,192,Unhealthy,21.0,73.5,0.9
Jharkhand,Gwalior,OZONE,28.9,259.4,228.5,202,Very Unhealthy,27.4,79.9,15.8
West Bengal,Pratapgarh,OZONE,103.2,459.1,240.7,241,Very Unhealthy,37.0,83.8,17.0
Telangana,Mandikhera,CO,115.7,461.5,261.9,210,Very Unhealthy,37.1,55.6,6.5
Bihar,Asansol,NH3,161.3,435.4,200.7,484,Hazardous,18.3,90.7,13.4
Arunachal Pradesh,Kashipur,SO2,91.1,353.1,246.3,241,Very Unhealthy,31.2,67.8,9.3
Gujarat,Gaya,SO2,18.9,140.4,94.0,76,Moderate,26.4,78.5,8.6
Madhya Pradesh,Panchkula,NH3,151.2,162.8,158.4,156,Unhealthy,27.2,61.5,9.4
Arunachal Pradesh,Tumidih,SO2,49.9,483.5,152.2,151,Unhealthy,16.9,31.4,6.1
Telangana,Bareilly,PM2.5,107.6,440.6,206.6,268,Very Unhealthy,33.6,47.5,9.5
Tamil Nadu,Mandideep,NO2,87.0,464.1,93.9,91,Moderate,18.9,51.0,22.3
Nagaland,Alwar,SO2,45.7,435.8,185.3,181,Unhealthy,39.0,47.0,13.8
Assam,Sivasagar,SO2,164.0,487.1,175.5,191,Unhealthy,35.4,87.1,5.5
Chhattisgarh,Bhiwani,CO,143.3,419.2,212.2,237,Very Unhealthy,33.8,41.3,12.7
Assam,Dhanbad,SO2,70.5,110.7,102.0,118,Unhealthy for Sensitive Groups,33.1,56.9,23.1
Maharashtra,Gummidipoondi,PM2.5,102.5,354.7,158.5,185,Unhealthy,18.3,51.7,21.0
Odisha,Jhalawar,SO2,97.6,235.0,224.6,280,Very Unhealthy,39.1,40.2,16.3
Delhi,Vijayawada,OZONE,178.7,421.5,181.4,192,Unhealthy,26.1,65.9,24.1
Mizoram,Sangli,CO,188.2,319.2,220.8,235,Very Unhealthy,38.3,37.8,29.4
Punjab,Asansol,NO2,218.2,362.4,258.5,212,Very Unhealthy,17.0,45.5,3.9
Telangana,Bileipada,SO2,0.3,106.3,0.7,27,Good,31.7,72.5,13.1
Jammu and Kashmir,Kanpur,PM10,22.3,205.4,95.7,67,Moderate,33.3,37.0,17.7
Jharkhand,Tumidih,SO2,127.9,304.8,194.2,168,Unhealthy,25.1,37.4,27.4
West Bengal,Mandikhera,NH3,78.2,338.9,242.9,263,Very Unhealthy,36.1,82.3,23.4
Nagaland,Satara,NO2,48.9,262.4,87.1,56,Moderate,33.8,74.6,21.0
West Bengal,Cuddalore,OZONE,17.4,225.8,25.9,45,Good,37.1,88.7,25.4
Nagaland,Sangli,PM2.5,145.5,487.7,215.1,268,Very Unhealthy,18.6,57.3,13.5
Uttar Pradesh,Tensa,SO2,73.7,251.1,192.6,176,Unhealthy,36.6,43.1,24.0
Tamil Nadu,Tonk,SO2,11.7,391.5,14.0,15,Good,28.8,61.2,24.6
Himachal Pradesh,Dewas,SO2,42.4,498.3,83.2,70,Moderate,20.0,70.3,15.2
Delhi,Boisar,NO2,11.4,15.8,12.4,38,Good,22.0,60.6,8.9
Tamil Nadu,Hanumangarh,SO2,2.9,51.5,29.7,50,Good,26.7,51.2,25.2
Uttar Pradesh,Rajamahendravaram,SO2,1.7,233.0,11.0,45,Good,25.3,51.9,7.7
Himachal Pradesh,Chennai,NH3,81.6,253.5,146.1,110,Unhealthy for Sensitive Groups,18.0,49.9,23.5
Sikkim,Manguraha,OZONE,126.0,248.0,140.2,115,Unhealthy for Sensitive Groups,25.5,33.6,24.7
Odisha,Vrindavan,NO2,72.9,403.6,99.8,83,Moderate,18.6,53.3,8.0
Assam,Bulandshahr,NH3,52.4,291.7,71.7,62,Moderate,34.3,43.1,26.3
Delhi,Mehsana,CO,46.4,218.6,138.3,119,Unhealthy for Sensitive Groups,20.9,89.4,7.7
Delhi,Jorapokhar,CO,20.1,360.1,28.1,39,Good,31.2,55.4,3.9
Haryana,Vatva,NH3,14.5,313.2,231.3,287,Very Unhealthy,20.7,75.5,2.4
Meghalaya,Durgapur,NH3,10.9,66.4,19.6,34,Good,29.3,73.7,1.0
Himachal Pradesh,Baddi,PM2.5,113.2,307.3,156.8,171,Unhealthy,38.1,52.0,9.9
Tripura,Mathura,OZONE,119.7,449.2,252.3,290,Very Unhealthy,35.8,83.6,17.5
Jharkhand,Palwal,CO,165.3,330.0,187.2,154,Unhealthy,16.2,48.4,3.7
Madhya Pradesh,Sirsa,PM10,84.9,249.9,105.0,101,Unhealthy for Sensitive Groups,24.7,87.2,27.2
Jharkhand,Khora,NH3,36.0,284.2,199.8,177,Unhealthy,25.9,37.8,29.3
Bihar,Bikaner,NO2,18.0,90.5,29.5,38,Good,27.2,59.1,15.2
Tripura,Jhunjhunu,SO2,104.6,260.5,137.5,108,Unhealthy for Sensitive Groups,31.3,73.0,7.1
Madhya Pradesh,Indore,PM2.5,77.8,476.9,228.7,272,Very Unhealthy,30.0,56.3,12.8
Puducherry,Thiruvananthapuram,PM10,66.7,192.0,139.4,104,Unhealthy for Sensitive Groups,27.9,68.8,19.4
Meghalaya,Bikaner,SO2,38.2,499.1,101.2,146,Unhealthy for Sensitive Groups,29.6,44.8,26.3
Chandigarh,Koppal,PM10,85.2,494.3,159.0,158,Unhealthy,25.1,62.3,26.6
Chandigarh,Amravati,NO2,180.4,192.7,183.0,180,Unhealthy,37.1,53.1,1.9
Assam,Kurukshetra,NO2,50.4,442.8,111.4,119,Unhealthy for Sensitive Groups,27.9,87.7,11.0
Jammu and Kashmir,Bathinda,PM10,47.5,458.1,94.0,68,Moderate,15.2,80.7,22.2
Tamil Nadu,Bhiwani,NH3,9.8,219.8,49.3,7,Good,22.1,30.8,12.9
Chhattisgarh,Hanumangarh,NH3,90.4,374.0,153.4,199,Unhealthy,22.9,65.9,23.6
Delhi,Gummidipoondi,NH3,25.8,361.7,171.0,193,Unhealthy,32.4,51.9,8.8
Chhattisgarh,Nagaon,CO,188.9,453.7,219.6,222,Very Unhealthy,16.7,60.0,20.1
Sikkim,Manesar,PM2.5,1.8,210.2,8.3,38,Good,34.6,43.3,27.2
Puducherry,Vapi,PM10,3.4,276.4,35.6,16,Good,27.5,53.4,10.6
Maharashtra,Ambala,NO2,33.3,485.8,37.4,41,Good,18.3,46.2,5.6
Haryana,Keonjhar,SO2,56.7,456.8,61.3,62,Moderate,39.1,43.8,1.5
Bihar,Manguraha,CO,36.1,430.5,115.8,124,Unhealthy for Sensitive Groups,38.3,84.4,17.4
Jammu and Kashmir,Agra,PM2.5,65.5,202.9,76.1,58,Moderate,15.7,46.6,17.5
Nagaland,Panchkula,OZONE,40.4,428.9,91.6,66,Moderate,20.3,73.6,13.2
Haryana,Bilaspur,NO2,106.1,396.1,155.0,164,Unhealthy,32.0,81.1,17.8
Bihar,Ulhasnagar,PM2.5,111.2,298.7,155.1,190,Unhealthy,22.7,75.0,27.3
Puducherry,Sangli,PM2.5,3.0,366.5,4.1,22,Good,33.2,74.1,5.2
Mizoram,Kolhapur,NH3,82.5,167.3,164.7,170,Unhealthy,32.7,70.5,26.2
Kerala,Jalgaon,SO2,58.8,428.6,69.5,91,Moderate,38.8,82.5,9.4
Odisha,Ulhasnagar,SO2,128.8,465.6,187.2,160,Unhealthy,21.8,30.7,8.8
Chhattisgarh,Bhopal,NO2,171.1,486.4,206.5,292,Very Unhealthy,18.4,63.1,25.1
Uttar Pradesh,Bhavnagar,PM10,53.6,351.0,248.9,238,Very Unhealthy,27.6,39.1,25.8
Uttar Pradesh,Chittoor,SO2,30.0,63.3,44.0,45,Good,35.1,62.0,9.7
Sikkim,Bharatpur,PM2.5,120.9,244.8,222.7,222,Very Unhealthy,39.8,86.3,13.5
Gujarat,Tumidih,NH3,59.8,222.8,68.2,53,Moderate,32.8,74.1,1.3
Maharashtra,Gangtok,PM2.5,117.3,359.7,256.2,295,Very Unhealthy,39.4,59.9,18.0
Uttar Pradesh,Vapi,CO,9.6,415.1,248.5,258,Very Unhealthy,16.3,81.8,21.7
Madhya Pradesh,Sasaram,PM2.5,156.6,472.3,157.1,180,Unhealthy,27.3,84.9,8.9
Odisha,Munger,SO2,16.7,195.9,108.1,146,Unhealthy for Sensitive Groups,34.0,33.9,14.6
Assam,Bhiwandi,CO,7.7,464.5,11.5,27,Good,30.2,77.0,15.7
Jammu and Kashmir,Beed,PM2.5,74.5,288.2,255.8,201,Very Unhealthy,20.0,72.7,9.3
Haryana,Nagaur,PM10,208.0,496.7,224.0,261,Very Unhealthy,23.3,43.4,19.8
Nagaland,Sikar,PM2.5,49.3,434.8,76.6,100,Moderate,25.6,81.2,16.4
Uttarakhand,Srinagar,CO,7.7,162.5,61.2,73,Moderate,35.9,35.4,26.2
Bihar,Kollam,CO,20.5,396.8,150.0,146,Unhealthy for Sensitive Groups,19.4,88.5,27.9
Uttar Pradesh,Pithampur,CO,1.7,487.8,159.5,198,Unhealthy,39.6,41.9,7.7
Madhya Pradesh,Hingoli,NH3,84.0,201.1,89.3,60,Moderate,16.9,88.6,11.3
Andhra Pradesh,Bhilai,CO,3.3,192.8,51.9,70,Moderate,20.2,70.1,10.0
Uttarakhand,Gandhinagar,CO,27.7,403.7,29.5,13,Good,26.0,65.4,26.0
Chandigarh,Mandi Gobindgarh,CO,154.9,486.8,195.8,172,Unhealthy,30.6,89.1,4.5
Chhattisgarh,Barrackpore,CO,32.9,229.4,132.9,146,Unhealthy for Sensitive Groups,39.0,66.7,24.4
Jharkhand,Mandikhera,PM10,130.0,477.1,190.2,168,Unhealthy,15.1,74.4,10.0
Karnataka,Khurja,CO,49.3,230.4,116.3,140,Unhealthy for Sensitive Groups,15.5,65.1,18.6
Jammu and Kashmir,Nagaon,NO2,82.1,172.6,87.6,81,Moderate,29.4,90.4,15.3
Uttarakhand,Mehsana,PM2.5,25.3,455.9,109.9,118,Unhealthy for Sensitive Groups,29.2,68.4,14.0
Andhra Pradesh,Mandi Gobindgarh,PM2.5,12.9,404.3,60.7,87,Moderate,34.6,60.2,21.2
Bihar,Delhi,CO,161.3,489.3,212.3,260,Very Unhealthy,28.1,86.0,15.3
Assam,Siwan,PM2.5,7.1,171.9,32.1,0,Good,18.4,82.6,23.9
Delhi,Sagar,PM2.5,87.7,397.2,103.3,122,Unhealthy for Sensitive Groups,26.2,54.7,16.7
Karnataka,Munger,NO2,208.4,484.3,214.8,233,Very Unhealthy,29.9,56.8,23.3
Gujarat,Ambernath,NO2,20.4,214.3,165.6,187,Unhealthy,18.2,94.8,14.7
Tripura,Mandikhera,PM2.5,97.5,390.8,122.9,126,Unhealthy for Sensitive Groups,26.4,59.8,13.2
Madhya Pradesh,Jind,PM10,103.2,421.8,116.6,140,Unhealthy for Sensitive Groups,25.5,64.5,14.6
Karnataka,Purnia,CO,8.5,200.5,94.4,54,Moderate,20.7,48.4,12.8
Chhattisgarh,Bilaspur,CO,133.0,451.8,167.9,197,Unhealthy,37.0,56.2,24.5
Delhi,Sivasagar,PM2.5,79.5,337.5,184.0,157,Unhealthy,21.0,66.2,14.0
Kerala,Vijayawada,OZONE,8.3,87.7,27.9,22,Good,32.8,44.7,11.5
Telangana,Guwahati,CO,70.4,281.7,233.2,239,Very Unhealthy,27.9,58.6,1.3
Uttar Pradesh,Bundi,NH3,232.2,321.6,241.9,289,Very Unhealthy,21.4,90.4,19.3
West Bengal,Varanasi,PM2.5,57.5,236.5,130.7,148,Unhealthy for Sensitive Groups,34.0,65.9,6.0
Haryana,Keonjhar,NH3,63.0,386.8,126.4,125,Unhealthy for Sensitive Groups,27.6,61.8,24.1
Uttar Pradesh,Saharsa,NH3,178.1,335.1,253.4,237,Very Unhealthy,31.5,89.1,26.8
West Bengal,Korba,PM10,93.7,458.9,122.8,109,Unhealthy for Sensitive Groups,39.9,35.0,18.2
Delhi,Bileipada,PM10,62.7,266.4,101.8,147,Unhealthy for Sensitive Groups,19.3,65.4,11.8
Chhattisgarh,Amravati,NO2,83.5,475.3,207.4,219,Very Unhealthy,16.3,70.5,21.9
Meghalaya,Hajipur,PM2.5,18.3,345.6,58.7,60,Moderate,17.1,35.5,25.3
West Bengal,Chittorgarh,CO,42.3,461.7,135.8,118,Unhealthy for Sensitive Groups,29.3,73.1,25.9
Mizoram,Jhunjhunu,SO2,144.2,242.2,152.4,171,Unhealthy,39.0,52.4,29.3
West Bengal,Chittoor,CO,8.0,165.1,81.1,55,Moderate,23.7,44.9,20.7
Sikkim,Mangalore,PM2.5,1.0,316.1,8.8,33,Good,25.7,71.9,1.7
Delhi,Karnal,NO2,55.1,357.8,222.9,258,Very Unhealthy,31.4,57.1,5.9
Kerala,Rajgir,CO,13.6,251.1,20.2,32,Good,19.7,42.7,3.4
Rajasthan,Virar,PM2.5,126.2,326.3,132.4,137,Unhealthy for Sensitive Groups,35.6,88.6,4.8
Gujarat,Gangtok,OZONE,18.8,106.7,23.2,33,Good,36.1,60.1,14.1
Bihar,Shivamogga,SO2,44.9,209.1,166.5,163,Unhealthy,36.0,88.9,12.1
Meghalaya,Bilaspur,NH3,83.8,477.8,165.4,168,Unhealthy,20.9,48.6,13.5
Chandigarh,Firozabad,PM2.5,26.6,307.4,30.9,0,Good,33.5,77.7,0.1
Puducherry,Mathura,PM2.5,198.2,322.9,217.5,262,Very Unhealthy,23.8,83.9,24.0
Himachal Pradesh,Faridabad,SO2,135.2,274.3,171.8,164,Unhealthy,31.1,71.6,22.2
Odisha,Malegaon,PM10,71.2,405.5,149.8,140,Unhealthy for Sensitive Groups,30.1,51.1,10.9
Tripura,Vatva,PM2.5,6.5,262.0,21.3,38,Good,30.2,76.3,2.0
Gujarat,Thoothukudi,PM2.5,25.2,150.5,41.5,3,Good,23.0,53.2,20.7
Kerala,Jaisalmer,PM2.5,111.7,482.7,222.0,288,Very Unhealthy,15.4,93.6,8.7
Uttar Pradesh,Barmer,CO,109.1,486.9,258.8,250,Very Unhealthy,25.4,85.6,28.7
Himachal Pradesh,Karauli,NO2,94.4,430.4,122.4,146,Unhealthy for Sensitive Groups,35.2,79.6,18.0
Rajasthan,Nagpur,SO2,150.4,456.1,255.4,267,Very Unhealthy,38.4,69.6,28.8
Kerala,Bilaspur,NO2,21.9,157.7,123.2,110,Unhealthy for Sensitive Groups,25.6,90.4,25.9
Rajasthan,Surat,PM2.5,69.4,433.1,111.1,147,Unhealthy for Sensitive Groups,26.3,52.0,25.9
Tamil Nadu,Varanasi,SO2,12.0,160.1,126.0,116,Unhealthy for Sensitive Groups,20.6,61.7,16.1
Telangana,Pratapgarh,PM2.5,3.6,229.9,69.6,85,Moderate,32.6,90.5,19.1
Rajasthan,Katni,NO2,7.4,297.2,22.6,8,Good,30.8,48.3,5.5
Haryana,Bahadurgarh,PM10,3.6,171.7,10.2,43,Good,16.5,68.9,16.2
Sikkim,Palwal,PM2.5,16.3,228.4,167.2,197,Unhealthy,33.5,30.3,23.6
Rajasthan,Siwan,NH3,22.5,389.6,23.9,0,Good,32.7,45.8,1.1
Mizoram,Manguraha,PM10,163.8,310.5,197.8,191,Unhealthy,33.8,33.3,13.3
Delhi,Pratapgarh,NO2,10.9,422.3,71.0,73,Moderate,34.6,89.5,10.5
Bihar,Arrah,PM10,45.1,477.1,254.4,204,Very Unhealthy,39.7,52.8,26.0
Chandigarh,Satna,OZONE,74.2,424.7,148.7,142,Unhealthy for Sensitive Groups,21.3,73.0,7.7
Himachal Pradesh,Kalyan,PM2.5,19.4,117.3,106.2,138,Unhealthy for Sensitive Groups,38.6,86.9,15.5
Karnataka,Visakhapatnam,CO,88.3,464.1,92.1,58,Moderate,17.5,64.8,22.5
Gujarat,Patiala,OZONE,122.6,420.3,132.8,129,Unhealthy for Sensitive Groups,36.5,78.0,9.5
Bihar,Ahmedabad,NH3,0.3,87.1,28.2,30,Good,16.2,36.2,20.0
Rajasthan,Satara,NO2,2.4,271.6,2.6,22,Good,27.4,74.3,3.7
Jammu and Kashmir,Visakhapatnam,SO2,128.8,239.0,219.7,209,Very Unhealthy,18.8,49.4,29.5
Tamil Nadu,Meerut,OZONE,54.2,236.2,156.2,187,Unhealthy,33.5,93.2,29.2
Uttarakhand,Chikkaballapur,OZONE,74.2,451.6,183.8,200,Unhealthy,20.4,63.2,22.3
Haryana,Pithampur,NH3,164.1,358.2,250.6,224,Very Unhealthy,31.4,35.7,2.8
Odisha,Modinagar,PM10,177.5,411.3,241.3,204,Very Unhealthy,26.2,36.9,10.2
Odisha,Aizawl,OZONE,10.4,449.8,15.9,13,Good,37.3,58.6,8.4
Karnataka,Meerut,NO2,124.9,482.3,210.6,251,Very Unhealthy,20.9,88.7,28.1
Chandigarh,Solapur,PM10,122.8,390.4,159.2,157,Unhealthy,34.3,53.2,12.8
Madhya Pradesh,Kanpur,PM2.5,32.6,78.9,39.3,45,Good,32.9,33.0,18.2
Madhya Pradesh,Haldia,NH3,37.2,365.9,83.2,54,Moderate,36.3,75.9,1.4
Maharashtra,Kurukshetra,PM2.5,27.4,412.2,173.1,153,Unhealthy,24.9,71.7,29.4
Sikkim,Pithampur,NH3,38.9,347.5,58.1,59,Moderate,34.0,31.1,19.7
Jharkhand,Howrah,PM10,157.4,463.5,257.8,228,Very Unhealthy,31.0,30.9,17.6
Telangana,Maihar,CO,80.2,468.7,211.4,252,Very Unhealthy,17.9,81.7,23.6
Karnataka,Bulandshahr,CO,219.1,349.1,224.6,208,Very Unhealthy,22.3,53.9,26.4
Tripura,Chhal,SO2,15.9,112.0,30.7,7,Good,34.6,62.7,28.9
Assam,Jalore,NH3,93.9,363.9,95.8,80,Moderate,28.7,45.3,0.5
Bihar,Vrindavan,OZONE,72.9,313.0,243.5,266,Very Unhealthy,27.5,52.5,0.2
West Bengal,Jabalpur,OZONE,114.4,245.4,165.8,173,Unhealthy,19.2,47.7,1.9
Mizoram,Charkhi Dadri,NH3,11.9,119.6,13.4,23,Good,32.1,37.7,29.9
Uttar Pradesh,Tirupati,SO2,125.1,268.1,134.9,134,Unhealthy for Sensitive Groups,20.0,58.6,29.5
Haryana,Jalandhar,NO2,4.0,176.2,17.2,20,Good,25.4,94.1,18.2
Sikkim,Mandideep,PM10,104.9,372.5,146.0,123,Unhealthy for Sensitive Groups,20.0,32.4,23.7
Sikkim,Faridabad,NH3,203.9,373.0,215.7,300,Very Unhealthy,21.1,89.6,19.1
Sikkim,Thiruvananthapuram,NO2,49.7,175.5,170.3,190,Unhealthy,16.4,66.0,23.3
Arunachal Pradesh,Bathinda,SO2,146.9,400.1,205.7,269,Very Unhealthy,19.2,94.1,1.8
Kerala,Sirohi,PM2.5,213.8,380.7,254.7,235,Very Unhealthy,25.0,38.2,24.1
Tamil Nadu,Bulandshahr,SO2,222.6,401.3,245.1,292,Very Unhealthy,30.3,92.8,5.2
Chandigarh,Sonipat,CO,16.9,243.1,27.4,9,Good,33.9,74.6,3.4
Jammu and Kashmir,Bhilai,OZONE,17.8,346.0,83.4,73,Moderate,23.4,51.9,18.3
Odisha,Rourkela,NH3,20.4,267.5,111.3,102,Unhealthy for Sensitive Groups,32.7,86.9,25.5
Sikkim,Koppal,CO,55.0,447.4,62.1,96,Moderate,39.1,79.7,6.8
West Bengal,Noida,CO,142.8,383.1,183.1,197,Unhealthy,16.7,35.5,26.3
Jharkhand,Bhopal,OZONE,7.3,137.5,13.3,5,Good,38.5,39.1,7.7
West Bengal,Jhansi,PM2.5,16.8,87.2,79.7,62,Moderate,32.2,30.4,8.8
Jharkhand,Jhalawar,OZONE,8.0,188.8,16.0,13,Good,16.4,87.5,15.1
Chhattisgarh,Gangtok,CO,10.4,333.0,12.7,2,Good,21.7,59.7,6.4
Karnataka,Motihari,NH3,119.6,235.0,155.0,165,Unhealthy,36.6,57.4,15.9
Andhra Pradesh,Hajipur,NO2,106.3,434.1,109.8,139,Unhealthy for Sensitive Groups,20.5,89.0,0.5
Maharashtra,Bhiwandi,NH3,30.7,394.6,186.6,196,Unhealthy,39.4,81.4,28.1
Delhi,Keonjhar,CO,216.3,265.9,258.4,293,Very Unhealthy,30.6,50.6,17.8
Jharkhand,Surat,PM2.5,1.7,409.1,12.2,33,Good,19.7,58.5,25.7
Tripura,Alwar,NH3,4.2,359.9,177.9,176,Unhealthy,15.1,68.0,21.2
Himachal Pradesh,Kunjemura,CO,164.8,325.5,187.9,152,Unhealthy,16.4,31.7,26.7
Chhattisgarh,Udaipur,OZONE,10.4,205.4,22.5,28,Good,28.5,62.7,17.3
Kerala,Jaisalmer,CO,53.9,309.9,170.5,171,Unhealthy,36.7,48.3,18.1
Andhra Pradesh,Sirsa,CO,28.6,322.9,76.8,77,Moderate,25.1,58.9,26.5
Uttarakhand,Bhiwani,SO2,8.3,247.1,104.5,129,Unhealthy for Sensitive Groups,34.0,81.1,17.8
Haryana,Ahmednagar,NH3,10.6,480.9,162.7,196,Unhealthy,28.2,54.8,1.4
Kerala,Dholpur,PM2.5,25.7,248.5,246.3,255,Very Unhealthy,25.0,69.3,29.2
West Bengal,Jorapokhar,CO,78.8,364.0,109.8,128,Unhealthy for Sensitive Groups,36.5,64.0,5.6
Uttarakhand,Sivasagar,PM2.5,3.8,253.0,25.0,17,Good,17.2,33.2,17.8
Odisha,Begusarai,NH3,26.8,253.7,229.2,275,Very Unhealthy,34.9,53.4,23.8
Chhattisgarh,Mandideep,NH3,12.8,134.4,95.9,69,Moderate,27.1,38.4,11.9
Maharashtra,Chittorgarh,CO,120.2,339.0,249.9,219,Very Unhealthy,29.6,36.1,1.0
Kerala,Visakhapatnam,NO2,23.2,208.3,193.0,177,Unhealthy,18.3,85.6,15.4
Andhra Pradesh,Ambala,CO,47.1,441.0,49.5,12,Good,21.5,45.4,13.7
Meghalaya,Yadgir,SO2,109.0,152.4,134.7,142,Unhealthy for Sensitive Groups,23.7,61.6,9.0
Punjab,Asansol,SO2,85.7,300.4,176.2,159,Unhealthy,25.8,77.6,26.0
Uttarakhand,Bhilai,NO2,0.0,493.7,0.1,15,Good,33.4,72.1,23.7
Uttar Pradesh,Patiala,OZONE,91.1,403.7,167.3,159,Unhealthy,31.0,47.9,1.1
Himachal Pradesh,Samastipur,CO,32.3,490.7,60.9,97,Moderate,27.0,68.4,15.7
Mizoram,Satara,NH3,150.6,243.1,157.7,189,Unhealthy,32.5,58.6,1.2
Odisha,Madurai,OZONE,87.1,210.2,180.5,169,Unhealthy,19.8,44.9,3.2
Tamil Nadu,Ratlam,NO2,102.0,411.8,130.4,139,Unhealthy for Sensitive Groups,38.6,47.9,16.6
Kerala,Aurangabad,PM10,16.5,423.3,143.0,122,Unhealthy for Sensitive Groups,15.4,31.5,8.8
Andhra Pradesh,Rajkot,SO2,60.9,228.9,105.8,149,Unhealthy for Sensitive Groups,17.9,41.6,2.1
Kerala,Jaisalmer,SO2,23.9,171.7,89.5,77,Moderate,38.9,59.1,24.2
Telangana,Silchar,OZONE,19.0,83.8,34.6,13,Good,39.8,32.6,11.9
Maharashtra,Madurai,CO,89.3,419.9,97.6,78,Moderate,26.7,80.5,12.7
Arunachal Pradesh,Barrackpore,PM10,115.7,178.5,138.2,136,Unhealthy for Sensitive Groups,34.9,57.7,25.9
Jharkhand,Nagaon,CO,106.4,361.9,190.1,157,Unhealthy,38.0,47.7,26.3
Delhi,Suakati,NH3,64.7,293.8,204.8,274,Very Unhealthy,33.7,87.4,18.9
Tripura,Karwar,CO,5.8,63.7,16.7,33,Good,26.9,45.2,23.4
Tripura,Bhilwara,PM2.5,6.0,79.1,44.6,35,Good,38.7,70.6,21.9
Madhya Pradesh,Pampore,NO2,75.6,302.2,265.0,280,Very Unhealthy,29.7,88.7,27.7
Rajasthan,Ambala,OZONE,16.9,232.5,142.7,140,Unhealthy for Sensitive Groups,34.7,77.0,6.9
Madhya Pradesh,Sonipat,CO,59.0,413.0,69.3,99,Moderate,38.1,41.2,26.8
Punjab,Angul,PM10,110.4,324.4,233.4,273,Very Unhealthy,28.5,59.2,18.6
Uttar Pradesh,Amravati,PM2.5,30.8,411.4,87.4,53,Moderate,32.6,59.4,8.8
Chhattisgarh,Hubballi,NH3,4.4,265.7,155.8,159,Unhealthy,27.7,70.2,19.3
Uttar Pradesh,Asansol,OZONE,184.9,370.5,261.1,260,Very Unhealthy,30.5,46.1,20.6
Chhattisgarh,Dausa,PM10,8.2,197.0,39.3,36,Good,35.4,92.7,24.8
Telangana,Bhiwandi,PM2.5,11.4,446.8,25.0,16,Good,17.7,43.7,2.1
Arunachal Pradesh,Baddi,OZONE,13.2,475.2,38.6,21,Good,32.5,53.2,28.9
Chandigarh,Mumbai,OZONE,130.3,243.1,201.3,214,Very Unhealthy,35.1,77.2,28.9
Tripura,Silchar,SO2,129.0,238.9,146.9,105,Unhealthy for Sensitive Groups,15.5,93.9,15.2
Bihar,Dausa,PM2.5,210.2,333.8,237.3,263,Very Unhealthy,17.7,77.9,4.6
Andhra Pradesh,Surat,PM2.5,200.7,328.4,228.6,210,Very Unhealthy,19.3,70.3,4.3
Assam,Vapi,OZONE,4.5,219.5,20.7,21,Good,15.6,88.1,22.7
Jharkhand,Bundi,PM2.5,117.1,423.5,222.4,272,Very Unhealthy,35.3,35.6,1.7
Chhattisgarh,Bhiwani,OZONE,34.4,81.6,46.0,9,Good,30.5,81.1,9.4
Nagaland,Kanpur,OZONE,2.2,229.6,39.3,2,Good,37.3,48.9,10.1
Telangana,Fatehabad,SO2,12.8,345.9,22.0,15,Good,39.9,63.5,23.3
Telangana,Latur,OZONE,51.0,478.2,253.2,209,Very Unhealthy,22.1,42.5,8.7
Jharkhand,Ballabgarh,CO,243.3,486.0,260.4,254,Very Unhealthy,20.1,36.1,10.8
Haryana,Charkhi Dadri,PM10,151.5,413.8,212.0,279,Very Unhealthy,28.2,84.6,7.1
Himachal Pradesh,Pampore,PM10,94.3,206.0,100.8,376,Hazardous,26.7,70.3,3.6
Jammu and Kashmir,Guntur,PM10,17.0,112.9,56.4,91,Moderate,31.7,89.2,29.5
Chandigarh,Thoothukudi,SO2,0.6,366.6,2.1,0,Good,23.5,44.9,26.7
Andhra Pradesh,Kolhapur,SO2,97.9,464.8,173.5,154,Unhealthy,16.4,94.4,20.6
Delhi,Akola,PM2.5,6.1,437.8,242.8,216,Very Unhealthy,19.3,85.9,8.1
Puducherry,Aurangabad,CO,135.2,294.2,147.1,101,Unhealthy for Sensitive Groups,18.8,71.0,4.9
Telangana,Bhiwadi,NH3,11.7,100.3,20.6,20,Good,16.0,51.2,28.5
Kerala,Mysuru,PM10,65.1,413.4,165.3,198,Unhealthy,28.8,42.3,12.2
Tamil Nadu,Rohtak,SO2,89.6,439.3,150.4,327,Hazardous,24.2,83.3,12.3
Himachal Pradesh,Maihar,OZONE,40.6,204.4,152.7,152,Unhealthy,29.4,45.9,18.9
Jharkhand,Kolhapur,NO2,4.7,447.6,32.2,17,Good,34.3,63.9,14.0
Gujarat,Dharwad,CO,66.3,342.1,179.5,176,Unhealthy,24.4,65.7,24.2
Uttarakhand,Bhiwadi,OZONE,195.9,497.1,242.2,264,Very Unhealthy,18.3,65.9,2.8
Rajasthan,Virar,PM10,0.7,56.8,2.9,44,Good,28.7,94.0,10.6
Gujarat,Manesar,NH3,0.0,352.6,182.5,180,Unhealthy,20.5,51.9,7.9
Madhya Pradesh,Banswara,NH3,106.0,414.1,202.6,266,Very Unhealthy,25.6,42.0,15.3
Jharkhand,Mandi Gobindgarh,SO2,0.5,110.0,71.5,55,Moderate,17.6,50.7,5.2
Punjab,Nellore,CO,91.2,353.6,232.4,237,Very Unhealthy,33.0,74.4,7.0
Meghalaya,Puducherry,CO,16.7,180.6,36.8,39,Good,36.4,64.8,19.6
Meghalaya,Bhiwadi,PM2.5,3.1,313.7,197.0,169,Unhealthy,32.0,37.8,1.6
Haryana,Badlapur,NO2,26.1,85.5,32.6,26,Good,32.0,86.6,27.9
Jharkhand,Thoothukudi,PM2.5,89.9,128.3,111.7,136,Unhealthy for Sensitive Groups,28.1,64.0,17.7
Bihar,Ahmedabad,CO,187.0,309.4,234.0,231,Very Unhealthy,37.3,77.1,3.6
Meghalaya,Byrnihat,CO,1.8,384.8,25.3,43,Good,40.0,62.3,9.3
Odisha,Khurja,CO,74.4,276.3,119.6,139,Unhealthy for Sensitive Groups,18.5,49.2,28.2
Punjab,Yadgir,CO,27.2,240.6,84.2,68,Moderate,22.8,65.3,17.1
Kerala,Karnal,SO2,54.3,229.2,168.5,161,Unhealthy,24.2,50.5,2.2
Chandigarh,Modinagar,OZONE,171.7,427.9,172.8,182,Unhealthy,30.3,38.2,2.0
Andhra Pradesh,Mandi Gobindgarh,SO2,1.6,318.8,2.5,24,Good,15.9,44.0,14.3
Chhattisgarh,Fatehabad,PM10,5.6,218.7,122.9,124,Unhealthy for Sensitive Groups,21.4,90.1,12.1
Andhra Pradesh,Bikaner,PM2.5,177.8,252.5,193.3,174,Unhealthy,26.2,94.4,27.1
Sikkim,Jaisalmer,CO,135.7,492.7,146.2,103,Unhealthy for Sensitive Groups,38.6,92.5,7.2
Jharkhand,Aizawl,NH3,13.0,301.7,100.2,490,Hazardous,20.5,47.5,13.4
Nagaland,Barbil,NH3,59.7,353.5,97.1,60,Moderate,33.7,85.6,19.4
Bihar,Alwar,OZONE,83.0,462.1,215.7,219,Very Unhealthy,23.1,82.8,12.6
Bihar,Amaravati,OZONE,42.0,346.0,116.4,118,Unhealthy for Sensitive Groups,31.2,46.5,6.7
Odisha,Kohima,PM2.5,125.4,481.4,181.4,162,Unhealthy,24.8,52.3,14.8
Meghalaya,Tensa,OZONE,64.4,413.6,164.9,159,Unhealthy,21.7,37.7,14.8
Chhattisgarh,Ujjain,SO2,200.1,280.5,260.7,240,Very Unhealthy,34.2,73.5,26.4
Jharkhand,Mumbai,PM2.5,195.0,293.5,196.6,168,Unhealthy,16.4,83.3,19.4
Gujarat,Amravati,SO2,150.9,267.3,214.0,220,Very Unhealthy,38.7,38.0,29.9
Haryana,Mira-Bhayandar,SO2,37.8,433.7,248.6,203,Very Unhealthy,34.9,87.4,25.6
Chhattisgarh,Fatehabad,PM2.5,156.3,469.6,171.9,176,Unhealthy,28.8,57.3,3.9
Kerala,Gwalior,SO2,141.7,286.8,186.0,154,Unhealthy,21.3,66.4,12.3
Jammu and Kashmir,Katni,PM10,10.0,148.5,67.5,66,Moderate,15.4,51.9,9.7
Puducherry,Gandhinagar,PM10,23.0,352.3,237.3,234,Very Unhealthy,39.8,83.3,29.3
Kerala,Rishikesh,NH3,78.7,455.9,162.0,192,Unhealthy,21.3,40.1,27.8
Sikkim,Puducherry,PM10,22.9,245.4,215.6,286,Very Unhealthy,38.1,57.2,27.6
Jammu and Kashmir,Ghaziabad,NH3,41.7,310.4,47.2,34,Good,27.0,85.7,3.6
Meghalaya,Churu,OZONE,110.2,242.0,218.3,291,Very Unhealthy,18.8,71.6,9.3
Jharkhand,Mahad,PM2.5,28.2,454.1,141.7,122,Unhealthy for Sensitive Groups,35.1,44.4,7.3
Telangana,Siliguri,PM10,2.3,63.1,37.1,18,Good,29.7,83.5,4.3
Jharkhand,Araria,SO2,21.0,175.7,54.7,63,Moderate,30.8,37.6,6.1
Jammu and Kashmir,Karauli,NH3,44.2,272.3,111.7,104,Unhealthy for Sensitive Groups,15.6,47.7,22.4
Uttarakhand,Pampore,OZONE,1.1,89.9,5.2,36,Good,19.0,72.4,21.1
Andhra Pradesh,Badlapur,PM10,115.6,421.6,154.8,162,Unhealthy,39.0,66.9,24.8
Mizoram,Satna,SO2,37.5,333.2,123.0,132,Unhealthy for Sensitive Groups,22.1,75.1,14.4
Meghalaya,Palwal,NO2,94.9,469.1,117.2,120,Unhealthy for Sensitive Groups,21.4,41.7,25.2
Meghalaya,Sirohi,PM10,21.9,121.3,39.0,49,Good,27.1,66.1,11.9
Nagaland,Bhilai,NH3,60.7,470.2,95.1,93,Moderate,20.9,49.7,9.3
Nagaland,Satara,PM10,48.8,402.4,91.0,87,Moderate,39.0,92.6,27.3
Maharashtra,Naharlagun,NO2,0.6,329.3,2.8,43,Good,20.6,62.8,28.7
Sikkim,Siliguri,SO2,0.7,309.1,260.2,213,Very Unhealthy,20.2,88.5,5.6
Haryana,Vatva,PM10,7.2,434.5,173.8,158,Unhealthy,30.4,48.2,11.3
Bihar,Baripada,PM10,115.8,264.0,217.9,201,Very Unhealthy,30.9,54.5,17.8
Delhi,Navi Mumbai,PM10,120.6,200.6,123.7,144,Unhealthy for Sensitive Groups,38.6,71.4,4.3
Jharkhand,Aizawl,PM10,73.0,157.0,118.8,149,Unhealthy for Sensitive Groups,19.4,33.5,4.9
Arunachal Pradesh,Srinagar,SO2,27.0,314.5,139.7,106,Unhealthy for Sensitive Groups,23.8,70.4,3.3
Assam,Patiala,OZONE,20.0,420.7,235.4,246,Very Unhealthy,21.9,93.3,1.5
Mizoram,Pampore,PM10,56.8,71.5,59.0,100,Moderate,36.6,52.6,10.5
Punjab,Cuddalore,PM10,50.6,274.3,95.8,51,Moderate,37.4,94.6,19.7
Uttarakhand,Bengaluru,PM10,16.8,33.1,21.5,9,Good,21.9,44.4,0.9
Himachal Pradesh,Gorakhpur,CO,4.4,145.6,5.5,21,Good,30.8,68.3,7.8
Tripura,Modinagar,NH3,23.5,218.2,73.6,72,Moderate,34.4,47.9,20.3
Bihar,Naharlagun,CO,1.8,208.7,50.7,451,Hazardous,17.5,70.9,22.2
Jammu and Kashmir,Gangtok,SO2,5.1,435.6,23.0,32,Good,36.0,60.5,29.1
Jammu and Kashmir,Udaipur,NH3,49.8,113.0,84.2,96,Moderate,34.0,42.6,6.4
Bihar,Thiruvananthapuram,NH3,38.1,201.9,93.5,74,Moderate,32.6,56.9,2.9
Punjab,Gandhinagar,SO2,39.8,257.5,68.8,86,Moderate,39.4,70.2,4.7
Telangana,Udaipur,CO,80.8,486.7,153.5,187,Unhealthy,39.6,47.6,4.4
Kerala,Agra,SO2,60.7,470.3,157.4,193,Unhealthy,20.7,61.7,14.5
Andhra Pradesh,Damoh,PM2.5,137.4,417.9,166.5,177,Unhealthy,31.2,80.6,21.4
Himachal Pradesh,Bhavnagar,OZONE,4.8,201.8,22.4,39,Good,34.0,73.7,17.1
Karnataka,Rairangpur,SO2,55.5,334.8,107.7,148,Unhealthy for Sensitive Groups,37.2,50.0,7.8
Delhi,Hisar,NO2,238.0,411.7,257.8,223,Very Unhealthy,32.8,52.2,25.5
Jammu and Kashmir,Katni,OZONE,3.8,481.2,205.6,231,Very Unhealthy,35.6,61.7,13.8
Punjab,Firozabad,SO2,90.4,279.0,169.3,197,Unhealthy,38.4,66.2,2.5
Andhra Pradesh,Dhanbad,NH3,175.4,352.2,211.4,242,Very Unhealthy,35.1,81.8,18.0
Nagaland,Cuddalore,NO2,128.6,358.1,205.4,218,Very Unhealthy,20.2,66.3,9.6
Haryana,Satara,PM10,167.2,365.0,254.4,263,Very Unhealthy,29.5,58.3,11.5
Meghalaya,Ulhasnagar,NO2,117.6,453.0,122.1,149,Unhealthy for Sensitive Groups,20.1,89.7,10.4
Bihar,Ambernath,NH3,119.3,205.2,141.8,134,Unhealthy for Sensitive Groups,28.0,90.1,10.9
Arunachal Pradesh,Jhansi,NO2,128.0,213.1,192.5,159,Unhealthy,35.8,90.5,5.3
Assam,Jind,CO,129.4,397.1,142.0,110,Unhealthy for Sensitive Groups,23.3,86.6,12.5
Chandigarh,Madurai,PM10,23.7,291.6,202.0,280,Very Unhealthy,30.8,36.0,17.0
Arunachal Pradesh,Gummidipoondi,OZONE,55.0,427.1,242.6,203,Very Unhealthy,32.2,69.2,9.1
Jammu and Kashmir,Virar,CO,58.2,474.6,166.6,179,Unhealthy,28.3,52.6,6.2
Uttar Pradesh,Ramanagara,SO2,61.5,492.8,64.8,62,Moderate,39.2,41.0,25.6
Karnataka,Pune,PM10,23.0,485.9,215.4,279,Very Unhealthy,39.6,83.8,7.2
Delhi,Nellore,NH3,101.9,322.7,115.5,135,Unhealthy for Sensitive Groups,36.7,68.7,21.3
Himachal Pradesh,Vrindavan,SO2,18.6,159.4,75.9,59,Moderate,22.6,90.4,0.7
Nagaland,Amaravati,CO,188.4,246.8,201.9,223,Very Unhealthy,20.5,75.8,20.5
West Bengal,Ujjain,CO,1.3,487.0,12.4,14,Good,28.8,56.1,10.4
Maharashtra,Varanasi,NH3,59.0,476.6,175.3,185,Unhealthy,35.2,86.9,2.6
Rajasthan,Vatva,PM2.5,97.6,310.9,171.3,196,Unhealthy,31.6,48.0,3.4
Telangana,Jodhpur,CO,53.5,304.8,131.2,127,Unhealthy for Sensitive Groups,20.1,92.1,18.6
Nagaland,Vrindavan,CO,185.6,373.4,207.0,226,Very Unhealthy,37.4,54.1,25.2
Meghalaya,Yadgir,PM10,120.9,279.4,139.5,138,Unhealthy for Sensitive Groups,37.1,52.6,4.5
Assam,Greater Noida,NH3,178.7,268.8,219.3,269,Very Unhealthy,35.4,66.3,19.3
Delhi,Ulhasnagar,PM2.5,11.4,31.3,26.0,32,Good,17.2,41.9,2.1
Tripura,Khanna,OZONE,81.4,213.2,205.3,262,Very Unhealthy,35.2,71.7,16.1
Meghalaya,Vatva,CO,2.4,44.6,8.4,7,Good,36.9,57.6,5.8
Himachal Pradesh,Thrissur,NH3,15.2,401.2,42.9,4,Good,19.3,87.4,22.3
Kerala,Faridabad,CO,10.7,452.3,13.9,26,Good,21.3,51.6,14.9
Andhra Pradesh,Gorakhpur,PM10,84.8,360.7,125.2,139,Unhealthy for Sensitive Groups,35.7,44.8,11.6
Meghalaya,Durgapur,CO,89.1,467.5,97.1,62,Moderate,24.9,64.9,21.0
Uttar Pradesh,Mandi Gobindgarh,PM2.5,2.1,98.9,3.1,19,Good,39.6,83.1,24.1
Telangana,Jalna,NO2,52.0,395.3,158.4,188,Unhealthy,31.7,43.6,23.3
West Bengal,Tirumala,PM10,38.1,103.8,91.7,61,Moderate,24.2,89.4,25.5
Sikkim,Tirumala,CO,40.6,459.9,70.1,60,Moderate,18.5,62.6,22.2
Karnataka,Sivasagar,PM2.5,103.9,411.8,142.2,116,Unhealthy for Sensitive Groups,24.2,70.6,0.6
Delhi,Pune,OZONE,0.7,466.9,101.4,108,Unhealthy for Sensitive Groups,34.0,50.7,16.4
Bihar,Akola,NO2,0.3,380.4,3.4,35,Good,33.8,60.7,15.0
Uttarakhand,Siwan,PM10,60.0,265.6,157.3,153,Unhealthy,19.6,81.8,0.5
Nagaland,Satara,OZONE,3.1,389.5,252.0,236,Very Unhealthy,31.0,63.8,12.7
Haryana,Churu,PM2.5,24.2,396.5,195.0,191,Unhealthy,40.0,53.8,16.4
Tripura,Jhansi,NO2,39.2,287.1,166.9,181,Unhealthy,38.3,37.3,9.6
Madhya Pradesh,Meerut,CO,95.7,433.0,216.3,272,Very Unhealthy,33.7,41.6,14.4
Arunachal Pradesh,Belapur,NO2,207.3,421.1,215.1,284,Very Unhealthy,24.5,68.5,5.6
Tripura,Gummidipoondi,NH3,102.1,405.4,165.4,151,Unhealthy,24.9,35.2,19.8
Mizoram,Karnal,PM2.5,64.3,452.0,148.0,138,Unhealthy for Sensitive Groups,20.4,38.2,27.4
Punjab,Kannur,NO2,1.8,432.0,122.7,143,Unhealthy for Sensitive Groups,17.2,42.8,3.2
Meghalaya,Amravati,NH3,6.5,451.4,190.3,189,Unhealthy,26.1,83.7,6.9
West Bengal,Guntur,NO2,101.1,206.3,132.6,105,Unhealthy for Sensitive Groups,36.3,91.0,4.6
Uttar Pradesh,Nandesari,PM10,207.7,390.3,230.0,237,Very Unhealthy,29.2,72.5,0.7
Assam,Gwalior,PM10,40.4,382.8,175.5,162,Unhealthy,31.0,93.3,26.1
Chhattisgarh,Surat,NO2,49.8,183.4,152.1,151,Unhealthy,32.8,42.4,12.6
Tamil Nadu,Ulhasnagar,PM2.5,46.8,449.3,251.0,292,Very Unhealthy,24.9,64.6,9.9
Nagaland,Kanpur,OZONE,196.7,388.9,229.0,237,Very Unhealthy,36.0,40.1,6.1
Maharashtra,Hisar,SO2,57.3,273.1,92.4,77,Moderate,17.1,62.9,9.7
Andhra Pradesh,Coimbatore,NO2,1.3,64.5,1.7,46,Good,23.8,61.2,22.9
Meghalaya,Kunjemura,CO,55.2,337.5,260.7,203,Very Unhealthy,36.6,93.5,12.9
Meghalaya,Amritsar,SO2,181.2,328.1,263.8,283,Very Unhealthy,30.2,42.4,17.8
Andhra Pradesh,Jalna,PM2.5,2.8,418.0,19.7,25,Good,32.0,90.7,16.1
Kerala,Bharatpur,OZONE,49.8,124.5,65.7,89,Moderate,30.3,31.5,5.4
Karnataka,Bihar Sharif,PM10,96.0,223.6,144.2,120,Unhealthy for Sensitive Groups,22.6,42.1,17.0
Gujarat,Thiruvananthapuram,PM10,89.0,192.7,190.2,181,Unhealthy,26.3,55.8,23.2
Gujarat,Hajipur,PM10,85.1,447.6,249.1,263,Very Unhealthy,21.9,52.4,0.5
Sikkim,Rairangpur,NO2,183.8,382.2,244.8,253,Very Unhealthy,21.0,82.9,29.3
Chhattisgarh,Araria,CO,49.0,267.4,63.1,95,Moderate,27.3,35.6,15.4
Chhattisgarh,Chandigarh,OZONE,51.1,314.6,245.0,295,Very Unhealthy,36.9,64.6,26.4
Maharashtra,Eluru,OZONE,25.9,463.8,235.0,297,Very Unhealthy,31.5,93.1,19.0
Mizoram,Patna,NO2,138.7,390.8,153.7,162,Unhealthy,21.2,78.4,0.3
Punjab,Kishanganj,CO,77.7,267.9,212.6,214,Very Unhealthy,32.5,50.0,0.4
Nagaland,Sasaram,OZONE,110.1,298.5,202.2,228,Very Unhealthy,17.5,82.1,27.0
Tripura,Panipat,NH3,162.6,249.5,173.1,181,Unhealthy,33.4,60.3,24.3
Himachal Pradesh,Sagar,PM2.5,30.1,394.6,234.0,237,Very Unhealthy,31.4,93.5,3.2
Rajasthan,Dharuhera,OZONE,60.6,421.3,97.9,97,Moderate,36.5,73.4,19.4
Nagaland,Gandhinagar,PM10,27.6,274.2,45.6,3,Good,16.9,46.6,14.7
Bihar,Banswara,PM10,183.6,466.6,216.9,268,Very Unhealthy,36.2,48.2,4.7
Gujarat,Dehradun,PM2.5,71.1,177.8,99.0,83,Moderate,15.7,35.7,13.0
Uttar Pradesh,Prayagraj,SO2,46.2,319.8,209.3,245,Very Unhealthy,29.2,87.7,13.5
Tamil Nadu,Navi Mumbai,NO2,6.2,189.0,19.5,1,Good,24.2,86.7,7.3
Karnataka,Surat,SO2,113.4,365.5,207.5,241,Very Unhealthy,36.2,87.9,13.8
Rajasthan,Siwan,OZONE,24.2,284.7,256.6,215,Very Unhealthy,35.6,91.1,28.9
Kerala,Vatva,CO,65.8,198.9,160.6,185,Unhealthy,35.0,91.0,8.6
West Bengal,Yadgir,OZONE,199.7,344.7,231.2,288,Very Unhealthy,36.3,58.4,11.2
Rajasthan,Thane,NO2,7.5,132.8,53.3,55,Moderate,29.2,63.4,28.2
Uttar Pradesh,Shivamogga,PM2.5,43.6,263.3,228.1,294,Very Unhealthy,39.6,91.4,29.3
Jammu and Kashmir,Varanasi,PM10,97.3,227.4,113.2,144,Unhealthy for Sensitive Groups,31.9,53.5,26.9
Gujarat,Gummidipoondi,OZONE,70.6,470.3,174.1,195,Unhealthy,39.8,64.9,10.2
Maharashtra,Ludhiana,NH3,41.6,146.5,61.9,93,Moderate,23.7,56.9,10.5
Tripura,Udaipur,CO,148.8,380.3,176.1,153,Unhealthy,24.2,57.5,18.0
Punjab,Baran,PM10,94.4,497.5,184.7,199,Unhealthy,30.7,64.0,20.2
Assam,Asansol,CO,207.9,348.6,257.9,209,Very Unhealthy,26.5,42.5,6.8
Delhi,Baripada,PM10,5.9,248.1,88.5,98,Moderate,20.0,74.0,29.8
Maharashtra,Rourkela,CO,41.7,356.1,164.1,154,Unhealthy,34.4,34.4,4.4
Meghalaya,Keonjhar,OZONE,19.6,263.9,136.7,122,Unhealthy for Sensitive Groups,30.9,48.5,17.2
Uttarakhand,Parbhani,PM10,49.5,103.8,94.9,85,Moderate,34.2,64.0,1.8
Tripura,Dombivli,PM10,123.0,394.8,209.2,254,Very Unhealthy,37.3,52.9,14.1
Puducherry,Angul,PM10,143.5,330.3,184.2,178,Unhealthy,19.2,40.4,11.4
Karnataka,Karwar,PM2.5,95.5,239.4,159.3,164,Unhealthy,22.1,32.9,13.5
Gujarat,Patiala,NO2,81.0,203.1,161.3,174,Unhealthy,20.4,63.7,26.3
Gujarat,Gaya,PM10,63.4,277.6,100.9,460,Hazardous,16.2,44.2,18.3
Sikkim,Madikeri,SO2,0.0,287.3,0.6,37,Good,30.7,76.5,4.7
Maharashtra,Kalyan,NH3,43.4,261.8,46.1,29,Good,29.9,70.2,19.3
Rajasthan,Ahmednagar,OZONE,6.2,410.6,159.5,153,Unhealthy,19.3,53.8,6.7
Telangana,Fatehabad,PM2.5,161.6,489.8,191.2,198,Unhealthy,19.5,74.9,25.9
Assam,Bikaner,PM10,154.3,173.5,171.7,178,Unhealthy,29.1,45.1,15.4
Karnataka,Chandrapur,PM2.5,53.3,323.7,89.6,67,Moderate,28.7,88.5,18.9
Rajasthan,Jodhpur,CO,43.0,491.0,88.0,73,Moderate,34.0,73.4,0.8
Uttarakhand,Machilipatnam,PM10,144.3,225.7,167.9,173,Unhealthy,38.6,56.9,7.2
Delhi,Surat,NO2,10.0,316.9,166.6,175,Unhealthy,31.1,67.6,7.2
Madhya Pradesh,Prayagraj,OZONE,24.5,121.7,93.5,63,Moderate,18.8,78.2,1.2
Rajasthan,Bhiwani,OZONE,115.5,449.8,175.7,164,Unhealthy,26.6,37.5,24.3
Telangana,Khanna,SO2,35.1,425.8,136.4,124,Unhealthy for Sensitive Groups,38.0,40.2,16.7
Gujarat,Karnal,OZONE,97.1,465.6,140.0,130,Unhealthy for Sensitive Groups,24.1,52.2,18.5
Jammu and Kashmir,Amaravati,PM10,60.4,161.9,91.9,56,Moderate,29.3,42.2,5.1
Tripura,Dewas,PM10,116.7,462.8,220.7,234,Very Unhealthy,36.2,42.9,0.2
Andhra Pradesh,Amravati,OZONE,49.1,278.9,202.3,213,Very Unhealthy,33.1,82.0,4.9
Telangana,Fatehabad,NO2,13.2,216.8,18.2,18,Good,37.9,64.4,10.9
Maharashtra,Aizawl,NH3,144.6,365.8,210.2,269,Very Unhealthy,31.4,88.6,7.3
Uttar Pradesh,Rupnagar,PM2.5,106.1,134.8,116.7,149,Unhealthy for Sensitive Groups,37.2,60.7,6.3
Uttar Pradesh,Anantapur,OZONE,115.9,388.3,206.1,259,Very Unhealthy,20.0,67.6,11.7
Karnataka,Chikkamagaluru,PM10,186.9,278.4,217.6,265,Very Unhealthy,29.5,85.0,19.3
West Bengal,Tumidih,PM10,21.2,397.1,36.5,2,Good,27.6,45.9,28.7
Tamil Nadu,Mira-Bhayandar,SO2,79.5,425.8,151.9,152,Unhealthy,30.6,31.8,8.6
Meghalaya,Asansol,OZONE,169.3,387.3,229.3,258,Very Unhealthy,34.9,35.6,21.0
Odisha,Sawai Madhopur,OZONE,2.0,286.2,185.7,171,Unhealthy,23.5,50.8,2.7
Delhi,Ankleshwar,PM10,32.7,457.3,219.2,274,Very Unhealthy,27.3,64.5,2.1
Jharkhand,Thoothukudi,PM2.5,103.3,236.3,194.7,199,Unhealthy,37.2,64.8,28.3
Nagaland,Indore,NO2,4.7,234.0,16.1,50,Good,37.5,47.6,9.4
Kerala,Amritsar,OZONE,41.5,435.3,65.9,61,Moderate,35.8,80.6,28.2
Odisha,Beed,PM2.5,9.1,451.7,207.2,258,Very Unhealthy,28.6,71.6,15.6
Arunachal Pradesh,Bundi,CO,0.6,14.6,4.0,49,Good,18.8,66.8,10.9
Himachal Pradesh,Bhopal,OZONE,88.0,428.8,197.6,185,Unhealthy,32.4,84.3,17.6
Sikkim,Hyderabad,CO,102.7,264.2,254.7,237,Very Unhealthy,17.9,87.9,13.1
Odisha,Munger,SO2,34.7,297.6,76.6,67,Moderate,30.3,69.7,3.5
Bihar,Indore,SO2,30.8,160.3,106.6,143,Unhealthy for Sensitive Groups,26.5,90.8,27.4
Haryana,Bilaspur,OZONE,0.5,272.9,1.9,35,Good,30.0,77.5,13.9
Jammu and Kashmir,Panchgaon,CO,15.8,418.5,232.2,288,Very Unhealthy,28.0,31.3,8.3
Assam,Nellore,SO2,7.5,346.6,54.5,63,Moderate,26.2,38.4,26.5
Chhattisgarh,Fatehabad,PM2.5,5.7,37.5,29.8,28,Good,23.1,72.2,24.8
Tamil Nadu,Raipur,PM10,52.4,498.5,262.5,268,Very Unhealthy,19.5,35.2,11.0
Odisha,Boisar,SO2,3.4,498.9,227.4,298,Very Unhealthy,17.3,33.7,25.0
Andhra Pradesh,Kollam,PM2.5,149.4,311.2,265.5,243,Very Unhealthy,34.3,42.3,19.1
Telangana,Singrauli,PM2.5,46.0,245.9,130.8,141,Unhealthy for Sensitive Groups,16.7,87.5,5.8
Gujarat,Mehsana,OZONE,33.9,376.1,46.3,47,Good,25.0,94.5,19.5
Assam,Bhubaneswar,PM2.5,42.6,484.6,202.4,298,Very Unhealthy,32.9,73.3,26.4
Tripura,Barrackpore,PM10,113.5,373.5,185.7,180,Unhealthy,35.8,41.2,11.0
Himachal Pradesh,Nagaur,NO2,22.7,170.5,120.2,131,Unhealthy for Sensitive Groups,20.7,41.6,10.7
Puducherry,Surat,PM10,158.7,226.8,186.8,199,Unhealthy,32.1,92.8,15.8
Chhattisgarh,Thoothukudi,PM10,11.8,198.7,13.9,50,Good,29.2,77.3,28.5
Sikkim,Jaisalmer,OZONE,218.5,387.6,246.6,234,Very Unhealthy,23.5,39.8,17.8
Bihar,Munger,PM10,221.3,449.8,233.9,241,Very Unhealthy,38.1,50.8,21.3
Andhra Pradesh,Asansol,NO2,39.7,432.7,188.0,199,Unhealthy,38.5,63.2,13.7
Arunachal Pradesh,Beed,PM2.5,130.6,416.4,210.4,256,Very Unhealthy,25.5,35.6,29.5
Puducherry,Pithampur,CO,156.2,392.1,261.7,267,Very Unhealthy,34.7,42.9,10.2
West Bengal,Pali,NH3,124.4,393.2,229.7,290,Very Unhealthy,33.5,73.4,14.9
Jharkhand,Siliguri,SO2,8.3,318.4,9.6,25,Good,36.2,87.3,19.0
Tamil Nadu,Tirupati,PM2.5,31.4,255.9,77.4,73,Moderate,28.6,68.3,0.2
Meghalaya,Virar,PM2.5,133.0,343.5,232.9,244,Very Unhealthy,24.7,77.8,0.9
Karnataka,Jaisalmer,NH3,36.8,493.4,150.4,483,Hazardous,22.5,87.9,27.9
Delhi,Charkhi Dadri,NO2,223.8,251.3,249.6,216,Very Unhealthy,29.7,37.0,0.8
Karnataka,Churu,SO2,33.1,351.2,197.0,166,Unhealthy,33.2,74.8,24.9
Maharashtra,Thrissur,OZONE,39.0,239.6,62.8,72,Moderate,19.9,50.6,8.9
Sikkim,Thane,NO2,40.6,474.7,94.7,83,Moderate,36.6,79.8,1.6
Gujarat,Rajamahendravaram,PM10,89.5,306.7,220.5,235,Very Unhealthy,31.0,81.9,17.2
West Bengal,Mysuru,OZONE,7.0,486.4,102.9,111,Unhealthy for Sensitive Groups,27.6,31.0,6.2
Tamil Nadu,Samastipur,NH3,4.5,183.6,133.5,109,Unhealthy for Sensitive Groups,39.9,90.4,13.3
Chhattisgarh,Tensa,OZONE,119.9,227.6,183.8,187,Unhealthy,38.3,64.2,1.3
Telangana,Kannur,NO2,7.4,299.7,31.0,21,Good,34.2,68.0,21.7
Gujarat,Mysuru,PM10,10.0,473.5,16.6,10,Good,19.9,31.0,18.9
Meghalaya,Damoh,PM2.5,55.9,418.7,89.6,61,Moderate,25.1,33.7,2.3
Uttarakhand,Panipat,PM10,169.0,408.3,191.6,195,Unhealthy,18.5,41.5,6.5
West Bengal,Raipur,PM10,51.8,366.6,197.3,151,Unhealthy,30.0,94.8,5.8
Nagaland,Suakati,PM2.5,51.2,166.9,71.8,56,Moderate,18.5,92.5,15.9
Sikkim,Kashipur,PM10,103.2,344.8,186.6,164,Unhealthy,21.8,75.8,8.3
Nagaland,Durgapur,OZONE,35.4,277.4,225.7,296,Very Unhealthy,21.9,49.5,10.8
Himachal Pradesh,Pithampur,OZONE,23.9,477.2,64.8,97,Moderate,28.9,33.6,18.7
Tripura,Bikaner,PM10,31.5,137.9,56.2,71,Moderate,19.7,91.5,30.0
Chhattisgarh,Bulandshahr,NH3,147.1,424.2,184.3,192,Unhealthy,31.4,95.0,0.3
Tripura,Chandigarh,NO2,1.8,234.0,4.0,4,Good,28.5,52.6,1.1
Puducherry,Vijayapura,NO2,2.6,318.9,101.2,109,Unhealthy for Sensitive Groups,36.5,75.0,29.8
Haryana,Hubballi,OZONE,50.5,449.3,229.7,264,Very Unhealthy,25.8,42.7,23.1
Puducherry,Buxar,SO2,20.1,310.4,97.1,94,Moderate,37.5,61.5,26.3
Puducherry,Nanded,NO2,10.1,379.0,51.2,63,Moderate,28.3,84.4,11.7
Himachal Pradesh,Kannur,CO,95.0,410.4,129.5,135,Unhealthy for Sensitive Groups,36.9,80.3,13.2
Nagaland,Vatva,CO,36.4,326.3,78.4,82,Moderate,22.0,80.9,8.4
Haryana,Thane,PM2.5,6.8,196.2,11.7,9,Good,18.1,30.1,29.8
West Bengal,Churu,SO2,16.4,485.2,188.3,162,Unhealthy,15.8,68.6,17.1
Karnataka,Ankleshwar,NH3,148.5,175.3,148.7,135,Unhealthy for Sensitive Groups,16.3,91.3,16.3
Chhattisgarh,Chandigarh,SO2,149.1,361.4,222.0,239,Very Unhealthy,32.8,82.3,2.2
Puducherry,Gandhinagar,OZONE,41.5,486.8,49.1,8,Good,20.2,31.1,3.8
Uttar Pradesh,Lucknow,NO2,63.1,239.7,201.7,241,Very Unhealthy,38.8,73.1,25.6
Maharashtra,Kishanganj,NH3,3.4,393.0,3.4,6,Good,35.4,38.5,4.1
Assam,Muzaffarpur,CO,19.3,310.5,178.3,153,Unhealthy,17.4,51.0,2.3
Madhya Pradesh,Milupara,PM2.5,164.1,338.4,225.8,259,Very Unhealthy,25.9,44.0,9.4
Chhattisgarh,Barbil,OZONE,165.1,339.4,241.3,203,Very Unhealthy,39.9,80.7,16.2
Uttarakhand,Kadapa,OZONE,67.4,487.0,100.8,406,Hazardous,32.6,93.0,29.1
Chhattisgarh,Amaravati,SO2,41.3,258.5,77.9,89,Moderate,38.6,50.6,21.9
Delhi,Byrnihat,PM2.5,106.8,157.8,116.8,147,Unhealthy for Sensitive Groups,19.0,66.4,22.4
Haryana,Kurukshetra,NH3,1.6,203.8,3.3,17,Good,37.4,63.0,26.9
Bihar,Thiruvananthapuram,NH3,12.5,399.3,20.7,25,Good,29.6,43.2,0.1
Odisha,Virar,NH3,58.6,201.7,122.7,145,Unhealthy for Sensitive Groups,27.1,39.3,5.7
Telangana,Pratapgarh,PM10,76.7,412.0,168.9,176,Unhealthy,38.6,94.7,20.9
Rajasthan,Ulhasnagar,CO,26.6,441.1,234.4,283,Very Unhealthy,36.5,59.6,10.3
Andhra Pradesh,Amravati,NO2,11.8,213.6,81.5,74,Moderate,37.6,76.9,13.6
Tamil Nadu,Raipur,OZONE,80.5,347.9,88.0,61,Moderate,23.4,55.8,1.4
Puducherry,Kota,SO2,148.9,392.7,162.1,189,Unhealthy,25.7,70.5,17.6
Tripura,Saharsa,PM2.5,230.3,284.8,246.2,297,Very Unhealthy,21.2,77.6,0.5
Karnataka,Hanumangarh,SO2,44.5,128.0,54.8,62,Moderate,35.9,75.6,13.8
Bihar,Nagpur,NO2,128.7,203.7,155.4,198,Unhealthy,15.6,71.7,5.3
Sikkim,Jhansi,NO2,62.7,494.7,265.0,288,Very Unhealthy,37.3,50.5,13.8
Uttar Pradesh,Malegaon,PM10,7.8,469.7,53.8,75,Moderate,21.9,34.2,25.2
Uttarakhand,Surat,PM2.5,34.8,102.9,98.9,69,Moderate,28.2,57.4,1.4
Arunachal Pradesh,Raipur,CO,18.4,459.9,82.5,100,Moderate,20.5,81.0,29.2
Jammu and Kashmir,Bundi,NO2,152.9,333.7,224.7,268,Very Unhealthy,37.9,65.8,16.3
Jharkhand,Nagaur,OZONE,12.1,247.9,14.3,40,Good,22.4,82.8,9.5
Chandigarh,Madurai,NO2,55.2,180.0,85.5,88,Moderate,27.1,91.6,24.5
Arunachal Pradesh,Rajgir,NH3,35.4,252.3,113.7,103,Unhealthy for Sensitive Groups,35.1,91.0,12.4
Madhya Pradesh,Rourkela,NH3,56.8,397.4,156.9,168,Unhealthy,21.8,52.9,21.1
Telangana,Mandideep,PM2.5,124.1,205.3,124.1,142,Unhealthy for Sensitive Groups,28.9,60.4,5.6
Jammu and Kashmir,Suakati,PM2.5,153.2,433.6,161.9,191,Unhealthy,23.6,34.1,20.7
West Bengal,Sirohi,SO2,197.8,290.9,259.7,291,Very Unhealthy,29.8,69.8,25.5
Uttarakhand,Rishikesh,NO2,25.2,219.0,38.2,6,Good,15.8,32.7,8.1
Delhi,Jhunjhunu,CO,32.1,209.9,53.5,97,Moderate,15.2,80.3,25.5
Mizoram,Barrackpore,SO2,5.0,465.4,17.7,50,Good,30.8,83.5,17.6
Chhattisgarh,Hubballi,PM10,79.9,425.6,116.4,125,Unhealthy for Sensitive Groups,24.3,37.3,15.4
Tripura,Katihar,OZONE,59.4,405.1,62.4,73,Moderate,36.4,72.5,26.9
Chandigarh,Motihari,NO2,35.5,275.7,88.2,96,Moderate,27.9,49.4,24.9
Puducherry,Bettiah,SO2,71.6,441.1,90.1,83,Moderate,19.7,90.7,9.6
Sikkim,Vatva,CO,2.1,442.9,226.7,277,Very Unhealthy,15.7,60.2,5.1
Tripura,Vrindavan,PM2.5,30.6,205.3,45.2,20,Good,33.9,67.5,27.1
Chandigarh,Chhapra,NO2,51.4,272.8,253.6,210,Very Unhealthy,27.3,43.1,22.0
Chandigarh,Mira-Bhayandar,SO2,9.2,446.2,199.2,191,Unhealthy,21.8,68.6,19.5
Meghalaya,Sawai Madhopur,NH3,32.4,258.3,33.5,38,Good,27.7,87.1,8.7
Tamil Nadu,Dharwad,PM2.5,215.7,331.7,257.5,227,Very Unhealthy,24.8,73.0,1.8
Assam,Arrah,NH3,4.8,284.8,5.2,39,Good,27.2,46.5,8.0
Haryana,Visakhapatnam,SO2,17.7,295.1,64.7,57,Moderate,23.3,44.9,24.7
Uttar Pradesh,Bihar Sharif,PM10,19.8,377.7,31.2,17,Good,24.3,92.4,16.0
Nagaland,Kashipur,CO,114.2,322.7,148.3,137,Unhealthy for Sensitive Groups,23.2,85.0,13.7
Himachal Pradesh,Indore,CO,1.3,169.9,4.5,3,Good,15.9,49.2,17.3
Uttar Pradesh,Bhilwara,PM10,62.2,121.3,78.5,85,Moderate,25.1,91.1,2.4
Jharkhand,Gangtok,PM2.5,157.5,489.2,176.6,167,Unhealthy,24.1,90.0,15.7
Tamil Nadu,Khora,PM10,2.2,407.8,91.2,74,Moderate,20.8,87.2,15.6
Tamil Nadu,Jabalpur,CO,148.0,393.5,194.8,166,Unhealthy,27.1,67.8,8.6
Jharkhand,Dehradun,NH3,47.2,443.7,191.9,151,Unhealthy,15.5,62.3,4.7
Uttar Pradesh,Puducherry,SO2,74.0,453.2,80.7,83,Moderate,17.7,76.8,23.0
Rajasthan,Hapur,SO2,74.8,233.4,112.3,117,Unhealthy for Sensitive Groups,26.9,81.8,16.1
Chandigarh,Tumidih,SO2,10.4,140.6,78.0,54,Moderate,39.6,74.5,0.4
Chandigarh,Bikaner,CO,9.6,127.9,52.1,63,Moderate,18.8,91.1,6.4
Uttar Pradesh,Tensa,CO,30.6,92.5,75.3,79,Moderate,20.0,67.6,7.6
Punjab,Damoh,PM2.5,0.9,207.0,2.1,11,Good,35.5,51.8,14.9
Punjab,Gurugram,PM10,114.3,260.3,141.6,117,Unhealthy for Sensitive Groups,16.2,60.0,2.0
Puducherry,Belapur,PM10,116.5,417.7,137.1,102,Unhealthy for Sensitive Groups,22.9,55.2,8.3
Haryana,Bhubaneswar,CO,47.7,416.3,71.1,76,Moderate,27.8,49.6,5.2
Bihar,Kollam,PM10,100.6,492.0,156.3,199,Unhealthy,29.3,78.2,17.1
Himachal Pradesh,Yamuna Nagar,PM10,32.0,354.1,242.2,276,Very Unhealthy,21.0,93.3,0.2
Assam,Gwalior,PM2.5,56.0,366.1,66.2,77,Moderate,37.0,74.2,5.6
Odisha,Meerut,NO2,107.5,442.9,129.6,141,Unhealthy for Sensitive Groups,28.7,61.0,27.5
Andhra Pradesh,Chikkaballapur,OZONE,14.6,123.3,36.3,14,Good,36.2,46.8,2.8
Assam,Sri Ganganagar,SO2,13.0,354.1,158.9,185,Unhealthy,23.8,59.2,0.9
Sikkim,Karwar,NH3,60.9,242.2,198.3,156,Unhealthy,18.9,93.7,10.4
Madhya Pradesh,Sonipat,NO2,34.6,457.3,258.9,299,Very Unhealthy,24.6,61.0,17.2
Uttar Pradesh,Mehsana,NO2,45.2,306.2,245.0,264,Very Unhealthy,38.8,34.7,5.8
Chandigarh,Muzaffarnagar,SO2,6.9,456.7,204.1,219,Very Unhealthy,34.9,57.9,21.1
Jharkhand,Visakhapatnam,PM2.5,167.0,375.9,193.9,183,Unhealthy,24.7,92.8,16.8
Puducherry,Hingoli,NO2,5.5,357.8,82.3,99,Moderate,31.7,53.2,27.2
Tripura,Hajipur,PM10,44.1,86.6,81.3,99,Moderate,27.7,51.2,24.6
Telangana,Mangalore,PM10,52.8,151.8,142.3,131,Unhealthy for Sensitive Groups,38.8,52.0,17.2
Chandigarh,Kanpur,OZONE,92.6,322.2,175.3,161,Unhealthy,34.2,30.9,22.7
Madhya Pradesh,Kanpur,SO2,132.5,324.7,148.5,139,Unhealthy for Sensitive Groups,18.3,78.9,18.1
Haryana,Patna,PM2.5,13.9,51.1,29.7,32,Good,35.8,73.2,17.9
Himachal Pradesh,Samastipur,OZONE,38.6,492.4,134.3,119,Unhealthy for Sensitive Groups,33.8,89.5,29.3
Bihar,Singrauli,SO2,20.1,406.8,40.5,21,Good,34.0,78.6,17.0
Rajasthan,Asansol,NH3,162.7,411.5,223.2,253,Very Unhealthy,29.1,45.7,25.6
Uttarakhand,Mysuru,PM2.5,16.8,413.9,232.5,245,Very Unhealthy,28.4,78.1,22.3
Maharashtra,Faridabad,OZONE,188.0,290.9,228.1,251,Very Unhealthy,35.3,67.7,23.9
Kerala,Bhagalpur,CO,244.3,378.6,265.1,295,Very Unhealthy,22.2,86.6,18.8
Andhra Pradesh,Eluru,PM10,43.6,298.5,243.1,266,Very Unhealthy,39.7,80.3,5.2
Meghalaya,Badlapur,SO2,27.4,425.9,226.7,269,Very Unhealthy,24.7,78.7,22.0
Punjab,Rairangpur,PM10,50.1,424.6,91.2,56,Moderate,26.4,38.2,26.2
Uttar Pradesh,Bhiwani,SO2,15.0,263.5,59.5,93,Moderate,16.0,59.6,7.8
Tripura,Pampore,SO2,19.2,90.5,89.4,100,Moderate,26.0,69.2,28.6
Telangana,Suakati,OZONE,28.6,129.0,105.3,146,Unhealthy for Sensitive Groups,27.9,92.0,7.4
Kerala,Kolkata,PM2.5,48.6,137.3,102.5,107,Unhealthy for Sensitive Groups,25.6,77.6,0.0
Assam,Ahmednagar,PM10,112.3,355.1,212.0,256,Very Unhealthy,39.7,63.3,17.2
Chandigarh,Kalaburagi,NO2,28.9,335.2,109.5,102,Unhealthy for Sensitive Groups,32.0,83.5,29.2
Chhattisgarh,Ajmer,PM2.5,69.8,335.9,179.2,172,Unhealthy,27.2,33.8,19.0
Chandigarh,Purnia,NO2,0.9,96.4,1.2,31,Good,37.9,72.6,5.4
Gujarat,Agra,NH3,15.8,87.7,46.0,49,Good,17.0,30.3,7.2
Madhya Pradesh,Navi Mumbai,PM2.5,245.3,383.6,256.8,293,Very Unhealthy,31.5,49.3,22.0
Haryana,Badlapur,SO2,9.1,440.7,51.0,89,Moderate,33.7,62.8,28.1
Karnataka,Bagalkot,PM10,12.1,85.4,60.1,91,Moderate,18.0,72.0,3.9
Delhi,Bhopal,NH3,70.1,291.1,79.2,53,Moderate,37.5,77.9,8.9
Nagaland,Chandigarh,SO2,36.0,423.4,45.3,22,Good,17.3,51.5,5.0
Puducherry,Bahadurgarh,NH3,2.5,275.3,43.6,6,Good,18.2,86.1,21.0
Sikkim,Chhapra,NO2,120.3,382.1,174.9,151,Unhealthy,34.1,71.9,6.7
Madhya Pradesh,Raipur,CO,14.5,379.8,213.7,255,Very Unhealthy,16.9,31.7,0.7
Uttar Pradesh,Katihar,NH3,108.8,461.9,227.8,266,Very Unhealthy,31.1,67.0,8.2
West Bengal,Agartala,PM10,229.1,499.4,246.2,262,Very Unhealthy,31.9,87.6,7.6
Chandigarh,Fatehabad,PM2.5,97.5,307.8,229.7,239,Very Unhealthy,25.9,86.7,25.4
Sikkim,Machilipatnam,OZONE,1.2,245.0,20.7,19,Good,29.5,80.8,4.3
Madhya Pradesh,Hanumangarh,NH3,7.6,417.8,14.0,38,Good,38.9,84.8,28.5
Tripura,Jalore,SO2,25.5,351.0,257.6,242,Very Unhealthy,15.8,81.6,10.7
Tamil Nadu,Dharuhera,NO2,88.8,336.9,255.0,227,Very Unhealthy,30.9,82.8,4.2
Andhra Pradesh,Rajsamand,OZONE,109.3,411.9,196.1,178,Unhealthy,29.7,50.7,14.6
Haryana,Sawai Madhopur,PM2.5,0.3,342.8,0.7,32,Good,30.5,50.6,7.1
Bihar,Byasanagar,NH3,204.4,330.3,210.9,211,Very Unhealthy,30.9,84.3,20.4
West Bengal,Kalyan,SO2,36.0,362.1,65.7,75,Moderate,20.1,94.3,6.6
Madhya Pradesh,Narnaul,PM2.5,57.7,304.4,102.3,127,Unhealthy for Sensitive Groups,22.0,71.5,27.7
Haryana,Bhiwadi,PM2.5,19.1,421.0,202.2,284,Very Unhealthy,37.6,80.5,7.1
Odisha,Bhagalpur,NO2,21.4,208.3,61.1,100,Moderate,25.6,74.5,29.5
Andhra Pradesh,Muzaffarnagar,NO2,38.2,123.0,66.0,78,Moderate,35.9,62.5,6.7
Rajasthan,Ajmer,PM2.5,121.9,268.0,218.9,220,Very Unhealthy,28.7,84.6,25.3
Andhra Pradesh,Aurangabad,PM10,4.7,142.3,135.4,137,Unhealthy for Sensitive Groups,19.5,71.3,13.4
Uttarakhand,Mandideep,NO2,43.7,437.7,113.2,104,Unhealthy for Sensitive Groups,35.8,49.7,11.9
Sikkim,Pimpri-Chinchwad,OZONE,1.5,487.3,44.3,21,Good,20.9,77.5,18.0
Jammu and Kashmir,Manesar,PM10,94.8,499.1,257.4,266,Very Unhealthy,30.4,77.3,27.1
Andhra Pradesh,Saharsa,SO2,41.6,332.5,152.8,173,Unhealthy,34.3,45.1,16.9
Uttar Pradesh,Bathinda,NH3,55.0,434.9,55.4,54,Moderate,37.3,30.0,5.5
Haryana,Baghpat,OZONE,57.8,401.7,174.6,172,Unhealthy,30.0,33.6,20.0
Uttarakhand,Shillong,NH3,3.2,148.5,29.7,41,Good,38.0,89.5,3.4
Chandigarh,Kohima,PM2.5,22.7,210.6,139.4,104,Unhealthy for Sensitive Groups,22.1,44.9,13.7
Delhi,Boisar,NH3,67.7,355.3,155.1,197,Unhealthy,32.0,59.5,5.3
Chhattisgarh,Madikeri,PM2.5,94.6,439.9,164.9,168,Unhealthy,33.3,87.6,18.7
Uttarakhand,Amravati,NH3,21.8,346.8,27.3,43,Good,35.5,64.4,18.2
Jharkhand,Ahmedabad,NH3,65.6,436.6,203.9,245,Very Unhealthy,18.7,44.2,21.2
Chandigarh,Vapi,SO2,44.7,383.0,91.5,82,Moderate,20.4,82.8,24.8
Mizoram,Asansol,SO2,107.5,404.5,169.4,186,Unhealthy,32.2,60.2,15.5
Puducherry,Chamarajanagar,PM2.5,130.4,401.7,146.0,107,Unhealthy for Sensitive Groups,17.9,50.8,6.8
Arunachal Pradesh,Jhalawar,NH3,24.8,414.3,74.1,80,Moderate,38.1,53.9,23.8
Tamil Nadu,Bhopal,NH3,168.1,367.4,191.7,198,Unhealthy,39.3,43.1,1.9
Odisha,Gandhinagar,OZONE,2.9,386.1,45.4,29,Good,16.0,87.0,2.2
Uttar Pradesh,Guwahati,CO,7.5,408.0,48.4,24,Good,17.0,81.1,18.6
Arunachal Pradesh,Beed,NH3,0.9,94.6,43.3,15,Good,36.8,42.4,12.2
Meghalaya,Kolkata,PM2.5,65.5,348.2,231.7,242,Very Unhealthy,24.5,53.4,3.2
Sikkim,Muzaffarpur,OZONE,27.9,249.4,193.3,196,Unhealthy,16.1,39.8,28.3
Punjab,Kurukshetra,NH3,112.2,242.9,128.4,108,Unhealthy for Sensitive Groups,23.1,62.7,10.2
West Bengal,Gwalior,NO2,44.7,183.3,103.1,105,Unhealthy for Sensitive Groups,25.3,39.5,19.7
Puducherry,Noida,NO2,78.1,425.0,150.7,371,Hazardous,18.1,31.9,3.5
Jharkhand,Muzaffarpur,PM10,0.4,55.5,2.3,6,Good,36.0,32.7,13.5
Telangana,Cuddalore,SO2,149.2,253.7,153.8,187,Unhealthy,31.9,71.9,15.2
Tamil Nadu,Baghpat,PM10,82.4,326.2,135.5,102,Unhealthy for Sensitive Groups,29.3,30.3,27.9
Meghalaya,Meerut,PM10,10.2,433.7,36.5,29,Good,39.9,34.8,12.0
Karnataka,Baghpat,NO2,30.2,397.4,220.4,276,Very Unhealthy,25.0,69.6,15.0
Sikkim,Guwahati,CO,33.1,401.9,65.0,93,Moderate,23.6,60.6,7.0
Jammu and Kashmir,Sasaram,SO2,22.0,51.9,32.3,48,Good,25.4,73.7,21.0
Punjab,Manesar,NO2,68.4,487.4,115.7,105,Unhealthy for Sensitive Groups,25.8,81.1,7.7
West Bengal,Mangalore,PM2.5,58.0,320.6,82.5,83,Moderate,25.3,65.9,10.9
Punjab,Byrnihat,OZONE,60.2,302.7,110.0,107,Unhealthy for Sensitive Groups,23.7,66.5,3.8
Uttar Pradesh,Panipat,PM2.5,158.2,495.8,164.1,155,Unhealthy,34.0,91.9,22.3
Bihar,Byasanagar,CO,3.9,240.6,11.7,29,Good,29.3,68.0,25.1
Jharkhand,Sagar,OZONE,85.8,453.0,162.9,199,Unhealthy,37.3,84.8,24.2
Mizoram,Modinagar,PM2.5,12.2,408.3,108.3,120,Unhealthy for Sensitive Groups,18.3,39.1,28.9
Chandigarh,Kollam,OZONE,14.9,123.6,35.3,33,Good,25.5,49.0,7.7
Telangana,Jalandhar,OZONE,9.0,413.2,12.4,29,Good,27.8,85.4,20.0
Puducherry,Ahmednagar,NH3,122.8,319.6,176.3,166,Unhealthy,37.4,34.3,29.8
Karnataka,Pali,CO,63.5,267.3,208.2,226,Very Unhealthy,27.2,62.4,17.8
Maharashtra,Shivamogga,NH3,148.1,479.6,250.2,242,Very Unhealthy,30.5,53.7,25.4
Jammu and Kashmir,Bihar Sharif,NH3,0.7,246.6,171.2,166,Unhealthy,16.1,49.3,18.5
Madhya Pradesh,Guntur,PM10,135.5,142.4,140.8,120,Unhealthy for Sensitive Groups,35.5,32.4,26.7
Madhya Pradesh,Kurukshetra,NH3,8.7,36.2,13.2,44,Good,34.1,87.8,19.6
Kerala,Vrindavan,SO2,108.1,370.8,110.8,130,Unhealthy for Sensitive Groups,19.7,82.0,23.5
Arunachal Pradesh,Kalyan,PM2.5,0.8,389.9,59.8,69,Moderate,26.8,79.0,24.6
Haryana,Faridabad,PM10,62.4,104.9,71.7,81,Moderate,36.4,47.4,16.7
Sikkim,Vadodara,CO,45.8,106.8,98.7,66,Moderate,15.9,42.1,10.0
Sikkim,Arrah,NH3,68.4,419.7,141.2,141,Unhealthy for Sensitive Groups,29.4,86.1,18.2
Telangana,Baran,CO,30.5,449.8,39.5,0,Good,17.6,49.7,10.0
Bihar,Chikkaballapur,SO2,128.6,342.6,187.4,174,Unhealthy,20.0,83.0,16.0
Jammu and Kashmir,Begusarai,OZONE,141.9,383.3,230.9,201,Very Unhealthy,17.8,55.5,18.7
Odisha,Durgapur,NH3,14.8,388.7,31.2,15,Good,19.1,50.6,16.4
Karnataka,Guwahati,PM10,153.2,417.1,196.9,173,Unhealthy,24.3,77.8,3.4
Meghalaya,Barbil,SO2,2.3,343.3,3.9,4,Good,17.9,77.9,2.5
Rajasthan,Katihar,OZONE,126.3,381.3,203.7,228,Very Unhealthy,32.2,62.1,28.9
Haryana,Kunjemura,SO2,89.5,351.8,178.8,158,Unhealthy,22.3,67.4,29.5
Maharashtra,Hingoli,OZONE,71.6,429.7,157.1,156,Unhealthy,30.4,70.8,14.5
Jammu and Kashmir,Gadag,OZONE,130.3,340.0,196.4,178,Unhealthy,20.0,67.6,14.6
Nagaland,Chhapra,PM2.5,1.6,446.1,180.9,154,Unhealthy,35.6,88.5,20.5
Himachal Pradesh,Mehsana,SO2,22.8,100.2,92.4,61,Moderate,17.2,68.6,14.2
Telangana,Damoh,PM2.5,5.7,374.7,16.4,7,Good,39.6,61.7,21.8
Assam,Chikkaballapur,SO2,7.7,259.1,51.0,69,Moderate,17.6,35.3,3.9
Arunachal Pradesh,Kanpur,NH3,28.7,343.6,221.8,277,Very Unhealthy,38.3,70.0,11.3
Uttarakhand,Kollam,NO2,3.9,213.5,93.7,69,Moderate,32.2,61.4,23.2
Rajasthan,Satna,OZONE,5.9,298.1,7.3,38,Good,36.8,32.0,20.5
Tripura,Dausa,PM10,24.5,445.2,261.4,272,Very Unhealthy,35.5,73.6,21.5
Delhi,Kohima,CO,103.6,183.8,125.8,124,Unhealthy for Sensitive Groups,23.6,61.8,29.2
Chhattisgarh,Panipat,PM10,54.1,257.7,189.7,172,Unhealthy,34.4,88.4,17.2
Kerala,Pratapgarh,PM10,82.4,322.2,172.6,177,Unhealthy,36.7,91.5,24.8
Mizoram,Bhiwani,SO2,6.7,417.3,125.5,125,Unhealthy for Sensitive Groups,20.3,57.9,15.6
Maharashtra,Patiala,NO2,42.7,257.0,238.0,283,Very Unhealthy,29.2,30.1,11.4
West Bengal,Gaya,CO,21.0,427.4,149.1,133,Unhealthy for Sensitive Groups,35.6,49.7,12.9
Uttarakhand,Gurugram,NH3,75.4,192.2,84.0,83,Moderate,15.8,91.8,3.5
Madhya Pradesh,Sikar,CO,43.9,407.0,179.4,180,Unhealthy,28.2,47.4,0.4
Madhya Pradesh,Arrah,NH3,18.6,243.4,205.1,239,Very Unhealthy,24.4,78.7,2.1
Haryana,Coimbatore,SO2,38.0,337.6,140.2,135,Unhealthy for Sensitive Groups,21.7,46.9,13.1
Assam,Howrah,NO2,42.3,434.1,85.7,60,Moderate,38.1,58.5,2.0
Gujarat,Tumidih,OZONE,64.7,278.5,75.5,59,Moderate,38.2,75.2,22.8
Chandigarh,Mahad,PM10,21.1,495.8,192.9,199,Unhealthy,26.4,66.4,3.5
Haryana,Ambala,NO2,32.2,472.9,66.5,92,Moderate,31.9,42.7,8.5
Delhi,Jaipur,OZONE,35.8,369.1,38.4,46,Good,30.9,83.0,24.4
Mizoram,Charkhi Dadri,NO2,10.4,79.1,32.2,46,Good,23.8,86.6,15.5
Delhi,Haldia,NO2,35.5,164.1,153.2,197,Unhealthy,39.6,93.7,17.6
Madhya Pradesh,Rajsamand,OZONE,102.7,433.0,249.8,270,Very Unhealthy,38.3,58.7,19.4
Delhi,Jalna,NO2,29.6,322.1,114.5,137,Unhealthy for Sensitive Groups,20.6,38.9,23.6
Uttar Pradesh,Keonjhar,PM10,93.2,398.7,120.8,111,Unhealthy for Sensitive Groups,17.2,58.3,1.4
Telangana,Vadodara,CO,37.6,442.7,40.9,44,Good,26.9,83.7,1.5
Haryana,Lucknow,NH3,0.2,476.7,4.7,46,Good,25.4,62.3,15.3
Tamil Nadu,Bhavnagar,PM10,37.4,467.9,63.7,100,Moderate,38.6,54.5,22.0
Rajasthan,Agartala,PM10,35.8,208.0,193.2,159,Unhealthy,19.7,56.6,14.3
Uttar Pradesh,Rajkot,CO,80.2,490.9,218.7,260,Very Unhealthy,37.3,86.0,6.5
Telangana,Bundi,NH3,60.7,357.1,156.6,155,Unhealthy,15.1,87.0,14.5
Jammu and Kashmir,Thane,SO2,30.1,468.5,98.6,62,Moderate,17.2,38.7,8.4
Nagaland,Hyderabad,SO2,62.1,266.9,228.0,202,Very Unhealthy,16.0,67.7,10.6
Delhi,Kolhapur,PM10,115.2,418.0,185.4,181,Unhealthy,26.4,42.3,7.9
Odisha,Thiruvananthapuram,PM10,21.8,311.4,182.8,191,Unhealthy,29.9,65.0,15.8
Sikkim,Karnal,PM2.5,68.8,426.5,87.3,91,Moderate,34.0,47.1,17.6
Telangana,Barbil,CO,12.6,117.5,50.7,436,Hazardous,36.5,35.5,18.3
Himachal Pradesh,Hajipur,NO2,67.0,288.0,84.4,59,Moderate,27.9,90.7,4.9
Karnataka,Bihar Sharif,SO2,158.1,437.1,237.5,225,Very Unhealthy,28.3,92.7,16.8
Maharashtra,Samastipur,SO2,48.3,445.4,85.4,82,Moderate,18.2,85.1,11.4
Sikkim,Damoh,CO,119.2,217.1,160.0,158,Unhealthy,28.0,48.3,23.0
Bihar,Siwan,NO2,205.0,422.8,205.4,242,Very Unhealthy,18.4,61.0,20.2
Chhattisgarh,Singrauli,SO2,14.1,473.8,21.2,32,Good,31.3,71.4,11.6
Haryana,Bileipada,NO2,174.5,259.8,203.4,270,Very Unhealthy,27.6,82.5,17.4
Himachal Pradesh,Dombivli,OZONE,213.0,445.7,241.7,240,Very Unhealthy,25.5,77.8,14.2
Jammu and Kashmir,Charkhi Dadri,OZONE,135.7,375.3,216.8,278,Very Unhealthy,24.9,87.9,16.5
Odisha,Mandi Gobindgarh,SO2,29.5,259.1,122.0,118,Unhealthy for Sensitive Groups,25.6,49.2,1.2
Haryana,Bihar Sharif,PM2.5,46.9,401.3,84.3,92,Moderate,28.8,51.0,0.1
Mizoram,Jind,PM2.5,154.9,365.4,191.3,180,Unhealthy,29.6,37.2,14.0
Maharashtra,Katni,OZONE,92.9,381.6,142.9,109,Unhealthy for Sensitive Groups,30.8,35.9,25.8
Haryana,Malegaon,NH3,10.9,216.5,137.7,142,Unhealthy for Sensitive Groups,37.5,59.7,27.2
Meghalaya,Belapur,PM2.5,126.1,439.6,191.0,158,Unhealthy,28.0,71.4,6.3
Kerala,Chandigarh,OZONE,7.1,79.8,27.8,37,Good,17.6,84.3,25.3
Arunachal Pradesh,Delhi,NH3,54.2,235.8,196.4,191,Unhealthy,28.0,63.4,2.5
Telangana,Gaya,PM10,23.0,257.4,122.2,128,Unhealthy for Sensitive Groups,27.4,87.4,8.7
Tamil Nadu,Charkhi Dadri,PM10,2.5,483.8,3.3,22,Good,32.5,34.1,8.8
Rajasthan,Bathinda,CO,68.8,445.8,142.4,128,Unhealthy for Sensitive Groups,28.7,63.2,1.4
Delhi,Vijayawada,PM2.5,47.8,179.9,120.6,138,Unhealthy for Sensitive Groups,21.5,79.6,18.0
Kerala,Durgapur,NO2,166.4,324.7,231.1,276,Very Unhealthy,21.8,52.6,16.5
Jharkhand,Katihar,PM2.5,27.7,339.9,33.8,41,Good,16.3,74.0,27.5
Assam,Panchkula,CO,89.7,353.1,123.6,118,Unhealthy for Sensitive Groups,25.7,83.0,25.2
Tamil Nadu,Sawai Madhopur,NO2,49.8,357.5,55.5,82,Moderate,36.4,38.1,13.9
Madhya Pradesh,Hingoli,PM10,111.1,286.7,114.3,119,Unhealthy for Sensitive Groups,22.5,86.2,29.0
Haryana,Malegaon,NH3,5.8,315.7,188.8,171,Unhealthy,15.7,75.4,2.8
Maharashtra,Bilaspur,CO,25.0,324.6,38.6,5,Good,26.2,74.2,0.8
Haryana,Srinagar,NH3,21.9,374.7,134.2,138,Unhealthy for Sensitive Groups,23.4,37.3,0.4
Chhattisgarh,Satna,PM10,206.7,364.1,253.0,207,Very Unhealthy,39.5,40.6,9.2
Arunachal Pradesh,Boisar,PM10,17.8,174.8,37.4,31,Good,30.9,33.0,29.1
Bihar,Machilipatnam,PM2.5,27.0,167.8,79.4,97,Moderate,24.7,61.8,24.5
Nagaland,Narnaul,PM10,54.8,128.3,56.4,82,Moderate,34.9,78.5,14.5
Puducherry,Rupnagar,SO2,240.9,296.6,245.0,275,Very Unhealthy,29.6,36.2,5.5
Chhattisgarh,Katni,PM10,144.9,476.6,147.8,133,Unhealthy for Sensitive Groups,39.8,62.7,2.7
Sikkim,Dholpur,CO,94.9,415.3,174.3,161,Unhealthy,39.8,85.2,26.7
Jharkhand,Silchar,PM2.5,66.8,316.5,68.3,56,Moderate,38.3,39.3,8.1
Delhi,Amaravati,PM2.5,122.8,302.9,190.2,187,Unhealthy,24.4,56.1,17.5
Punjab,Suakati,PM10,91.2,271.5,243.1,294,Very Unhealthy,23.7,75.3,22.0
Rajasthan,Jalgaon,SO2,133.8,189.1,153.1,163,Unhealthy,31.4,89.6,9.6
Jammu and Kashmir,Kota,CO,4.0,191.7,24.3,0,Good,38.0,48.8,28.9
Uttarakhand,Bundi,PM2.5,84.7,218.4,99.5,72,Moderate,26.1,94.4,10.4
Gujarat,Naharlagun,PM10,53.4,365.2,214.3,227,Very Unhealthy,21.6,63.0,15.6
Delhi,Tirupati,PM2.5,61.8,491.1,235.0,273,Very Unhealthy,35.9,45.6,17.7
Arunachal Pradesh,Kohima,NH3,25.6,438.0,254.8,287,Very Unhealthy,34.8,66.9,10.3
Andhra Pradesh,Buxar,CO,23.7,268.5,209.9,292,Very Unhealthy,29.6,54.8,9.4
Haryana,Gorakhpur,NO2,38.1,450.1,104.8,125,Unhealthy for Sensitive Groups,30.9,45.0,23.5
Delhi,Bagalkot,PM2.5,17.7,155.2,30.7,50,Good,26.8,86.6,23.3
Himachal Pradesh,Vadodara,NH3,73.4,413.2,170.9,193,Unhealthy,29.8,58.2,29.9
Andhra Pradesh,Milupara,PM10,155.9,302.6,206.4,294,Very Unhealthy,34.0,87.6,1.1
Haryana,Pali,PM10,230.3,404.8,233.0,227,Very Unhealthy,30.9,69.1,21.2
Arunachal Pradesh,Faridabad,CO,57.9,390.6,80.7,79,Moderate,31.9,84.2,13.5
Meghalaya,Vijayapura,CO,43.5,214.0,62.9,98,Moderate,36.3,72.7,23.9
Punjab,Ajmer,PM10,68.7,499.1,73.2,94,Moderate,29.8,86.7,4.1
Tripura,Bettiah,NO2,7.2,24.5,9.6,34,Good,18.6,87.0,19.5
Sikkim,Chhapra,NH3,162.7,324.6,211.8,291,Very Unhealthy,39.2,83.4,10.3
Kerala,Katihar,PM2.5,26.6,256.8,30.4,40,Good,35.8,85.1,14.3
Mizoram,Mandikhera,SO2,51.9,406.6,60.9,96,Moderate,27.3,81.4,5.6
Karnataka,Sasaram,SO2,24.1,348.6,99.9,85,Moderate,21.6,92.4,17.4
Uttarakhand,Balasore,NO2,0.8,480.9,4.7,40,Good,36.7,72.5,22.4
Bihar,Chhapra,PM2.5,5.5,457.5,119.3,139,Unhealthy for Sensitive Groups,30.8,93.3,0.5
Arunachal Pradesh,Nagaon,CO,47.8,374.9,118.6,144,Unhealthy for Sensitive Groups,17.3,89.4,20.4
Chhattisgarh,Churu,OZONE,1.6,172.2,10.9,26,Good,29.3,87.1,22.4
Kerala,Bihar Sharif,PM2.5,26.9,271.5,119.9,118,Unhealthy for Sensitive Groups,36.7,72.2,27.4
Punjab,Chhapra,SO2,44.6,193.9,169.3,186,Unhealthy,36.9,87.8,17.9
Kerala,Manesar,NO2,50.4,74.0,54.6,60,Moderate,15.1,54.3,14.3
Gujarat,Banswara,NH3,3.8,125.0,43.8,25,Good,24.8,50.3,17.9
Sikkim,Ahmednagar,NO2,121.9,420.8,143.0,105,Unhealthy for Sensitive Groups,36.8,62.6,23.2
Meghalaya,Raebareli,PM10,17.0,387.9,20.1,12,Good,25.7,80.8,9.4
West Bengal,Shivamogga,SO2,45.9,265.9,134.9,135,Unhealthy for Sensitive Groups,22.2,54.5,22.0
Jammu and Kashmir,Rajkot,PM10,12.0,185.2,130.3,114,Unhealthy for Sensitive Groups,34.0,67.4,4.2
Kerala,Parbhani,PM10,115.4,348.5,195.8,181,Unhealthy,21.3,72.6,17.2
Arunachal Pradesh,Mumbai,OZONE,191.6,302.3,261.2,245,Very Unhealthy,31.5,94.6,6.6
Gujarat,Modinagar,CO,128.7,218.4,198.2,176,Unhealthy,17.3,88.9,8.2
Meghalaya,Jhunjhunu,SO2,186.5,339.4,215.0,217,Very Unhealthy,16.9,75.1,22.1
Mizoram,Malegaon,SO2,67.2,238.9,90.1,87,Moderate,39.3,88.0,19.3
Himachal Pradesh,Mandi Gobindgarh,OZONE,3.6,360.2,20.9,8,Good,17.0,58.1,25.7
Meghalaya,Kalyan,NO2,51.1,247.2,208.9,265,Very Unhealthy,19.3,84.2,21.7
Sikkim,Kishanganj,PM10,1.6,284.4,42.0,40,Good,23.3,39.8,13.0
Rajasthan,Dausa,PM2.5,2.5,118.0,60.0,82,Moderate,31.6,31.0,11.9
Telangana,Bihar Sharif,OZONE,19.6,461.6,77.7,78,Moderate,36.3,38.1,16.6
Punjab,Sonipat,SO2,22.9,226.4,69.6,51,Moderate,22.3,58.2,13.8
Arunachal Pradesh,Hapur,SO2,149.8,430.9,166.9,177,Unhealthy,24.2,44.7,29.7
Meghalaya,Kolkata,OZONE,104.3,242.3,136.7,108,Unhealthy for Sensitive Groups,34.4,87.0,4.3
Chandigarh,Latur,NH3,78.9,386.6,179.6,175,Unhealthy,27.8,46.1,3.2
Bihar,Meerut,NH3,106.0,297.5,180.2,179,Unhealthy,23.0,84.7,2.2
Chandigarh,Srinagar,PM2.5,122.3,378.3,233.7,241,Very Unhealthy,21.3,73.9,5.2
Uttarakhand,Pimpri-Chinchwad,PM2.5,5.2,211.7,6.9,33,Good,21.5,44.2,18.1
Bihar,Mahad,PM2.5,18.6,473.0,29.9,28,Good,30.2,35.7,8.1
Jammu and Kashmir,Mehsana,OZONE,180.4,218.9,218.6,282,Very Unhealthy,33.9,33.4,7.0
Chhattisgarh,Gurugram,CO,59.4,420.8,134.0,101,Unhealthy for Sensitive Groups,24.1,77.7,28.1
Haryana,Aurangabad,PM2.5,29.9,102.0,94.4,54,Moderate,39.2,42.3,28.9
Telangana,Agartala,OZONE,111.5,412.2,260.0,284,Very Unhealthy,17.7,44.4,27.6
Haryana,Cuddalore,OZONE,2.3,156.3,126.3,150,Unhealthy for Sensitive Groups,25.0,64.8,7.0
Chandigarh,Barbil,PM10,43.0,419.2,245.3,214,Very Unhealthy,38.6,80.5,6.2
Odisha,Varanasi,NO2,30.1,191.9,43.4,41,Good,35.1,73.4,24.9
Gujarat,Modinagar,SO2,57.3,489.8,72.8,59,Moderate,19.3,73.1,2.2
Himachal Pradesh,Udaipur,PM2.5,29.3,289.0,98.0,66,Moderate,37.1,61.0,14.5
Puducherry,Baddi,NH3,61.2,288.0,100.5,322,Hazardous,37.1,82.0,14.9
Karnataka,Keonjhar,OZONE,1.1,97.8,2.3,25,Good,36.2,47.5,1.2
Sikkim,Modinagar,PM10,53.0,338.5,76.0,73,Moderate,36.3,70.2,1.0
Assam,Hubballi,PM2.5,181.2,313.8,182.2,157,Unhealthy,23.6,50.1,10.6
Telangana,Udaipur,CO,91.1,303.7,133.3,129,Unhealthy for Sensitive Groups,19.1,75.9,0.0
Meghalaya,Kannur,SO2,7.5,485.5,75.0,83,Moderate,36.7,50.0,16.5
Haryana,Jhunjhunu,NO2,83.2,339.7,126.6,117,Unhealthy for Sensitive Groups,17.1,85.4,8.3
Gujarat,Baddi,OZONE,2.6,120.4,2.7,27,Good,30.9,34.7,26.7
Odisha,Hanumangarh,NH3,17.7,379.0,38.6,21,Good,17.6,61.1,10.9
Meghalaya,Mandi Gobindgarh,OZONE,20.9,289.2,167.4,195,Unhealthy,18.3,50.1,29.1
Chandigarh,Boisar,OZONE,85.7,366.6,209.2,238,Very Unhealthy,22.6,36.0,29.9
Jharkhand,Visakhapatnam,PM2.5,69.2,155.5,143.1,111,Unhealthy for Sensitive Groups,22.4,82.6,2.3
Haryana,Chhal,CO,49.1,209.0,102.1,128,Unhealthy for Sensitive Groups,23.7,35.2,14.5
Gujarat,Srinagar,PM10,0.2,420.7,0.4,10,Good,38.3,41.2,8.5
Uttarakhand,Arrah,NH3,40.9,266.8,126.3,106,Unhealthy for Sensitive Groups,32.1,81.5,5.6
Assam,Mandideep,SO2,12.7,279.5,210.0,221,Very Unhealthy,31.7,48.5,6.7
Chandigarh,Gandhinagar,SO2,24.1,478.7,112.0,146,Unhealthy for Sensitive Groups,28.6,69.1,1.8
Punjab,Baripada,PM10,108.9,354.5,153.1,168,Unhealthy,19.2,85.9,5.0
Rajasthan,Rishikesh,NH3,1.0,294.8,1.9,8,Good,28.8,31.2,5.9
Delhi,Amaravati,NO2,24.2,239.2,75.1,73,Moderate,18.3,61.2,21.9
Himachal Pradesh,Mahad,PM10,33.4,357.4,90.4,94,Moderate,27.0,86.9,19.5
Nagaland,Bulandshahr,NO2,89.3,415.4,142.6,102,Unhealthy for Sensitive Groups,38.3,69.8,25.6
Jammu and Kashmir,Asansol,OZONE,49.9,322.8,184.4,183,Unhealthy,38.7,44.3,17.5
Tripura,Alwar,PM10,171.5,264.5,232.1,249,Very Unhealthy,17.6,71.5,21.3
Assam,Rajgir,PM2.5,8.2,330.6,175.7,169,Unhealthy,24.3,67.5,4.4
Puducherry,Rajgir,SO2,136.5,381.8,194.2,180,Unhealthy,21.2,50.4,9.9
Madhya Pradesh,Ahmednagar,OZONE,53.4,127.3,110.1,126,Unhealthy for Sensitive Groups,22.8,31.1,22.0
Tripura,Pimpri-Chinchwad,NH3,162.0,251.6,242.1,255,Very Unhealthy,16.2,61.3,4.8
Haryana,Chhal,PM2.5,4.6,396.0,188.4,160,Unhealthy,34.4,80.2,7.3
Assam,Solapur,SO2,45.6,130.3,107.1,109,Unhealthy for Sensitive Groups,18.6,93.2,24.7
Karnataka,Kolkata,CO,48.9,384.4,129.0,117,Unhealthy for Sensitive Groups,30.3,83.8,24.6
Nagaland,Madurai,NO2,180.2,470.6,213.6,209,Very Unhealthy,27.5,46.0,17.3
Gujarat,Bahadurgarh,NH3,125.0,396.5,184.8,162,Unhealthy,31.1,47.9,28.9
Haryana,Byasanagar,PM2.5,30.0,213.2,97.7,60,Moderate,36.0,75.4,2.5
Meghalaya,Amaravati,NO2,147.5,461.4,245.8,201,Very Unhealthy,33.5,82.7,6.2
Kerala,Ulhasnagar,NO2,49.9,209.4,116.9,144,Unhealthy for Sensitive Groups,34.5,83.2,13.1
West Bengal,Thane,NO2,4.3,458.0,20.1,38,Good,34.6,86.7,23.8
Punjab,Modinagar,OZONE,38.6,180.9,150.6,309,Hazardous,18.9,52.6,5.7
Rajasthan,Ajmer,OZONE,8.3,156.6,152.8,164,Unhealthy,21.4,88.2,25.3
Karnataka,Rourkela,NO2,17.9,263.8,136.9,109,Unhealthy for Sensitive Groups,31.3,31.1,19.3
Kerala,Khurja,OZONE,3.0,203.4,5.3,11,Good,24.4,40.3,9.8
Punjab,Pali,NO2,39.0,467.9,99.1,56,Moderate,27.1,91.7,9.0
Puducherry,Nagpur,NO2,26.0,237.7,172.6,194,Unhealthy,34.8,63.0,25.4
Meghalaya,Manesar,OZONE,47.9,306.3,207.5,225,Very Unhealthy,28.5,63.4,23.2
Assam,Baghpat,PM2.5,154.4,266.1,245.8,253,Very Unhealthy,36.3,90.3,21.5
Punjab,Hapur,CO,30.3,296.7,109.0,139,Unhealthy for Sensitive Groups,23.4,83.8,28.4
Uttar Pradesh,Samastipur,SO2,85.9,161.3,107.9,114,Unhealthy for Sensitive Groups,24.2,87.8,19.5
Nagaland,Yamuna Nagar,NO2,93.1,123.6,93.8,80,Moderate,30.8,47.8,11.1
Delhi,Nanded,SO2,47.1,145.0,69.5,56,Moderate,27.1,79.8,28.6
Meghalaya,Srinagar,NO2,81.5,380.6,86.2,57,Moderate,38.4,84.4,4.7
Madhya Pradesh,Jalna,NH3,134.1,457.4,231.4,271,Very Unhealthy,27.2,77.5,21.3
West Bengal,Suakati,CO,1.5,173.9,1.7,41,Good,33.4,34.0,2.7
Sikkim,Chhal,NO2,118.7,335.0,180.5,156,Unhealthy,22.2,91.7,22.5
Punjab,Dausa,PM10,75.3,385.0,206.4,254,Very Unhealthy,32.5,92.9,19.1
Meghalaya,Raipur,OZONE,56.8,295.0,262.1,281,Very Unhealthy,32.8,69.9,29.5
Puducherry,Jhunjhunu,PM10,100.5,371.0,147.2,103,Unhealthy for Sensitive Groups,17.0,59.7,0.3
Uttarakhand,Jodhpur,PM10,14.2,144.4,16.4,27,Good,18.8,80.4,6.1
Odisha,Khairthal,CO,14.0,244.2,101.9,112,Unhealthy for Sensitive Groups,24.1,37.7,9.9
Tripura,Dhanbad,NH3,145.6,202.0,167.4,161,Unhealthy,26.9,81.8,25.9
Karnataka,Purnia,NO2,65.9,200.0,111.3,117,Unhealthy for Sensitive Groups,25.3,81.9,2.8
Karnataka,Mandikhera,OZONE,3.8,281.0,53.0,90,Moderate,27.6,38.5,18.9
Sikkim,Bahadurgarh,OZONE,56.0,168.7,154.2,172,Unhealthy,37.5,52.3,21.2
Delhi,Chittoor,CO,147.2,408.0,173.6,155,Unhealthy,20.4,91.8,4.6
Odisha,Machilipatnam,NH3,61.9,226.6,157.5,163,Unhealthy,38.8,56.6,11.0
Chandigarh,Mumbai,NO2,19.6,90.8,34.5,50,Good,26.4,44.3,10.5
Delhi,Sawai Madhopur,SO2,59.9,255.3,169.6,191,Unhealthy,17.6,88.7,11.4
Delhi,Milupara,CO,206.5,342.6,208.5,254,Very Unhealthy,18.9,51.1,2.9
West Bengal,Maihar,PM10,153.4,256.0,230.6,296,Very Unhealthy,22.9,60.6,25.6
Meghalaya,Mehsana,NH3,179.5,303.1,208.6,238,Very Unhealthy,20.0,62.3,11.2
Nagaland,Sagar,SO2,38.3,197.4,176.0,162,Unhealthy,23.7,64.0,7.3
Assam,Hyderabad,PM10,22.1,353.5,253.2,211,Very Unhealthy,19.2,91.4,8.1
Meghalaya,Faridabad,NH3,210.7,483.0,236.5,201,Very Unhealthy,17.3,67.1,27.1
Jammu and Kashmir,Indore,PM2.5,103.7,157.8,121.2,134,Unhealthy for Sensitive Groups,31.3,59.3,6.8
Gujarat,Khanna,OZONE,36.2,164.6,124.1,106,Unhealthy for Sensitive Groups,15.2,61.6,29.5
Tripura,Vatva,CO,98.7,330.8,251.1,220,Very Unhealthy,35.1,66.8,6.1
Jammu and Kashmir,Durgapur,NH3,15.1,181.6,66.6,60,Moderate,20.8,87.8,25.4
Puducherry,Tumidih,NO2,23.2,48.7,29.6,25,Good,38.6,55.5,16.1
Mizoram,Tirupati,NH3,6.1,164.2,77.0,64,Moderate,37.5,74.1,2.3
Jammu and Kashmir,Agartala,CO,1.6,311.4,63.9,70,Moderate,31.8,59.4,13.9
Tamil Nadu,Saharsa,NH3,25.3,251.0,159.5,177,Unhealthy,22.6,42.6,15.8
Telangana,Nagpur,PM2.5,22.8,308.6,52.6,55,Moderate,38.5,49.2,19.4
Jharkhand,Mumbai,NO2,8.7,373.9,11.8,36,Good,21.1,94.8,10.1
Puducherry,Kota,PM10,67.4,266.9,80.0,82,Moderate,31.9,61.8,5.7
Odisha,Silchar,CO,70.1,156.3,92.5,57,Moderate,26.2,71.5,25.1
Jharkhand,Barrackpore,PM10,97.9,238.9,213.2,228,Very Unhealthy,27.8,43.2,15.6
Chandigarh,Chandigarh,PM2.5,35.5,400.9,39.5,43,Good,31.5,46.6,3.1
Tripura,Yadgir,PM2.5,7.0,64.0,14.9,43,Good,24.8,56.0,23.2
Himachal Pradesh,Coimbatore,NO2,2.5,485.5,23.3,8,Good,26.8,55.4,0.4
Maharashtra,Chikkamagaluru,PM2.5,134.3,494.5,256.9,222,Very Unhealthy,34.9,39.2,29.8
Kerala,Vrindavan,SO2,92.0,461.2,101.3,141,Unhealthy for Sensitive Groups,18.5,83.3,3.7
Rajasthan,Chittorgarh,PM10,20.1,449.7,26.0,37,Good,27.1,80.2,22.9
Chandigarh,Faridabad,OZONE,134.4,357.9,140.8,147,Unhealthy for Sensitive Groups,21.7,50.7,14.0
Mizoram,Bareilly,PM10,57.8,222.3,104.9,101,Unhealthy for Sensitive Groups,21.0,42.8,9.5
Odisha,Rajsamand,OZONE,160.2,468.3,167.5,199,Unhealthy,28.3,33.2,7.3
Punjab,Chhapra,CO,16.5,406.2,32.1,42,Good,15.9,67.6,8.6
Kerala,Sasaram,PM10,167.9,340.1,169.7,183,Unhealthy,18.2,84.5,18.8
Rajasthan,Chandigarh,SO2,138.5,405.2,151.9,178,Unhealthy,21.2,80.6,7.0
Himachal Pradesh,Hajipur,CO,88.9,452.5,256.6,260,Very Unhealthy,26.4,39.5,1.3
Jammu and Kashmir,Machilipatnam,NO2,89.1,310.3,223.2,256,Very Unhealthy,25.2,57.9,10.1
West Bengal,Brajrajnagar,NO2,11.2,289.5,17.8,49,Good,24.9,68.1,12.4
Himachal Pradesh,Arrah,NO2,68.1,335.1,235.8,217,Very Unhealthy,30.6,58.4,12.5
Mizoram,Ankleshwar,NO2,24.4,156.8,111.0,103,Unhealthy for Sensitive Groups,30.7,36.1,15.2
Odisha,Jalandhar,PM2.5,158.6,497.8,250.6,222,Very Unhealthy,22.6,62.1,29.8
Jharkhand,Parbhani,NO2,51.5,313.7,157.8,179,Unhealthy,22.8,63.6,14.9
Uttarakhand,Purnia,PM2.5,28.2,336.3,72.5,95,Moderate,29.4,32.7,29.7
Gujarat,Milupara,OZONE,145.1,422.4,222.7,259,Very Unhealthy,36.5,65.5,23.1
Kerala,Beed,PM2.5,112.4,236.7,122.1,136,Unhealthy for Sensitive Groups,34.4,32.3,18.9
Mizoram,Rupnagar,SO2,0.5,374.4,234.5,236,Very Unhealthy,23.4,57.1,5.4
Jharkhand,Mira-Bhayandar,SO2,86.6,454.5,265.1,273,Very Unhealthy,33.7,33.8,19.1
Assam,Byasanagar,PM2.5,33.8,207.4,135.2,125,Unhealthy for Sensitive Groups,25.4,38.0,24.5
Delhi,Vatva,NH3,0.7,81.8,8.2,40,Good,30.6,42.2,20.8
Chandigarh,Palwal,SO2,12.5,493.0,149.0,107,Unhealthy for Sensitive Groups,30.1,80.2,14.6
Jammu and Kashmir,Raipur,PM10,36.4,275.0,129.6,107,Unhealthy for Sensitive Groups,19.1,86.6,15.2
Sikkim,Bihar Sharif,NH3,206.1,312.5,214.6,241,Very Unhealthy,24.1,49.7,13.3
Arunachal Pradesh,Bhilwara,OZONE,0.9,394.2,6.3,5,Good,29.9,87.8,0.4
Meghalaya,Karwar,SO2,7.7,411.1,8.0,8,Good,29.4,45.1,24.5
Meghalaya,Kanpur,NO2,15.2,378.2,243.9,289,Very Unhealthy,30.2,76.7,25.6
West Bengal,Bahadurgarh,NO2,105.3,304.1,129.4,105,Unhealthy for Sensitive Groups,33.3,54.7,20.3
Puducherry,Ambala,NH3,52.7,239.1,193.5,190,Unhealthy,33.9,79.6,27.9
Jharkhand,Kota,CO,4.8,109.5,25.5,44,Good,32.4,55.6,17.3
Jharkhand,Nagaon,NH3,47.4,417.4,264.2,280,Very Unhealthy,33.0,52.2,10.4
Mizoram,Hubballi,SO2,1.1,127.3,2.4,23,Good,29.0,62.2,0.6
Karnataka,Thiruvananthapuram,SO2,5.8,378.2,17.6,14,Good,36.0,47.5,1.1
Kerala,Patiala,PM10,145.7,372.9,183.1,180,Unhealthy,20.5,46.3,10.1
Karnataka,Nagaur,CO,141.7,376.7,183.9,191,Unhealthy,24.1,81.0,25.4
Odisha,Nagaur,PM10,72.4,457.8,242.5,269,Very Unhealthy,25.5,75.3,15.0
Kerala,Fatehabad,CO,99.3,494.6,126.4,150,Unhealthy for Sensitive Groups,21.6,73.8,13.4
West Bengal,Alwar,NO2,23.0,174.8,45.6,28,Good,31.7,32.9,2.2
Meghalaya,Chittoor,CO,209.1,328.5,214.9,226,Very Unhealthy,15.3,73.8,20.5
Jammu and Kashmir,Baghpat,SO2,17.2,178.7,34.4,49,Good,33.9,91.1,10.0
Nagaland,Satara,NO2,21.0,58.4,26.2,40,Good,28.0,61.6,5.7
Himachal Pradesh,Araria,OZONE,23.6,220.4,66.7,94,Moderate,16.4,75.3,12.6
West Bengal,Singrauli,OZONE,41.8,213.9,101.3,112,Unhealthy for Sensitive Groups,25.3,63.8,17.3
Chandigarh,Vatva,NO2,140.0,267.1,169.6,176,Unhealthy,17.6,57.0,9.0
Puducherry,Katni,NO2,0.6,434.9,22.7,50,Good,16.7,93.5,0.7
Andhra Pradesh,Naharlagun,PM2.5,3.7,449.4,4.2,36,Good,24.5,54.1,27.9
Sikkim,Karwar,NO2,35.5,175.3,55.3,85,Moderate,25.9,51.5,15.3
Andhra Pradesh,Kashipur,CO,49.2,370.9,60.2,58,Moderate,28.8,62.4,14.6
Arunachal Pradesh,Silchar,CO,13.0,91.9,60.1,76,Moderate,33.3,31.8,22.2
Karnataka,Pratapgarh,OZONE,1.4,118.4,71.9,94,Moderate,25.9,80.0,26.9
Chhattisgarh,Bulandshahr,SO2,25.4,359.9,117.2,120,Unhealthy for Sensitive Groups,31.8,81.1,25.6
Chandigarh,Karauli,CO,14.1,175.8,41.3,42,Good,16.1,47.6,4.7
Meghalaya,Barmer,CO,168.9,351.8,217.6,256,Very Unhealthy,31.7,45.8,1.7
Arunachal Pradesh,Sonipat,NH3,9.3,116.3,22.0,1,Good,32.2,49.9,13.7
Tamil Nadu,Chikkaballapur,PM10,50.5,303.9,57.8,65,Moderate,32.2,89.3,21.7
Karnataka,Hisar,SO2,10.3,131.5,15.9,9,Good,15.4,80.8,19.7
Puducherry,Coimbatore,SO2,5.5,153.1,74.1,92,Moderate,18.5,61.2,18.0
Kerala,Faridabad,PM2.5,15.7,305.5,111.3,142,Unhealthy for Sensitive Groups,34.3,41.5,0.8
Maharashtra,Bettiah,PM2.5,189.9,321.5,233.1,218,Very Unhealthy,20.7,53.2,25.3
Chhattisgarh,Rohtak,SO2,44.7,407.7,131.5,111,Unhealthy for Sensitive Groups,28.0,40.8,29.3
Haryana,Madurai,SO2,97.3,262.6,154.9,190,Unhealthy,37.3,42.2,13.3
Himachal Pradesh,Guntur,PM2.5,65.7,290.4,256.4,222,Very Unhealthy,35.0,31.9,13.7
Kerala,Chittoor,NO2,39.1,332.2,95.9,61,Moderate,26.0,32.6,19.9
Uttar Pradesh,Karauli,PM10,13.6,38.8,15.2,11,Good,24.9,47.6,25.1
West Bengal,Agra,CO,0.7,409.7,4.6,1,Good,32.5,46.0,21.9
Karnataka,Guntur,NO2,140.5,369.5,232.4,240,Very Unhealthy,38.0,42.5,2.2
Uttar Pradesh,Ghaziabad,PM2.5,50.0,327.3,245.2,206,Very Unhealthy,21.3,65.7,24.1
Meghalaya,Ulhasnagar,OZONE,11.6,259.8,26.3,38,Good,22.2,31.3,10.3
Arunachal Pradesh,Gaya,PM2.5,25.4,425.0,39.9,17,Good,28.1,91.9,12.2
Gujarat,Muzaffarnagar,PM10,7.4,207.3,9.4,18,Good,33.7,41.6,20.4
Tripura,Kolhapur,CO,0.0,65.1,25.6,36,Good,27.8,40.0,28.6
Bihar,Kunjemura,OZONE,0.2,287.5,0.2,45,Good,27.0,66.7,21.8
Punjab,Eluru,NO2,19.6,338.9,194.2,162,Unhealthy,25.2,69.5,28.2
Odisha,Belapur,NO2,25.5,289.3,189.3,157,Unhealthy,34.0,94.1,5.7
Delhi,Jhansi,PM10,11.9,244.1,168.7,151,Unhealthy,24.6,73.2,16.4
Punjab,Akola,OZONE,17.2,87.4,71.4,51,Moderate,16.2,69.2,15.7
Sikkim,Kolkata,NO2,51.4,128.6,64.7,67,Moderate,27.4,65.3,4.8
Sikkim,Bikaner,OZONE,14.4,74.0,24.9,26,Good,37.6,83.3,19.8
Tamil Nadu,Rajsamand,NO2,64.0,442.3,244.1,251,Very Unhealthy,27.1,94.8,14.3
Delhi,Meerut,NH3,110.1,164.5,118.7,139,Unhealthy for Sensitive Groups,20.1,90.9,22.3
Madhya Pradesh,Bengaluru,PM10,33.2,317.9,98.2,73,Moderate,39.9,50.2,24.3
Himachal Pradesh,Ujjain,NH3,11.8,469.9,137.5,134,Unhealthy for Sensitive Groups,15.9,67.2,28.1
Sikkim,Pithampur,CO,30.3,477.4,109.7,104,Unhealthy for Sensitive Groups,37.4,94.3,19.3
Himachal Pradesh,Jaisalmer,NO2,161.4,300.5,167.0,180,Unhealthy,22.8,47.4,6.2
Madhya Pradesh,Patiala,SO2,61.5,439.5,188.5,159,Unhealthy,22.2,80.5,12.9
Puducherry,Jalna,PM10,85.0,366.1,96.2,98,Moderate,23.5,84.8,4.5
Bihar,Parbhani,PM10,36.6,468.9,39.4,47,Good,17.4,44.4,12.8
Rajasthan,Siwan,SO2,65.3,147.1,122.2,107,Unhealthy for Sensitive Groups,20.7,45.2,22.8
Himachal Pradesh,Bulandshahr,SO2,50.4,494.3,214.2,228,Very Unhealthy,28.1,85.9,12.2
Maharashtra,Prayagraj,PM2.5,167.4,280.8,195.4,193,Unhealthy,20.2,54.6,21.7
Nagaland,Kollam,PM10,65.1,483.3,183.2,168,Unhealthy,29.8,76.7,7.4
Mizoram,Nagpur,SO2,69.4,453.1,129.8,145,Unhealthy for Sensitive Groups,39.2,89.4,16.3
Gujarat,Bathinda,OZONE,11.5,69.5,12.1,28,Good,23.2,68.3,15.1
Mizoram,Mumbai,SO2,34.1,362.1,75.4,69,Moderate,16.3,40.2,7.2
Tripura,Mandi Gobindgarh,PM10,132.0,271.9,187.1,173,Unhealthy,19.0,66.5,9.7
Madhya Pradesh,Narnaul,OZONE,187.6,264.8,206.3,249,Very Unhealthy,35.7,56.1,12.1
Tamil Nadu,Korba,OZONE,29.4,221.0,217.1,247,Very Unhealthy,31.3,35.8,26.8
Sikkim,Cuddalore,SO2,33.6,485.2,84.3,57,Moderate,22.4,57.7,17.5
Andhra Pradesh,Gaya,NO2,15.6,129.5,73.3,90,Moderate,32.4,70.7,2.6
Telangana,Kohima,NO2,175.1,205.4,192.1,195,Unhealthy,16.2,34.6,20.7
West Bengal,Belapur,OZONE,121.5,318.5,161.1,195,Unhealthy,30.6,74.6,11.0
Delhi,Sirsa,SO2,8.2,252.9,54.1,76,Moderate,31.3,41.9,22.8
Tamil Nadu,Satara,NH3,3.1,240.2,72.7,87,Moderate,25.6,82.0,10.1
Telangana,Rourkela,PM2.5,22.9,441.7,54.6,51,Moderate,37.4,50.3,16.2
Telangana,Gummidipoondi,PM10,8.8,94.8,14.8,1,Good,38.2,48.1,23.3
Karnataka,Pampore,PM2.5,219.6,393.0,230.8,227,Very Unhealthy,20.7,80.8,4.8
Sikkim,Amritsar,CO,50.3,455.6,58.5,99,Moderate,32.7,37.9,9.3
Mizoram,Jorapokhar,PM10,5.4,102.1,26.6,29,Good,25.8,34.3,8.5
Chhattisgarh,Motihari,PM10,45.4,407.8,117.2,120,Unhealthy for Sensitive Groups,35.5,73.1,18.7
Uttar Pradesh,Korba,OZONE,29.2,379.8,32.7,6,Good,22.1,55.5,3.8
Odisha,Ulhasnagar,NO2,174.8,319.8,222.5,267,Very Unhealthy,32.1,30.5,15.7
Arunachal Pradesh,Karauli,CO,29.5,369.8,32.3,49,Good,30.9,49.0,12.3
Karnataka,Pune,PM2.5,27.9,274.5,37.0,11,Good,33.6,73.1,10.6
Rajasthan,Raebareli,CO,11.3,195.3,11.5,16,Good,18.2,47.3,14.9
Gujarat,Baghpat,SO2,47.0,417.9,77.1,57,Moderate,15.9,42.2,19.6
Arunachal Pradesh,Amaravati,NH3,113.3,415.3,196.6,165,Unhealthy,28.0,88.8,15.6
Meghalaya,Ludhiana,CO,22.2,412.9,215.1,234,Very Unhealthy,23.7,45.2,20.5
Uttarakhand,Ankleshwar,OZONE,64.0,272.2,89.2,95,Moderate,19.9,45.2,14.5
Himachal Pradesh,Mandideep,SO2,37.7,452.1,154.3,177,Unhealthy,33.7,81.9,19.1
Odisha,Vrindavan,SO2,6.7,132.3,70.2,70,Moderate,21.2,42.8,13.5
Nagaland,Chittoor,NH3,105.0,331.9,140.1,113,Unhealthy for Sensitive Groups,19.3,52.8,25.9
Mizoram,Parbhani,NO2,38.1,311.2,250.3,282,Very Unhealthy,31.3,90.4,17.6
Kerala,Meerut,SO2,39.6,260.1,56.6,75,Moderate,38.3,46.4,6.1
Rajasthan,Shillong,NO2,46.6,434.6,249.3,246,Very Unhealthy,18.8,94.9,2.9
Sikkim,Baripada,SO2,71.7,237.0,80.5,74,Moderate,33.3,31.7,15.3
Jharkhand,Tirupati,NH3,7.4,236.7,29.5,45,Good,25.7,67.8,11.5
Punjab,Siliguri,SO2,40.4,229.2,159.4,182,Unhealthy,33.5,37.2,26.4
Kerala,Chennai,NO2,180.0,461.7,181.7,152,Unhealthy,18.2,35.1,9.6
Madhya Pradesh,Tirupati,NO2,97.2,330.1,162.0,159,Unhealthy,37.0,41.0,14.8
Tamil Nadu,Shivamogga,NH3,45.1,450.5,157.8,153,Unhealthy,22.3,79.0,28.8
Jharkhand,Nagaon,NO2,22.6,159.8,135.8,125,Unhealthy for Sensitive Groups,20.7,38.7,9.6
Punjab,Thane,PM2.5,196.6,400.3,200.0,153,Unhealthy,26.4,65.8,21.4
Telangana,Thiruvananthapuram,NO2,9.2,337.0,194.6,167,Unhealthy,15.8,76.2,25.0
Chhattisgarh,Mysuru,OZONE,80.0,456.8,248.4,249,Very Unhealthy,21.4,33.9,19.9
Bihar,Suakati,SO2,72.4,470.0,76.3,59,Moderate,28.0,49.6,5.2
Himachal Pradesh,Aizawl,CO,29.4,290.7,71.4,86,Moderate,27.0,77.0,9.4
Telangana,Mira-Bhayandar,NO2,9.7,484.6,21.6,1,Good,39.9,54.5,27.6
Uttar Pradesh,Dehradun,PM2.5,10.6,183.2,27.2,18,Good,35.2,30.2,12.7
Jharkhand,Solapur,SO2,78.8,493.2,80.3,65,Moderate,22.9,51.2,17.3
Chhattisgarh,Belapur,PM10,9.0,192.4,26.3,23,Good,30.9,74.3,2.5
Nagaland,Angul,PM2.5,16.7,460.3,32.6,45,Good,38.3,55.2,27.6
Meghalaya,Pimpri-Chinchwad,PM10,56.7,330.1,189.7,189,Unhealthy,25.1,90.5,4.8
Tripura,Mathura,OZONE,44.7,161.7,138.2,150,Unhealthy for Sensitive Groups,33.1,50.3,10.6
Chhattisgarh,Gandhinagar,OZONE,40.2,261.5,95.4,63,Moderate,19.9,67.7,27.5
Punjab,Thiruvananthapuram,CO,159.1,359.8,175.8,163,Unhealthy,33.8,42.7,17.0
Uttarakhand,Tonk,SO2,66.6,276.9,69.4,89,Moderate,15.2,75.3,17.8
West Bengal,Chhal,CO,47.3,347.6,53.4,85,Moderate,39.2,32.8,23.3
Delhi,Bilaspur,SO2,135.0,178.9,164.2,156,Unhealthy,22.6,43.8,4.9
Uttar Pradesh,Mira-Bhayandar,NH3,112.3,403.3,213.7,293,Very Unhealthy,30.2,36.8,3.9
Tamil Nadu,Tirupati,NO2,136.7,332.1,226.4,201,Very Unhealthy,32.2,85.5,4.9
Madhya Pradesh,Rohtak,NO2,8.0,226.0,21.1,24,Good,15.8,46.6,25.1
Madhya Pradesh,Tonk,OZONE,259.8,421.2,262.9,282,Very Unhealthy,23.0,39.6,28.3
Maharashtra,Hubballi,CO,18.6,252.7,232.2,230,Very Unhealthy,35.6,57.8,16.9
Telangana,Jind,CO,158.5,374.4,261.4,236,Very Unhealthy,21.1,72.7,6.8
Madhya Pradesh,Hubballi,PM10,39.6,408.1,107.2,141,Unhealthy for Sensitive Groups,32.5,76.9,2.6
Delhi,Hajipur,NO2,74.6,331.6,143.6,127,Unhealthy for Sensitive Groups,17.7,61.6,6.2
Punjab,Panchkula,NO2,34.5,399.3,36.8,44,Good,34.0,30.0,22.4
Maharashtra,Hyderabad,OZONE,71.3,264.7,231.2,241,Very Unhealthy,18.5,76.7,7.6
Bihar,Pampore,PM10,8.2,36.3,9.3,16,Good,29.6,71.9,11.0
Delhi,Hubballi,CO,122.1,370.4,218.9,284,Very Unhealthy,19.6,89.8,1.3
Odisha,Greater Noida,PM10,18.2,281.4,69.3,86,Moderate,17.3,74.5,9.3
Chandigarh,Barrackpore,SO2,125.2,409.9,265.1,215,Very Unhealthy,22.2,34.1,20.6
Karnataka,Mandi Gobindgarh,PM10,20.5,129.2,27.5,37,Good,17.8,33.2,17.2
Gujarat,Nellore,PM2.5,26.5,218.3,73.3,100,Moderate,24.7,46.1,5.3
West Bengal,Madurai,PM10,27.9,160.5,38.9,45,Good,27.4,92.8,2.2
Assam,Sagar,NH3,155.4,260.0,247.8,235,Very Unhealthy,16.6,43.0,17.4
Tripura,Vatva,PM10,201.6,450.5,227.3,254,Very Unhealthy,26.1,33.1,9.9
Madhya Pradesh,Chamarajanagar,CO,47.2,242.6,93.6,92,Moderate,29.1,76.1,27.8
Bihar,Sri Ganganagar,PM10,59.8,380.2,134.0,136,Unhealthy for Sensitive Groups,18.6,76.6,12.9
Punjab,Hingoli,CO,174.3,473.8,261.9,283,Very Unhealthy,18.5,31.1,10.2
Nagaland,Kalaburagi,PM2.5,29.1,487.9,93.2,94,Moderate,37.6,47.1,8.5
Puducherry,Moradabad,NO2,129.0,397.3,238.5,268,Very Unhealthy,35.1,67.9,21.4
Delhi,Muzaffarnagar,NO2,11.1,173.1,31.7,49,Good,25.2,47.3,12.5
Puducherry,Yadgir,PM2.5,25.6,184.2,106.8,141,Unhealthy for Sensitive Groups,36.6,61.2,11.0
West Bengal,Vrindavan,OZONE,8.3,262.3,69.7,86,Moderate,35.6,35.7,28.2
Puducherry,Bhiwani,NH3,12.1,355.4,87.9,59,Moderate,24.3,78.0,9.2
Maharashtra,Pune,CO,127.2,321.2,161.9,156,Unhealthy,16.3,80.2,24.2
Assam,Palwal,OZONE,24.1,194.4,169.6,153,Unhealthy,36.8,93.1,10.7
Uttarakhand,Jalandhar,SO2,27.4,332.2,125.2,134,Unhealthy for Sensitive Groups,28.1,58.9,2.7
Bihar,Kalyan,PM10,135.9,321.9,216.3,300,Very Unhealthy,19.0,46.4,28.5
Gujarat,Kanpur,NH3,95.9,437.9,259.8,267,Very Unhealthy,20.5,74.2,8.7
Delhi,Agartala,CO,43.5,425.6,54.6,73,Moderate,34.5,41.6,21.0
Jammu and Kashmir,Koppal,OZONE,3.3,284.8,5.1,3,Good,29.9,62.9,29.1
Chandigarh,Pune,CO,46.0,498.2,53.2,59,Moderate,31.8,84.2,17.4
Karnataka,Sri Ganganagar,CO,208.1,466.6,249.9,299,Very Unhealthy,22.3,45.0,23.2
Assam,Dharuhera,OZONE,11.8,115.8,18.1,39,Good,17.9,59.6,17.4
Tamil Nadu,Asansol,PM2.5,62.5,231.2,191.9,186,Unhealthy,38.7,51.2,21.9
Nagaland,Pampore,PM10,0.1,323.1,0.1,28,Good,21.2,49.5,22.8
Bihar,Ballabgarh,NO2,0.1,427.8,116.7,102,Unhealthy for Sensitive Groups,25.6,74.8,4.6
Assam,Sri Ganganagar,SO2,34.6,445.8,256.6,288,Very Unhealthy,18.9,86.1,29.5
Assam,Noida,CO,55.6,462.6,110.8,104,Unhealthy for Sensitive Groups,17.8,94.9,21.3
Assam,Chandigarh,NH3,1.4,301.1,7.7,10,Good,21.2,32.4,27.6
Bihar,Satara,NH3,138.6,231.4,228.7,271,Very Unhealthy,33.3,88.1,17.9
Tripura,Kolkata,CO,1.7,182.3,100.1,342,Hazardous,38.0,69.1,19.6
Delhi,Agra,OZONE,173.2,467.6,209.2,210,Very Unhealthy,17.4,49.2,20.9
Gujarat,Bahadurgarh,SO2,5.5,410.9,35.4,20,Good,25.1,80.5,27.2
Jharkhand,Talcher,PM2.5,106.8,295.5,209.4,270,Very Unhealthy,15.8,67.1,29.7
Himachal Pradesh,Asansol,NO2,2.5,234.1,2.8,11,Good,24.0,78.4,4.5
Chandigarh,Baran,SO2,146.9,444.2,197.5,153,Unhealthy,26.9,83.3,25.2
Nagaland,Pune,OZONE,47.0,152.7,72.9,79,Moderate,33.3,65.2,0.7
Puducherry,Nandesari,NO2,12.9,312.4,222.0,298,Very Unhealthy,20.2,93.0,8.0
Chandigarh,Jhunjhunu,NH3,156.3,480.3,264.8,300,Very Unhealthy,16.5,76.8,16.4
Gujarat,Kadapa,SO2,1.3,267.4,207.3,225,Very Unhealthy,21.3,75.4,6.2
Sikkim,Mandi Gobindgarh,PM2.5,24.4,75.5,72.4,52,Moderate,29.6,90.8,27.9
Andhra Pradesh,Jalore,PM2.5,133.9,279.3,158.2,181,Unhealthy,37.2,58.1,10.3
Arunachal Pradesh,Kota,OZONE,84.6,371.2,96.1,84,Moderate,20.2,36.3,0.3
Maharashtra,Beed,PM10,23.0,463.5,261.9,275,Very Unhealthy,29.1,85.2,17.9
Jammu and Kashmir,Gwalior,NH3,11.5,227.6,104.0,137,Unhealthy for Sensitive Groups,21.5,57.5,26.4
Rajasthan,Rajkot,SO2,176.2,276.6,220.9,247,Very Unhealthy,18.8,60.4,23.9
Sikkim,Mehsana,PM2.5,34.8,352.0,116.8,133,Unhealthy for Sensitive Groups,39.2,35.0,2.1
Jharkhand,Sonipat,PM2.5,61.6,382.5,144.2,137,Unhealthy for Sensitive Groups,26.8,60.6,16.9
Nagaland,Rajkot,CO,104.5,484.5,122.7,149,Unhealthy for Sensitive Groups,29.2,75.7,25.0
Andhra Pradesh,Gandhinagar,CO,19.9,222.5,170.7,164,Unhealthy,21.0,86.4,17.1
Haryana,Vrindavan,SO2,201.7,437.1,253.3,229,Very Unhealthy,29.9,53.7,22.1
West Bengal,Parbhani,OZONE,124.4,186.9,183.2,191,Unhealthy,25.2,51.6,21.9
Puducherry,Aizawl,PM2.5,18.5,302.6,128.0,126,Unhealthy for Sensitive Groups,32.5,73.5,2.1
Maharashtra,Dharwad,CO,32.0,412.3,66.7,60,Moderate,35.4,36.1,5.7
Nagaland,Talcher,CO,113.0,337.1,115.7,146,Unhealthy for Sensitive Groups,37.1,37.8,0.8
Arunachal Pradesh,Churu,NH3,128.6,365.5,266.0,269,Very Unhealthy,19.5,33.3,17.3
Jammu and Kashmir,Mehsana,SO2,47.0,120.9,84.2,65,Moderate,19.4,48.1,25.8
Arunachal Pradesh,Jalandhar,PM2.5,123.0,430.8,206.4,254,Very Unhealthy,19.9,77.2,27.8
Bihar,Alwar,PM2.5,116.5,286.9,260.1,298,Very Unhealthy,39.2,56.4,24.9
Jammu and Kashmir,Kunjemura,PM2.5,85.4,428.0,249.3,209,Very Unhealthy,26.2,31.0,1.2
Jammu and Kashmir,Thane,NH3,70.2,437.1,154.7,167,Unhealthy,16.3,46.0,8.1
Tamil Nadu,Aurangabad,PM2.5,26.2,101.9,71.2,85,Moderate,15.7,82.1,16.2
Madhya Pradesh,Chikkaballapur,CO,67.1,84.2,76.6,98,Moderate,17.8,50.3,25.4
Chhattisgarh,Agra,PM10,6.1,135.7,68.4,84,Moderate,23.1,74.9,29.0
Andhra Pradesh,Kishanganj,PM2.5,0.1,381.3,2.5,38,Good,19.5,39.7,12.3
Uttar Pradesh,Panipat,PM10,0.6,481.9,0.9,13,Good,33.1,80.2,1.4
Karnataka,Jalandhar,OZONE,156.6,267.4,184.3,190,Unhealthy,38.4,59.4,27.3
Jharkhand,Lucknow,PM10,180.7,228.0,211.8,262,Very Unhealthy,29.4,60.0,2.7
Andhra Pradesh,Tumidih,SO2,0.4,376.6,0.4,29,Good,28.1,51.0,11.5
Puducherry,Tirupati,PM2.5,59.9,400.6,128.1,115,Unhealthy for Sensitive Groups,27.0,89.1,12.2
Jammu and Kashmir,Suakati,PM10,44.3,275.1,155.0,197,Unhealthy,21.7,86.4,14.9
Punjab,Jorapokhar,OZONE,6.2,436.7,40.2,4,Good,16.8,55.3,25.2
Tamil Nadu,Sivasagar,NH3,40.3,435.4,127.6,140,Unhealthy for Sensitive Groups,19.4,45.6,20.3
Tripura,Panchgaon,NO2,156.5,176.6,162.5,200,Unhealthy,24.5,51.2,0.2
Rajasthan,Mandi Gobindgarh,CO,74.2,198.9,138.2,107,Unhealthy for Sensitive Groups,28.1,91.0,1.6
Puducherry,Gurugram,CO,6.4,257.9,6.7,17,Good,27.0,75.2,25.4
Telangana,Dharwad,CO,118.9,494.2,205.0,203,Very Unhealthy,22.3,38.4,13.1
Telangana,Muzaffarpur,SO2,8.7,356.0,29.5,34,Good,38.2,35.9,8.2
Odisha,Pune,PM10,151.3,318.8,189.9,187,Unhealthy,19.5,76.9,27.8
Nagaland,Guwahati,PM10,86.7,384.7,216.6,271,Very Unhealthy,29.9,76.5,21.8
Punjab,Kashipur,OZONE,78.9,401.8,180.7,187,Unhealthy,38.9,69.9,8.8
Mizoram,Virar,SO2,24.8,130.8,37.5,18,Good,21.4,63.9,25.2
Meghalaya,Bilaspur,NH3,46.9,356.3,73.1,55,Moderate,25.2,93.7,3.3
Rajasthan,Haldia,CO,25.5,453.7,176.3,160,Unhealthy,37.5,84.5,29.6
Chandigarh,Baddi,NH3,1.1,77.3,1.9,29,Good,18.1,34.1,3.9
Tripura,Bettiah,NO2,3.0,65.2,31.5,3,Good,17.0,77.9,17.3
West Bengal,Saharsa,NH3,101.2,309.8,212.3,265,Very Unhealthy,28.9,67.1,22.5
Tamil Nadu,Chamarajanagar,CO,107.4,172.1,116.6,144,Unhealthy for Sensitive Groups,21.7,71.8,24.5
Chandigarh,Gaya,SO2,39.1,395.8,108.9,145,Unhealthy for Sensitive Groups,39.0,30.7,26.4
Bihar,Satara,PM10,108.2,137.1,113.4,142,Unhealthy for Sensitive Groups,26.6,88.9,3.0
Meghalaya,Bhubaneswar,OZONE,5.2,191.1,19.8,44,Good,21.1,82.4,5.1
Chhattisgarh,Panchkula,CO,6.2,405.3,170.1,168,Unhealthy,34.1,63.1,18.1
Sikkim,Baghpat,NH3,79.3,401.6,184.7,179,Unhealthy,30.5,44.2,8.8
Tripura,Patiala,PM10,134.9,380.1,148.6,133,Unhealthy for Sensitive Groups,23.8,74.5,12.8
Mizoram,Chamarajanagar,SO2,51.4,386.4,58.0,72,Moderate,35.6,33.9,28.0
Tripura,Kadapa,NH3,97.0,280.9,157.9,195,Unhealthy,32.5,43.6,0.6
Jammu and Kashmir,Manesar,CO,4.8,293.9,24.0,29,Good,34.0,82.6,11.2
Sikkim,Ajmer,NH3,28.5,358.7,227.0,235,Very Unhealthy,19.3,35.0,16.4
Punjab,Aurangabad,SO2,14.0,380.9,55.8,80,Moderate,21.4,70.2,26.7
Himachal Pradesh,Siwan,CO,12.9,204.6,38.2,15,Good,16.9,46.2,16.0
Rajasthan,Nandesari,SO2,49.7,370.8,141.2,121,Unhealthy for Sensitive Groups,36.5,47.0,15.2
Himachal Pradesh,Coimbatore,SO2,74.8,322.1,91.9,54,Moderate,36.8,68.7,15.9
Gujarat,Vijayapura,CO,3.7,271.3,4.4,25,Good,39.8,44.2,0.7
Haryana,Silchar,NH3,19.6,399.2,41.4,16,Good,27.2,54.1,5.9
Meghalaya,Bhiwandi,NH3,35.3,452.0,146.0,102,Unhealthy for Sensitive Groups,39.4,81.2,27.8
Mizoram,Jalore,SO2,46.2,387.9,79.7,80,Moderate,30.2,41.5,10.3
Jharkhand,Aurangabad,SO2,67.6,286.6,210.2,296,Very Unhealthy,25.3,89.6,0.2
Andhra Pradesh,Thrissur,NO2,0.4,49.0,7.0,21,Good,17.3,31.6,20.6
Rajasthan,Bilaspur,SO2,27.8,377.4,87.6,70,Moderate,21.8,46.1,9.2
Odisha,Ulhasnagar,OZONE,81.2,321.8,105.9,103,Unhealthy for Sensitive Groups,31.0,36.8,10.7
Odisha,Hyderabad,NH3,40.5,395.6,145.4,101,Unhealthy for Sensitive Groups,30.7,54.8,0.4
West Bengal,Latur,PM2.5,85.7,333.4,211.1,262,Very Unhealthy,15.7,60.0,25.3
Jharkhand,Kashipur,NH3,152.9,278.2,186.0,151,Unhealthy,20.3,35.6,15.7
Himachal Pradesh,Bhavnagar,NO2,133.8,448.2,134.1,139,Unhealthy for Sensitive Groups,29.3,46.0,27.0
Arunachal Pradesh,Bhubaneswar,SO2,125.1,295.5,214.7,276,Very Unhealthy,32.1,93.2,26.3
Himachal Pradesh,Dombivli,SO2,10.2,475.3,27.1,11,Good,27.1,66.0,3.1
Nagaland,Mahad,NH3,2.4,347.3,9.0,47,Good,31.8,52.5,7.4
West Bengal,Sonipat,CO,42.8,310.3,188.0,195,Unhealthy,25.3,93.8,27.9
Nagaland,Patiala,NH3,63.3,425.6,191.0,170,Unhealthy,27.4,35.6,15.1
Meghalaya,Gummidipoondi,SO2,9.0,193.1,103.0,126,Unhealthy for Sensitive Groups,26.7,52.3,30.0
Rajasthan,Nagpur,OZONE,99.2,186.1,135.9,124,Unhealthy for Sensitive Groups,27.7,46.0,15.9
Jharkhand,Indore,OZONE,48.3,204.5,63.9,92,Moderate,23.9,35.9,29.2
Uttarakhand,Latur,CO,158.4,405.3,261.5,282,Very Unhealthy,18.4,68.9,28.6
Telangana,Dharuhera,NO2,39.6,367.2,152.8,169,Unhealthy,16.4,70.2,3.3
Nagaland,Boisar,PM2.5,3.8,445.7,68.4,85,Moderate,28.2,74.6,24.6
Chandigarh,Barmer,NO2,54.5,466.6,87.7,66,Moderate,33.1,57.8,11.4
Himachal Pradesh,Chandigarh,NO2,89.4,215.0,174.1,151,Unhealthy,22.9,85.2,21.5
Uttar Pradesh,Ahmedabad,SO2,8.4,356.9,36.5,36,Good,34.9,48.9,1.4
Delhi,Coimbatore,PM2.5,14.3,464.2,118.5,105,Unhealthy for Sensitive Groups,33.4,85.3,27.4
Himachal Pradesh,Tirumala,NH3,19.9,265.0,180.7,157,Unhealthy,30.9,66.9,14.8
Gujarat,Lucknow,PM10,11.2,398.4,116.4,101,Unhealthy for Sensitive Groups,35.5,85.5,12.1
Odisha,Gorakhpur,NO2,13.3,285.9,35.0,41,Good,36.0,55.7,5.5
Tamil Nadu,Ulhasnagar,OZONE,126.0,338.6,187.9,157,Unhealthy,16.8,50.8,28.0
Himachal Pradesh,Madurai,PM10,0.9,359.1,2.7,27,Good,21.4,51.7,18.7
Sikkim,Nagpur,SO2,8.2,338.2,123.5,126,Unhealthy for Sensitive Groups,16.1,39.2,10.9
Nagaland,Amravati,CO,3.2,386.5,86.0,69,Moderate,37.5,50.5,17.1
Uttar Pradesh,Bharatpur,PM2.5,177.3,448.5,182.9,181,Unhealthy,24.0,69.1,26.2
Odisha,Bareilly,SO2,23.1,303.4,199.4,156,Unhealthy,31.1,91.1,29.1
Madhya Pradesh,Buxar,PM10,1.6,248.9,129.1,101,Unhealthy for Sensitive Groups,22.3,59.7,17.8
Rajasthan,Muzaffarnagar,SO2,13.9,108.4,54.7,98,Moderate,30.3,38.1,29.4
Chandigarh,Bettiah,PM10,59.8,108.7,91.3,72,Moderate,28.6,35.0,14.5
Haryana,Moradabad,NO2,33.7,431.1,88.5,68,Moderate,35.7,43.5,12.0
Uttar Pradesh,Vapi,SO2,114.2,280.5,184.0,190,Unhealthy,38.0,42.7,22.8
Assam,Muzaffarpur,NH3,135.1,499.7,143.0,136,Unhealthy for Sensitive Groups,28.8,76.0,1.5
Tripura,Gummidipoondi,PM2.5,42.2,394.8,233.7,224,Very Unhealthy,30.7,72.5,5.8
Uttar Pradesh,Sonipat,PM10,6.1,454.0,176.2,166,Unhealthy,30.1,38.3,17.8
Tamil Nadu,Thane,NO2,253.9,330.4,260.1,233,Very Unhealthy,16.8,90.0,4.5
Arunachal Pradesh,Kannur,SO2,9.6,51.6,23.5,30,Good,30.3,53.1,10.5
Chhattisgarh,Bettiah,NH3,53.4,226.5,165.8,184,Unhealthy,22.5,72.4,17.2
Odisha,Kolhapur,OZONE,9.4,463.0,30.0,35,Good,23.3,59.3,29.5
Nagaland,Jhansi,OZONE,104.3,425.3,109.8,149,Unhealthy for Sensitive Groups,33.2,74.7,16.4
Mizoram,Panchgaon,NH3,35.1,130.9,49.2,2,Good,38.1,85.0,7.3
Maharashtra,Chamarajanagar,CO,10.1,282.5,67.9,91,Moderate,39.0,70.0,6.7
Gujarat,Churu,SO2,131.8,259.8,198.7,177,Unhealthy,15.0,52.3,29.4
West Bengal,Kunjemura,PM10,15.1,474.8,151.3,157,Unhealthy,19.9,39.6,1.4
Puducherry,Eluru,NH3,26.3,370.6,90.8,62,Moderate,29.1,77.2,16.6
Punjab,Hingoli,NH3,23.7,363.8,228.6,286,Very Unhealthy,32.0,31.3,13.2
Telangana,Jalore,OZONE,10.2,296.1,77.3,88,Moderate,16.1,51.9,13.2
Tripura,Bathinda,PM10,93.8,387.3,183.8,168,Unhealthy,33.4,93.6,22.3
Jharkhand,Banswara,NH3,89.6,182.6,129.1,131,Unhealthy for Sensitive Groups,18.0,90.6,9.0
Chandigarh,Aurangabad,SO2,53.6,179.6,89.6,92,Moderate,24.1,61.5,19.2
Sikkim,Sikar,OZONE,16.2,451.5,56.4,65,Moderate,18.2,36.0,23.0
Andhra Pradesh,Angul,PM10,41.4,288.9,95.4,94,Moderate,25.9,37.8,13.0
Telangana,Satna,PM10,209.0,482.6,243.6,280,Very Unhealthy,24.7,56.9,7.2
Mizoram,Jalna,OZONE,110.4,348.0,123.7,124,Unhealthy for Sensitive Groups,21.0,51.0,19.2
Arunachal Pradesh,Damoh,OZONE,153.3,242.5,186.6,166,Unhealthy,31.8,51.2,3.7
Arunachal Pradesh,Barrackpore,PM2.5,23.7,431.1,80.5,65,Moderate,28.7,57.1,8.2
Chhattisgarh,Panchgaon,SO2,3.5,382.9,147.4,131,Unhealthy for Sensitive Groups,27.0,71.9,19.3
Nagaland,Sawai Madhopur,SO2,58.6,103.3,84.0,53,Moderate,34.1,57.4,16.5
Tamil Nadu,Siliguri,NH3,48.0,346.2,140.9,114,Unhealthy for Sensitive Groups,18.1,54.4,9.4
Madhya Pradesh,Mandi Gobindgarh,PM2.5,67.2,256.6,109.9,117,Unhealthy for Sensitive Groups,32.6,40.5,27.3
Bihar,Bhubaneswar,NO2,65.0,375.6,211.9,212,Very Unhealthy,25.3,86.2,19.8
Arunachal Pradesh,Raebareli,NH3,10.2,284.9,42.9,40,Good,30.1,48.5,20.6
Mizoram,Chamarajanagar,NO2,24.2,40.6,30.8,11,Good,35.5,85.1,13.3
Delhi,Chhal,OZONE,110.5,466.6,175.1,175,Unhealthy,38.0,92.1,9.5
Tripura,Udaipur,SO2,235.2,360.7,247.0,251,Very Unhealthy,30.9,85.0,27.3
Andhra Pradesh,Chittoor,SO2,96.3,488.3,261.3,285,Very Unhealthy,19.4,66.4,7.0
Haryana,Jind,PM2.5,87.5,311.1,189.0,172,Unhealthy,30.7,39.2,13.4
Jammu and Kashmir,Bhilwara,PM10,126.3,441.1,157.5,156,Unhealthy,36.7,45.7,18.7
Uttarakhand,Nagpur,NO2,35.0,275.8,82.0,84,Moderate,37.6,44.2,8.1
Sikkim,Amritsar,CO,73.1,270.8,217.7,217,Very Unhealthy,16.9,85.0,6.5
Chhattisgarh,Dungarpur,PM2.5,74.6,431.4,91.5,99,Moderate,22.7,46.2,3.5
Mizoram,Bahadurgarh,SO2,13.3,100.4,36.0,22,Good,31.8,77.2,11.0
Odisha,Hanumangarh,CO,132.0,280.3,233.0,261,Very Unhealthy,22.1,63.5,2.8
Punjab,Dharuhera,PM2.5,2.2,259.6,25.3,25,Good,16.7,90.8,5.0
Bihar,Rupnagar,PM2.5,31.5,323.5,139.5,120,Unhealthy for Sensitive Groups,17.7,73.0,2.2
Odisha,Bhavnagar,SO2,124.9,480.6,138.8,149,Unhealthy for Sensitive Groups,36.8,37.5,0.9
West Bengal,Nandesari,NO2,86.1,239.6,227.7,267,Very Unhealthy,34.8,32.6,15.4
Telangana,Koppal,PM2.5,67.3,368.2,213.0,226,Very Unhealthy,39.9,85.4,10.5
Jammu and Kashmir,Sri Ganganagar,PM10,31.7,459.1,183.7,168,Unhealthy,38.0,58.3,7.8
Sikkim,Bathinda,NO2,136.9,390.7,231.1,298,Very Unhealthy,37.0,64.6,2.3
Punjab,Baghpat,NH3,62.1,396.6,213.5,277,Very Unhealthy,33.9,36.3,5.8
Sikkim,Jalna,PM2.5,62.8,336.9,203.4,214,Very Unhealthy,25.1,86.0,2.3
Himachal Pradesh,Kishanganj,NH3,120.1,495.8,124.4,120,Unhealthy for Sensitive Groups,31.1,40.6,29.3
Rajasthan,Patna,PM2.5,103.0,341.2,181.9,182,Unhealthy,16.2,31.8,21.0
Karnataka,Bahadurgarh,PM2.5,89.3,325.5,110.5,149,Unhealthy for Sensitive Groups,28.3,38.9,4.4
Kerala,Bhiwani,SO2,95.3,432.6,111.4,115,Unhealthy for Sensitive Groups,23.8,48.2,27.6
Tamil Nadu,Jaisalmer,PM2.5,157.7,417.3,264.3,218,Very Unhealthy,30.6,90.6,20.0
Gujarat,Tumidih,CO,26.3,140.9,56.7,65,Moderate,22.7,67.0,15.5
Rajasthan,Brajrajnagar,NH3,210.1,349.0,228.4,216,Very Unhealthy,31.9,64.5,18.5
Jharkhand,Kohima,NO2,51.1,376.4,175.4,182,Unhealthy,33.2,36.4,20.4
Maharashtra,Siliguri,SO2,206.1,250.6,235.8,214,Very Unhealthy,16.6,56.0,16.5
West Bengal,Manesar,OZONE,4.1,233.8,9.0,31,Good,37.9,46.4,2.2
Jharkhand,Madikeri,PM2.5,71.8,152.7,129.7,136,Unhealthy for Sensitive Groups,38.9,39.2,17.6
Punjab,Thrissur,SO2,80.4,279.4,252.4,217,Very Unhealthy,30.3,82.2,8.8
Chandigarh,Munger,OZONE,136.3,375.2,178.5,159,Unhealthy,28.1,74.2,12.0
Uttar Pradesh,Hubballi,NO2,143.3,439.2,191.9,166,Unhealthy,35.8,51.0,22.4
Puducherry,Gummidipoondi,OZONE,5.8,394.7,22.6,23,Good,33.9,78.6,15.7
Odisha,Boisar,PM2.5,77.4,348.8,196.3,197,Unhealthy,26.5,49.8,18.0
Rajasthan,Sasaram,CO,6.9,334.3,28.9,8,Good,39.8,63.7,16.6
Puducherry,Ramanagara,NO2,133.3,294.7,180.0,197,Unhealthy,20.1,48.6,9.4
Chandigarh,Nellore,OZONE,18.9,398.4,195.3,186,Unhealthy,36.6,50.6,15.7
Uttar Pradesh,Jhunjhunu,PM10,35.6,457.3,201.9,254,Very Unhealthy,28.6,38.2,13.4
Karnataka,Asansol,CO,69.8,224.8,169.4,181,Unhealthy,35.7,69.5,16.8
Himachal Pradesh,Damoh,NH3,57.4,87.7,69.9,55,Moderate,34.6,81.6,26.4
Assam,Sirsa,CO,203.7,412.9,235.1,287,Very Unhealthy,34.1,45.0,21.7
Chhattisgarh,Kashipur,PM10,69.6,376.0,96.2,61,Moderate,23.1,50.8,3.2
Haryana,Byasanagar,NO2,26.2,238.5,86.7,77,Moderate,24.9,65.2,17.1
Meghalaya,Kohima,OZONE,120.9,388.0,215.8,294,Very Unhealthy,25.8,38.0,12.5
Odisha,Mumbai,NO2,63.4,177.8,99.0,76,Moderate,22.2,35.7,19.1
Rajasthan,Ambernath,NO2,29.0,457.7,166.2,158,Unhealthy,30.8,49.8,6.2
Meghalaya,Shivamogga,PM2.5,81.3,462.0,127.5,123,Unhealthy for Sensitive Groups,33.9,60.3,26.5
Meghalaya,Kanpur,SO2,11.9,134.9,14.9,11,Good,20.8,77.8,16.5
Tamil Nadu,Amravati,NH3,13.7,305.0,62.9,63,Moderate,23.3,90.2,10.4
Haryana,Bilaspur,PM2.5,10.7,442.1,12.4,42,Good,31.1,66.1,12.4
Madhya Pradesh,Damoh,SO2,27.7,480.6,243.1,223,Very Unhealthy,23.6,42.6,23.2
Arunachal Pradesh,Bhavnagar,PM10,146.1,164.7,160.7,177,Unhealthy,35.6,89.9,24.0
Chandigarh,Puducherry,CO,58.1,347.2,110.6,144,Unhealthy for Sensitive Groups,19.1,90.2,5.4
Karnataka,Khanna,PM2.5,4.5,491.9,5.0,12,Good,29.9,36.6,20.9
Kerala,Siwan,OZONE,102.4,385.0,167.7,173,Unhealthy,29.3,74.1,28.5
Kerala,Baddi,NH3,183.7,403.2,225.4,226,Very Unhealthy,28.4,74.7,23.7
Sikkim,Kolhapur,OZONE,4.2,420.4,218.7,295,Very Unhealthy,30.7,93.4,8.4
Odisha,Khairthal,PM10,1.9,336.0,104.7,149,Unhealthy for Sensitive Groups,17.9,82.4,28.5
Gujarat,Chandrapur,OZONE,113.6,473.7,209.9,251,Very Unhealthy,37.5,88.1,12.2
Uttarakhand,Nanded,PM10,83.7,461.8,231.6,238,Very Unhealthy,38.3,87.5,26.7
Tamil Nadu,Tensa,NO2,116.0,210.8,118.1,120,Unhealthy for Sensitive Groups,27.5,31.2,27.6
Delhi,Balasore,PM10,108.1,342.2,157.5,194,Unhealthy,18.9,56.9,19.4
Chandigarh,Muzaffarpur,OZONE,62.8,426.4,259.9,246,Very Unhealthy,30.7,84.0,0.7
Haryana,Ambala,NH3,28.4,192.2,170.7,156,Unhealthy,23.4,73.6,10.6
Uttarakhand,Rajamahendravaram,NH3,113.8,330.5,130.1,103,Unhealthy for Sensitive Groups,20.8,86.8,5.1
Uttar Pradesh,Ujjain,NO2,47.7,178.0,160.1,188,Unhealthy,32.9,79.7,4.9
Punjab,Dhanbad,SO2,43.1,481.0,78.6,77,Moderate,34.6,43.6,8.7
Madhya Pradesh,Maihar,NO2,74.3,251.2,161.3,196,Unhealthy,23.7,57.7,2.6
Andhra Pradesh,Ambernath,CO,133.7,330.1,205.4,251,Very Unhealthy,35.4,48.7,4.9
Assam,Barrackpore,PM10,10.8,230.7,84.3,51,Moderate,25.7,45.6,13.8
Uttar Pradesh,Jhalawar,OZONE,8.5,223.7,27.5,29,Good,27.3,82.2,16.6
Arunachal Pradesh,Jabalpur,PM2.5,87.9,495.4,177.5,152,Unhealthy,19.6,37.1,29.6
Mizoram,Shivamogga,PM2.5,58.0,325.9,67.6,91,Moderate,38.6,84.5,10.7
Chhattisgarh,Jind,PM2.5,0.8,377.4,122.0,132,Unhealthy for Sensitive Groups,35.9,92.5,26.1
Chandigarh,Gaya,NH3,120.6,216.3,162.8,193,Unhealthy,16.3,39.9,25.5
Andhra Pradesh,Panchgaon,PM2.5,53.1,391.5,154.6,194,Unhealthy,26.7,73.3,1.3
Uttar Pradesh,Tirumala,PM10,75.5,143.7,105.1,137,Unhealthy for Sensitive Groups,29.7,45.1,5.8
Odisha,Ambala,CO,2.5,149.4,48.2,9,Good,22.0,51.0,11.9
Punjab,Satna,PM2.5,64.0,379.9,105.6,148,Unhealthy for Sensitive Groups,33.2,94.1,17.0
Jammu and Kashmir,Udaipur,CO,42.7,428.1,128.3,129,Unhealthy for Sensitive Groups,35.9,92.9,28.3
Uttarakhand,Bhubaneswar,PM2.5,86.9,441.0,265.1,206,Very Unhealthy,17.4,88.1,26.7
Punjab,Dungarpur,SO2,76.7,320.1,138.1,147,Unhealthy for Sensitive Groups,24.7,82.7,9.7
Telangana,Kishanganj,NH3,24.2,243.8,165.1,196,Unhealthy,22.1,74.6,24.6
Karnataka,Satara,NO2,126.2,306.5,250.3,236,Very Unhealthy,22.4,61.9,28.1
Uttarakhand,Akola,NO2,204.1,303.3,211.1,286,Very Unhealthy,29.5,36.1,18.5
Chandigarh,Singrauli,SO2,105.2,481.4,119.6,119,Unhealthy for Sensitive Groups,20.1,30.9,3.5
Tamil Nadu,Jhunjhunu,PM2.5,64.3,398.2,99.4,90,Moderate,18.5,85.2,22.5
Gujarat,Bulandshahr,NH3,40.5,248.0,141.0,105,Unhealthy for Sensitive Groups,34.2,44.6,11.4
Chandigarh,Ulhasnagar,CO,84.3,188.5,185.6,179,Unhealthy,16.1,40.6,20.9
Punjab,Baghpat,CO,48.5,258.4,64.2,99,Moderate,26.6,91.1,11.9
Jharkhand,Munger,PM10,138.8,192.3,175.7,187,Unhealthy,38.1,59.2,17.4
Chhattisgarh,Nandesari,SO2,0.1,425.3,0.4,11,Good,37.5,77.7,17.9
Tamil Nadu,Motihari,SO2,59.1,203.5,78.7,51,Moderate,34.9,47.4,1.0
Andhra Pradesh,Noida,NO2,151.2,362.2,230.3,238,Very Unhealthy,18.3,87.3,12.9
Sikkim,Coimbatore,SO2,27.1,174.9,102.8,106,Unhealthy for Sensitive Groups,40.0,33.3,11.3
Meghalaya,Vatva,PM10,81.7,366.0,208.1,222,Very Unhealthy,37.1,63.3,11.4
Nagaland,Karnal,NO2,32.0,353.6,126.1,123,Unhealthy for Sensitive Groups,15.6,75.6,1.4
Himachal Pradesh,Amaravati,CO,84.4,494.0,183.6,160,Unhealthy,20.6,67.0,3.6
Rajasthan,Bhubaneswar,PM10,71.5,463.4,181.3,192,Unhealthy,37.7,72.7,7.3
Bihar,Rairangpur,PM10,1.9,211.4,6.4,4,Good,26.1,73.2,15.8
Andhra Pradesh,Suakati,CO,176.8,370.9,223.2,261,Very Unhealthy,24.6,31.2,24.7
Nagaland,Damoh,NO2,77.4,178.6,97.4,55,Moderate,19.2,76.8,3.2
Karnataka,Yadgir,PM10,195.5,389.4,236.1,236,Very Unhealthy,19.9,91.3,25.7
Gujarat,Motihari,OZONE,128.9,359.5,207.2,208,Very Unhealthy,15.6,58.8,29.6
Haryana,Chandigarh,PM2.5,236.6,272.1,242.1,217,Very Unhealthy,29.0,36.3,6.5
Tripura,Nagpur,NH3,160.9,258.5,176.7,154,Unhealthy,21.0,58.1,13.2
Punjab,Kollam,NH3,76.9,423.6,147.3,124,Unhealthy for Sensitive Groups,34.0,80.8,12.6
West Bengal,Araria,NO2,77.4,199.5,154.2,180,Unhealthy,34.7,58.0,11.6
Bihar,Kalaburagi,OZONE,91.6,234.4,158.5,156,Unhealthy,21.3,81.2,19.1
Chandigarh,Mangalore,NO2,94.6,287.0,206.1,257,Very Unhealthy,37.7,90.1,29.4
Puducherry,Satna,CO,59.6,416.5,162.4,160,Unhealthy,36.7,76.5,25.3
Telangana,Cuddalore,PM10,7.0,170.3,40.0,10,Good,22.2,85.8,11.5
Jammu and Kashmir,Vapi,NO2,10.4,362.9,28.0,29,Good,33.5,54.7,27.5
Maharashtra,Parbhani,NO2,38.2,162.9,59.7,53,Moderate,34.7,80.4,27.8
Andhra Pradesh,Agartala,NH3,24.9,287.6,62.9,96,Moderate,17.2,73.4,15.3
Delhi,Baran,OZONE,8.1,205.2,141.7,108,Unhealthy for Sensitive Groups,36.3,65.3,18.8
Tamil Nadu,Suakati,PM2.5,34.1,493.7,47.4,47,Good,15.2,39.8,14.3
Jammu and Kashmir,Khanna,SO2,31.9,103.3,75.0,95,Moderate,38.2,94.4,6.7
Jharkhand,Milupara,NO2,21.4,242.2,87.0,60,Moderate,26.5,70.1,4.5
Mizoram,Bhubaneswar,PM2.5,8.7,495.1,264.5,256,Very Unhealthy,37.3,89.6,24.8
Himachal Pradesh,Vapi,NO2,23.4,387.9,38.0,34,Good,22.3,66.4,24.5
Nagaland,Chhapra,SO2,199.7,271.6,232.2,241,Very Unhealthy,32.8,30.1,10.0
Bihar,Hanumangarh,SO2,44.1,354.1,64.8,57,Moderate,26.8,61.3,0.8
Bihar,Panchgaon,PM2.5,91.2,262.3,214.8,280,Very Unhealthy,28.7,79.3,8.3
Odisha,Raipur,PM10,169.4,310.1,175.0,159,Unhealthy,39.0,64.2,28.6
Delhi,Bhiwadi,OZONE,65.4,493.4,233.0,275,Very Unhealthy,23.2,50.4,16.9
Maharashtra,Bhopal,PM2.5,73.0,441.5,223.1,239,Very Unhealthy,21.7,56.6,13.2
Rajasthan,Bikaner,CO,92.1,266.2,246.3,272,Very Unhealthy,30.6,72.5,8.8
Tripura,Kurukshetra,NO2,23.1,378.4,142.2,122,Unhealthy for Sensitive Groups,36.3,50.8,23.7
Jharkhand,Machilipatnam,PM10,21.3,247.4,193.5,190,Unhealthy,15.9,65.1,0.9
Tripura,Araria,CO,106.9,408.2,266.0,285,Very Unhealthy,25.8,59.8,8.5
Meghalaya,Munger,OZONE,23.9,267.6,207.7,254,Very Unhealthy,36.1,41.7,3.4
Tripura,Tumidih,PM2.5,30.3,428.0,57.5,88,Moderate,29.6,64.6,6.5
Mizoram,Aizawl,CO,34.2,461.3,166.7,154,Unhealthy,23.6,80.1,21.5
West Bengal,Parbhani,OZONE,0.1,357.3,1.0,32,Good,33.5,49.9,14.1
Bihar,Arrah,NO2,36.9,460.2,263.6,259,Very Unhealthy,29.3,59.1,2.0
Gujarat,Koppal,NO2,25.8,429.2,206.6,268,Very Unhealthy,36.0,51.9,7.6
Andhra Pradesh,Satara,SO2,53.2,363.3,222.3,216,Very Unhealthy,37.8,71.9,29.0
Chandigarh,Agartala,SO2,76.8,437.8,249.2,223,Very Unhealthy,36.9,43.5,15.3
Himachal Pradesh,Sonipat,CO,46.4,322.3,106.2,110,Unhealthy for Sensitive Groups,37.6,32.7,6.3
Bihar,Maihar,NO2,155.6,302.8,199.1,157,Unhealthy,28.6,44.3,21.0
Madhya Pradesh,Rajamahendravaram,NO2,22.8,265.7,25.4,35,Good,37.7,90.1,18.7
Chhattisgarh,Anantapur,NH3,162.2,448.7,180.7,167,Unhealthy,38.1,78.1,20.4
Mizoram,Aurangabad,NO2,102.2,381.1,265.0,270,Very Unhealthy,20.0,84.2,9.8
Mizoram,Tumidih,PM10,51.3,195.2,106.7,118,Unhealthy for Sensitive Groups,33.7,48.5,12.6
Haryana,Kohima,NH3,44.7,188.7,81.9,74,Moderate,35.1,81.7,21.9
Meghalaya,Bhavnagar,PM2.5,31.9,330.1,198.9,185,Unhealthy,35.6,86.3,12.2
Nagaland,Muzaffarpur,PM10,116.0,318.5,192.5,173,Unhealthy,21.3,59.7,13.8
Telangana,Nagaur,PM10,8.8,396.1,226.3,264,Very Unhealthy,33.1,79.2,1.5
Himachal Pradesh,Bilaspur,CO,0.0,326.0,121.2,135,Unhealthy for Sensitive Groups,33.0,71.0,19.8
Puducherry,Aurangabad,PM10,43.3,419.6,195.0,155,Unhealthy,16.7,78.7,16.0
Odisha,Hanumangarh,PM2.5,49.7,245.4,50.2,479,Hazardous,17.6,88.6,6.7
Uttarakhand,Chikkaballapur,NH3,129.6,348.1,198.3,190,Unhealthy,33.6,69.7,10.2
Mizoram,Puducherry,PM10,30.3,454.0,71.7,98,Moderate,37.0,50.8,27.0
Uttarakhand,Sivasagar,NO2,63.7,371.0,217.9,247,Very Unhealthy,35.1,36.9,14.7
Jammu and Kashmir,Khurja,OZONE,34.7,399.8,49.6,45,Good,20.0,90.4,23.2
Meghalaya,Vijayawada,SO2,72.3,288.7,82.8,54,Moderate,31.0,41.8,15.6
Meghalaya,Bhagalpur,NH3,50.0,419.9,92.5,89,Moderate,24.1,83.8,18.8
Haryana,Jhunjhunu,OZONE,12.4,169.2,127.3,113,Unhealthy for Sensitive Groups,38.6,63.8,13.1
Andhra Pradesh,Malegaon,SO2,0.5,404.8,83.5,80,Moderate,19.1,77.5,17.4
Assam,Akola,SO2,1.8,231.9,15.5,43,Good,18.1,35.3,15.8
Uttar Pradesh,Kollam,OZONE,83.7,174.6,157.6,153,Unhealthy,20.7,41.3,12.0
Arunachal Pradesh,Boisar,NO2,54.7,447.6,227.7,261,Very Unhealthy,40.0,48.2,12.3
Jammu and Kashmir,Visakhapatnam,OZONE,38.6,489.2,97.3,58,Moderate,17.3,30.9,28.2
Nagaland,Madikeri,OZONE,124.4,228.1,214.9,287,Very Unhealthy,32.0,50.0,29.8
Andhra Pradesh,Jalore,NH3,10.4,271.2,112.8,120,Unhealthy for Sensitive Groups,26.9,75.5,22.4
Maharashtra,Agra,NO2,28.0,207.1,32.4,50,Good,20.1,90.3,12.6
Arunachal Pradesh,Beed,NO2,58.3,369.1,113.9,143,Unhealthy for Sensitive Groups,31.4,91.6,27.6
Delhi,Bengaluru,NH3,50.0,306.1,76.8,53,Moderate,38.0,83.9,13.6
Delhi,Bikaner,NH3,12.9,333.5,29.6,31,Good,17.8,70.3,2.6
West Bengal,Katihar,OZONE,5.0,449.3,41.5,20,Good,27.3,60.4,23.5
Haryana,Bhiwani,PM10,4.1,73.0,5.8,47,Good,34.9,32.8,9.7
Tripura,Panipat,NH3,30.2,403.9,122.4,111,Unhealthy for Sensitive Groups,33.0,53.7,28.1
Puducherry,Nellore,OZONE,33.8,229.9,44.5,12,Good,32.0,38.9,7.4
Punjab,Hubballi,PM2.5,141.3,451.8,235.2,242,Very Unhealthy,34.7,53.1,12.9
Jharkhand,Bahadurgarh,NO2,38.9,462.5,161.8,171,Unhealthy,39.4,71.8,29.4
Chandigarh,Fatehabad,NO2,58.9,195.5,96.4,69,Moderate,31.4,60.1,1.9
Arunachal Pradesh,Banswara,NH3,101.1,336.2,152.9,151,Unhealthy,15.6,85.9,28.5
Tripura,Bulandshahr,SO2,42.5,143.9,127.6,125,Unhealthy for Sensitive Groups,28.0,44.1,17.8
Jharkhand,Gwalior,CO,25.7,306.4,194.2,186,Unhealthy,22.5,46.3,20.1
West Bengal,Akola,SO2,189.2,298.8,226.4,298,Very Unhealthy,30.0,51.4,4.7
Assam,Manguraha,CO,4.7,326.6,16.7,16,Good,27.0,55.4,26.7
Chandigarh,Ahmedabad,NH3,26.8,236.6,235.2,262,Very Unhealthy,22.2,49.5,28.9
Sikkim,Mahad,SO2,155.1,326.8,189.1,161,Unhealthy,30.3,56.3,29.7
Madhya Pradesh,Hapur,SO2,111.8,489.3,212.5,231,Very Unhealthy,24.3,53.4,21.4
Madhya Pradesh,Balasore,NO2,150.9,326.7,168.7,156,Unhealthy,19.5,68.0,15.1
Chhattisgarh,Jorapokhar,NH3,69.6,496.7,217.8,269,Very Unhealthy,35.1,85.3,21.7
Uttarakhand,Baddi,OZONE,7.7,198.5,86.6,98,Moderate,20.3,32.7,28.2
Tripura,Bahadurgarh,PM10,145.4,474.8,217.4,232,Very Unhealthy,25.1,80.1,16.4
Chandigarh,Kalyan,NH3,0.7,316.1,81.2,90,Moderate,35.2,91.2,0.6
Haryana,Manguraha,PM10,144.2,497.6,249.2,243,Very Unhealthy,36.6,36.6,4.1
Jharkhand,Modinagar,NH3,49.4,214.1,81.9,57,Moderate,21.7,80.3,14.2
Chandigarh,Kanpur,SO2,25.2,288.3,217.6,293,Very Unhealthy,33.4,59.7,6.4
Uttarakhand,Mysuru,PM2.5,64.8,202.6,148.2,122,Unhealthy for Sensitive Groups,34.9,44.3,3.2
Karnataka,Sasaram,PM10,25.9,463.7,38.6,21,Good,20.1,53.1,12.5
Karnataka,Bhiwandi,CO,31.3,232.4,32.8,25,Good,26.5,47.9,6.2
Telangana,Khurja,SO2,0.1,418.7,201.5,214,Very Unhealthy,27.9,73.4,6.5
Bihar,Nashik,PM2.5,151.4,469.8,208.3,300,Very Unhealthy,36.2,75.5,0.1
Uttarakhand,Nanded,PM2.5,189.3,490.7,264.8,274,Very Unhealthy,15.5,89.8,16.8
Assam,Bileipada,OZONE,43.6,233.5,58.2,94,Moderate,26.4,35.1,0.6
Jharkhand,Amaravati,NH3,83.5,498.9,248.0,287,Very Unhealthy,16.2,76.0,27.5
Arunachal Pradesh,Tirupati,CO,12.6,213.7,53.1,92,Moderate,30.0,93.6,7.3
Puducherry,Karauli,NO2,48.2,175.9,98.1,89,Moderate,29.0,52.5,15.4
Karnataka,Bhiwadi,PM2.5,55.8,386.8,98.6,85,Moderate,35.0,66.5,9.7
Odisha,Agra,CO,102.9,338.0,246.5,230,Very Unhealthy,19.4,39.0,6.8
Kerala,Guwahati,OZONE,119.9,286.0,265.1,264,Very Unhealthy,32.6,84.6,26.2
Bihar,Bundi,NO2,11.2,424.0,225.5,230,Very Unhealthy,16.6,40.2,10.2
Chandigarh,Jaisalmer,OZONE,5.4,440.2,52.5,60,Moderate,29.9,38.7,1.5
Telangana,Nandesari,SO2,89.2,210.7,111.8,144,Unhealthy for Sensitive Groups,21.4,72.7,2.0
Madhya Pradesh,Ambala,NH3,86.1,308.1,127.1,142,Unhealthy for Sensitive Groups,35.9,42.1,29.7
Delhi,Meerut,PM10,94.4,295.7,165.2,193,Unhealthy,22.4,74.3,24.5
Puducherry,Faridabad,SO2,30.0,440.5,240.0,272,Very Unhealthy,24.3,66.7,28.3
Mizoram,Pune,PM2.5,66.1,217.0,70.4,63,Moderate,39.9,54.8,4.2
Himachal Pradesh,Beed,SO2,104.5,298.8,183.9,154,Unhealthy,23.1,77.9,1.8
Mizoram,Katni,PM10,79.9,416.6,198.7,173,Unhealthy,17.0,63.2,7.2
Tamil Nadu,Raebareli,SO2,14.7,171.0,18.5,11,Good,25.1,53.7,8.1
Mizoram,Agartala,NH3,46.7,332.5,86.7,80,Moderate,35.5,34.9,25.4
Haryana,Mandideep,NH3,28.6,350.1,186.7,180,Unhealthy,22.3,33.0,4.8
Assam,Modinagar,CO,8.7,233.1,113.1,126,Unhealthy for Sensitive Groups,24.9,67.7,25.4
Puducherry,Asansol,NO2,29.0,201.1,109.1,141,Unhealthy for Sensitive Groups,29.1,87.1,9.4
Sikkim,Palwal,OZONE,8.2,387.6,250.2,212,Very Unhealthy,23.1,85.7,24.0
Himachal Pradesh,Korba,OZONE,11.2,313.8,16.7,41,Good,27.7,62.0,14.1
Madhya Pradesh,Bharatpur,OZONE,2.1,255.9,236.4,227,Very Unhealthy,24.0,47.8,21.4
Karnataka,Modinagar,PM10,30.9,187.8,56.9,94,Moderate,32.0,42.9,5.2
Odisha,Vadodara,NO2,22.2,447.4,243.8,241,Very Unhealthy,37.6,66.8,10.8
Chandigarh,Thane,NH3,5.2,468.3,249.8,227,Very Unhealthy,30.4,55.4,18.8
Haryana,Bhavnagar,SO2,14.7,36.4,29.1,35,Good,18.9,37.9,24.3
Tripura,Bihar Sharif,PM2.5,17.3,261.9,36.5,22,Good,32.1,77.5,28.3
Uttar Pradesh,Ambernath,NH3,105.7,263.1,117.4,150,Unhealthy for Sensitive Groups,23.4,37.6,9.7
Uttarakhand,Jalandhar,OZONE,0.8,279.3,1.3,12,Good,16.0,49.2,29.3
Uttar Pradesh,Patiala,PM2.5,124.8,310.5,135.9,115,Unhealthy for Sensitive Groups,24.7,82.9,20.0
Kerala,Chennai,SO2,9.8,212.8,25.2,26,Good,31.8,91.9,8.2
Uttarakhand,Arrah,NO2,85.5,313.2,240.5,267,Very Unhealthy,24.2,79.5,9.5
Odisha,Karwar,PM2.5,99.2,433.3,204.3,204,Very Unhealthy,25.1,67.4,27.8
Madhya Pradesh,Hajipur,PM2.5,200.5,238.8,231.8,209,Very Unhealthy,35.5,85.7,12.6
Himachal Pradesh,Modinagar,PM10,108.4,310.9,144.1,119,Unhealthy for Sensitive Groups,24.6,48.3,28.2
Arunachal Pradesh,Alwar,SO2,67.1,169.4,80.1,62,Moderate,32.4,60.4,6.1
Mizoram,Khora,PM2.5,62.6,267.2,145.8,112,Unhealthy for Sensitive Groups,22.2,79.4,1.7
Chandigarh,Kolkata,PM2.5,7.3,53.1,13.6,16,Good,39.8,38.6,8.4
Assam,Singrauli,PM10,109.1,328.1,164.0,162,Unhealthy,25.0,47.7,14.6
Assam,Shillong,PM2.5,69.0,484.2,215.2,234,Very Unhealthy,21.8,37.6,27.0
Gujarat,Milupara,OZONE,138.2,421.8,193.5,160,Unhealthy,23.0,35.4,26.6
Chandigarh,Machilipatnam,NO2,80.4,163.5,121.2,117,Unhealthy for Sensitive Groups,29.0,54.2,13.1
Bihar,Agra,PM2.5,177.2,282.1,199.9,174,Unhealthy,33.2,77.2,14.0
Haryana,Shillong,NH3,18.6,223.3,43.1,20,Good,20.0,52.0,28.9
Sikkim,Purnia,OZONE,141.6,321.9,150.8,471,Hazardous,36.0,62.4,17.7
West Bengal,Ajmer,SO2,221.4,291.1,242.7,218,Very Unhealthy,39.2,77.9,6.8
Jharkhand,Purnia,NH3,3.7,429.0,140.0,137,Unhealthy for Sensitive Groups,38.4,53.3,29.1
Bihar,Vadodara,PM10,3.4,306.5,5.1,41,Good,27.7,79.2,6.6
Rajasthan,Jabalpur,OZONE,67.8,182.6,75.0,80,Moderate,15.8,68.3,24.7
Chandigarh,Bhopal,NH3,126.1,368.1,149.1,124,Unhealthy for Sensitive Groups,23.4,81.8,13.7
Mizoram,Sagar,CO,44.7,242.7,172.7,191,Unhealthy,24.7,84.4,9.5
Himachal Pradesh,Karwar,PM2.5,129.6,243.4,174.0,184,Unhealthy,21.2,71.6,4.5
Arunachal Pradesh,Brajrajnagar,NO2,18.5,397.9,165.1,200,Unhealthy,32.8,78.0,19.7
West Bengal,Chandigarh,CO,14.6,457.8,33.1,12,Good,17.6,75.6,18.7
Bihar,Cuddalore,PM2.5,203.2,312.5,250.8,221,Very Unhealthy,32.4,82.8,7.8
Maharashtra,Chandigarh,SO2,75.6,260.2,181.9,158,Unhealthy,22.6,80.8,25.7
Odisha,Tirumala,PM2.5,176.3,246.4,236.7,239,Very Unhealthy,36.0,82.3,25.3
Nagaland,Nagpur,PM10,63.4,350.3,98.5,82,Moderate,27.1,84.5,8.2
Uttarakhand,Chandigarh,PM2.5,5.2,192.1,7.4,3,Good,38.8,73.3,0.3
Chhattisgarh,Kota,OZONE,125.6,409.5,146.5,101,Unhealthy for Sensitive Groups,29.0,54.5,7.6
Gujarat,Dausa,PM10,28.9,263.8,35.7,22,Good,19.4,35.9,12.5
Bihar,Keonjhar,SO2,16.8,438.5,83.1,85,Moderate,19.7,51.7,9.8
Bihar,Jalgaon,CO,58.0,254.8,101.4,119,Unhealthy for Sensitive Groups,23.7,55.8,17.8
Bihar,Shivamogga,SO2,0.3,43.4,43.3,19,Good,33.7,50.9,14.9
Jharkhand,Buxar,NH3,5.3,84.2,75.4,98,Moderate,27.4,32.4,11.6
Himachal Pradesh,Gorakhpur,NO2,5.6,160.4,61.1,83,Moderate,34.4,57.8,11.5
Himachal Pradesh,Pali,PM2.5,2.2,8.6,8.5,4,Good,37.8,78.3,29.1
Odisha,Hubballi,NH3,29.7,476.1,35.5,24,Good,18.6,55.1,12.7
Nagaland,Katihar,NO2,41.4,193.2,55.6,53,Moderate,19.1,81.0,9.4
Arunachal Pradesh,Bhiwandi,PM2.5,78.8,267.3,255.1,257,Very Unhealthy,15.3,85.9,24.1
Kerala,Machilipatnam,NH3,87.4,483.9,153.0,187,Unhealthy,16.4,52.7,7.1
Kerala,Rajgir,OZONE,173.0,297.4,235.4,294,Very Unhealthy,21.6,31.1,12.4
Kerala,Gorakhpur,CO,5.3,299.6,20.6,0,Good,32.5,36.0,25.6
Assam,Gummidipoondi,PM10,10.0,308.2,15.7,42,Good,29.7,30.4,11.5
Nagaland,Barmer,CO,112.4,496.3,119.5,102,Unhealthy for Sensitive Groups,24.4,48.8,9.3
Tripura,Beed,OZONE,133.2,374.0,138.8,149,Unhealthy for Sensitive Groups,33.1,77.4,22.0
West Bengal,Greater Noida,NO2,71.7,447.5,176.6,166,Unhealthy,37.9,70.8,5.5
Assam,Vatva,NH3,34.1,87.1,44.3,31,Good,29.7,94.0,29.2
West Bengal,Varanasi,PM2.5,88.9,165.6,142.8,111,Unhealthy for Sensitive Groups,32.2,64.7,12.8
Delhi,Suakati,NH3,151.3,313.3,213.4,234,Very Unhealthy,30.3,56.0,23.2
Mizoram,Mira-Bhayandar,SO2,187.4,473.8,233.8,252,Very Unhealthy,33.1,88.3,17.6
Gujarat,Dewas,NH3,47.8,254.8,128.7,131,Unhealthy for Sensitive Groups,39.6,60.5,11.8
Tripura,Manesar,SO2,212.7,452.8,222.0,234,Very Unhealthy,34.9,44.3,20.3
Karnataka,Tirumala,OZONE,10.7,397.6,22.1,33,Good,15.2,77.7,16.9
Sikkim,Rishikesh,NO2,5.1,492.4,176.7,181,Unhealthy,17.1,65.9,2.9
Telangana,Panchkula,OZONE,197.8,365.1,238.2,219,Very Unhealthy,16.1,72.6,21.2
Rajasthan,Mysuru,NH3,13.0,474.2,232.5,263,Very Unhealthy,37.2,55.1,16.7
Bihar,Sirsa,NO2,24.3,409.4,48.1,25,Good,24.4,66.3,16.3
Punjab,Rajsamand,PM10,113.8,433.8,218.2,246,Very Unhealthy,22.9,94.4,1.3
Assam,Cuddalore,NO2,19.3,431.7,227.7,299,Very Unhealthy,33.4,68.2,15.9
Jammu and Kashmir,Purnia,PM10,3.9,156.0,29.5,26,Good,23.3,44.5,6.8
Odisha,Jalore,CO,30.6,329.7,149.7,143,Unhealthy for Sensitive Groups,31.2,50.2,17.9
West Bengal,Sirsa,CO,42.1,342.3,136.0,129,Unhealthy for Sensitive Groups,40.0,64.7,22.6
West Bengal,Bilaspur,CO,139.9,319.0,146.7,137,Unhealthy for Sensitive Groups,25.9,85.4,13.3
Jharkhand,Bahadurgarh,NH3,4.4,253.7,195.6,197,Unhealthy,36.2,94.7,16.7
Rajasthan,Vijayapura,CO,66.9,396.6,195.7,179,Unhealthy,17.7,84.2,6.8
Uttar Pradesh,Talcher,PM2.5,17.3,403.7,32.9,4,Good,19.7,48.2,0.0
Mizoram,Gaya,SO2,7.3,80.5,62.7,68,Moderate,18.2,72.6,16.2
Tamil Nadu,Keonjhar,CO,11.1,59.5,28.0,30,Good,15.5,65.4,22.7
Assam,Saharsa,NH3,19.0,198.8,36.7,50,Good,22.4,52.5,27.0
Uttar Pradesh,Thane,PM10,13.4,494.9,256.9,213,Very Unhealthy,24.0,58.8,26.8
Nagaland,Rajgir,PM10,64.8,128.1,111.7,133,Unhealthy for Sensitive Groups,38.9,73.1,1.2
Mizoram,Rohtak,PM2.5,43.9,195.3,126.7,147,Unhealthy for Sensitive Groups,32.9,37.3,10.4
Karnataka,Byasanagar,SO2,16.2,408.6,81.8,56,Moderate,34.4,48.6,29.7
Tamil Nadu,Amravati,OZONE,27.8,218.6,199.6,200,Unhealthy,39.8,91.1,8.6
Bihar,Nellore,OZONE,62.5,232.4,228.4,290,Very Unhealthy,19.4,58.2,20.0
Haryana,Sri Ganganagar,CO,38.8,98.2,57.6,54,Moderate,33.2,70.6,9.1
Jharkhand,Nellore,PM10,87.4,425.0,223.7,239,Very Unhealthy,29.5,32.3,12.0
Jharkhand,Siwan,OZONE,0.6,82.5,34.2,2,Good,30.6,40.9,20.1
Assam,Ratlam,NH3,155.9,419.9,159.2,183,Unhealthy,19.2,51.5,18.0
Puducherry,Jodhpur,SO2,27.3,401.3,57.5,93,Moderate,39.3,36.8,23.1
Maharashtra,Panchgaon,NO2,8.4,239.3,19.3,29,Good,18.8,30.7,8.7
Andhra Pradesh,Bhiwandi,SO2,39.1,298.5,103.5,131,Unhealthy for Sensitive Groups,23.1,77.0,10.7
Chandigarh,Delhi,SO2,42.6,108.8,57.2,53,Moderate,16.5,85.4,16.8
Telangana,Yadgir,NO2,0.7,358.8,112.3,128,Unhealthy for Sensitive Groups,17.2,78.0,2.4
Mizoram,Prayagraj,PM2.5,52.2,390.8,119.1,102,Unhealthy for Sensitive Groups,15.3,71.0,4.4
Meghalaya,Raebareli,NH3,52.8,457.6,214.0,229,Very Unhealthy,36.2,68.2,22.4
Andhra Pradesh,Shillong,PM2.5,49.0,451.9,179.0,195,Unhealthy,34.5,42.0,20.5
Tripura,Katihar,CO,18.0,344.8,79.5,59,Moderate,18.6,54.9,8.2
Assam,Bikaner,CO,16.6,311.7,32.7,5,Good,35.6,68.3,2.1
Madhya Pradesh,Chhal,CO,0.1,484.2,25.2,15,Good,26.0,59.8,12.2
Jharkhand,Kolkata,OZONE,11.2,429.8,128.2,135,Unhealthy for Sensitive Groups,18.6,30.3,15.5
Madhya Pradesh,Agra,PM10,84.6,301.6,236.6,285,Very Unhealthy,31.7,93.0,5.9
Rajasthan,Vijayawada,CO,116.9,476.1,151.6,164,Unhealthy,26.4,67.6,2.0
Delhi,Sirsa,PM10,151.9,371.3,254.6,205,Very Unhealthy,37.7,85.0,26.5
Maharashtra,Prayagraj,PM2.5,224.1,301.3,261.4,254,Very Unhealthy,23.5,87.7,24.3
Delhi,Sirsa,NH3,58.2,381.6,100.4,334,Hazardous,36.3,51.2,5.3
Maharashtra,Angul,NH3,0.4,52.6,0.5,0,Good,17.6,64.6,17.3
Sikkim,Pithampur,PM10,3.8,483.7,4.3,33,Good,19.2,88.6,15.5
Jammu and Kashmir,Gummidipoondi,NO2,3.1,459.2,45.2,26,Good,16.1,93.8,14.6
Puducherry,Jabalpur,PM2.5,19.1,375.0,56.0,82,Moderate,25.5,53.6,13.3
Jammu and Kashmir,Nagaur,NH3,16.1,226.7,73.2,61,Moderate,25.1,70.7,29.1
Haryana,Bareilly,OZONE,248.5,442.2,257.2,282,Very Unhealthy,39.4,30.5,20.8
Uttarakhand,Koppal,OZONE,25.5,53.5,37.7,13,Good,31.6,93.4,21.8
West Bengal,Pratapgarh,PM2.5,52.4,146.0,73.1,56,Moderate,32.7,60.9,5.8
Assam,Hisar,OZONE,144.0,294.1,241.2,221,Very Unhealthy,32.7,74.8,27.3
Chhattisgarh,Nagaon,PM2.5,185.0,352.0,251.4,280,Very Unhealthy,38.8,50.4,8.6
Uttar Pradesh,Sagar,SO2,61.7,455.2,211.4,266,Very Unhealthy,39.1,45.8,15.7
Gujarat,Bileipada,OZONE,42.3,464.9,157.9,172,Unhealthy,38.1,52.8,9.6
Tripura,Ghaziabad,NH3,23.0,430.8,23.5,35,Good,26.2,44.0,16.5
Odisha,Bhiwandi,NO2,66.0,477.5,196.1,172,Unhealthy,15.3,91.3,5.1
Bihar,Karauli,CO,198.3,418.0,224.6,280,Very Unhealthy,15.7,84.9,16.8
Maharashtra,Ludhiana,SO2,12.8,132.2,84.5,77,Moderate,33.3,30.6,19.2
Sikkim,Hisar,PM10,0.3,418.0,0.7,18,Good,28.4,56.7,9.4
Bihar,Satna,NH3,53.9,468.7,265.1,287,Very Unhealthy,38.3,58.6,18.5
Puducherry,Agra,NO2,63.9,389.3,181.3,173,Unhealthy,15.9,78.8,14.0
Uttarakhand,Jalore,NH3,150.6,413.2,264.8,289,Very Unhealthy,33.0,90.8,18.1
Assam,Shivamogga,PM2.5,58.0,237.0,212.6,240,Very Unhealthy,24.4,82.2,23.8
Andhra Pradesh,Firozabad,PM2.5,131.5,158.1,153.2,160,Unhealthy,33.5,91.4,12.7
Meghalaya,Koppal,NH3,132.9,306.2,180.7,159,Unhealthy,25.9,50.4,16.8
Chhattisgarh,Madurai,PM10,161.4,282.0,220.8,300,Very Unhealthy,25.9,33.9,18.6
Puducherry,Talcher,NO2,108.8,464.4,193.4,169,Unhealthy,22.4,92.4,16.1
Mizoram,Purnia,PM10,59.4,411.8,122.1,106,Unhealthy for Sensitive Groups,34.7,31.9,24.0
Andhra Pradesh,Khairthal,SO2,21.3,248.9,51.7,83,Moderate,27.4,30.0,29.9
Puducherry,Karauli,PM2.5,1.7,456.3,27.6,41,Good,22.5,41.5,7.8
Puducherry,Nagpur,SO2,16.8,315.4,18.5,13,Good,37.1,79.2,25.8
West Bengal,Jorapokhar,NH3,160.3,410.7,240.4,258,Very Unhealthy,16.0,55.6,20.1
Uttar Pradesh,Hajipur,NO2,5.3,471.2,5.4,6,Good,21.7,82.4,3.5
Karnataka,Jalandhar,SO2,3.5,153.7,52.4,58,Moderate,21.1,39.7,3.7
Telangana,Katni,PM10,68.7,451.8,242.1,258,Very Unhealthy,19.5,69.7,28.2
Tripura,Bhopal,PM10,200.5,432.1,221.9,208,Very Unhealthy,38.9,46.2,18.4
Chandigarh,Pali,CO,116.5,430.4,162.0,200,Unhealthy,18.1,38.2,4.6
Jammu and Kashmir,Bhiwani,NH3,44.7,225.9,168.0,168,Unhealthy,18.3,51.3,5.9
Andhra Pradesh,Ujjain,SO2,6.1,174.9,54.4,56,Moderate,17.1,35.6,0.1
Karnataka,Bulandshahr,OZONE,101.8,329.8,128.0,110,Unhealthy for Sensitive Groups,29.8,76.7,24.8
Jammu and Kashmir,Hubballi,SO2,29.2,150.8,54.8,52,Moderate,24.9,68.1,0.3
Nagaland,Chennai,CO,67.0,284.6,263.4,293,Very Unhealthy,22.9,91.1,23.8
Uttar Pradesh,Bhiwani,PM2.5,144.5,265.0,244.1,283,Very Unhealthy,37.6,91.8,26.8
Odisha,Ballabgarh,NH3,1.4,320.1,39.7,42,Good,29.8,54.5,14.4
Arunachal Pradesh,Ujjain,NH3,45.6,342.9,66.3,63,Moderate,39.5,32.1,9.9
West Bengal,Narnaul,SO2,33.0,420.0,52.1,57,Moderate,15.3,83.0,13.7
Jharkhand,Sasaram,PM2.5,37.4,157.3,50.5,406,Hazardous,15.1,55.4,15.9
Karnataka,Chittoor,OZONE,40.5,415.7,134.3,102,Unhealthy for Sensitive Groups,17.8,53.4,0.6
Bihar,Gummidipoondi,OZONE,21.7,236.3,129.6,143,Unhealthy for Sensitive Groups,34.7,47.6,27.4
Delhi,Jalna,SO2,94.9,409.1,185.8,165,Unhealthy,25.1,42.2,10.2
Chhattisgarh,Tirupati,OZONE,9.1,78.6,16.6,11,Good,21.0,65.8,23.8
Haryana,Alwar,NO2,57.3,451.6,129.8,101,Unhealthy for Sensitive Groups,23.4,70.3,4.1
Jharkhand,Jorapokhar,NH3,65.7,340.9,234.2,255,Very Unhealthy,16.0,37.1,11.7
Maharashtra,Dharuhera,PM2.5,49.1,412.3,182.4,162,Unhealthy,27.6,50.2,11.8
Arunachal Pradesh,Baran,PM10,182.6,480.6,203.0,248,Very Unhealthy,32.6,92.0,2.0
Meghalaya,Rupnagar,CO,5.1,471.9,198.8,184,Unhealthy,18.3,71.7,3.7
Chhattisgarh,Jaisalmer,NH3,22.1,375.2,83.4,65,Moderate,24.3,67.3,6.5
Odisha,Damoh,CO,1.7,134.6,2.2,31,Good,21.6,67.4,7.2
Sikkim,Karauli,PM10,16.8,225.3,130.7,143,Unhealthy for Sensitive Groups,24.9,63.2,24.2
Nagaland,Angul,OZONE,8.1,370.3,157.7,193,Unhealthy,38.3,34.1,25.7
Meghalaya,Gadag,NH3,70.6,470.0,201.6,247,Very Unhealthy,38.5,58.5,22.5
Haryana,Patiala,PM2.5,55.7,352.4,106.3,139,Unhealthy for Sensitive Groups,23.6,45.7,25.6
Punjab,Bikaner,NH3,64.9,318.3,153.0,171,Unhealthy,22.0,38.9,24.4
Telangana,Ballabgarh,NO2,26.0,294.9,77.9,71,Moderate,22.6,83.4,9.9
Tamil Nadu,Bareilly,PM2.5,16.2,238.7,35.1,17,Good,15.6,32.3,22.9
Himachal Pradesh,Virar,OZONE,58.3,372.4,136.4,141,Unhealthy for Sensitive Groups,36.3,64.9,10.9
Uttar Pradesh,Mahad,PM10,21.2,143.8,58.5,59,Moderate,21.1,32.6,11.1
Delhi,Pithampur,OZONE,58.7,403.2,197.0,161,Unhealthy,16.4,83.1,28.8
Karnataka,Bileipada,PM10,51.8,279.3,53.1,83,Moderate,17.7,33.0,16.6
Telangana,Virar,OZONE,88.8,390.9,224.5,228,Very Unhealthy,23.4,81.3,23.1
Assam,Jorapokhar,SO2,160.1,468.0,211.9,201,Very Unhealthy,32.4,79.3,1.7
Sikkim,Dungarpur,SO2,22.9,329.4,65.3,57,Moderate,25.6,64.2,27.3
Kerala,Haldia,CO,26.7,481.2,114.3,146,Unhealthy for Sensitive Groups,26.7,80.8,9.0
Puducherry,Vatva,SO2,61.4,138.2,116.9,126,Unhealthy for Sensitive Groups,17.2,92.3,11.8
Telangana,Korba,SO2,94.5,447.8,252.8,298,Very Unhealthy,26.8,33.1,25.3
Assam,Bilaspur,PM10,59.7,303.2,243.5,207,Very Unhealthy,38.0,56.2,29.6
Telangana,Ramanagara,PM2.5,11.4,492.9,19.5,30,Good,28.2,68.1,26.9
Uttar Pradesh,Mehsana,OZONE,32.6,274.7,37.1,36,Good,20.8,45.1,17.4
Nagaland,Coimbatore,OZONE,55.9,466.4,149.5,125,Unhealthy for Sensitive Groups,34.5,52.9,2.6
Karnataka,Korba,CO,41.4,372.8,203.0,244,Very Unhealthy,25.0,92.5,8.8
West Bengal,Raipur,CO,59.1,441.0,246.5,283,Very Unhealthy,27.0,75.0,24.8
Sikkim,Ambernath,SO2,200.1,493.5,261.2,201,Very Unhealthy,23.6,31.2,14.3
Meghalaya,Amravati,NO2,29.4,316.7,265.5,257,Very Unhealthy,27.6,41.7,2.0
Chandigarh,Rohtak,OZONE,89.1,290.1,105.3,118,Unhealthy for Sensitive Groups,33.5,53.6,20.0
Arunachal Pradesh,Tonk,SO2,35.2,309.7,42.8,43,Good,38.5,54.1,30.0
Himachal Pradesh,Churu,OZONE,43.0,257.1,243.3,277,Very Unhealthy,37.0,41.2,10.9
Andhra Pradesh,Kolhapur,OZONE,55.1,181.1,65.2,92,Moderate,30.7,78.5,16.0
West Bengal,Chhapra,NH3,68.8,266.2,113.8,128,Unhealthy for Sensitive Groups,30.5,82.3,2.3
West Bengal,Sangli,NH3,1.9,321.7,17.0,33,Good,36.1,41.8,16.8
Arunachal Pradesh,Jaisalmer,NH3,52.1,387.2,74.9,72,Moderate,32.2,31.2,16.5
Sikkim,Churu,OZONE,32.3,111.2,57.5,89,Moderate,15.1,63.2,27.1
Uttar Pradesh,Sirsa,CO,90.9,258.4,129.8,150,Unhealthy for Sensitive Groups,15.1,49.6,4.0
Madhya Pradesh,Ujjain,PM10,0.6,238.8,0.9,39,Good,38.0,83.0,0.1
Telangana,Bahadurgarh,CO,190.1,260.6,253.3,295,Very Unhealthy,27.8,78.8,6.1
Jammu and Kashmir,Gummidipoondi,OZONE,31.1,197.9,94.6,70,Moderate,18.0,85.2,2.5
Arunachal Pradesh,Hingoli,PM10,17.1,126.8,74.6,94,Moderate,22.0,84.7,18.0
Andhra Pradesh,Jalore,OZONE,205.7,291.4,249.2,276,Very Unhealthy,25.3,52.0,16.4
Rajasthan,Nagpur,SO2,46.7,275.5,56.8,89,Moderate,23.3,82.0,7.0
Punjab,Bundi,NH3,100.3,321.2,148.5,138,Unhealthy for Sensitive Groups,21.1,37.5,25.8
Puducherry,Manesar,NH3,15.4,269.9,65.8,92,Moderate,27.2,83.9,2.2
Chandigarh,Howrah,PM2.5,144.6,360.0,191.9,153,Unhealthy,28.3,81.2,16.7
Tripura,Nagpur,NO2,88.6,358.4,260.1,291,Very Unhealthy,24.1,94.0,16.6
Nagaland,Barmer,SO2,25.8,276.4,100.8,425,Hazardous,21.0,41.9,20.9
Tamil Nadu,Bhavnagar,CO,118.3,470.8,192.5,172,Unhealthy,37.1,37.8,18.7
Haryana,Bhiwadi,PM10,21.2,485.7,70.7,89,Moderate,29.5,63.0,16.5
Himachal Pradesh,Yadgir,NH3,7.2,258.9,76.5,63,Moderate,29.6,62.8,6.5
Arunachal Pradesh,Gorakhpur,OZONE,2.5,233.8,64.1,96,Moderate,24.8,91.7,27.4
Kerala,Rishikesh,NO2,219.4,487.1,224.4,270,Very Unhealthy,25.8,69.0,11.2
Rajasthan,Noida,OZONE,39.2,298.6,88.8,58,Moderate,28.9,38.2,7.5
Maharashtra,Rishikesh,OZONE,55.0,92.8,83.4,88,Moderate,25.1,77.4,27.7
Maharashtra,Rairangpur,PM10,129.8,202.8,175.8,188,Unhealthy,33.1,62.7,20.1
Uttar Pradesh,Kollam,PM2.5,118.8,440.7,179.5,198,Unhealthy,21.5,91.4,24.2
Uttar Pradesh,Alwar,NH3,89.6,358.1,250.8,245,Very Unhealthy,34.4,54.8,16.2
Kerala,Hingoli,NH3,27.8,368.7,36.4,30,Good,28.5,52.2,22.4
Madhya Pradesh,Mandi Gobindgarh,PM10,48.8,269.2,136.7,146,Unhealthy for Sensitive Groups,38.5,81.5,16.7
Nagaland,Firozabad,CO,59.1,120.4,111.3,133,Unhealthy for Sensitive Groups,28.2,33.5,18.5
Uttar Pradesh,Hisar,NO2,43.4,377.9,226.3,274,Very Unhealthy,15.9,60.0,5.8
Kerala,Durgapur,NH3,23.8,452.9,254.0,288,Very Unhealthy,18.1,38.7,20.4
Maharashtra,Tensa,OZONE,0.8,310.5,2.1,8,Good,23.1,85.7,5.5
Madhya Pradesh,Gaya,SO2,81.6,288.4,87.8,86,Moderate,38.7,64.3,16.1
Chhattisgarh,Prayagraj,CO,4.6,352.8,58.4,98,Moderate,23.9,92.4,0.5
Uttarakhand,Purnia,CO,222.7,363.1,229.0,286,Very Unhealthy,31.1,34.8,5.9
Bihar,Siliguri,PM2.5,29.3,196.7,69.5,87,Moderate,36.2,39.4,22.0
Chandigarh,Chikkamagaluru,PM10,14.8,227.2,29.0,12,Good,15.0,74.0,23.7
Jammu and Kashmir,Nandesari,SO2,107.5,352.1,174.4,173,Unhealthy,23.6,89.6,2.9
Gujarat,Damoh,SO2,21.4,404.0,219.7,287,Very Unhealthy,18.2,71.3,25.5
Nagaland,Charkhi Dadri,PM10,105.3,452.2,217.0,229,Very Unhealthy,39.2,45.5,16.3
Kerala,Bagalkot,CO,4.8,88.1,8.5,26,Good,32.3,55.1,26.1
Maharashtra,Jalgaon,NH3,47.1,91.4,54.2,77,Moderate,16.5,81.2,22.9
Chandigarh,Faridabad,CO,145.2,258.9,246.3,270,Very Unhealthy,29.8,82.5,24.9
Andhra Pradesh,Latur,PM2.5,160.5,422.7,234.1,213,Very Unhealthy,17.1,72.0,26.1
West Bengal,Jalandhar,OZONE,25.5,337.1,25.6,10,Good,38.4,91.4,9.8
West Bengal,Sangli,CO,21.3,336.3,120.1,142,Unhealthy for Sensitive Groups,23.4,51.3,19.7
Maharashtra,Asansol,NO2,154.2,203.2,178.8,166,Unhealthy,19.0,86.0,5.6
Assam,Ballabgarh,CO,32.2,168.2,72.8,88,Moderate,22.4,49.7,19.5
Sikkim,Jhalawar,NO2,74.6,429.0,247.9,300,Very Unhealthy,20.1,34.9,24.7
Delhi,Araria,SO2,16.4,193.6,24.2,40,Good,21.8,61.2,11.9
Gujarat,Bhubaneswar,NH3,16.5,305.5,169.4,185,Unhealthy,31.1,63.8,25.2
Arunachal Pradesh,Baghpat,SO2,30.0,151.8,56.6,100,Moderate,35.7,32.1,10.6
Mizoram,Malegaon,NO2,22.2,471.4,181.6,199,Unhealthy,24.2,81.9,23.1
Madhya Pradesh,Hyderabad,SO2,7.7,149.5,59.4,66,Moderate,34.1,88.9,9.2
West Bengal,Asansol,PM2.5,18.8,86.7,20.0,27,Good,19.8,37.6,22.5
Delhi,Arrah,NH3,171.5,208.5,174.8,155,Unhealthy,18.3,47.7,14.0
Arunachal Pradesh,Yamuna Nagar,PM10,179.7,385.1,184.3,152,Unhealthy,22.2,36.0,4.0
Karnataka,Baran,CO,107.9,443.5,145.0,139,Unhealthy for Sensitive Groups,39.3,68.2,26.4
Karnataka,Siliguri,SO2,173.2,488.7,257.8,295,Very Unhealthy,19.6,61.7,0.7
Kerala,Akola,CO,16.5,146.7,49.1,18,Good,16.7,74.5,27.1
Rajasthan,Buxar,SO2,40.4,209.9,146.3,126,Unhealthy for Sensitive Groups,20.1,39.1,0.8
Mizoram,Mahad,CO,91.9,382.0,178.4,185,Unhealthy,17.5,47.7,6.2
West Bengal,Araria,SO2,39.8,436.4,70.7,89,Moderate,31.4,85.9,19.9
Chhattisgarh,Visakhapatnam,NO2,168.7,490.9,235.3,256,Very Unhealthy,16.0,37.0,24.4
Arunachal Pradesh,Nandesari,OZONE,96.3,257.1,160.7,190,Unhealthy,27.7,74.7,17.9
Jammu and Kashmir,Gwalior,PM2.5,51.8,449.7,155.1,170,Unhealthy,23.7,90.9,3.8
Arunachal Pradesh,Patiala,CO,19.0,422.8,20.0,2,Good,33.8,36.4,25.8
Odisha,Motihari,PM10,54.1,403.3,101.8,149,Unhealthy for Sensitive Groups,35.6,80.3,6.3
Karnataka,Amritsar,NH3,17.5,234.9,96.6,59,Moderate,20.1,55.1,10.0
West Bengal,Yamuna Nagar,PM2.5,2.4,482.0,177.4,192,Unhealthy,19.9,83.9,15.5
Bihar,Shillong,OZONE,175.4,306.1,204.2,243,Very Unhealthy,18.4,58.9,13.5
Madhya Pradesh,Jalore,SO2,16.1,470.2,90.7,53,Moderate,35.1,83.1,19.4
Rajasthan,Machilipatnam,OZONE,162.9,300.7,245.0,292,Very Unhealthy,25.6,35.4,17.2
Himachal Pradesh,Suakati,CO,3.1,383.4,111.1,104,Unhealthy for Sensitive Groups,39.1,72.1,0.6
Bihar,Bhopal,NO2,203.3,432.6,265.5,221,Very Unhealthy,38.8,85.9,9.7
Odisha,Pune,PM10,193.1,391.8,196.4,177,Unhealthy,21.6,50.2,9.9
Jammu and Kashmir,Sangli,SO2,2.5,361.0,3.8,19,Good,18.9,89.2,8.7
Karnataka,Barrackpore,NO2,52.1,424.5,191.3,174,Unhealthy,39.9,65.2,1.8
Himachal Pradesh,Bareilly,PM2.5,111.6,472.6,168.8,178,Unhealthy,29.4,32.3,26.2
West Bengal,Ratlam,PM10,130.6,366.1,173.1,181,Unhealthy,29.0,68.8,14.7
Assam,Brajrajnagar,PM2.5,32.5,495.3,187.6,159,Unhealthy,33.0,37.0,19.6
Puducherry,Ramanagara,PM2.5,100.9,386.0,126.9,102,Unhealthy for Sensitive Groups,33.1,88.8,1.0
Chandigarh,Tonk,PM2.5,10.9,226.7,154.8,157,Unhealthy,35.1,36.7,18.6
Jammu and Kashmir,Vadodara,PM10,67.6,413.4,74.2,80,Moderate,39.7,37.1,23.0
Madhya Pradesh,Rajgir,CO,17.5,225.4,28.1,5,Good,23.0,74.9,29.3
Maharashtra,Chandrapur,CO,153.4,473.8,247.4,300,Very Unhealthy,19.6,47.8,3.2
Chandigarh,Raebareli,PM10,221.4,429.4,239.8,289,Very Unhealthy,30.5,92.1,15.7
Uttarakhand,Boisar,OZONE,68.8,342.6,73.0,97,Moderate,18.8,90.0,4.3
Uttar Pradesh,Rairangpur,NH3,81.5,413.9,185.2,192,Unhealthy,25.1,49.9,5.3
Madhya Pradesh,Koppal,NO2,205.0,379.9,257.8,239,Very Unhealthy,32.5,43.7,13.1
Madhya Pradesh,Rupnagar,PM10,24.3,426.9,41.3,26,Good,37.1,66.8,29.1
Rajasthan,Thiruvananthapuram,NO2,16.3,420.3,83.0,95,Moderate,28.9,68.8,2.7
Haryana,Hajipur,OZONE,61.5,288.0,139.3,147,Unhealthy for Sensitive Groups,17.0,95.0,9.6
Gujarat,Angul,NO2,39.3,153.3,71.0,82,Moderate,15.6,94.1,19.9
Sikkim,Amravati,NH3,3.8,429.2,70.1,52,Moderate,32.4,67.0,21.7
Karnataka,Barbil,NH3,123.9,423.0,164.4,181,Unhealthy,29.0,60.2,4.3
Rajasthan,Khora,NO2,139.3,238.0,153.4,185,Unhealthy,18.4,90.7,7.8
Mizoram,Tirupati,OZONE,65.3,200.5,69.7,63,Moderate,34.2,54.3,10.9
Uttarakhand,Mysuru,PM10,79.6,249.2,170.8,200,Unhealthy,39.4,65.9,18.5
West Bengal,Baghpat,NH3,97.4,288.2,105.6,134,Unhealthy for Sensitive Groups,37.7,87.3,5.6
Gujarat,Katihar,SO2,32.5,279.6,208.0,250,Very Unhealthy,37.0,36.9,17.1
Uttar Pradesh,Guwahati,SO2,192.4,497.4,201.6,233,Very Unhealthy,22.4,78.1,23.0
Delhi,Ambernath,PM2.5,119.5,440.1,225.5,297,Very Unhealthy,28.4,40.2,25.7
Madhya Pradesh,Pune,PM10,70.8,363.3,250.8,293,Very Unhealthy,39.9,87.8,21.3
Odisha,Bhilai,NO2,105.0,233.3,226.7,261,Very Unhealthy,19.6,85.3,19.9
Karnataka,Beed,CO,23.9,485.3,212.5,229,Very Unhealthy,39.6,58.5,13.0
Haryana,Hisar,PM2.5,201.8,482.9,260.2,222,Very Unhealthy,35.5,83.2,7.7
Tripura,Beed,PM10,90.2,432.7,162.1,178,Unhealthy,16.9,89.8,21.8
Chhattisgarh,Durgapur,NH3,104.5,312.5,163.9,177,Unhealthy,19.3,71.1,5.9
Sikkim,Kalyan,OZONE,99.8,212.5,145.0,109,Unhealthy for Sensitive Groups,21.7,64.4,24.2
Tripura,Rajgir,PM2.5,71.3,459.4,96.9,58,Moderate,30.6,56.3,19.6
Himachal Pradesh,Jalna,NO2,4.3,81.2,8.5,30,Good,30.0,37.3,7.1
Assam,Katni,OZONE,32.6,93.9,33.7,9,Good,22.3,41.8,11.4
Gujarat,Jaipur,PM10,55.2,270.2,83.9,59,Moderate,39.3,31.2,20.4
Chandigarh,Talcher,PM10,19.9,247.7,29.5,46,Good,19.4,84.1,25.2
Bihar,Ahmedabad,OZONE,4.4,173.5,14.8,21,Good,26.0,81.2,15.4
Maharashtra,Bhagalpur,NO2,133.1,315.7,197.9,177,Unhealthy,23.0,48.3,13.5
Uttarakhand,Jalgaon,NH3,10.6,195.0,26.2,22,Good,29.9,85.7,27.1
Assam,Raebareli,PM10,45.6,373.0,210.0,236,Very Unhealthy,17.6,49.4,26.3
Assam,Kota,NH3,23.3,289.1,83.2,74,Moderate,20.8,63.9,18.4
Assam,Visakhapatnam,NO2,51.7,304.4,57.5,79,Moderate,21.5,85.6,1.9
Kerala,Nashik,PM2.5,20.8,231.4,98.0,59,Moderate,30.7,39.2,13.9
Delhi,Meerut,PM10,68.5,411.2,263.7,227,Very Unhealthy,19.4,80.2,14.2
Tamil Nadu,Jhalawar,SO2,53.4,324.4,82.6,80,Moderate,23.2,48.4,24.1
Chandigarh,Greater Noida,PM10,43.7,114.6,89.0,85,Moderate,29.9,74.5,2.6
Andhra Pradesh,Bhagalpur,NO2,83.0,247.5,203.6,293,Very Unhealthy,15.4,76.3,12.0
Karnataka,Khora,NH3,100.0,367.7,106.6,131,Unhealthy for Sensitive Groups,20.9,30.4,29.0
Chhattisgarh,Pithampur,NO2,23.4,259.3,206.0,267,Very Unhealthy,26.5,85.7,3.6
Odisha,Ujjain,NO2,16.4,236.0,16.6,43,Good,36.1,67.3,29.3
Rajasthan,Patiala,CO,1.5,197.9,3.7,5,Good,25.8,55.5,12.7
Madhya Pradesh,Durgapur,PM2.5,175.6,259.3,206.5,267,Very Unhealthy,19.9,70.5,14.3
Tripura,Pune,NH3,1.7,69.8,18.5,40,Good,21.7,30.1,27.9
Tripura,Patna,NH3,88.6,264.4,233.1,239,Very Unhealthy,33.0,84.7,22.8
Punjab,Rajamahendravaram,PM2.5,79.8,325.6,202.8,272,Very Unhealthy,30.3,93.7,18.5
Kerala,Rishikesh,PM2.5,46.6,292.2,162.2,154,Unhealthy,37.2,63.0,16.6
Chhattisgarh,Bareilly,NO2,81.8,246.5,89.8,94,Moderate,39.2,87.3,2.0
Meghalaya,Akola,PM2.5,27.7,178.2,37.2,32,Good,35.2,57.3,23.1
Delhi,Rishikesh,PM10,14.3,357.7,21.0,22,Good,23.5,31.7,9.9
Tripura,Srinagar,NH3,176.7,257.1,193.7,192,Unhealthy,15.1,51.2,9.4
Haryana,Kurukshetra,NH3,128.0,443.9,232.8,258,Very Unhealthy,17.9,47.9,11.9
Meghalaya,Panchgaon,PM10,229.1,375.2,252.2,247,Very Unhealthy,37.2,46.3,9.4
Tripura,Bengaluru,OZONE,19.2,419.3,19.3,47,Good,28.0,87.3,21.8
Punjab,Udaipur,PM10,25.4,241.5,40.5,0,Good,33.8,88.6,27.7
Punjab,Vadodara,NH3,13.8,470.7,27.0,37,Good,39.6,91.7,11.6
Rajasthan,Chittorgarh,OZONE,33.4,482.0,38.7,15,Good,21.3,77.4,15.4
Chhattisgarh,Cuddalore,PM2.5,110.1,373.9,262.8,283,Very Unhealthy,31.0,94.4,21.2
Uttarakhand,Hyderabad,SO2,3.8,422.5,100.4,483,Hazardous,39.8,56.1,27.2
Odisha,Shivamogga,NO2,3.0,428.7,44.3,35,Good,17.5,70.3,20.5
Punjab,Kalaburagi,PM10,29.5,468.4,66.2,57,Moderate,39.0,51.3,12.5
Uttar Pradesh,Mahad,OZONE,17.1,494.4,58.4,88,Moderate,27.9,78.8,7.2
West Bengal,Gangtok,SO2,13.3,269.6,19.9,30,Good,17.7,87.1,17.4
Gujarat,Rairangpur,OZONE,10.4,319.2,245.0,283,Very Unhealthy,15.8,32.9,9.7
Meghalaya,Rishikesh,CO,77.7,290.1,192.6,162,Unhealthy,39.5,93.9,20.3
Jammu and Kashmir,Ramanagara,PM2.5,115.8,483.2,259.2,251,Very Unhealthy,32.7,54.8,9.0
Maharashtra,Hapur,PM10,114.6,367.6,147.0,101,Unhealthy for Sensitive Groups,27.8,66.6,26.0
Assam,Ahmednagar,NO2,10.2,287.0,188.0,157,Unhealthy,34.1,36.8,22.5
Gujarat,Hyderabad,NH3,1.6,114.7,24.6,20,Good,28.8,49.5,21.1
Telangana,Chamarajanagar,PM2.5,67.0,284.3,113.1,149,Unhealthy for Sensitive Groups,36.1,85.0,6.5
Maharashtra,Tonk,NH3,55.5,286.8,83.3,66,Moderate,20.3,90.5,18.0
Uttarakhand,Udaipur,NO2,43.7,249.6,248.9,233,Very Unhealthy,34.1,63.2,16.6
Nagaland,Dewas,PM10,170.0,475.6,210.5,233,Very Unhealthy,19.1,68.1,14.1
Bihar,Palwal,PM10,94.1,264.8,223.9,251,Very Unhealthy,16.8,32.7,18.4
Delhi,Sonipat,NO2,211.5,346.4,240.9,235,Very Unhealthy,20.0,46.5,1.2
Haryana,Tumidih,NH3,58.0,454.6,126.5,144,Unhealthy for Sensitive Groups,34.3,46.7,9.8
West Bengal,Thane,CO,47.4,164.9,160.3,161,Unhealthy,19.6,39.2,8.7
Kerala,Mandideep,PM2.5,152.4,384.7,192.9,174,Unhealthy,36.4,62.8,14.4
Odisha,Firozabad,NH3,45.5,103.6,62.7,51,Moderate,20.1,93.7,29.6
Jharkhand,Karnal,OZONE,4.5,359.6,68.9,71,Moderate,16.3,51.2,6.2
Chandigarh,Chittorgarh,PM10,147.0,435.9,163.6,197,Unhealthy,30.6,40.5,16.7
Uttarakhand,Barbil,OZONE,6.0,98.0,7.1,15,Good,26.8,69.2,19.0
Kerala,Bengaluru,NH3,46.9,191.0,117.3,115,Unhealthy for Sensitive Groups,19.7,44.9,1.9
Punjab,Ujjain,CO,34.4,126.6,45.5,12,Good,39.8,43.3,26.7
Karnataka,Bhubaneswar,NO2,4.9,421.6,16.6,23,Good,30.8,62.6,9.6
Chhattisgarh,Nagaon,SO2,39.3,466.9,235.3,260,Very Unhealthy,20.5,94.6,26.4
Odisha,Hubballi,CO,4.5,161.9,9.3,4,Good,38.8,88.6,24.8
Madhya Pradesh,Patiala,OZONE,187.3,368.9,240.5,214,Very Unhealthy,18.3,88.4,7.7
Uttarakhand,Karauli,NH3,92.2,340.2,198.5,195,Unhealthy,21.3,37.7,22.1
Meghalaya,Ankleshwar,NH3,9.7,454.3,41.6,19,Good,27.6,92.4,20.7
Chhattisgarh,Akola,OZONE,229.2,263.2,242.9,211,Very Unhealthy,24.0,42.2,9.1
Rajasthan,Moradabad,SO2,107.4,397.2,213.3,213,Very Unhealthy,36.3,85.1,6.8
Jammu and Kashmir,Rajamahendravaram,PM10,7.0,127.8,36.7,4,Good,17.7,85.8,23.4
Chhattisgarh,Amaravati,NO2,29.8,414.7,40.4,27,Good,32.5,89.5,5.2
Puducherry,Meerut,NO2,26.7,247.0,49.0,9,Good,20.9,35.3,27.9
Maharashtra,Mandikhera,PM10,81.9,190.3,113.1,122,Unhealthy for Sensitive Groups,28.3,89.6,27.3
Tamil Nadu,Latur,OZONE,5.8,376.8,24.7,38,Good,16.3,65.3,17.8
Assam,Pithampur,PM10,103.4,394.8,140.0,109,Unhealthy for Sensitive Groups,15.5,40.8,27.4
Uttar Pradesh,Ambernath,NH3,92.6,238.4,108.2,125,Unhealthy for Sensitive Groups,18.8,38.4,11.8
Maharashtra,Rajsamand,OZONE,56.3,435.3,150.2,424,Hazardous,20.6,34.2,22.9
Andhra Pradesh,Aizawl,NH3,37.7,302.1,73.1,92,Moderate,30.6,42.7,14.4
Telangana,Chikkamagaluru,NO2,29.8,253.7,120.1,124,Unhealthy for Sensitive Groups,24.0,79.7,1.9
West Bengal,Jabalpur,NH3,13.8,34.2,16.8,45,Good,28.2,51.2,15.0
Arunachal Pradesh,Satara,CO,116.9,362.6,142.5,122,Unhealthy for Sensitive Groups,26.7,74.0,24.8
Assam,Vrindavan,OZONE,28.0,418.8,89.1,76,Moderate,38.3,70.1,24.3
Himachal Pradesh,Kohima,CO,1.9,148.6,2.2,36,Good,30.3,64.4,1.9
Gujarat,Jabalpur,PM10,31.7,461.4,162.1,163,Unhealthy,22.0,54.5,13.1
Telangana,Guntur,PM2.5,6.0,297.7,28.8,12,Good,17.4,63.7,23.6
Assam,Khora,NO2,102.1,404.4,215.9,259,Very Unhealthy,16.3,82.5,2.8
Chandigarh,Visakhapatnam,NO2,82.8,172.2,140.8,124,Unhealthy for Sensitive Groups,30.5,74.7,18.8
Haryana,Shillong,NH3,96.4,154.2,131.0,141,Unhealthy for Sensitive Groups,24.4,89.4,24.0
Odisha,Nashik,PM2.5,17.2,283.7,97.1,87,Moderate,38.8,64.3,9.4
Odisha,Dehradun,NH3,28.7,381.0,94.5,74,Moderate,35.7,86.0,12.3
Puducherry,Dharuhera,CO,35.1,185.8,94.6,99,Moderate,25.9,81.8,0.5
Jammu and Kashmir,Jabalpur,NH3,149.9,206.4,186.7,158,Unhealthy,17.5,89.4,25.9
Chhattisgarh,Bhiwani,PM2.5,22.4,285.2,203.0,259,Very Unhealthy,16.7,41.4,21.3
Rajasthan,Mandi Gobindgarh,PM10,127.5,301.6,139.9,134,Unhealthy for Sensitive Groups,35.9,75.8,28.3
Kerala,Srinagar,PM10,33.5,295.1,95.1,90,Moderate,18.2,81.6,1.0
Himachal Pradesh,Mahad,PM2.5,57.1,236.2,169.6,193,Unhealthy,34.8,72.7,23.3
Uttar Pradesh,Mehsana,NO2,6.4,481.1,18.7,4,Good,16.6,89.0,7.8
Maharashtra,Mandi Gobindgarh,OZONE,27.5,417.0,166.8,187,Unhealthy,27.0,53.0,23.3
Himachal Pradesh,Bhubaneswar,OZONE,25.7,431.9,51.6,53,Moderate,39.3,64.9,0.7
Jharkhand,Satara,PM2.5,74.4,400.8,120.3,114,Unhealthy for Sensitive Groups,35.7,94.2,4.6
Chhattisgarh,Pithampur,SO2,259.5,481.4,260.1,218,Very Unhealthy,33.2,78.8,5.0
Meghalaya,Agartala,PM2.5,0.8,408.4,14.0,31,Good,31.5,31.6,16.9
Karnataka,Khora,PM10,113.9,460.9,264.8,274,Very Unhealthy,29.1,74.6,18.9
Chhattisgarh,Bhilai,SO2,22.6,207.0,96.1,64,Moderate,35.7,79.9,25.9
Uttarakhand,Motihari,CO,2.5,492.9,161.0,165,Unhealthy,22.2,75.5,13.0
Assam,Bengaluru,PM10,8.1,246.3,24.6,28,Good,16.1,80.4,24.1
Uttarakhand,Hisar,PM2.5,117.3,391.9,261.4,294,Very Unhealthy,40.0,59.8,2.4
Gujarat,Sivasagar,OZONE,160.2,190.4,186.7,198,Unhealthy,31.8,64.4,18.0
Jammu and Kashmir,Vapi,NH3,142.8,185.7,169.0,158,Unhealthy,35.3,31.7,3.1
Uttar Pradesh,Anantapur,NO2,36.2,193.0,121.6,126,Unhealthy for Sensitive Groups,30.3,41.0,25.7
Gujarat,Ulhasnagar,NH3,10.5,226.4,19.4,50,Good,39.7,88.7,8.1
Himachal Pradesh,Jalore,CO,51.9,268.2,176.4,176,Unhealthy,28.0,71.6,3.0
Karnataka,Bileipada,NO2,31.9,438.7,196.1,189,Unhealthy,33.0,37.5,0.1
Delhi,Akola,CO,132.1,417.6,234.9,299,Very Unhealthy,20.3,50.4,2.6
Chhattisgarh,Srinagar,SO2,52.5,190.9,142.2,110,Unhealthy for Sensitive Groups,26.6,35.7,22.5
Uttarakhand,Ramanagara,OZONE,0.5,397.6,17.2,21,Good,30.8,83.7,20.9
Andhra Pradesh,Maihar,SO2,12.9,118.8,79.4,97,Moderate,20.6,85.6,20.9
Puducherry,Chennai,PM2.5,0.0,38.1,0.6,46,Good,39.6,73.8,16.9
Andhra Pradesh,Dausa,OZONE,104.3,472.7,217.8,246,Very Unhealthy,31.2,43.5,5.7
Chandigarh,Chikkamagaluru,OZONE,20.6,251.2,135.2,121,Unhealthy for Sensitive Groups,28.9,53.2,27.4
Nagaland,Mangalore,NH3,6.0,382.0,159.0,151,Unhealthy,15.5,55.9,16.7
Assam,Mysuru,PM2.5,100.0,481.0,189.9,173,Unhealthy,29.5,49.4,1.7
Mizoram,Faridabad,NH3,36.0,53.7,40.1,36,Good,25.5,79.0,16.4
Himachal Pradesh,Rairangpur,PM10,3.0,441.5,152.6,174,Unhealthy,36.7,51.9,18.5
Rajasthan,Sawai Madhopur,CO,47.0,353.2,246.9,285,Very Unhealthy,27.9,82.7,23.1
Chandigarh,Virar,CO,121.6,253.1,237.0,227,Very Unhealthy,30.1,83.9,0.0
Sikkim,Kolkata,NH3,68.4,345.9,162.6,168,Unhealthy,18.7,41.2,21.1
Himachal Pradesh,Ajmer,CO,59.7,456.0,258.0,262,Very Unhealthy,16.1,33.6,27.9
Sikkim,Patna,CO,23.2,405.8,146.0,134,Unhealthy for Sensitive Groups,28.3,93.2,6.6
Maharashtra,Panchkula,PM2.5,5.9,252.3,98.2,55,Moderate,39.0,78.4,20.4
Gujarat,Siwan,NO2,37.9,196.7,47.3,8,Good,35.8,89.5,7.5
Nagaland,Kollam,CO,12.1,482.5,20.0,17,Good,31.2,57.8,9.5
Karnataka,Bhiwandi,NO2,112.0,252.6,155.7,151,Unhealthy,31.5,34.7,29.6
Jammu and Kashmir,Greater Noida,CO,182.5,382.1,238.0,269,Very Unhealthy,38.1,54.0,21.9
Gujarat,Kishanganj,CO,47.5,69.3,56.9,59,Moderate,24.4,92.3,28.4
Kerala,Badlapur,CO,12.1,371.0,193.8,151,Unhealthy,18.7,87.5,5.6
Madhya Pradesh,Sonipat,OZONE,20.3,300.8,182.1,181,Unhealthy,21.7,56.9,25.5
Gujarat,Aizawl,SO2,6.9,305.0,14.6,24,Good,15.8,61.5,18.3
Chandigarh,Barbil,NO2,178.9,271.3,212.9,229,Very Unhealthy,32.1,54.5,19.7
Maharashtra,Bhilai,CO,49.0,446.8,213.4,204,Very Unhealthy,33.9,47.2,17.6
Uttarakhand,Palwal,NO2,105.5,410.0,107.8,117,Unhealthy for Sensitive Groups,16.1,65.1,9.5
Chandigarh,Bareilly,NH3,9.0,292.0,160.6,195,Unhealthy,28.0,47.9,14.9
Kerala,Visakhapatnam,OZONE,134.7,286.9,214.6,291,Very Unhealthy,33.7,78.4,16.2
Jharkhand,Mehsana,OZONE,7.4,160.4,11.1,9,Good,23.8,39.9,23.9
Gujarat,Indore,CO,9.0,367.2,156.1,198,Unhealthy,30.4,40.5,8.6
Mizoram,Jalna,PM10,41.6,147.1,46.6,7,Good,26.2,88.9,11.9
Tamil Nadu,Munger,CO,62.2,324.4,193.8,158,Unhealthy,28.9,53.4,15.6
Arunachal Pradesh,Hyderabad,PM10,11.7,493.5,41.3,22,Good,30.6,75.0,27.0
Uttarakhand,Chamarajanagar,SO2,38.8,487.7,233.0,291,Very Unhealthy,39.8,67.2,11.7
Puducherry,Puducherry,CO,29.5,465.2,70.7,92,Moderate,31.7,69.2,3.6
Odisha,Solapur,SO2,1.5,339.1,83.0,70,Moderate,22.2,66.0,5.0
West Bengal,Sawai Madhopur,SO2,149.6,253.8,182.6,193,Unhealthy,25.2,49.2,13.7
Arunachal Pradesh,Chandigarh,PM10,45.4,328.1,217.8,215,Very Unhealthy,37.7,93.2,14.7
Madhya Pradesh,Bagalkot,SO2,131.8,314.9,247.0,212,Very Unhealthy,18.7,47.2,15.4
Madhya Pradesh,Bhubaneswar,PM10,21.0,380.7,223.7,295,Very Unhealthy,39.4,77.9,14.4
Telangana,Ujjain,CO,11.5,237.8,100.5,308,Hazardous,27.3,37.8,17.9
Rajasthan,Hubballi,PM10,140.9,450.0,250.3,255,Very Unhealthy,17.6,60.7,6.8
Uttar Pradesh,Sasaram,PM2.5,1.3,109.2,1.6,27,Good,36.9,93.1,9.6
Andhra Pradesh,Kishanganj,NH3,131.2,250.5,212.9,299,Very Unhealthy,39.5,47.2,14.6
Arunachal Pradesh,Pampore,PM2.5,96.2,189.5,157.8,164,Unhealthy,38.4,75.3,15.8
Himachal Pradesh,Madurai,NH3,98.2,224.6,171.1,155,Unhealthy,23.2,53.3,9.4
Assam,Baghpat,PM2.5,39.3,284.1,221.1,293,Very Unhealthy,22.6,88.6,19.0
Jammu and Kashmir,Byrnihat,CO,5.7,385.3,8.2,46,Good,36.1,62.3,12.6
Bihar,Howrah,PM10,51.7,281.3,65.1,92,Moderate,32.7,48.1,27.2
Karnataka,Mathura,PM2.5,124.6,367.7,239.2,205,Very Unhealthy,17.3,76.1,20.7
Kerala,Gadag,CO,113.9,347.8,241.2,246,Very Unhealthy,31.9,68.6,25.2
Arunachal Pradesh,Surat,NH3,135.1,498.0,261.6,203,Very Unhealthy,37.0,43.9,7.2
West Bengal,Panipat,PM2.5,159.2,215.6,163.4,174,Unhealthy,31.9,82.1,20.3
Tamil Nadu,Navi Mumbai,CO,71.6,180.4,139.2,113,Unhealthy for Sensitive Groups,22.6,81.2,28.6
Haryana,Srinagar,PM2.5,5.2,76.9,8.7,41,Good,15.3,70.4,4.2
Kerala,Ballabgarh,SO2,56.0,406.2,158.0,171,Unhealthy,34.0,32.3,17.3
Jharkhand,Anantapur,PM10,60.3,202.7,127.9,136,Unhealthy for Sensitive Groups,18.6,67.7,12.7
Uttarakhand,Sikar,NO2,73.4,210.3,84.1,60,Moderate,23.2,86.7,28.0
Mizoram,Raipur,PM2.5,55.0,408.0,218.9,230,Very Unhealthy,16.6,43.4,3.9
Karnataka,Navi Mumbai,SO2,4.7,295.3,87.8,71,Moderate,18.0,48.6,7.3
Uttarakhand,Jabalpur,OZONE,172.6,408.2,191.6,178,Unhealthy,25.5,82.9,2.1
West Bengal,Ambernath,NH3,35.1,92.4,67.8,98,Moderate,24.8,73.7,23.0
Andhra Pradesh,Mahad,PM2.5,67.1,456.1,188.2,171,Unhealthy,26.8,64.9,13.4
Mizoram,Gangtok,PM2.5,79.9,458.0,169.6,164,Unhealthy,17.1,89.7,13.5
Delhi,Maihar,NO2,76.7,465.0,119.8,145,Unhealthy for Sensitive Groups,20.1,75.1,29.7
Telangana,Nandesari,PM2.5,9.1,397.0,58.1,92,Moderate,17.0,52.9,23.8
Uttarakhand,Vijayawada,SO2,2.1,439.7,95.1,87,Moderate,20.2,48.6,7.8
Uttarakhand,Gadag,PM10,165.4,385.3,193.2,200,Unhealthy,15.0,86.9,28.8
Uttar Pradesh,Pali,PM2.5,22.1,331.8,22.2,47,Good,36.7,49.8,9.8
Telangana,Bhavnagar,PM2.5,75.5,448.3,166.0,161,Unhealthy,30.8,57.2,0.2
Madhya Pradesh,Moradabad,PM10,167.6,416.4,193.1,164,Unhealthy,27.7,90.1,6.1
Puducherry,Brajrajnagar,SO2,56.1,287.1,212.0,298,Very Unhealthy,17.9,87.1,29.0
Kerala,Anantapur,PM2.5,16.6,451.0,201.9,206,Very Unhealthy,16.5,30.8,22.8
Delhi,Vrindavan,CO,27.9,463.9,243.4,286,Very Unhealthy,15.3,82.5,11.6
Jharkhand,Guntur,PM10,66.0,470.5,74.7,83,Moderate,16.5,85.3,1.4
Gujarat,Tensa,PM10,177.4,228.4,193.3,190,Unhealthy,16.9,87.4,23.4
Uttar Pradesh,Khanna,SO2,4.1,170.1,12.8,17,Good,23.6,40.4,18.4
Telangana,Vijayapura,CO,8.2,357.6,15.5,32,Good,19.6,61.7,7.3
Haryana,Latur,NO2,141.1,242.8,159.0,194,Unhealthy,32.8,43.7,7.9
Jharkhand,Jhansi,PM10,6.6,280.2,13.7,16,Good,16.2,50.6,28.0
Mizoram,Karwar,NH3,116.3,321.2,223.3,274,Very Unhealthy,16.7,81.1,2.6
Meghalaya,Banswara,NO2,13.1,121.2,107.3,137,Unhealthy for Sensitive Groups,37.6,33.9,22.3
Tamil Nadu,Motihari,PM10,36.7,398.4,81.7,68,Moderate,25.5,76.7,12.1
Assam,Milupara,NO2,65.5,450.6,106.3,105,Unhealthy for Sensitive Groups,39.8,34.8,15.9
Maharashtra,Aizawl,CO,6.0,445.1,137.8,104,Unhealthy for Sensitive Groups,31.3,34.1,17.7
Tamil Nadu,Kadapa,NO2,111.2,305.7,111.9,121,Unhealthy for Sensitive Groups,28.5,35.2,14.2
West Bengal,Mandi Gobindgarh,NO2,14.5,202.8,187.3,175,Unhealthy,32.9,52.8,22.1
Telangana,Bhavnagar,NO2,114.8,478.3,154.5,176,Unhealthy,29.8,41.5,25.5
Jharkhand,Satna,SO2,4.7,286.5,125.5,147,Unhealthy for Sensitive Groups,39.6,58.1,11.8
Bihar,Jalgaon,SO2,71.0,153.5,109.4,117,Unhealthy for Sensitive Groups,23.9,84.0,23.0
Himachal Pradesh,Kashipur,CO,4.5,221.0,35.9,29,Good,22.7,35.8,21.0
Bihar,Ajmer,PM2.5,96.4,313.0,237.4,204,Very Unhealthy,17.3,46.1,9.9
Tamil Nadu,Rupnagar,NO2,26.8,421.3,165.5,191,Unhealthy,32.9,44.5,12.9
Nagaland,Mehsana,OZONE,37.3,149.6,83.6,63,Moderate,32.3,94.5,27.7
Nagaland,Raipur,OZONE,5.7,229.5,96.8,70,Moderate,32.7,47.6,25.3
Uttarakhand,Machilipatnam,PM2.5,85.1,424.5,257.2,284,Very Unhealthy,30.6,71.6,19.8
West Bengal,Bareilly,NO2,81.6,301.6,254.6,269,Very Unhealthy,39.8,55.4,10.5
Haryana,Ambala,SO2,5.0,354.5,22.3,9,Good,38.1,79.1,18.1
Karnataka,Cuddalore,PM10,28.2,287.3,253.9,254,Very Unhealthy,26.6,47.5,22.9
Mizoram,Thane,CO,74.5,249.0,75.4,80,Moderate,20.8,60.2,25.7
Kerala,Durgapur,PM2.5,37.0,199.1,57.7,80,Moderate,23.1,75.8,8.4
Jammu and Kashmir,Amritsar,NO2,175.8,278.9,237.0,275,Very Unhealthy,24.6,79.6,19.9
Uttarakhand,Thoothukudi,PM2.5,11.3,497.4,12.9,8,Good,18.1,33.1,15.8
Delhi,Mysuru,OZONE,34.9,330.8,129.4,125,Unhealthy for Sensitive Groups,36.3,68.8,1.0
Arunachal Pradesh,Kota,OZONE,26.1,270.6,80.5,53,Moderate,29.1,53.8,28.7
Andhra Pradesh,Mehsana,OZONE,38.5,348.2,233.3,295,Very Unhealthy,36.8,37.9,11.5
Jammu and Kashmir,Tirupati,NO2,58.6,285.3,251.5,232,Very Unhealthy,21.8,55.9,21.0
Haryana,Ambernath,NH3,47.3,303.7,159.0,180,Unhealthy,37.3,30.3,9.5
Meghalaya,Virar,NH3,165.6,322.7,213.8,229,Very Unhealthy,23.7,82.6,28.2
Jharkhand,Churu,NH3,41.0,246.2,150.3,428,Hazardous,19.7,47.5,21.2
Andhra Pradesh,Khairthal,CO,18.0,372.4,25.1,9,Good,33.6,73.3,2.7
Puducherry,Anantapur,NO2,11.2,488.9,14.6,27,Good,37.9,90.5,21.3
Chhattisgarh,Churu,SO2,159.9,309.6,162.1,174,Unhealthy,35.7,90.9,9.8
Karnataka,Mangalore,NH3,17.6,333.8,235.1,266,Very Unhealthy,39.6,89.0,5.0
Telangana,Dehradun,SO2,8.7,368.2,57.2,61,Moderate,36.6,84.8,29.1
Chhattisgarh,Moradabad,PM10,169.2,358.2,260.8,296,Very Unhealthy,17.7,34.4,19.6
Uttarakhand,Munger,CO,56.8,126.0,63.6,76,Moderate,27.6,57.7,5.6
Sikkim,Mandi Gobindgarh,OZONE,194.8,410.1,195.5,158,Unhealthy,20.2,57.9,22.8
Bihar,Vadodara,SO2,65.6,266.2,90.7,98,Moderate,20.3,41.4,6.0
Telangana,Amaravati,NH3,44.5,136.0,100.4,428,Hazardous,32.1,53.7,21.5
Arunachal Pradesh,Meerut,NH3,40.8,488.6,77.9,72,Moderate,35.7,44.7,6.7
Meghalaya,Katihar,PM2.5,25.0,289.3,262.2,233,Very Unhealthy,38.4,41.0,9.3
Uttar Pradesh,Yadgir,SO2,11.6,495.1,15.5,22,Good,27.3,87.9,5.2
Sikkim,Jhansi,PM10,69.0,296.0,151.6,161,Unhealthy,16.5,33.0,13.2
Delhi,Saharsa,CO,46.9,482.8,51.5,66,Moderate,22.8,57.8,11.8
Bihar,Nanded,OZONE,49.5,331.4,249.9,224,Very Unhealthy,27.7,70.6,28.5
Telangana,Dhanbad,CO,121.6,383.6,191.2,195,Unhealthy,23.7,52.0,29.3
Himachal Pradesh,Baripada,NH3,9.5,476.7,12.3,5,Good,32.7,81.5,5.2
Delhi,Angul,NO2,10.2,254.4,17.8,24,Good,22.3,79.4,8.5
Puducherry,Sasaram,OZONE,11.5,234.9,211.6,212,Very Unhealthy,21.7,32.8,16.3
Himachal Pradesh,Sikar,OZONE,41.1,379.6,118.0,121,Unhealthy for Sensitive Groups,21.3,83.0,5.9
Rajasthan,Bathinda,NO2,38.7,393.2,150.5,346,Hazardous,38.1,77.3,4.7
Uttarakhand,Mumbai,CO,32.1,459.7,95.8,63,Moderate,23.0,81.4,2.4
Rajasthan,Dombivli,NO2,46.6,255.9,99.4,93,Moderate,38.1,60.5,0.8
Gujarat,Satna,OZONE,79.3,391.2,147.3,118,Unhealthy for Sensitive Groups,26.6,82.4,22.8
Gujarat,Manguraha,PM2.5,124.1,418.5,226.4,277,Very Unhealthy,19.7,37.4,12.2
Jharkhand,Begusarai,PM2.5,224.2,459.3,246.5,284,Very Unhealthy,15.5,39.4,29.8
Nagaland,Indore,PM10,32.6,311.9,67.2,71,Moderate,20.9,94.3,0.5
Haryana,Chamarajanagar,PM10,71.8,335.5,255.6,244,Very Unhealthy,33.1,33.3,0.2
Jharkhand,Mangalore,PM10,49.5,480.7,110.1,141,Unhealthy for Sensitive Groups,22.6,59.8,28.5
Uttar Pradesh,Kollam,PM10,183.1,297.9,253.1,205,Very Unhealthy,26.5,80.4,0.1
Kerala,Dewas,SO2,33.1,488.0,153.6,158,Unhealthy,22.2,66.6,0.6
Sikkim,Jhalawar,PM10,138.4,217.2,209.2,254,Very Unhealthy,25.5,52.8,7.9
Chhattisgarh,Bathinda,SO2,172.3,253.5,199.3,185,Unhealthy,17.4,87.0,15.2
Rajasthan,Ghaziabad,OZONE,195.8,429.9,234.5,257,Very Unhealthy,32.0,55.6,7.2
Haryana,Katni,CO,108.2,399.9,177.0,184,Unhealthy,35.8,67.5,18.9
Uttar Pradesh,Bulandshahr,PM10,111.7,430.1,231.4,274,Very Unhealthy,37.0,46.8,18.6
Kerala,Jhansi,CO,64.0,449.1,82.9,88,Moderate,27.9,89.8,1.5
Uttar Pradesh,Sawai Madhopur,SO2,20.0,232.2,145.4,117,Unhealthy for Sensitive Groups,36.3,37.6,22.1
Bihar,Mysuru,PM2.5,51.5,98.6,92.1,75,Moderate,29.0,34.0,2.0
Punjab,Dharuhera,OZONE,11.6,249.8,75.7,54,Moderate,19.6,87.6,23.5
Karnataka,Thiruvananthapuram,PM2.5,57.7,488.7,131.3,124,Unhealthy for Sensitive Groups,17.7,51.9,25.4
Arunachal Pradesh,Chhal,OZONE,239.9,269.0,244.6,240,Very Unhealthy,15.4,55.4,20.7
Tripura,Manguraha,SO2,31.6,108.9,103.4,103,Unhealthy for Sensitive Groups,23.3,78.6,1.1
Nagaland,Bileipada,PM2.5,11.3,407.6,143.8,133,Unhealthy for Sensitive Groups,31.4,45.8,3.6
Telangana,Bhilai,PM2.5,66.3,337.8,115.6,132,Unhealthy for Sensitive Groups,18.2,56.6,14.6
Assam,Silchar,OZONE,50.4,94.4,82.1,51,Moderate,15.0,69.1,28.6
Maharashtra,Hyderabad,NH3,8.7,56.9,10.0,49,Good,16.0,62.6,17.2
Madhya Pradesh,Jodhpur,NO2,107.6,240.9,229.9,242,Very Unhealthy,20.7,59.6,1.8
Andhra Pradesh,Amaravati,NO2,105.2,426.6,232.6,229,Very Unhealthy,36.6,61.1,6.6
Jammu and Kashmir,Barmer,NH3,82.9,174.9,169.2,169,Unhealthy,29.6,37.8,17.5
Odisha,Sasaram,NO2,124.8,471.6,208.9,238,Very Unhealthy,16.3,34.8,21.4
Punjab,Khanna,CO,138.3,325.6,174.7,160,Unhealthy,29.9,70.2,16.0
Punjab,Indore,SO2,118.5,253.1,252.8,215,Very Unhealthy,32.1,41.0,16.2
Sikkim,Khora,NH3,133.3,301.0,149.1,138,Unhealthy for Sensitive Groups,29.3,76.1,17.8
Puducherry,Ujjain,NO2,43.1,299.0,70.0,83,Moderate,27.0,32.0,12.4
Maharashtra,Thoothukudi,PM2.5,105.6,255.4,218.1,270,Very Unhealthy,36.1,92.5,0.1
Puducherry,Pithampur,NH3,13.4,300.9,249.2,246,Very Unhealthy,27.1,87.1,2.0
Jharkhand,Malegaon,SO2,22.4,363.2,59.0,57,Moderate,38.1,66.8,26.3
Tamil Nadu,Kadapa,CO,99.4,455.5,114.6,130,Unhealthy for Sensitive Groups,23.1,40.0,27.2
Gujarat,Mandikhera,OZONE,37.8,106.0,44.5,0,Good,19.6,50.4,3.8
Tamil Nadu,Milupara,SO2,5.2,469.4,154.1,170,Unhealthy,19.7,50.1,7.9
Uttar Pradesh,Barmer,PM2.5,8.3,284.1,11.7,6,Good,34.8,77.0,5.9
Mizoram,Karauli,PM10,86.1,197.6,104.3,110,Unhealthy for Sensitive Groups,21.0,66.1,7.9
Mizoram,Boisar,PM10,103.4,479.3,104.5,125,Unhealthy for Sensitive Groups,17.9,36.6,25.9
Chhattisgarh,Chandrapur,PM10,33.1,448.5,54.5,65,Moderate,39.8,37.7,8.4
Odisha,Dhanbad,NH3,30.8,271.2,58.7,82,Moderate,30.7,35.7,29.9
Chhattisgarh,Baghpat,NH3,15.8,275.3,100.5,391,Hazardous,18.8,75.5,7.2
Jammu and Kashmir,Manguraha,OZONE,10.4,309.0,10.6,28,Good,39.4,47.1,25.6
Jharkhand,Kashipur,OZONE,78.4,386.3,158.9,186,Unhealthy,15.5,64.8,11.1
Sikkim,Araria,CO,41.6,275.2,91.0,51,Moderate,32.2,49.8,27.9
Delhi,Shillong,PM10,22.0,371.5,201.8,300,Very Unhealthy,33.8,81.4,25.1
Himachal Pradesh,Chikkamagaluru,SO2,9.0,177.5,69.0,88,Moderate,20.1,86.0,21.7
Rajasthan,Sirsa,NH3,241.4,288.8,250.8,286,Very Unhealthy,39.1,75.2,24.8
Telangana,Charkhi Dadri,NO2,80.6,428.8,243.8,274,Very Unhealthy,17.9,45.5,18.8
Himachal Pradesh,Jhunjhunu,PM10,15.8,499.3,127.9,131,Unhealthy for Sensitive Groups,28.1,75.3,4.3
Andhra Pradesh,Cuddalore,OZONE,81.3,170.8,142.0,102,Unhealthy for Sensitive Groups,39.8,81.9,14.4
West Bengal,Muzaffarpur,OZONE,26.2,360.1,32.4,3,Good,25.7,75.4,11.4
Uttar Pradesh,Ulhasnagar,SO2,91.7,263.7,129.5,116,Unhealthy for Sensitive Groups,19.8,67.4,27.6
Uttar Pradesh,Raipur,PM10,46.4,210.4,55.4,61,Moderate,38.8,69.5,14.4
Himachal Pradesh,Nagaur,PM10,8.6,465.2,71.3,56,Moderate,23.3,61.9,17.6
Telangana,Boisar,OZONE,97.2,315.9,114.6,122,Unhealthy for Sensitive Groups,16.5,34.6,1.8
West Bengal,Mumbai,CO,79.3,286.6,140.8,130,Unhealthy for Sensitive Groups,39.0,41.3,19.6
Jharkhand,Nellore,PM2.5,27.9,452.0,70.3,53,Moderate,35.7,52.6,25.8
Telangana,Bilaspur,PM2.5,1.0,394.1,12.1,9,Good,30.2,79.8,26.2
Chandigarh,Jabalpur,SO2,10.2,74.5,25.8,17,Good,38.3,63.5,5.9
Haryana,Durgapur,PM10,30.4,65.8,38.2,36,Good,18.5,64.1,0.4
Punjab,Tirumala,CO,2.1,51.6,32.7,10,Good,15.5,86.8,27.7
Tamil Nadu,Dausa,OZONE,24.2,449.1,96.2,75,Moderate,18.7,87.3,3.0
Madhya Pradesh,Guwahati,NO2,66.1,279.1,171.1,179,Unhealthy,34.3,59.2,5.8
Jharkhand,Baripada,OZONE,27.4,205.8,39.8,24,Good,26.9,50.2,8.0
Meghalaya,Sonipat,OZONE,63.6,237.3,115.3,148,Unhealthy for Sensitive Groups,34.3,54.2,17.7
Arunachal Pradesh,Pratapgarh,OZONE,3.1,90.6,16.9,28,Good,19.7,63.6,27.2
Arunachal Pradesh,Chandrapur,PM10,82.8,393.0,111.9,125,Unhealthy for Sensitive Groups,23.9,89.7,2.9
Kerala,Bundi,SO2,44.1,84.1,75.2,68,Moderate,30.7,91.7,13.9
Rajasthan,Amravati,NO2,58.7,117.0,91.1,86,Moderate,24.1,30.8,12.1
Andhra Pradesh,Boisar,NH3,27.5,286.0,154.6,197,Unhealthy,20.7,44.6,13.4
Rajasthan,Mahad,NO2,5.9,439.5,155.2,153,Unhealthy,15.7,93.8,10.9
Nagaland,Dombivli,NH3,151.9,418.7,190.0,187,Unhealthy,29.3,61.5,0.6
Uttarakhand,Baripada,NH3,38.4,298.2,229.1,274,Very Unhealthy,19.5,67.8,6.4
Uttar Pradesh,Jorapokhar,PM10,4.4,413.8,5.6,28,Good,33.0,48.0,8.9
Madhya Pradesh,Belapur,NH3,17.6,342.4,43.1,2,Good,33.1,34.0,18.4
Meghalaya,Bihar Sharif,SO2,1.9,215.1,166.9,167,Unhealthy,17.7,47.8,22.4
Rajasthan,Vadodara,NO2,22.8,307.5,143.0,132,Unhealthy for Sensitive Groups,17.1,42.8,13.7
Kerala,Gummidipoondi,PM2.5,86.0,353.9,157.4,151,Unhealthy,22.0,69.8,28.4
Odisha,Howrah,CO,69.5,186.1,177.9,184,Unhealthy,35.8,62.7,14.4
Sikkim,Gandhinagar,PM2.5,84.9,383.6,250.1,210,Very Unhealthy,20.9,83.4,5.7
Himachal Pradesh,Firozabad,PM10,64.2,128.2,70.5,90,Moderate,34.2,62.0,21.0
Uttar Pradesh,Singrauli,NH3,98.7,381.5,200.7,460,Hazardous,22.7,46.2,9.4
Odisha,Bareilly,PM10,73.3,231.2,136.5,106,Unhealthy for Sensitive Groups,28.9,90.4,17.8
Chhattisgarh,Rairangpur,OZONE,46.9,452.4,100.1,307,Hazardous,34.8,67.6,25.8
Mizoram,Katni,CO,170.4,343.6,235.1,235,Very Unhealthy,38.4,38.5,17.0
Tamil Nadu,Ulhasnagar,PM2.5,230.1,431.4,257.2,256,Very Unhealthy,17.5,48.1,22.6
Chandigarh,Barmer,SO2,79.6,341.7,176.4,153,Unhealthy,25.6,76.4,10.4
Nagaland,Machilipatnam,OZONE,0.9,252.3,2.4,24,Good,34.5,57.1,14.3
Uttarakhand,Silchar,SO2,73.8,238.0,214.4,221,Very Unhealthy,15.2,32.6,7.7
Andhra Pradesh,Banswara,PM10,18.1,334.1,105.0,135,Unhealthy for Sensitive Groups,36.7,63.4,18.8
Haryana,Rairangpur,CO,74.3,426.8,235.0,214,Very Unhealthy,26.0,44.8,18.2
Karnataka,Sasaram,OZONE,62.8,281.0,103.7,101,Unhealthy for Sensitive Groups,23.2,68.5,19.5
Arunachal Pradesh,Dausa,CO,185.8,292.0,190.5,169,Unhealthy,27.0,65.0,27.7
Puducherry,Manguraha,NO2,56.6,393.6,101.9,149,Unhealthy for Sensitive Groups,22.5,84.9,24.2
Uttar Pradesh,Solapur,OZONE,156.7,386.4,159.3,153,Unhealthy,21.9,38.9,8.4
West Bengal,Begusarai,PM10,26.1,157.0,127.7,131,Unhealthy for Sensitive Groups,37.9,51.4,27.1
Haryana,Ramanagara,CO,3.9,61.4,37.3,4,Good,40.0,50.2,21.7
Gujarat,Boisar,OZONE,136.7,168.9,161.5,183,Unhealthy,20.1,38.7,15.2
Tamil Nadu,Mehsana,PM2.5,85.8,332.3,93.3,73,Moderate,26.0,43.1,10.6
West Bengal,Chandrapur,CO,94.4,430.6,205.5,289,Very Unhealthy,22.7,79.6,11.2
Jharkhand,Patna,NO2,152.3,467.7,249.3,219,Very Unhealthy,22.5,38.7,11.8
Jharkhand,Solapur,NH3,9.2,232.7,12.6,32,Good,20.7,70.9,29.2
Karnataka,Ambernath,SO2,88.8,306.0,168.3,196,Unhealthy,27.9,50.7,3.0
Puducherry,Shillong,CO,52.9,459.7,53.3,54,Moderate,37.1,89.6,7.1
Chhattisgarh,Bharatpur,SO2,52.7,464.0,82.6,81,Moderate,26.2,77.4,22.7
Assam,Patiala,OZONE,1.9,157.6,3.2,9,Good,35.7,72.0,3.6
Mizoram,Gaya,PM2.5,66.6,312.1,67.7,53,Moderate,37.9,38.5,18.8
Gujarat,Jalore,PM10,3.1,324.0,4.1,20,Good,30.1,31.2,4.3
Haryana,Bettiah,SO2,108.8,285.5,112.4,121,Unhealthy for Sensitive Groups,23.2,39.6,10.9
Maharashtra,Baripada,NO2,156.8,417.2,160.5,200,Unhealthy,18.0,77.6,10.1
Telangana,Haldia,CO,52.6,227.0,55.8,66,Moderate,33.7,61.4,19.4
Telangana,Chandrapur,PM10,26.5,448.0,221.7,255,Very Unhealthy,21.0,57.2,17.2
Puducherry,Kota,PM2.5,8.3,68.8,31.3,45,Good,36.8,65.9,9.3
Madhya Pradesh,Kashipur,SO2,105.2,177.3,136.6,145,Unhealthy for Sensitive Groups,20.2,64.0,19.1
Jharkhand,Kashipur,CO,135.2,275.3,188.7,181,Unhealthy,16.4,66.3,14.6
Gujarat,Bikaner,NH3,90.7,403.8,153.1,196,Unhealthy,20.4,64.1,15.9
Kerala,Patna,CO,22.1,150.0,112.3,112,Unhealthy for Sensitive Groups,17.9,30.3,4.6
Punjab,Indore,CO,50.7,316.3,190.1,191,Unhealthy,19.5,91.9,1.7
Himachal Pradesh,Mahad,OZONE,179.0,389.2,228.8,223,Very Unhealthy,28.5,56.5,12.6
Telangana,Barbil,SO2,25.1,373.0,204.9,283,Very Unhealthy,25.1,46.6,21.7
Himachal Pradesh,Bhilai,SO2,53.3,296.0,111.5,126,Unhealthy for Sensitive Groups,37.9,80.5,9.6
Jammu and Kashmir,Gaya,SO2,80.0,416.0,179.6,185,Unhealthy,15.7,82.4,26.7
Madhya Pradesh,Mumbai,PM2.5,50.3,453.1,53.8,70,Moderate,35.2,35.3,24.3
Himachal Pradesh,Ulhasnagar,OZONE,171.3,295.5,242.9,289,Very Unhealthy,37.5,94.6,16.2
Tripura,Jalgaon,PM2.5,206.5,399.0,211.3,294,Very Unhealthy,31.6,71.0,25.0
Telangana,Karwar,CO,19.3,419.1,226.9,250,Very Unhealthy,38.6,82.2,22.2
Tripura,Muzaffarnagar,NH3,102.5,337.7,228.8,228,Very Unhealthy,38.6,64.0,19.0
Maharashtra,Karnal,NH3,78.9,208.9,96.1,89,Moderate,32.5,55.1,14.7
Delhi,Khora,CO,36.8,426.8,66.1,78,Moderate,21.7,86.6,7.2
Mizoram,Sirsa,NH3,5.3,397.3,6.1,5,Good,18.4,41.2,17.3
Puducherry,Ambala,PM10,19.8,128.2,39.9,20,Good,32.5,90.9,25.4
Nagaland,Shillong,NH3,0.8,380.4,12.0,36,Good,18.0,87.5,3.4
Maharashtra,Pune,OZONE,63.9,206.7,66.3,81,Moderate,27.7,49.5,14.6
Assam,Panchkula,PM2.5,69.6,345.9,161.2,161,Unhealthy,33.1,94.6,16.4
Chhattisgarh,Satara,NO2,9.7,76.8,71.0,77,Moderate,28.5,48.1,5.1
Uttarakhand,Bhavnagar,CO,0.7,474.8,0.9,2,Good,30.7,72.0,26.7
Uttar Pradesh,Thoothukudi,NH3,188.2,339.6,250.7,203,Very Unhealthy,23.0,36.9,5.2
Chhattisgarh,Siwan,CO,10.3,196.6,17.6,15,Good,20.2,33.7,17.3
Haryana,Amaravati,PM10,92.4,188.2,158.6,177,Unhealthy,23.3,55.5,14.2
Uttar Pradesh,Eluru,NO2,59.7,339.5,193.9,184,Unhealthy,30.5,90.7,15.4
Uttarakhand,Mandideep,OZONE,13.1,247.0,15.8,30,Good,33.6,69.7,23.4
Tripura,Belapur,PM2.5,0.7,21.1,3.4,17,Good,23.7,31.3,6.9
Uttarakhand,Howrah,PM2.5,36.7,163.2,45.6,40,Good,37.5,48.5,2.6
Himachal Pradesh,Manguraha,SO2,2.8,178.0,43.4,46,Good,32.6,82.4,15.8
Uttarakhand,Karauli,PM10,69.1,144.5,76.0,97,Moderate,39.5,57.6,23.1
Telangana,Mumbai,OZONE,38.0,318.3,65.3,64,Moderate,37.1,48.2,16.7
Nagaland,Bikaner,PM2.5,33.5,254.3,115.2,119,Unhealthy for Sensitive Groups,21.4,48.1,15.3
Delhi,Bengaluru,SO2,13.0,283.1,34.3,43,Good,24.6,88.7,16.7
Bihar,Bagalkot,PM2.5,0.6,153.1,1.9,10,Good,27.6,47.7,2.5
Jammu and Kashmir,Charkhi Dadri,OZONE,125.2,242.0,139.0,148,Unhealthy for Sensitive Groups,37.2,78.6,27.3
Sikkim,Barmer,PM2.5,31.1,52.9,50.7,412,Hazardous,18.3,48.1,11.3
Meghalaya,Modinagar,OZONE,203.8,336.8,240.2,244,Very Unhealthy,24.9,46.3,20.8
Madhya Pradesh,Kota,OZONE,0.2,336.8,5.1,41,Good,38.6,82.7,0.7
Kerala,Bhavnagar,NO2,117.1,461.0,168.7,159,Unhealthy,33.7,69.7,22.0
Arunachal Pradesh,Ratlam,OZONE,12.6,109.4,39.6,23,Good,38.1,66.0,22.4
Meghalaya,Rohtak,NO2,96.1,272.0,101.6,121,Unhealthy for Sensitive Groups,24.4,40.6,26.2
Kerala,Ulhasnagar,SO2,181.5,398.6,211.3,298,Very Unhealthy,39.2,49.3,11.9
Haryana,Kashipur,NH3,199.5,465.5,232.2,272,Very Unhealthy,26.5,39.6,12.1
Nagaland,Gadag,NH3,5.2,470.5,183.3,191,Unhealthy,25.3,80.7,19.4
Kerala,Thrissur,PM2.5,82.3,154.6,99.4,95,Moderate,39.4,42.7,13.5
Delhi,Durgapur,SO2,94.2,470.6,169.3,175,Unhealthy,27.7,32.4,4.7
Punjab,Kanpur,PM10,74.9,209.4,156.3,187,Unhealthy,15.5,54.3,0.1
Maharashtra,Gummidipoondi,NH3,203.1,439.6,260.1,288,Very Unhealthy,22.5,60.9,28.0
Rajasthan,Narnaul,NH3,44.7,223.2,108.5,138,Unhealthy for Sensitive Groups,24.1,56.1,1.8
Tripura,Bileipada,NO2,32.4,114.4,65.8,58,Moderate,21.2,55.8,17.8
Arunachal Pradesh,Bettiah,NH3,28.8,244.0,199.6,183,Unhealthy,32.4,81.9,22.1
West Bengal,Yamuna Nagar,PM2.5,54.1,469.3,56.0,68,Moderate,24.2,49.2,15.8
Uttarakhand,Rajamahendravaram,PM10,55.7,469.2,91.9,61,Moderate,37.9,46.2,22.7
Maharashtra,Nashik,NO2,137.2,491.9,224.9,299,Very Unhealthy,17.3,76.1,13.0
Tamil Nadu,Ambernath,SO2,94.1,458.6,144.0,148,Unhealthy for Sensitive Groups,18.7,51.8,3.6
Arunachal Pradesh,Badlapur,PM10,6.5,429.5,16.7,33,Good,25.7,43.5,28.5
Kerala,Karnal,SO2,47.9,432.7,102.4,137,Unhealthy for Sensitive Groups,16.2,62.0,0.3
Mizoram,Saharsa,NO2,46.1,284.2,99.3,67,Moderate,39.7,87.0,19.5
Maharashtra,Tirupati,NH3,76.2,204.1,192.8,157,Unhealthy,21.6,41.8,11.3
Sikkim,Muzaffarpur,SO2,116.8,323.2,137.3,114,Unhealthy for Sensitive Groups,29.2,34.4,12.6
Uttar Pradesh,Bathinda,PM10,3.3,89.9,6.8,26,Good,15.2,41.8,29.4
Meghalaya,Rairangpur,OZONE,234.9,331.8,241.0,220,Very Unhealthy,32.7,40.6,19.6
Tripura,Pali,NH3,128.4,301.4,167.1,188,Unhealthy,23.1,95.0,7.3
Puducherry,Korba,NH3,1.7,340.5,147.8,112,Unhealthy for Sensitive Groups,26.0,69.2,14.2
Assam,Purnia,NO2,62.0,355.2,242.5,275,Very Unhealthy,35.6,80.3,29.6
Chandigarh,Jhunjhunu,CO,1.0,225.5,5.2,39,Good,23.7,30.8,2.2
Himachal Pradesh,Talcher,NO2,16.1,174.5,39.6,9,Good,38.7,39.6,6.5
Telangana,Araria,SO2,21.5,157.2,142.1,107,Unhealthy for Sensitive Groups,17.5,41.1,11.3
Chhattisgarh,Ghaziabad,SO2,79.9,214.9,184.5,183,Unhealthy,19.5,53.8,14.0
Jharkhand,Begusarai,PM2.5,0.3,280.0,219.4,278,Very Unhealthy,39.9,62.3,21.6
Punjab,Madurai,CO,18.2,172.8,22.1,20,Good,16.0,48.5,27.8
Tamil Nadu,Pithampur,PM2.5,2.8,397.1,42.5,14,Good,19.7,46.9,26.8
Meghalaya,Satara,SO2,6.6,385.0,45.4,44,Good,20.4,84.1,28.4
Sikkim,Ahmednagar,PM2.5,49.7,334.2,259.5,236,Very Unhealthy,27.1,54.8,7.7
Gujarat,Jalgaon,PM2.5,20.1,491.7,32.8,33,Good,18.1,54.1,8.4
Uttarakhand,Barmer,CO,7.4,495.6,16.7,16,Good,26.7,43.7,29.0
Gujarat,Bhagalpur,CO,102.4,226.7,140.4,132,Unhealthy for Sensitive Groups,38.3,40.1,9.7
Andhra Pradesh,Bathinda,PM2.5,107.6,447.5,174.0,192,Unhealthy,27.1,39.4,7.1
Himachal Pradesh,Hisar,PM2.5,27.5,414.3,86.1,66,Moderate,19.0,79.1,14.6
West Bengal,Khurja,SO2,24.1,355.1,24.4,20,Good,20.2,51.8,23.4
Tamil Nadu,Buxar,OZONE,171.4,418.8,225.9,296,Very Unhealthy,17.9,79.9,6.2
Jammu and Kashmir,Chandrapur,NH3,201.1,395.9,224.7,294,Very Unhealthy,39.4,41.6,3.4
Sikkim,Suakati,CO,72.8,426.8,110.5,125,Unhealthy for Sensitive Groups,15.6,50.3,26.1
Uttarakhand,Araria,NH3,76.6,307.4,141.3,149,Unhealthy for Sensitive Groups,32.8,41.1,15.5
Himachal Pradesh,Manguraha,PM10,187.8,307.2,255.2,247,Very Unhealthy,15.5,68.9,15.5
Puducherry,Tensa,OZONE,50.9,401.1,122.9,131,Unhealthy for Sensitive Groups,31.4,39.3,5.8
Assam,Kunjemura,SO2,56.6,345.5,90.3,82,Moderate,35.7,64.9,6.7
Puducherry,Mehsana,CO,10.2,276.9,147.9,150,Unhealthy for Sensitive Groups,18.4,51.8,18.4
Kerala,Pune,NO2,14.1,420.8,15.0,36,Good,19.2,36.0,9.1
Meghalaya,Nagpur,NO2,62.4,491.0,87.6,84,Moderate,31.2,64.9,13.3
Rajasthan,Indore,OZONE,130.3,409.7,265.2,278,Very Unhealthy,24.4,57.5,21.8
Tamil Nadu,Korba,NH3,82.0,363.2,174.5,191,Unhealthy,33.4,51.2,26.5
Arunachal Pradesh,Gaya,OZONE,68.1,402.2,111.5,147,Unhealthy for Sensitive Groups,39.4,41.2,11.7
Arunachal Pradesh,Aurangabad,NH3,72.8,456.0,83.4,91,Moderate,39.1,32.0,28.2
Telangana,Milupara,PM10,32.2,455.0,84.9,70,Moderate,31.8,76.0,14.9
Chhattisgarh,Ratlam,NO2,43.8,494.3,245.9,226,Very Unhealthy,29.7,70.9,20.1
Jammu and Kashmir,Surat,OZONE,236.7,492.0,254.5,218,Very Unhealthy,35.0,89.4,4.1
Telangana,Chennai,OZONE,32.8,495.1,89.0,96,Moderate,25.5,44.8,20.9
Assam,Gummidipoondi,NH3,10.8,463.6,109.4,121,Unhealthy for Sensitive Groups,39.8,37.0,29.1
